order_item_id,created_at,order_id,product_id,is_primary_item,price_usd,cogs_usd
10200,2014-01-01 00:46:30,10034,1,1,49.99,19.49
10201,2014-01-01 02:17:23,10035,1,1,49.99,19.49
10202,2014-01-01 03:22:54,10036,2,1,59.99,22.49
10203,2014-01-01 05:20:50,10037,1,1,49.99,19.49
10204,2014-01-01 07:06:48,10038,3,1,45.99,14.49
10205,2014-01-01 07:28:40,10039,1,1,49.99,19.49
10206,2014-01-01 08:03:54,10040,2,1,59.99,22.49
10207,2014-01-01 08:13:21,10041,3,1,45.99,14.49
10208,2014-01-01 08:28:42,10042,1,1,49.99,19.49
10209,2014-01-01 09:31:20,10043,1,1,49.99,19.49
10210,2014-01-01 09:57:43,10044,1,1,49.99,19.49
10211,2014-01-01 10:10:14,10045,1,1,49.99,19.49
10212,2014-01-01 10:27:32,10046,1,1,49.99,19.49
10213,2014-01-01 10:27:45,10047,1,1,49.99,19.49
10214,2014-01-01 10:38:39,10048,1,1,49.99,19.49
10215,2014-01-01 10:40:10,10049,1,1,49.99,19.49
10216,2014-01-01 11:41:28,10050,1,1,49.99,19.49
10217,2014-01-01 11:48:06,10051,3,1,45.99,14.49
10218,2014-01-01 11:48:06,10051,1,0,49.99,19.49
10219,2014-01-01 12:51:33,10052,1,1,49.99,19.49
10220,2014-01-01 13:00:59,10053,1,1,49.99,19.49
10221,2014-01-01 13:02:21,10054,2,1,59.99,22.49
10222,2014-01-01 14:50:02,10055,1,1,49.99,19.49
10223,2014-01-01 14:50:02,10055,3,0,45.99,14.49
10224,2014-01-01 15:28:49,10056,1,1,49.99,19.49
10225,2014-01-01 15:28:49,10056,3,0,45.99,14.49
10226,2014-01-01 15:30:05,10057,2,1,59.99,22.49
10227,2014-01-01 15:40:42,10058,2,1,59.99,22.49
10228,2014-01-01 15:51:00,10059,1,1,49.99,19.49
10229,2014-01-01 15:51:00,10059,2,0,59.99,22.49
10230,2014-01-01 16:05:52,10060,1,1,49.99,19.49
10231,2014-01-01 16:26:09,10061,2,1,59.99,22.49
10232,2014-01-01 17:39:45,10062,1,1,49.99,19.49
10233,2014-01-01 18:12:11,10063,1,1,49.99,19.49
10234,2014-01-01 19:00:05,10064,1,1,49.99,19.49
10235,2014-01-01 19:00:05,10064,3,0,45.99,14.49
10236,2014-01-01 19:05:10,10065,1,1,49.99,19.49
10237,2014-01-01 19:16:36,10066,3,1,45.99,14.49
10238,2014-01-01 20:52:12,10067,1,1,49.99,19.49
10239,2014-01-01 21:08:38,10068,1,1,49.99,19.49
10240,2014-01-01 21:34:47,10069,1,1,49.99,19.49
10241,2014-01-01 22:52:12,10070,1,1,49.99,19.49
10242,2014-01-01 23:21:46,10071,1,1,49.99,19.49
10243,2014-01-01 23:24:56,10072,2,1,59.99,22.49
10244,2014-01-01 23:35:42,10073,1,1,49.99,19.49
10245,2014-01-02 03:28:05,10074,3,1,45.99,14.49
10246,2014-01-02 06:16:23,10075,1,1,49.99,19.49
10247,2014-01-02 07:26:35,10076,1,1,49.99,19.49
10248,2014-01-02 08:05:14,10077,1,1,49.99,19.49
10249,2014-01-02 08:05:14,10077,2,0,59.99,22.49
10250,2014-01-02 08:24:33,10078,2,1,59.99,22.49
10251,2014-01-02 09:21:06,10079,1,1,49.99,19.49
10252,2014-01-02 09:21:51,10080,3,1,45.99,14.49
10253,2014-01-02 09:21:51,10080,1,0,49.99,19.49
10254,2014-01-02 11:02:37,10081,3,1,45.99,14.49
10255,2014-01-02 11:38:25,10082,1,1,49.99,19.49
10256,2014-01-02 12:29:53,10083,1,1,49.99,19.49
10257,2014-01-02 12:36:44,10084,1,1,49.99,19.49
10258,2014-01-02 12:36:44,10084,3,0,45.99,14.49
10259,2014-01-02 12:51:15,10085,1,1,49.99,19.49
10260,2014-01-02 12:51:53,10086,1,1,49.99,19.49
10261,2014-01-02 14:04:02,10087,1,1,49.99,19.49
10262,2014-01-02 15:02:05,10088,2,1,59.99,22.49
10263,2014-01-02 15:19:50,10089,1,1,49.99,19.49
10264,2014-01-02 16:31:56,10090,3,1,45.99,14.49
10265,2014-01-02 16:49:43,10091,1,1,49.99,19.49
10266,2014-01-02 17:06:07,10092,1,1,49.99,19.49
10267,2014-01-02 17:12:27,10093,1,1,49.99,19.49
10268,2014-01-02 17:12:27,10093,3,0,45.99,14.49
10269,2014-01-02 17:57:54,10094,1,1,49.99,19.49
10270,2014-01-02 18:12:36,10095,1,1,49.99,19.49
10271,2014-01-02 18:26:52,10096,3,1,45.99,14.49
10272,2014-01-02 18:52:04,10097,1,1,49.99,19.49
10273,2014-01-02 18:52:04,10097,3,0,45.99,14.49
10274,2014-01-02 20:30:53,10098,1,1,49.99,19.49
10275,2014-01-02 20:42:27,10099,1,1,49.99,19.49
10276,2014-01-02 21:08:51,10100,3,1,45.99,14.49
10277,2014-01-03 01:04:38,10101,1,1,49.99,19.49
10278,2014-01-03 01:18:06,10102,1,1,49.99,19.49
10279,2014-01-03 02:03:31,10103,1,1,49.99,19.49
10280,2014-01-03 07:17:23,10104,1,1,49.99,19.49
10281,2014-01-03 08:12:22,10105,1,1,49.99,19.49
10282,2014-01-03 08:35:17,10106,3,1,45.99,14.49
10283,2014-01-03 10:02:59,10107,1,1,49.99,19.49
10284,2014-01-03 10:30:27,10108,1,1,49.99,19.49
10285,2014-01-03 11:28:31,10109,1,1,49.99,19.49
10286,2014-01-03 11:29:13,10110,1,1,49.99,19.49
10287,2014-01-03 12:30:09,10111,1,1,49.99,19.49
10288,2014-01-03 12:51:59,10112,3,1,45.99,14.49
10289,2014-01-03 14:40:20,10113,1,1,49.99,19.49
10290,2014-01-03 14:44:41,10114,1,1,49.99,19.49
10291,2014-01-03 15:03:07,10115,3,1,45.99,14.49
10292,2014-01-03 15:10:53,10116,1,1,49.99,19.49
10293,2014-01-03 15:25:22,10117,1,1,49.99,19.49
10294,2014-01-03 16:13:54,10118,1,1,49.99,19.49
10295,2014-01-03 16:47:51,10119,3,1,45.99,14.49
10296,2014-01-03 17:01:54,10120,3,1,45.99,14.49
10297,2014-01-03 17:01:54,10120,1,0,49.99,19.49
10298,2014-01-03 17:02:08,10121,3,1,45.99,14.49
10299,2014-01-03 17:16:41,10122,1,1,49.99,19.49
10300,2014-01-03 18:15:00,10123,3,1,45.99,14.49
10301,2014-01-03 18:59:35,10124,1,1,49.99,19.49
10302,2014-01-03 19:27:10,10125,1,1,49.99,19.49
10303,2014-01-03 19:35:07,10126,3,1,45.99,14.49
10304,2014-01-03 20:32:02,10127,1,1,49.99,19.49
10305,2014-01-03 20:34:13,10128,2,1,59.99,22.49
10306,2014-01-03 21:02:32,10129,1,1,49.99,19.49
10307,2014-01-03 21:34:25,10130,1,1,49.99,19.49
10308,2014-01-03 22:13:19,10131,1,1,49.99,19.49
10309,2014-01-04 01:35:15,10132,1,1,49.99,19.49
10310,2014-01-04 01:35:15,10132,3,0,45.99,14.49
10311,2014-01-04 11:08:25,10133,1,1,49.99,19.49
10312,2014-01-04 11:37:54,10134,1,1,49.99,19.49
10313,2014-01-04 12:42:17,10135,1,1,49.99,19.49
10314,2014-01-04 16:46:28,10136,1,1,49.99,19.49
10315,2014-01-04 18:11:29,10137,1,1,49.99,19.49
10316,2014-01-04 19:08:38,10138,1,1,49.99,19.49
10317,2014-01-04 21:00:23,10139,1,1,49.99,19.49
10318,2014-01-04 22:21:23,10140,1,1,49.99,19.49
10319,2014-01-04 22:28:47,10141,1,1,49.99,19.49
10320,2014-01-05 00:43:03,10142,1,1,49.99,19.49
10321,2014-01-05 01:15:45,10143,2,1,59.99,22.49
10322,2014-01-05 01:15:45,10143,3,0,45.99,14.49
10323,2014-01-05 02:16:24,10144,1,1,49.99,19.49
10324,2014-01-05 04:46:30,10145,1,1,49.99,19.49
10325,2014-01-05 04:58:06,10146,1,1,49.99,19.49
10326,2014-01-05 09:54:02,10147,2,1,59.99,22.49
10327,2014-01-05 10:09:13,10148,2,1,59.99,22.49
10328,2014-01-05 13:38:47,10149,3,1,45.99,14.49
10329,2014-01-05 14:03:25,10150,1,1,49.99,19.49
10330,2014-01-05 14:06:48,10151,3,1,45.99,14.49
10331,2014-01-05 14:12:14,10152,2,1,59.99,22.49
10332,2014-01-05 14:52:39,10153,1,1,49.99,19.49
10333,2014-01-05 16:06:55,10154,1,1,49.99,19.49
10334,2014-01-05 16:53:48,10155,1,1,49.99,19.49
10335,2014-01-05 17:25:41,10156,1,1,49.99,19.49
10336,2014-01-05 17:32:34,10157,1,1,49.99,19.49
10337,2014-01-05 18:51:36,10158,1,1,49.99,19.49
10338,2014-01-05 18:51:36,10158,3,0,45.99,14.49
10339,2014-01-05 19:48:06,10159,1,1,49.99,19.49
10340,2014-01-06 01:25:24,10160,1,1,49.99,19.49
10341,2014-01-06 01:46:27,10161,1,1,49.99,19.49
10342,2014-01-06 06:25:24,10162,1,1,49.99,19.49
10343,2014-01-06 06:46:23,10163,2,1,59.99,22.49
10344,2014-01-06 09:56:23,10164,1,1,49.99,19.49
10345,2014-01-06 10:01:26,10165,1,1,49.99,19.49
10346,2014-01-06 10:54:37,10166,3,1,45.99,14.49
10347,2014-01-06 11:04:13,10167,1,1,49.99,19.49
10348,2014-01-06 11:17:32,10168,2,1,59.99,22.49
10349,2014-01-06 12:44:00,10169,1,1,49.99,19.49
10350,2014-01-06 13:00:49,10170,1,1,49.99,19.49
10351,2014-01-06 13:11:21,10171,2,1,59.99,22.49
10352,2014-01-06 13:26:58,10172,2,1,59.99,22.49
10353,2014-01-06 13:51:46,10173,1,1,49.99,19.49
10354,2014-01-06 14:43:30,10174,3,1,45.99,14.49
10355,2014-01-06 16:17:39,10175,1,1,49.99,19.49
10356,2014-01-06 16:53:36,10176,1,1,49.99,19.49
10357,2014-01-06 17:12:46,10177,1,1,49.99,19.49
10358,2014-01-06 17:25:24,10178,1,1,49.99,19.49
10359,2014-01-06 17:25:24,10178,3,0,45.99,14.49
10360,2014-01-06 17:37:43,10179,1,1,49.99,19.49
10361,2014-01-06 18:01:17,10180,3,1,45.99,14.49
10362,2014-01-06 18:56:44,10181,1,1,49.99,19.49
10363,2014-01-06 19:50:29,10182,1,1,49.99,19.49
10364,2014-01-06 20:14:42,10183,1,1,49.99,19.49
10365,2014-01-06 20:34:39,10184,1,1,49.99,19.49
10366,2014-01-06 22:00:29,10185,1,1,49.99,19.49
10367,2014-01-06 23:19:02,10186,2,1,59.99,22.49
10368,2014-01-07 00:54:57,10187,3,1,45.99,14.49
10369,2014-01-07 01:16:08,10188,1,1,49.99,19.49
10370,2014-01-07 01:16:08,10188,2,0,59.99,22.49
10371,2014-01-07 02:28:21,10189,2,1,59.99,22.49
10372,2014-01-07 04:03:10,10190,1,1,49.99,19.49
10373,2014-01-07 06:13:53,10191,1,1,49.99,19.49
10374,2014-01-07 06:42:22,10192,1,1,49.99,19.49
10375,2014-01-07 07:01:14,10193,1,1,49.99,19.49
10376,2014-01-07 10:05:19,10194,1,1,49.99,19.49
10377,2014-01-07 10:42:37,10195,1,1,49.99,19.49
10378,2014-01-07 10:54:52,10196,1,1,49.99,19.49
10379,2014-01-07 11:19:41,10197,1,1,49.99,19.49
10380,2014-01-07 11:21:55,10198,1,1,49.99,19.49
10381,2014-01-07 11:36:06,10199,1,1,49.99,19.49
10382,2014-01-07 12:07:01,10200,1,1,49.99,19.49
10383,2014-01-07 12:11:02,10201,1,1,49.99,19.49
10384,2014-01-07 12:47:11,10202,2,1,59.99,22.49
10385,2014-01-07 12:47:11,10202,3,0,45.99,14.49
10386,2014-01-07 14:17:46,10203,1,1,49.99,19.49
10387,2014-01-07 15:12:38,10204,2,1,59.99,22.49
10388,2014-01-07 15:35:56,10205,1,1,49.99,19.49
10389,2014-01-07 15:37:24,10206,2,1,59.99,22.49
10390,2014-01-07 15:37:24,10206,1,0,49.99,19.49
10391,2014-01-07 15:43:40,10207,1,1,49.99,19.49
10392,2014-01-07 15:47:00,10208,1,1,49.99,19.49
10393,2014-01-07 16:32:46,10209,1,1,49.99,19.49
10394,2014-01-07 16:32:46,10209,3,0,45.99,14.49
10395,2014-01-07 17:30:43,10210,1,1,49.99,19.49
10396,2014-01-07 17:56:30,10211,1,1,49.99,19.49
10397,2014-01-07 17:56:30,10211,3,0,45.99,14.49
10398,2014-01-07 18:00:32,10212,1,1,49.99,19.49
10399,2014-01-07 18:00:32,10212,3,0,45.99,14.49
10400,2014-01-07 18:21:56,10213,1,1,49.99,19.49
10401,2014-01-07 20:41:26,10214,1,1,49.99,19.49
10402,2014-01-07 20:55:14,10215,1,1,49.99,19.49
10403,2014-01-07 21:24:51,10216,1,1,49.99,19.49
10404,2014-01-07 21:59:42,10217,1,1,49.99,19.49
10405,2014-01-07 21:59:42,10217,2,0,59.99,22.49
10406,2014-01-07 22:48:00,10218,1,1,49.99,19.49
10407,2014-01-08 01:45:53,10219,1,1,49.99,19.49
10408,2014-01-08 03:18:11,10220,1,1,49.99,19.49
10409,2014-01-08 03:27:16,10221,1,1,49.99,19.49
10410,2014-01-08 03:27:59,10222,1,1,49.99,19.49
10411,2014-01-08 05:22:04,10223,3,1,45.99,14.49
10412,2014-01-08 07:23:17,10224,1,1,49.99,19.49
10413,2014-01-08 07:48:26,10225,1,1,49.99,19.49
10414,2014-01-08 08:32:50,10226,2,1,59.99,22.49
10415,2014-01-08 09:09:01,10227,2,1,59.99,22.49
10416,2014-01-08 09:53:57,10228,1,1,49.99,19.49
10417,2014-01-08 10:40:55,10229,1,1,49.99,19.49
10418,2014-01-08 10:43:08,10230,1,1,49.99,19.49
10419,2014-01-08 11:01:59,10231,2,1,59.99,22.49
10420,2014-01-08 12:06:54,10232,1,1,49.99,19.49
10421,2014-01-08 12:22:05,10233,1,1,49.99,19.49
10422,2014-01-08 12:22:44,10234,3,1,45.99,14.49
10423,2014-01-08 12:47:45,10235,1,1,49.99,19.49
10424,2014-01-08 13:01:14,10236,1,1,49.99,19.49
10425,2014-01-08 13:20:59,10237,1,1,49.99,19.49
10426,2014-01-08 13:20:59,10237,2,0,59.99,22.49
10427,2014-01-08 14:13:05,10238,1,1,49.99,19.49
10428,2014-01-08 14:58:05,10239,3,1,45.99,14.49
10429,2014-01-08 17:16:48,10240,3,1,45.99,14.49
10430,2014-01-08 17:40:53,10241,2,1,59.99,22.49
10431,2014-01-08 18:02:59,10242,2,1,59.99,22.49
10432,2014-01-08 18:27:21,10243,1,1,49.99,19.49
10433,2014-01-08 19:24:34,10244,1,1,49.99,19.49
10434,2014-01-08 19:45:45,10245,3,1,45.99,14.49
10435,2014-01-08 20:02:19,10246,1,1,49.99,19.49
10436,2014-01-08 22:55:02,10247,3,1,45.99,14.49
10437,2014-01-08 23:11:14,10248,1,1,49.99,19.49
10438,2014-01-09 00:57:31,10249,1,1,49.99,19.49
10439,2014-01-09 06:32:05,10250,1,1,49.99,19.49
10440,2014-01-09 09:05:30,10251,1,1,49.99,19.49
10441,2014-01-09 09:15:45,10252,3,1,45.99,14.49
10442,2014-01-09 10:27:50,10253,1,1,49.99,19.49
10443,2014-01-09 12:21:35,10254,1,1,49.99,19.49
10444,2014-01-09 12:21:35,10254,3,0,45.99,14.49
10445,2014-01-09 12:55:03,10255,2,1,59.99,22.49
10446,2014-01-09 12:55:03,10255,1,0,49.99,19.49
10447,2014-01-09 13:52:59,10256,1,1,49.99,19.49
10448,2014-01-09 13:59:10,10257,1,1,49.99,19.49
10449,2014-01-09 14:23:49,10258,1,1,49.99,19.49
10450,2014-01-09 14:46:48,10259,1,1,49.99,19.49
10451,2014-01-09 15:01:32,10260,3,1,45.99,14.49
10452,2014-01-09 15:23:22,10261,3,1,45.99,14.49
10453,2014-01-09 15:24:06,10262,3,1,45.99,14.49
10454,2014-01-09 15:44:56,10263,1,1,49.99,19.49
10455,2014-01-09 16:08:51,10264,2,1,59.99,22.49
10456,2014-01-09 16:30:43,10265,3,1,45.99,14.49
10457,2014-01-09 16:30:43,10265,1,0,49.99,19.49
10458,2014-01-09 16:33:15,10266,1,1,49.99,19.49
10459,2014-01-09 16:54:51,10267,1,1,49.99,19.49
10460,2014-01-09 17:14:01,10268,1,1,49.99,19.49
10461,2014-01-09 17:50:51,10269,1,1,49.99,19.49
10462,2014-01-09 17:57:58,10270,1,1,49.99,19.49
10463,2014-01-09 18:39:52,10271,1,1,49.99,19.49
10464,2014-01-09 19:02:17,10272,1,1,49.99,19.49
10465,2014-01-09 19:22:04,10273,1,1,49.99,19.49
10466,2014-01-09 22:59:36,10274,1,1,49.99,19.49
10467,2014-01-09 22:59:36,10274,2,0,59.99,22.49
10468,2014-01-09 23:04:51,10275,1,1,49.99,19.49
10469,2014-01-09 23:39:19,10276,1,1,49.99,19.49
10470,2014-01-10 00:11:51,10277,1,1,49.99,19.49
10471,2014-01-10 00:14:46,10278,1,1,49.99,19.49
10472,2014-01-10 00:50:07,10279,1,1,49.99,19.49
10473,2014-01-10 01:15:40,10280,2,1,59.99,22.49
10474,2014-01-10 02:54:43,10281,1,1,49.99,19.49
10475,2014-01-10 03:10:03,10282,3,1,45.99,14.49
10476,2014-01-10 07:15:41,10283,1,1,49.99,19.49
10477,2014-01-10 08:01:49,10284,1,1,49.99,19.49
10478,2014-01-10 08:18:00,10285,2,1,59.99,22.49
10479,2014-01-10 09:47:10,10286,1,1,49.99,19.49
10480,2014-01-10 10:06:03,10287,1,1,49.99,19.49
10481,2014-01-10 10:09:55,10288,1,1,49.99,19.49
10482,2014-01-10 10:12:46,10289,1,1,49.99,19.49
10483,2014-01-10 10:16:56,10290,1,1,49.99,19.49
10484,2014-01-10 10:16:56,10290,3,0,45.99,14.49
10485,2014-01-10 11:07:30,10291,1,1,49.99,19.49
10486,2014-01-10 11:07:30,10291,3,0,45.99,14.49
10487,2014-01-10 11:37:12,10292,2,1,59.99,22.49
10488,2014-01-10 12:10:36,10293,1,1,49.99,19.49
10489,2014-01-10 12:23:30,10294,1,1,49.99,19.49
10490,2014-01-10 12:23:30,10294,3,0,45.99,14.49
10491,2014-01-10 12:38:44,10295,1,1,49.99,19.49
10492,2014-01-10 13:06:43,10296,1,1,49.99,19.49
10493,2014-01-10 13:28:38,10297,1,1,49.99,19.49
10494,2014-01-10 14:31:47,10298,1,1,49.99,19.49
10495,2014-01-10 14:31:47,10298,3,0,45.99,14.49
10496,2014-01-10 14:33:49,10299,2,1,59.99,22.49
10497,2014-01-10 14:56:51,10300,1,1,49.99,19.49
10498,2014-01-10 14:56:51,10300,2,0,59.99,22.49
10499,2014-01-10 14:59:04,10301,2,1,59.99,22.49
10500,2014-01-10 14:59:04,10301,1,0,49.99,19.49
10501,2014-01-10 15:19:01,10302,3,1,45.99,14.49
10502,2014-01-10 15:34:32,10303,1,1,49.99,19.49
10503,2014-01-10 15:43:13,10304,1,1,49.99,19.49
10504,2014-01-10 15:57:07,10305,1,1,49.99,19.49
10505,2014-01-10 15:57:07,10305,2,0,59.99,22.49
10506,2014-01-10 15:58:25,10306,1,1,49.99,19.49
10507,2014-01-10 16:05:23,10307,1,1,49.99,19.49
10508,2014-01-10 16:15:08,10308,1,1,49.99,19.49
10509,2014-01-10 16:19:27,10309,3,1,45.99,14.49
10510,2014-01-10 16:19:27,10309,1,0,49.99,19.49
10511,2014-01-10 16:49:13,10310,1,1,49.99,19.49
10512,2014-01-10 17:26:19,10311,1,1,49.99,19.49
10513,2014-01-10 17:50:22,10312,1,1,49.99,19.49
10514,2014-01-10 17:53:11,10313,1,1,49.99,19.49
10515,2014-01-10 21:23:37,10314,1,1,49.99,19.49
10516,2014-01-11 00:11:29,10315,1,1,49.99,19.49
10517,2014-01-11 00:33:21,10316,3,1,45.99,14.49
10518,2014-01-11 01:01:53,10317,2,1,59.99,22.49
10519,2014-01-11 01:01:53,10317,3,0,45.99,14.49
10520,2014-01-11 02:45:09,10318,1,1,49.99,19.49
10521,2014-01-11 06:53:28,10319,1,1,49.99,19.49
10522,2014-01-11 06:53:28,10319,3,0,45.99,14.49
10523,2014-01-11 07:37:07,10320,1,1,49.99,19.49
10524,2014-01-11 10:55:08,10321,1,1,49.99,19.49
10525,2014-01-11 11:10:06,10322,1,1,49.99,19.49
10526,2014-01-11 11:17:42,10323,1,1,49.99,19.49
10527,2014-01-11 11:20:44,10324,2,1,59.99,22.49
10528,2014-01-11 11:34:14,10325,1,1,49.99,19.49
10529,2014-01-11 12:28:32,10326,1,1,49.99,19.49
10530,2014-01-11 13:59:27,10327,2,1,59.99,22.49
10531,2014-01-11 14:18:33,10328,1,1,49.99,19.49
10532,2014-01-11 14:31:27,10329,1,1,49.99,19.49
10533,2014-01-11 14:39:27,10330,1,1,49.99,19.49
10534,2014-01-11 16:53:46,10331,1,1,49.99,19.49
10535,2014-01-11 17:54:45,10332,1,1,49.99,19.49
10536,2014-01-11 19:52:29,10333,1,1,49.99,19.49
10537,2014-01-11 20:23:51,10334,1,1,49.99,19.49
10538,2014-01-11 20:23:51,10334,3,0,45.99,14.49
10539,2014-01-11 20:59:14,10335,1,1,49.99,19.49
10540,2014-01-11 20:59:14,10335,3,0,45.99,14.49
10541,2014-01-11 23:21:53,10336,1,1,49.99,19.49
10542,2014-01-12 02:35:17,10337,3,1,45.99,14.49
10543,2014-01-12 06:19:33,10338,1,1,49.99,19.49
10544,2014-01-12 07:35:18,10339,1,1,49.99,19.49
10545,2014-01-12 08:26:46,10340,1,1,49.99,19.49
10546,2014-01-12 08:55:43,10341,1,1,49.99,19.49
10547,2014-01-12 10:07:12,10342,1,1,49.99,19.49
10548,2014-01-12 12:01:28,10343,1,1,49.99,19.49
10549,2014-01-12 15:14:26,10344,1,1,49.99,19.49
10550,2014-01-12 15:54:49,10345,1,1,49.99,19.49
10551,2014-01-12 15:55:00,10346,1,1,49.99,19.49
10552,2014-01-12 16:06:25,10347,1,1,49.99,19.49
10553,2014-01-12 16:12:08,10348,3,1,45.99,14.49
10554,2014-01-12 20:12:24,10349,1,1,49.99,19.49
10555,2014-01-12 22:17:20,10350,1,1,49.99,19.49
10556,2014-01-12 22:44:40,10351,1,1,49.99,19.49
10557,2014-01-13 00:36:12,10352,1,1,49.99,19.49
10558,2014-01-13 01:45:48,10353,1,1,49.99,19.49
10559,2014-01-13 02:20:04,10354,1,1,49.99,19.49
10560,2014-01-13 02:22:24,10355,2,1,59.99,22.49
10561,2014-01-13 03:30:55,10356,1,1,49.99,19.49
10562,2014-01-13 04:24:59,10357,1,1,49.99,19.49
10563,2014-01-13 04:31:28,10358,1,1,49.99,19.49
10564,2014-01-13 05:56:44,10359,1,1,49.99,19.49
10565,2014-01-13 07:12:26,10360,1,1,49.99,19.49
10566,2014-01-13 07:27:49,10361,2,1,59.99,22.49
10567,2014-01-13 07:51:39,10362,1,1,49.99,19.49
10568,2014-01-13 07:51:39,10362,2,0,59.99,22.49
10569,2014-01-13 08:46:04,10363,2,1,59.99,22.49
10570,2014-01-13 09:12:52,10364,1,1,49.99,19.49
10571,2014-01-13 09:46:43,10365,1,1,49.99,19.49
10572,2014-01-13 10:47:44,10366,1,1,49.99,19.49
10573,2014-01-13 11:13:12,10367,1,1,49.99,19.49
10574,2014-01-13 11:43:19,10368,3,1,45.99,14.49
10575,2014-01-13 12:14:51,10369,1,1,49.99,19.49
10576,2014-01-13 12:35:44,10370,1,1,49.99,19.49
10577,2014-01-13 12:39:07,10371,1,1,49.99,19.49
10578,2014-01-13 13:07:29,10372,1,1,49.99,19.49
10579,2014-01-13 13:07:29,10372,3,0,45.99,14.49
10580,2014-01-13 13:43:06,10373,1,1,49.99,19.49
10581,2014-01-13 14:17:18,10374,1,1,49.99,19.49
10582,2014-01-13 14:20:48,10375,1,1,49.99,19.49
10583,2014-01-13 14:35:15,10376,1,1,49.99,19.49
10584,2014-01-13 14:37:42,10377,1,1,49.99,19.49
10585,2014-01-13 14:56:33,10378,1,1,49.99,19.49
10586,2014-01-13 15:12:40,10379,1,1,49.99,19.49
10587,2014-01-13 15:22:22,10380,1,1,49.99,19.49
10588,2014-01-13 15:22:22,10380,3,0,45.99,14.49
10589,2014-01-13 16:04:19,10381,1,1,49.99,19.49
10590,2014-01-13 16:30:17,10382,1,1,49.99,19.49
10591,2014-01-13 17:30:03,10383,1,1,49.99,19.49
10592,2014-01-13 17:36:30,10384,1,1,49.99,19.49
10593,2014-01-13 17:56:08,10385,1,1,49.99,19.49
10594,2014-01-13 18:01:38,10386,1,1,49.99,19.49
10595,2014-01-13 18:03:04,10387,1,1,49.99,19.49
10596,2014-01-13 19:46:35,10388,1,1,49.99,19.49
10597,2014-01-13 19:55:20,10389,1,1,49.99,19.49
10598,2014-01-13 19:55:20,10389,2,0,59.99,22.49
10599,2014-01-13 20:15:11,10390,2,1,59.99,22.49
10600,2014-01-13 20:28:46,10391,1,1,49.99,19.49
10601,2014-01-13 21:30:25,10392,1,1,49.99,19.49
10602,2014-01-13 21:44:40,10393,1,1,49.99,19.49
10603,2014-01-13 22:34:22,10394,3,1,45.99,14.49
10604,2014-01-14 00:14:22,10395,3,1,45.99,14.49
10605,2014-01-14 02:14:00,10396,1,1,49.99,19.49
10606,2014-01-14 04:30:04,10397,1,1,49.99,19.49
10607,2014-01-14 07:22:12,10398,1,1,49.99,19.49
10608,2014-01-14 09:19:43,10399,2,1,59.99,22.49
10609,2014-01-14 09:22:20,10400,2,1,59.99,22.49
10610,2014-01-14 09:43:50,10401,1,1,49.99,19.49
10611,2014-01-14 09:43:50,10401,3,0,45.99,14.49
10612,2014-01-14 10:51:29,10402,1,1,49.99,19.49
10613,2014-01-14 11:05:01,10403,1,1,49.99,19.49
10614,2014-01-14 11:55:39,10404,1,1,49.99,19.49
10615,2014-01-14 12:03:33,10405,1,1,49.99,19.49
10616,2014-01-14 12:35:10,10406,1,1,49.99,19.49
10617,2014-01-14 12:36:52,10407,1,1,49.99,19.49
10618,2014-01-14 12:46:03,10408,2,1,59.99,22.49
10619,2014-01-14 13:03:51,10409,3,1,45.99,14.49
10620,2014-01-14 13:31:58,10410,1,1,49.99,19.49
10621,2014-01-14 13:31:58,10410,3,0,45.99,14.49
10622,2014-01-14 13:52:55,10411,1,1,49.99,19.49
10623,2014-01-14 14:01:28,10412,2,1,59.99,22.49
10624,2014-01-14 14:06:18,10413,1,1,49.99,19.49
10625,2014-01-14 14:06:18,10413,2,0,59.99,22.49
10626,2014-01-14 14:21:03,10414,1,1,49.99,19.49
10627,2014-01-14 14:51:50,10415,1,1,49.99,19.49
10628,2014-01-14 15:02:48,10416,1,1,49.99,19.49
10629,2014-01-14 15:29:14,10417,2,1,59.99,22.49
10630,2014-01-14 15:46:23,10418,2,1,59.99,22.49
10631,2014-01-14 16:38:38,10419,2,1,59.99,22.49
10632,2014-01-14 16:46:57,10420,2,1,59.99,22.49
10633,2014-01-14 16:57:48,10421,1,1,49.99,19.49
10634,2014-01-14 16:58:01,10422,1,1,49.99,19.49
10635,2014-01-14 17:42:39,10423,2,1,59.99,22.49
10636,2014-01-14 18:39:54,10424,1,1,49.99,19.49
10637,2014-01-14 19:12:18,10425,3,1,45.99,14.49
10638,2014-01-14 19:12:18,10425,1,0,49.99,19.49
10639,2014-01-14 19:22:34,10426,1,1,49.99,19.49
10640,2014-01-14 19:40:15,10427,1,1,49.99,19.49
10641,2014-01-14 19:50:08,10428,1,1,49.99,19.49
10642,2014-01-14 19:57:17,10429,1,1,49.99,19.49
10643,2014-01-14 21:54:21,10430,1,1,49.99,19.49
10644,2014-01-14 22:36:57,10431,1,1,49.99,19.49
10645,2014-01-15 00:21:14,10432,1,1,49.99,19.49
10646,2014-01-15 08:58:18,10433,1,1,49.99,19.49
10647,2014-01-15 09:06:23,10434,3,1,45.99,14.49
10648,2014-01-15 09:32:38,10435,2,1,59.99,22.49
10649,2014-01-15 11:18:33,10436,1,1,49.99,19.49
10650,2014-01-15 11:18:33,10436,2,0,59.99,22.49
10651,2014-01-15 11:39:36,10437,2,1,59.99,22.49
10652,2014-01-15 11:53:51,10438,1,1,49.99,19.49
10653,2014-01-15 12:24:39,10439,1,1,49.99,19.49
10654,2014-01-15 12:56:55,10440,1,1,49.99,19.49
10655,2014-01-15 12:56:55,10440,2,0,59.99,22.49
10656,2014-01-15 13:09:34,10441,1,1,49.99,19.49
10657,2014-01-15 13:15:22,10442,1,1,49.99,19.49
10658,2014-01-15 13:15:22,10442,2,0,59.99,22.49
10659,2014-01-15 14:24:03,10443,1,1,49.99,19.49
10660,2014-01-15 14:51:33,10444,2,1,59.99,22.49
10661,2014-01-15 15:15:10,10445,1,1,49.99,19.49
10662,2014-01-15 16:13:03,10446,1,1,49.99,19.49
10663,2014-01-15 16:20:27,10447,1,1,49.99,19.49
10664,2014-01-15 16:32:44,10448,1,1,49.99,19.49
10665,2014-01-15 16:45:50,10449,2,1,59.99,22.49
10666,2014-01-15 17:10:32,10450,1,1,49.99,19.49
10667,2014-01-15 17:47:54,10451,1,1,49.99,19.49
10668,2014-01-15 18:16:01,10452,3,1,45.99,14.49
10669,2014-01-15 18:59:12,10453,1,1,49.99,19.49
10670,2014-01-15 18:59:12,10453,3,0,45.99,14.49
10671,2014-01-15 19:10:13,10454,1,1,49.99,19.49
10672,2014-01-15 19:11:10,10455,1,1,49.99,19.49
10673,2014-01-15 19:22:23,10456,1,1,49.99,19.49
10674,2014-01-15 19:53:21,10457,1,1,49.99,19.49
10675,2014-01-15 20:25:19,10458,1,1,49.99,19.49
10676,2014-01-15 20:25:19,10458,2,0,59.99,22.49
10677,2014-01-15 20:44:41,10459,1,1,49.99,19.49
10678,2014-01-15 20:54:05,10460,1,1,49.99,19.49
10679,2014-01-15 21:43:59,10461,1,1,49.99,19.49
10680,2014-01-15 23:08:20,10462,1,1,49.99,19.49
10681,2014-01-15 23:08:20,10462,3,0,45.99,14.49
10682,2014-01-16 06:14:52,10463,1,1,49.99,19.49
10683,2014-01-16 07:28:26,10464,1,1,49.99,19.49
10684,2014-01-16 09:14:37,10465,1,1,49.99,19.49
10685,2014-01-16 10:08:53,10466,3,1,45.99,14.49
10686,2014-01-16 11:48:49,10467,1,1,49.99,19.49
10687,2014-01-16 11:55:05,10468,1,1,49.99,19.49
10688,2014-01-16 11:55:05,10468,3,0,45.99,14.49
10689,2014-01-16 12:07:20,10469,2,1,59.99,22.49
10690,2014-01-16 12:08:12,10470,2,1,59.99,22.49
10691,2014-01-16 12:46:18,10471,1,1,49.99,19.49
10692,2014-01-16 13:32:09,10472,3,1,45.99,14.49
10693,2014-01-16 13:39:26,10473,2,1,59.99,22.49
10694,2014-01-16 13:57:19,10474,1,1,49.99,19.49
10695,2014-01-16 15:05:14,10475,3,1,45.99,14.49
10696,2014-01-16 16:02:25,10476,1,1,49.99,19.49
10697,2014-01-16 17:11:58,10477,1,1,49.99,19.49
10698,2014-01-16 17:22:15,10478,1,1,49.99,19.49
10699,2014-01-16 17:22:15,10478,3,0,45.99,14.49
10700,2014-01-16 17:26:42,10479,3,1,45.99,14.49
10701,2014-01-16 17:48:14,10480,3,1,45.99,14.49
10702,2014-01-16 17:48:27,10481,1,1,49.99,19.49
10703,2014-01-16 18:04:27,10482,1,1,49.99,19.49
10704,2014-01-16 18:15:02,10483,2,1,59.99,22.49
10705,2014-01-16 18:15:47,10484,1,1,49.99,19.49
10706,2014-01-16 18:25:35,10485,2,1,59.99,22.49
10707,2014-01-16 18:37:42,10486,1,1,49.99,19.49
10708,2014-01-16 18:37:42,10486,2,0,59.99,22.49
10709,2014-01-16 19:47:56,10487,1,1,49.99,19.49
10710,2014-01-16 19:47:56,10487,2,0,59.99,22.49
10711,2014-01-16 22:19:19,10488,3,1,45.99,14.49
10712,2014-01-16 22:19:19,10488,1,0,49.99,19.49
10713,2014-01-16 23:08:17,10489,1,1,49.99,19.49
10714,2014-01-16 23:19:03,10490,3,1,45.99,14.49
10715,2014-01-16 23:47:53,10491,1,1,49.99,19.49
10716,2014-01-17 00:12:28,10492,1,1,49.99,19.49
10717,2014-01-17 00:13:31,10493,3,1,45.99,14.49
10718,2014-01-17 00:52:57,10494,2,1,59.99,22.49
10719,2014-01-17 01:11:38,10495,1,1,49.99,19.49
10720,2014-01-17 03:22:46,10496,1,1,49.99,19.49
10721,2014-01-17 05:22:00,10497,1,1,49.99,19.49
10722,2014-01-17 05:41:43,10498,1,1,49.99,19.49
10723,2014-01-17 06:24:21,10499,1,1,49.99,19.49
10724,2014-01-17 06:24:21,10499,2,0,59.99,22.49
10725,2014-01-17 07:08:45,10500,2,1,59.99,22.49
10726,2014-01-17 09:30:48,10501,1,1,49.99,19.49
10727,2014-01-17 09:33:45,10502,1,1,49.99,19.49
10728,2014-01-17 10:01:45,10503,2,1,59.99,22.49
10729,2014-01-17 12:12:49,10504,2,1,59.99,22.49
10730,2014-01-17 12:12:50,10505,2,1,59.99,22.49
10731,2014-01-17 12:55:47,10506,1,1,49.99,19.49
10732,2014-01-17 12:56:22,10507,1,1,49.99,19.49
10733,2014-01-17 13:56:25,10508,3,1,45.99,14.49
10734,2014-01-17 14:06:56,10509,1,1,49.99,19.49
10735,2014-01-17 14:28:01,10510,3,1,45.99,14.49
10736,2014-01-17 14:29:09,10511,1,1,49.99,19.49
10737,2014-01-17 14:37:17,10512,2,1,59.99,22.49
10738,2014-01-17 14:38:16,10513,2,1,59.99,22.49
10739,2014-01-17 15:20:44,10514,1,1,49.99,19.49
10740,2014-01-17 16:05:43,10515,2,1,59.99,22.49
10741,2014-01-17 16:08:50,10516,1,1,49.99,19.49
10742,2014-01-17 16:08:50,10516,3,0,45.99,14.49
10743,2014-01-17 16:12:03,10517,1,1,49.99,19.49
10744,2014-01-17 16:12:03,10517,3,0,45.99,14.49
10745,2014-01-17 16:13:51,10518,1,1,49.99,19.49
10746,2014-01-17 16:30:50,10519,1,1,49.99,19.49
10747,2014-01-17 16:56:30,10520,1,1,49.99,19.49
10748,2014-01-17 17:04:55,10521,2,1,59.99,22.49
10749,2014-01-17 17:56:52,10522,2,1,59.99,22.49
10750,2014-01-17 18:02:29,10523,3,1,45.99,14.49
10751,2014-01-17 18:54:39,10524,1,1,49.99,19.49
10752,2014-01-17 18:56:33,10525,2,1,59.99,22.49
10753,2014-01-17 19:03:40,10526,3,1,45.99,14.49
10754,2014-01-17 21:41:39,10527,1,1,49.99,19.49
10755,2014-01-17 21:58:25,10528,1,1,49.99,19.49
10756,2014-01-17 21:58:25,10528,2,0,59.99,22.49
10757,2014-01-17 22:02:58,10529,1,1,49.99,19.49
10758,2014-01-17 22:02:58,10529,3,0,45.99,14.49
10759,2014-01-17 23:53:34,10530,1,1,49.99,19.49
10760,2014-01-18 08:17:35,10531,1,1,49.99,19.49
10761,2014-01-18 08:17:35,10531,3,0,45.99,14.49
10762,2014-01-18 08:35:04,10532,1,1,49.99,19.49
10763,2014-01-18 09:04:38,10533,2,1,59.99,22.49
10764,2014-01-18 09:11:48,10534,1,1,49.99,19.49
10765,2014-01-18 10:11:03,10535,1,1,49.99,19.49
10766,2014-01-18 11:29:45,10536,1,1,49.99,19.49
10767,2014-01-18 11:29:45,10536,2,0,59.99,22.49
10768,2014-01-18 11:54:35,10537,1,1,49.99,19.49
10769,2014-01-18 13:04:02,10538,1,1,49.99,19.49
10770,2014-01-18 13:56:56,10539,1,1,49.99,19.49
10771,2014-01-18 14:04:47,10540,1,1,49.99,19.49
10772,2014-01-18 15:27:09,10541,1,1,49.99,19.49
10773,2014-01-18 15:52:53,10542,1,1,49.99,19.49
10774,2014-01-18 17:00:45,10543,3,1,45.99,14.49
10775,2014-01-18 19:43:07,10544,1,1,49.99,19.49
10776,2014-01-18 19:48:12,10545,3,1,45.99,14.49
10777,2014-01-18 21:31:12,10546,1,1,49.99,19.49
10778,2014-01-18 21:31:12,10546,3,0,45.99,14.49
10779,2014-01-18 22:05:41,10547,3,1,45.99,14.49
10780,2014-01-19 01:02:06,10548,1,1,49.99,19.49
10781,2014-01-19 01:02:06,10548,2,0,59.99,22.49
10782,2014-01-19 02:46:23,10549,1,1,49.99,19.49
10783,2014-01-19 03:41:41,10550,1,1,49.99,19.49
10784,2014-01-19 06:04:06,10551,1,1,49.99,19.49
10785,2014-01-19 06:53:49,10552,1,1,49.99,19.49
10786,2014-01-19 08:38:23,10553,1,1,49.99,19.49
10787,2014-01-19 08:38:23,10553,2,0,59.99,22.49
10788,2014-01-19 11:07:44,10554,1,1,49.99,19.49
10789,2014-01-19 11:08:12,10555,1,1,49.99,19.49
10790,2014-01-19 14:14:28,10556,1,1,49.99,19.49
10791,2014-01-19 14:53:41,10557,2,1,59.99,22.49
10792,2014-01-19 15:08:27,10558,1,1,49.99,19.49
10793,2014-01-19 15:18:21,10559,1,1,49.99,19.49
10794,2014-01-19 16:33:16,10560,1,1,49.99,19.49
10795,2014-01-19 20:48:10,10561,1,1,49.99,19.49
10796,2014-01-19 21:38:52,10562,2,1,59.99,22.49
10797,2014-01-19 23:36:53,10563,2,1,59.99,22.49
10798,2014-01-20 00:22:00,10564,1,1,49.99,19.49
10799,2014-01-20 02:13:28,10565,3,1,45.99,14.49
10800,2014-01-20 02:43:12,10566,1,1,49.99,19.49
10801,2014-01-20 02:43:12,10566,3,0,45.99,14.49
10802,2014-01-20 03:40:35,10567,2,1,59.99,22.49
10803,2014-01-20 04:16:49,10568,1,1,49.99,19.49
10804,2014-01-20 06:32:25,10569,1,1,49.99,19.49
10805,2014-01-20 07:16:48,10570,2,1,59.99,22.49
10806,2014-01-20 07:51:49,10571,1,1,49.99,19.49
10807,2014-01-20 07:51:49,10571,2,0,59.99,22.49
10808,2014-01-20 08:13:55,10572,1,1,49.99,19.49
10809,2014-01-20 08:34:47,10573,2,1,59.99,22.49
10810,2014-01-20 09:47:15,10574,1,1,49.99,19.49
10811,2014-01-20 09:55:39,10575,1,1,49.99,19.49
10812,2014-01-20 11:03:42,10576,1,1,49.99,19.49
10813,2014-01-20 11:26:20,10577,1,1,49.99,19.49
10814,2014-01-20 11:42:15,10578,3,1,45.99,14.49
10815,2014-01-20 12:14:50,10579,2,1,59.99,22.49
10816,2014-01-20 12:36:35,10580,1,1,49.99,19.49
10817,2014-01-20 12:36:35,10580,3,0,45.99,14.49
10818,2014-01-20 12:50:00,10581,1,1,49.99,19.49
10819,2014-01-20 13:11:43,10582,1,1,49.99,19.49
10820,2014-01-20 13:11:43,10582,3,0,45.99,14.49
10821,2014-01-20 13:19:18,10583,3,1,45.99,14.49
10822,2014-01-20 13:52:06,10584,1,1,49.99,19.49
10823,2014-01-20 13:54:28,10585,1,1,49.99,19.49
10824,2014-01-20 14:21:26,10586,1,1,49.99,19.49
10825,2014-01-20 14:22:31,10587,1,1,49.99,19.49
10826,2014-01-20 14:22:31,10587,3,0,45.99,14.49
10827,2014-01-20 14:28:35,10588,2,1,59.99,22.49
10828,2014-01-20 14:28:35,10588,3,0,45.99,14.49
10829,2014-01-20 14:55:00,10589,1,1,49.99,19.49
10830,2014-01-20 14:57:36,10590,3,1,45.99,14.49
10831,2014-01-20 15:00:07,10591,1,1,49.99,19.49
10832,2014-01-20 15:00:07,10591,2,0,59.99,22.49
10833,2014-01-20 15:09:23,10592,2,1,59.99,22.49
10834,2014-01-20 15:24:19,10593,1,1,49.99,19.49
10835,2014-01-20 15:35:31,10594,1,1,49.99,19.49
10836,2014-01-20 16:03:49,10595,3,1,45.99,14.49
10837,2014-01-20 16:03:49,10595,1,0,49.99,19.49
10838,2014-01-20 16:10:47,10596,2,1,59.99,22.49
10839,2014-01-20 16:26:53,10597,1,1,49.99,19.49
10840,2014-01-20 16:26:53,10597,3,0,45.99,14.49
10841,2014-01-20 16:29:54,10598,1,1,49.99,19.49
10842,2014-01-20 16:29:54,10598,3,0,45.99,14.49
10843,2014-01-20 17:08:18,10599,1,1,49.99,19.49
10844,2014-01-20 17:14:06,10600,1,1,49.99,19.49
10845,2014-01-20 17:31:17,10601,1,1,49.99,19.49
10846,2014-01-20 18:00:36,10602,1,1,49.99,19.49
10847,2014-01-20 23:07:18,10603,1,1,49.99,19.49
10848,2014-01-21 03:28:30,10604,1,1,49.99,19.49
10849,2014-01-21 03:32:50,10605,1,1,49.99,19.49
10850,2014-01-21 04:17:09,10606,1,1,49.99,19.49
10851,2014-01-21 05:01:59,10607,1,1,49.99,19.49
10852,2014-01-21 06:38:17,10608,1,1,49.99,19.49
10853,2014-01-21 08:31:23,10609,1,1,49.99,19.49
10854,2014-01-21 08:50:24,10610,3,1,45.99,14.49
10855,2014-01-21 09:10:14,10611,1,1,49.99,19.49
10856,2014-01-21 09:52:28,10612,1,1,49.99,19.49
10857,2014-01-21 10:27:29,10613,1,1,49.99,19.49
10858,2014-01-21 10:41:54,10614,1,1,49.99,19.49
10859,2014-01-21 11:37:12,10615,1,1,49.99,19.49
10860,2014-01-21 11:59:44,10616,2,1,59.99,22.49
10861,2014-01-21 12:26:26,10617,1,1,49.99,19.49
10862,2014-01-21 12:33:00,10618,1,1,49.99,19.49
10863,2014-01-21 12:36:33,10619,1,1,49.99,19.49
10864,2014-01-21 12:36:33,10619,2,0,59.99,22.49
10865,2014-01-21 12:48:31,10620,1,1,49.99,19.49
10866,2014-01-21 12:48:31,10620,3,0,45.99,14.49
10867,2014-01-21 12:53:15,10621,1,1,49.99,19.49
10868,2014-01-21 12:59:07,10622,3,1,45.99,14.49
10869,2014-01-21 13:30:13,10623,1,1,49.99,19.49
10870,2014-01-21 13:30:13,10623,3,0,45.99,14.49
10871,2014-01-21 14:24:24,10624,1,1,49.99,19.49
10872,2014-01-21 14:24:24,10624,3,0,45.99,14.49
10873,2014-01-21 14:26:52,10625,1,1,49.99,19.49
10874,2014-01-21 14:26:52,10625,2,0,59.99,22.49
10875,2014-01-21 14:32:59,10626,3,1,45.99,14.49
10876,2014-01-21 14:42:32,10627,1,1,49.99,19.49
10877,2014-01-21 15:01:08,10628,1,1,49.99,19.49
10878,2014-01-21 15:28:39,10629,1,1,49.99,19.49
10879,2014-01-21 16:03:43,10630,1,1,49.99,19.49
10880,2014-01-21 16:17:17,10631,1,1,49.99,19.49
10881,2014-01-21 17:07:16,10632,1,1,49.99,19.49
10882,2014-01-21 18:02:23,10633,3,1,45.99,14.49
10883,2014-01-21 18:04:10,10634,1,1,49.99,19.49
10884,2014-01-21 18:04:10,10634,3,0,45.99,14.49
10885,2014-01-21 18:10:39,10635,2,1,59.99,22.49
10886,2014-01-21 18:11:34,10636,1,1,49.99,19.49
10887,2014-01-21 19:02:04,10637,1,1,49.99,19.49
10888,2014-01-21 19:18:28,10638,3,1,45.99,14.49
10889,2014-01-21 19:18:51,10639,1,1,49.99,19.49
10890,2014-01-21 19:34:23,10640,1,1,49.99,19.49
10891,2014-01-21 20:07:26,10641,1,1,49.99,19.49
10892,2014-01-21 20:07:26,10641,2,0,59.99,22.49
10893,2014-01-21 20:24:51,10642,3,1,45.99,14.49
10894,2014-01-21 20:31:59,10643,1,1,49.99,19.49
10895,2014-01-21 21:15:41,10644,1,1,49.99,19.49
10896,2014-01-21 22:18:10,10645,1,1,49.99,19.49
10897,2014-01-21 22:27:23,10646,1,1,49.99,19.49
10898,2014-01-21 23:01:50,10647,1,1,49.99,19.49
10899,2014-01-22 00:01:06,10648,1,1,49.99,19.49
10900,2014-01-22 00:01:06,10648,3,0,45.99,14.49
10901,2014-01-22 01:09:19,10649,1,1,49.99,19.49
10902,2014-01-22 01:09:19,10649,3,0,45.99,14.49
10903,2014-01-22 05:41:24,10650,1,1,49.99,19.49
10904,2014-01-22 05:57:11,10651,1,1,49.99,19.49
10905,2014-01-22 07:26:16,10652,1,1,49.99,19.49
10906,2014-01-22 08:14:17,10653,2,1,59.99,22.49
10907,2014-01-22 09:06:49,10654,1,1,49.99,19.49
10908,2014-01-22 09:36:41,10655,1,1,49.99,19.49
10909,2014-01-22 09:40:48,10656,1,1,49.99,19.49
10910,2014-01-22 09:50:41,10657,1,1,49.99,19.49
10911,2014-01-22 09:50:41,10657,2,0,59.99,22.49
10912,2014-01-22 10:35:15,10658,3,1,45.99,14.49
10913,2014-01-22 10:37:26,10659,1,1,49.99,19.49
10914,2014-01-22 10:59:17,10660,1,1,49.99,19.49
10915,2014-01-22 11:06:16,10661,2,1,59.99,22.49
10916,2014-01-22 11:45:26,10662,2,1,59.99,22.49
10917,2014-01-22 11:59:28,10663,1,1,49.99,19.49
10918,2014-01-22 12:26:54,10664,1,1,49.99,19.49
10919,2014-01-22 12:27:41,10665,1,1,49.99,19.49
10920,2014-01-22 12:55:21,10666,1,1,49.99,19.49
10921,2014-01-22 13:29:13,10667,1,1,49.99,19.49
10922,2014-01-22 13:41:26,10668,1,1,49.99,19.49
10923,2014-01-22 14:04:59,10669,1,1,49.99,19.49
10924,2014-01-22 14:04:59,10669,3,0,45.99,14.49
10925,2014-01-22 14:59:54,10670,1,1,49.99,19.49
10926,2014-01-22 15:49:45,10671,1,1,49.99,19.49
10927,2014-01-22 16:07:47,10672,3,1,45.99,14.49
10928,2014-01-22 16:52:09,10673,1,1,49.99,19.49
10929,2014-01-22 16:55:50,10674,1,1,49.99,19.49
10930,2014-01-22 17:40:28,10675,1,1,49.99,19.49
10931,2014-01-22 18:13:33,10676,1,1,49.99,19.49
10932,2014-01-22 18:13:33,10676,2,0,59.99,22.49
10933,2014-01-22 18:48:27,10677,1,1,49.99,19.49
10934,2014-01-22 19:05:09,10678,3,1,45.99,14.49
10935,2014-01-22 19:23:55,10679,1,1,49.99,19.49
10936,2014-01-22 20:06:00,10680,1,1,49.99,19.49
10937,2014-01-22 21:26:11,10681,1,1,49.99,19.49
10938,2014-01-22 21:52:31,10682,1,1,49.99,19.49
10939,2014-01-23 00:05:33,10683,1,1,49.99,19.49
10940,2014-01-23 02:10:35,10684,1,1,49.99,19.49
10941,2014-01-23 05:30:23,10685,1,1,49.99,19.49
10942,2014-01-23 06:00:31,10686,3,1,45.99,14.49
10943,2014-01-23 06:19:47,10687,3,1,45.99,14.49
10944,2014-01-23 07:21:40,10688,1,1,49.99,19.49
10945,2014-01-23 07:27:04,10689,2,1,59.99,22.49
10946,2014-01-23 09:37:55,10690,1,1,49.99,19.49
10947,2014-01-23 10:04:43,10691,1,1,49.99,19.49
10948,2014-01-23 10:07:22,10692,1,1,49.99,19.49
10949,2014-01-23 10:25:06,10693,1,1,49.99,19.49
10950,2014-01-23 11:06:13,10694,3,1,45.99,14.49
10951,2014-01-23 11:10:37,10695,2,1,59.99,22.49
10952,2014-01-23 11:28:43,10696,1,1,49.99,19.49
10953,2014-01-23 11:49:03,10697,1,1,49.99,19.49
10954,2014-01-23 12:36:22,10698,1,1,49.99,19.49
10955,2014-01-23 12:55:24,10699,2,1,59.99,22.49
10956,2014-01-23 13:21:03,10700,1,1,49.99,19.49
10957,2014-01-23 13:21:03,10700,2,0,59.99,22.49
10958,2014-01-23 13:39:46,10701,1,1,49.99,19.49
10959,2014-01-23 13:52:02,10702,1,1,49.99,19.49
10960,2014-01-23 14:02:22,10703,1,1,49.99,19.49
10961,2014-01-23 14:04:14,10704,1,1,49.99,19.49
10962,2014-01-23 14:04:14,10704,3,0,45.99,14.49
10963,2014-01-23 14:04:21,10705,1,1,49.99,19.49
10964,2014-01-23 14:07:57,10706,1,1,49.99,19.49
10965,2014-01-23 14:19:05,10707,1,1,49.99,19.49
10966,2014-01-23 14:56:11,10708,1,1,49.99,19.49
10967,2014-01-23 15:07:05,10709,1,1,49.99,19.49
10968,2014-01-23 15:24:55,10710,2,1,59.99,22.49
10969,2014-01-23 16:11:21,10711,1,1,49.99,19.49
10970,2014-01-23 16:20:09,10712,2,1,59.99,22.49
10971,2014-01-23 16:35:52,10713,1,1,49.99,19.49
10972,2014-01-23 16:37:18,10714,3,1,45.99,14.49
10973,2014-01-23 17:03:11,10715,1,1,49.99,19.49
10974,2014-01-23 17:08:54,10716,2,1,59.99,22.49
10975,2014-01-23 17:10:35,10717,1,1,49.99,19.49
10976,2014-01-23 17:22:35,10718,1,1,49.99,19.49
10977,2014-01-23 17:57:24,10719,1,1,49.99,19.49
10978,2014-01-23 18:17:33,10720,1,1,49.99,19.49
10979,2014-01-23 18:48:38,10721,1,1,49.99,19.49
10980,2014-01-23 18:52:19,10722,1,1,49.99,19.49
10981,2014-01-23 18:59:27,10723,1,1,49.99,19.49
10982,2014-01-23 19:00:08,10724,1,1,49.99,19.49
10983,2014-01-23 20:58:07,10725,3,1,45.99,14.49
10984,2014-01-23 21:07:21,10726,1,1,49.99,19.49
10985,2014-01-23 23:03:47,10727,1,1,49.99,19.49
10986,2014-01-23 23:27:50,10728,2,1,59.99,22.49
10987,2014-01-23 23:56:39,10729,1,1,49.99,19.49
10988,2014-01-24 01:40:16,10730,3,1,45.99,14.49
10989,2014-01-24 02:30:43,10731,1,1,49.99,19.49
10990,2014-01-24 04:48:09,10732,1,1,49.99,19.49
10991,2014-01-24 06:16:37,10733,1,1,49.99,19.49
10992,2014-01-24 07:47:38,10734,3,1,45.99,14.49
10993,2014-01-24 08:20:03,10735,1,1,49.99,19.49
10994,2014-01-24 08:36:33,10736,1,1,49.99,19.49
10995,2014-01-24 08:36:33,10736,3,0,45.99,14.49
10996,2014-01-24 09:16:14,10737,1,1,49.99,19.49
10997,2014-01-24 09:18:36,10738,1,1,49.99,19.49
10998,2014-01-24 09:45:13,10739,1,1,49.99,19.49
10999,2014-01-24 09:50:29,10740,1,1,49.99,19.49
11000,2014-01-24 10:33:17,10741,2,1,59.99,22.49
11001,2014-01-24 10:38:37,10742,1,1,49.99,19.49
11002,2014-01-24 11:17:25,10743,1,1,49.99,19.49
11003,2014-01-24 11:25:19,10744,1,1,49.99,19.49
11004,2014-01-24 11:36:23,10745,1,1,49.99,19.49
11005,2014-01-24 12:00:36,10746,1,1,49.99,19.49
11006,2014-01-24 12:29:52,10747,1,1,49.99,19.49
11007,2014-01-24 12:46:50,10748,2,1,59.99,22.49
11008,2014-01-24 13:57:15,10749,1,1,49.99,19.49
11009,2014-01-24 14:30:48,10750,2,1,59.99,22.49
11010,2014-01-24 15:03:26,10751,1,1,49.99,19.49
11011,2014-01-24 15:08:16,10752,1,1,49.99,19.49
11012,2014-01-24 15:16:34,10753,3,1,45.99,14.49
11013,2014-01-24 15:16:34,10753,1,0,49.99,19.49
11014,2014-01-24 15:24:31,10754,1,1,49.99,19.49
11015,2014-01-24 15:35:21,10755,1,1,49.99,19.49
11016,2014-01-24 16:26:39,10756,1,1,49.99,19.49
11017,2014-01-24 17:09:12,10757,1,1,49.99,19.49
11018,2014-01-24 17:32:22,10758,1,1,49.99,19.49
11019,2014-01-24 17:44:06,10759,3,1,45.99,14.49
11020,2014-01-24 18:04:31,10760,2,1,59.99,22.49
11021,2014-01-24 19:19:25,10761,1,1,49.99,19.49
11022,2014-01-24 21:12:41,10762,1,1,49.99,19.49
11023,2014-01-24 23:19:22,10763,1,1,49.99,19.49
11024,2014-01-24 23:45:45,10764,1,1,49.99,19.49
11025,2014-01-25 00:25:06,10765,2,1,59.99,22.49
11026,2014-01-25 09:14:30,10766,1,1,49.99,19.49
11027,2014-01-25 09:32:56,10767,1,1,49.99,19.49
11028,2014-01-25 09:32:56,10767,3,0,45.99,14.49
11029,2014-01-25 11:04:04,10768,1,1,49.99,19.49
11030,2014-01-25 11:15:01,10769,1,1,49.99,19.49
11031,2014-01-25 11:28:46,10770,1,1,49.99,19.49
11032,2014-01-25 11:39:38,10771,1,1,49.99,19.49
11033,2014-01-25 12:40:38,10772,1,1,49.99,19.49
11034,2014-01-25 13:11:54,10773,1,1,49.99,19.49
11035,2014-01-25 13:15:28,10774,1,1,49.99,19.49
11036,2014-01-25 13:52:28,10775,2,1,59.99,22.49
11037,2014-01-25 14:50:31,10776,2,1,59.99,22.49
11038,2014-01-25 14:54:06,10777,1,1,49.99,19.49
11039,2014-01-25 14:58:27,10778,1,1,49.99,19.49
11040,2014-01-25 15:34:20,10779,2,1,59.99,22.49
11041,2014-01-25 15:47:07,10780,2,1,59.99,22.49
11042,2014-01-25 15:52:46,10781,3,1,45.99,14.49
11043,2014-01-25 15:54:10,10782,1,1,49.99,19.49
11044,2014-01-25 16:41:33,10783,1,1,49.99,19.49
11045,2014-01-25 17:01:39,10784,1,1,49.99,19.49
11046,2014-01-25 19:19:34,10785,1,1,49.99,19.49
11047,2014-01-25 20:50:58,10786,1,1,49.99,19.49
11048,2014-01-26 00:23:46,10787,1,1,49.99,19.49
11049,2014-01-26 00:23:46,10787,2,0,59.99,22.49
11050,2014-01-26 01:32:52,10788,2,1,59.99,22.49
11051,2014-01-26 05:29:55,10789,1,1,49.99,19.49
11052,2014-01-26 09:01:29,10790,2,1,59.99,22.49
11053,2014-01-26 10:36:52,10791,2,1,59.99,22.49
11054,2014-01-26 11:32:08,10792,1,1,49.99,19.49
11055,2014-01-26 11:32:18,10793,3,1,45.99,14.49
11056,2014-01-26 13:33:59,10794,2,1,59.99,22.49
11057,2014-01-26 15:09:26,10795,3,1,45.99,14.49
11058,2014-01-26 15:51:56,10796,3,1,45.99,14.49
11059,2014-01-26 15:58:47,10797,1,1,49.99,19.49
11060,2014-01-26 16:58:57,10798,1,1,49.99,19.49
11061,2014-01-26 17:40:09,10799,2,1,59.99,22.49
11062,2014-01-26 17:47:02,10800,1,1,49.99,19.49
11063,2014-01-26 17:59:16,10801,3,1,45.99,14.49
11064,2014-01-26 19:22:05,10802,3,1,45.99,14.49
11065,2014-01-26 21:06:13,10803,1,1,49.99,19.49
11066,2014-01-26 21:13:09,10804,2,1,59.99,22.49
11067,2014-01-26 22:17:42,10805,3,1,45.99,14.49
11068,2014-01-26 23:36:47,10806,1,1,49.99,19.49
11069,2014-01-26 23:51:24,10807,1,1,49.99,19.49
11070,2014-01-26 23:51:24,10807,3,0,45.99,14.49
11071,2014-01-26 23:52:10,10808,1,1,49.99,19.49
11072,2014-01-26 23:53:25,10809,1,1,49.99,19.49
11073,2014-01-27 00:27:08,10810,1,1,49.99,19.49
11074,2014-01-27 02:32:02,10811,1,1,49.99,19.49
11075,2014-01-27 02:32:02,10811,3,0,45.99,14.49
11076,2014-01-27 03:59:59,10812,1,1,49.99,19.49
11077,2014-01-27 03:59:59,10812,3,0,45.99,14.49
11078,2014-01-27 05:27:29,10813,1,1,49.99,19.49
11079,2014-01-27 06:25:43,10814,2,1,59.99,22.49
11080,2014-01-27 07:18:51,10815,1,1,49.99,19.49
11081,2014-01-27 07:18:51,10815,2,0,59.99,22.49
11082,2014-01-27 07:20:55,10816,3,1,45.99,14.49
11083,2014-01-27 07:20:55,10816,2,0,59.99,22.49
11084,2014-01-27 07:36:42,10817,1,1,49.99,19.49
11085,2014-01-27 07:41:44,10818,1,1,49.99,19.49
11086,2014-01-27 07:43:37,10819,1,1,49.99,19.49
11087,2014-01-27 07:43:37,10819,3,0,45.99,14.49
11088,2014-01-27 07:44:28,10820,1,1,49.99,19.49
11089,2014-01-27 08:06:10,10821,2,1,59.99,22.49
11090,2014-01-27 08:49:58,10822,1,1,49.99,19.49
11091,2014-01-27 09:05:19,10823,1,1,49.99,19.49
11092,2014-01-27 09:52:41,10824,1,1,49.99,19.49
11093,2014-01-27 09:53:21,10825,2,1,59.99,22.49
11094,2014-01-27 09:53:21,10825,1,0,49.99,19.49
11095,2014-01-27 10:24:08,10826,1,1,49.99,19.49
11096,2014-01-27 11:12:52,10827,1,1,49.99,19.49
11097,2014-01-27 11:12:52,10827,3,0,45.99,14.49
11098,2014-01-27 11:54:52,10828,1,1,49.99,19.49
11099,2014-01-27 12:03:45,10829,1,1,49.99,19.49
11100,2014-01-27 12:40:03,10830,1,1,49.99,19.49
11101,2014-01-27 12:40:03,10830,3,0,45.99,14.49
11102,2014-01-27 12:49:23,10831,3,1,45.99,14.49
11103,2014-01-27 12:53:32,10832,1,1,49.99,19.49
11104,2014-01-27 12:54:42,10833,2,1,59.99,22.49
11105,2014-01-27 13:21:50,10834,2,1,59.99,22.49
11106,2014-01-27 13:22:00,10835,1,1,49.99,19.49
11107,2014-01-27 13:31:52,10836,1,1,49.99,19.49
11108,2014-01-27 13:33:37,10837,2,1,59.99,22.49
11109,2014-01-27 13:36:17,10838,3,1,45.99,14.49
11110,2014-01-27 13:50:09,10839,3,1,45.99,14.49
11111,2014-01-27 14:40:04,10840,1,1,49.99,19.49
11112,2014-01-27 14:51:58,10841,1,1,49.99,19.49
11113,2014-01-27 14:58:27,10842,1,1,49.99,19.49
11114,2014-01-27 15:05:03,10843,1,1,49.99,19.49
11115,2014-01-27 15:17:18,10844,1,1,49.99,19.49
11116,2014-01-27 15:31:57,10845,1,1,49.99,19.49
11117,2014-01-27 15:34:18,10846,1,1,49.99,19.49
11118,2014-01-27 16:55:34,10847,2,1,59.99,22.49
11119,2014-01-27 17:44:25,10848,1,1,49.99,19.49
11120,2014-01-27 17:44:25,10848,3,0,45.99,14.49
11121,2014-01-27 18:07:06,10849,1,1,49.99,19.49
11122,2014-01-27 18:40:55,10850,3,1,45.99,14.49
11123,2014-01-27 19:05:52,10851,1,1,49.99,19.49
11124,2014-01-27 19:05:52,10851,3,0,45.99,14.49
11125,2014-01-27 19:16:37,10852,1,1,49.99,19.49
11126,2014-01-27 20:21:18,10853,1,1,49.99,19.49
11127,2014-01-27 20:34:06,10854,1,1,49.99,19.49
11128,2014-01-27 20:50:20,10855,1,1,49.99,19.49
11129,2014-01-27 20:50:40,10856,1,1,49.99,19.49
11130,2014-01-27 21:28:46,10857,3,1,45.99,14.49
11131,2014-01-27 22:11:38,10858,1,1,49.99,19.49
11132,2014-01-28 00:08:44,10859,1,1,49.99,19.49
11133,2014-01-28 01:16:16,10860,1,1,49.99,19.49
11134,2014-01-28 05:16:39,10861,1,1,49.99,19.49
11135,2014-01-28 05:35:44,10862,2,1,59.99,22.49
11136,2014-01-28 05:35:44,10862,3,0,45.99,14.49
11137,2014-01-28 06:11:06,10863,1,1,49.99,19.49
11138,2014-01-28 07:35:42,10864,1,1,49.99,19.49
11139,2014-01-28 09:18:49,10865,2,1,59.99,22.49
11140,2014-01-28 09:26:17,10866,1,1,49.99,19.49
11141,2014-01-28 09:26:17,10866,2,0,59.99,22.49
11142,2014-01-28 09:58:55,10867,1,1,49.99,19.49
11143,2014-01-28 10:15:25,10868,3,1,45.99,14.49
11144,2014-01-28 10:32:14,10869,3,1,45.99,14.49
11145,2014-01-28 10:34:45,10870,3,1,45.99,14.49
11146,2014-01-28 11:14:47,10871,1,1,49.99,19.49
11147,2014-01-28 11:14:47,10871,3,0,45.99,14.49
11148,2014-01-28 11:41:08,10872,1,1,49.99,19.49
11149,2014-01-28 11:54:05,10873,3,1,45.99,14.49
11150,2014-01-28 12:16:24,10874,3,1,45.99,14.49
11151,2014-01-28 12:23:21,10875,1,1,49.99,19.49
11152,2014-01-28 12:48:05,10876,1,1,49.99,19.49
11153,2014-01-28 13:42:05,10877,1,1,49.99,19.49
11154,2014-01-28 13:42:05,10877,3,0,45.99,14.49
11155,2014-01-28 14:23:27,10878,1,1,49.99,19.49
11156,2014-01-28 14:24:40,10879,1,1,49.99,19.49
11157,2014-01-28 14:26:15,10880,1,1,49.99,19.49
11158,2014-01-28 14:43:26,10881,3,1,45.99,14.49
11159,2014-01-28 15:00:51,10882,1,1,49.99,19.49
11160,2014-01-28 15:05:59,10883,1,1,49.99,19.49
11161,2014-01-28 15:33:32,10884,1,1,49.99,19.49
11162,2014-01-28 15:56:12,10885,1,1,49.99,19.49
11163,2014-01-28 15:58:36,10886,2,1,59.99,22.49
11164,2014-01-28 16:09:57,10887,1,1,49.99,19.49
11165,2014-01-28 16:09:57,10887,2,0,59.99,22.49
11166,2014-01-28 16:43:01,10888,3,1,45.99,14.49
11167,2014-01-28 17:45:15,10889,1,1,49.99,19.49
11168,2014-01-28 17:45:15,10889,2,0,59.99,22.49
11169,2014-01-28 17:50:05,10890,3,1,45.99,14.49
11170,2014-01-28 19:38:21,10891,1,1,49.99,19.49
11171,2014-01-28 20:22:37,10892,1,1,49.99,19.49
11172,2014-01-28 20:34:03,10893,1,1,49.99,19.49
11173,2014-01-28 21:03:55,10894,3,1,45.99,14.49
11174,2014-01-28 22:25:22,10895,1,1,49.99,19.49
11175,2014-01-28 22:51:36,10896,3,1,45.99,14.49
11176,2014-01-28 23:15:54,10897,2,1,59.99,22.49
11177,2014-01-29 02:05:32,10898,1,1,49.99,19.49
11178,2014-01-29 04:28:52,10899,1,1,49.99,19.49
11179,2014-01-29 07:15:18,10900,1,1,49.99,19.49
11180,2014-01-29 07:15:18,10900,2,0,59.99,22.49
11181,2014-01-29 07:51:43,10901,1,1,49.99,19.49
11182,2014-01-29 09:59:07,10902,2,1,59.99,22.49
11183,2014-01-29 10:16:30,10903,2,1,59.99,22.49
11184,2014-01-29 10:29:42,10904,1,1,49.99,19.49
11185,2014-01-29 10:36:16,10905,1,1,49.99,19.49
11186,2014-01-29 10:36:16,10905,3,0,45.99,14.49
11187,2014-01-29 11:04:29,10906,1,1,49.99,19.49
11188,2014-01-29 11:36:12,10907,1,1,49.99,19.49
11189,2014-01-29 11:58:49,10908,1,1,49.99,19.49
11190,2014-01-29 12:03:17,10909,2,1,59.99,22.49
11191,2014-01-29 12:07:14,10910,3,1,45.99,14.49
11192,2014-01-29 12:07:14,10910,2,0,59.99,22.49
11193,2014-01-29 12:41:19,10911,1,1,49.99,19.49
11194,2014-01-29 12:44:48,10912,1,1,49.99,19.49
11195,2014-01-29 12:55:50,10913,1,1,49.99,19.49
11196,2014-01-29 13:47:19,10914,1,1,49.99,19.49
11197,2014-01-29 13:54:24,10915,1,1,49.99,19.49
11198,2014-01-29 13:59:54,10916,3,1,45.99,14.49
11199,2014-01-29 14:08:43,10917,3,1,45.99,14.49
11200,2014-01-29 14:43:32,10918,1,1,49.99,19.49
11201,2014-01-29 14:45:25,10919,2,1,59.99,22.49
11202,2014-01-29 15:10:16,10920,2,1,59.99,22.49
11203,2014-01-29 15:16:24,10921,1,1,49.99,19.49
11204,2014-01-29 16:28:28,10922,3,1,45.99,14.49
11205,2014-01-29 17:07:34,10923,1,1,49.99,19.49
11206,2014-01-29 17:13:01,10924,3,1,45.99,14.49
11207,2014-01-29 17:15:08,10925,1,1,49.99,19.49
11208,2014-01-29 18:17:34,10926,3,1,45.99,14.49
11209,2014-01-29 18:17:34,10926,2,0,59.99,22.49
11210,2014-01-29 19:09:27,10927,1,1,49.99,19.49
11211,2014-01-29 19:09:44,10928,2,1,59.99,22.49
11212,2014-01-29 19:56:10,10929,2,1,59.99,22.49
11213,2014-01-29 20:33:28,10930,1,1,49.99,19.49
11214,2014-01-29 21:35:35,10931,1,1,49.99,19.49
11215,2014-01-29 22:58:26,10932,1,1,49.99,19.49
11216,2014-01-30 00:57:39,10933,3,1,45.99,14.49
11217,2014-01-30 03:26:34,10934,1,1,49.99,19.49
11218,2014-01-30 03:50:50,10935,2,1,59.99,22.49
11219,2014-01-30 05:16:54,10936,1,1,49.99,19.49
11220,2014-01-30 05:25:50,10937,1,1,49.99,19.49
11221,2014-01-30 05:33:27,10938,1,1,49.99,19.49
11222,2014-01-30 05:52:40,10939,3,1,45.99,14.49
11223,2014-01-30 07:50:15,10940,1,1,49.99,19.49
11224,2014-01-30 08:35:29,10941,1,1,49.99,19.49
11225,2014-01-30 09:35:54,10942,3,1,45.99,14.49
11226,2014-01-30 09:38:55,10943,3,1,45.99,14.49
11227,2014-01-30 09:44:22,10944,1,1,49.99,19.49
11228,2014-01-30 09:48:33,10945,3,1,45.99,14.49
11229,2014-01-30 09:56:43,10946,1,1,49.99,19.49
11230,2014-01-30 09:56:43,10946,2,0,59.99,22.49
11231,2014-01-30 10:07:18,10947,1,1,49.99,19.49
11232,2014-01-30 10:08:00,10948,1,1,49.99,19.49
11233,2014-01-30 10:29:55,10949,1,1,49.99,19.49
11234,2014-01-30 10:57:17,10950,2,1,59.99,22.49
11235,2014-01-30 11:08:40,10951,1,1,49.99,19.49
11236,2014-01-30 11:14:12,10952,1,1,49.99,19.49
11237,2014-01-30 11:14:18,10953,2,1,59.99,22.49
11238,2014-01-30 11:15:23,10954,1,1,49.99,19.49
11239,2014-01-30 13:09:42,10955,1,1,49.99,19.49
11240,2014-01-30 13:13:02,10956,2,1,59.99,22.49
11241,2014-01-30 13:23:19,10957,1,1,49.99,19.49
11242,2014-01-30 13:27:49,10958,1,1,49.99,19.49
11243,2014-01-30 13:30:20,10959,1,1,49.99,19.49
11244,2014-01-30 13:51:18,10960,1,1,49.99,19.49
11245,2014-01-30 13:51:18,10960,3,0,45.99,14.49
11246,2014-01-30 13:58:43,10961,1,1,49.99,19.49
11247,2014-01-30 14:29:46,10962,3,1,45.99,14.49
11248,2014-01-30 14:59:47,10963,1,1,49.99,19.49
11249,2014-01-30 15:04:09,10964,2,1,59.99,22.49
11250,2014-01-30 16:36:37,10965,1,1,49.99,19.49
11251,2014-01-30 16:55:56,10966,2,1,59.99,22.49
11252,2014-01-30 17:01:16,10967,3,1,45.99,14.49
11253,2014-01-30 17:01:16,10967,1,0,49.99,19.49
11254,2014-01-30 17:03:49,10968,1,1,49.99,19.49
11255,2014-01-30 18:47:11,10969,1,1,49.99,19.49
11256,2014-01-30 20:21:29,10970,3,1,45.99,14.49
11257,2014-01-30 20:31:00,10971,1,1,49.99,19.49
11258,2014-01-30 21:18:11,10972,1,1,49.99,19.49
11259,2014-01-30 21:29:23,10973,1,1,49.99,19.49
11260,2014-01-30 21:33:39,10974,1,1,49.99,19.49
11261,2014-01-30 21:33:39,10974,3,0,45.99,14.49
11262,2014-01-30 22:11:36,10975,1,1,49.99,19.49
11263,2014-01-31 00:42:14,10976,1,1,49.99,19.49
11264,2014-01-31 00:42:14,10976,3,0,45.99,14.49
11265,2014-01-31 01:17:04,10977,1,1,49.99,19.49
11266,2014-01-31 01:20:47,10978,1,1,49.99,19.49
11267,2014-01-31 01:20:47,10978,3,0,45.99,14.49
11268,2014-01-31 02:28:52,10979,3,1,45.99,14.49
11269,2014-01-31 02:48:19,10980,1,1,49.99,19.49
11270,2014-01-31 03:32:12,10981,1,1,49.99,19.49
11271,2014-01-31 03:37:20,10982,1,1,49.99,19.49
11272,2014-01-31 04:13:35,10983,1,1,49.99,19.49
11273,2014-01-31 04:13:35,10983,3,0,45.99,14.49
11274,2014-01-31 07:12:15,10984,2,1,59.99,22.49
11275,2014-01-31 07:46:03,10985,1,1,49.99,19.49
11276,2014-01-31 07:46:03,10985,2,0,59.99,22.49
11277,2014-01-31 08:11:49,10986,2,1,59.99,22.49
11278,2014-01-31 08:25:42,10987,2,1,59.99,22.49
11279,2014-01-31 08:44:26,10988,1,1,49.99,19.49
11280,2014-01-31 08:44:26,10988,3,0,45.99,14.49
11281,2014-01-31 08:44:27,10989,1,1,49.99,19.49
11282,2014-01-31 09:04:55,10990,1,1,49.99,19.49
11283,2014-01-31 09:10:39,10991,1,1,49.99,19.49
11284,2014-01-31 09:28:16,10992,1,1,49.99,19.49
11285,2014-01-31 09:45:24,10993,2,1,59.99,22.49
11286,2014-01-31 09:59:22,10994,1,1,49.99,19.49
11287,2014-01-31 10:09:20,10995,1,1,49.99,19.49
11288,2014-01-31 10:42:49,10996,2,1,59.99,22.49
11289,2014-01-31 11:31:36,10997,1,1,49.99,19.49
11290,2014-01-31 11:51:22,10998,3,1,45.99,14.49
11291,2014-01-31 11:55:09,10999,1,1,49.99,19.49
11292,2014-01-31 11:56:20,11000,1,1,49.99,19.49
11293,2014-01-31 12:05:11,11001,1,1,49.99,19.49
11294,2014-01-31 12:06:26,11002,2,1,59.99,22.49
11295,2014-01-31 13:31:02,11003,2,1,59.99,22.49
11296,2014-01-31 13:33:39,11004,1,1,49.99,19.49
11297,2014-01-31 13:36:13,11005,3,1,45.99,14.49
11298,2014-01-31 14:00:13,11006,2,1,59.99,22.49
11299,2014-01-31 14:22:54,11007,1,1,49.99,19.49
11300,2014-01-31 14:34:08,11008,1,1,49.99,19.49
11301,2014-01-31 15:31:11,11009,1,1,49.99,19.49
11302,2014-01-31 15:31:11,11009,3,0,45.99,14.49
11303,2014-01-31 15:52:47,11010,2,1,59.99,22.49
11304,2014-01-31 16:35:49,11011,1,1,49.99,19.49
11305,2014-01-31 18:24:22,11012,1,1,49.99,19.49
11306,2014-01-31 20:44:18,11013,1,1,49.99,19.49
11307,2014-01-31 22:17:36,11014,1,1,49.99,19.49
11308,2014-01-31 22:17:36,11014,3,0,45.99,14.49
11309,2014-01-31 22:48:29,11015,3,1,45.99,14.49
11310,2014-01-31 22:48:29,11015,1,0,49.99,19.49
11311,2014-02-01 00:08:14,11016,2,1,59.99,22.49
11312,2014-02-01 03:23:16,11017,1,1,49.99,19.49
11313,2014-02-01 04:08:28,11018,1,1,49.99,19.49
11314,2014-02-01 04:08:28,11018,3,0,45.99,14.49
11315,2014-02-01 04:17:11,11019,1,1,49.99,19.49
11316,2014-02-01 04:17:11,11019,2,0,59.99,22.49
11317,2014-02-01 06:53:07,11020,3,1,45.99,14.49
11318,2014-02-01 07:45:17,11021,1,1,49.99,19.49
11319,2014-02-01 09:03:30,11022,3,1,45.99,14.49
11320,2014-02-01 10:07:32,11023,1,1,49.99,19.49
11321,2014-02-01 10:07:32,11023,3,0,45.99,14.49
11322,2014-02-01 11:34:57,11024,1,1,49.99,19.49
11323,2014-02-01 11:34:57,11024,2,0,59.99,22.49
11324,2014-02-01 14:37:57,11025,2,1,59.99,22.49
11325,2014-02-01 15:30:08,11026,1,1,49.99,19.49
11326,2014-02-01 15:57:50,11027,2,1,59.99,22.49
11327,2014-02-01 16:36:24,11028,1,1,49.99,19.49
11328,2014-02-01 16:58:48,11029,1,1,49.99,19.49
11329,2014-02-01 16:58:48,11029,2,0,59.99,22.49
11330,2014-02-01 17:03:24,11030,3,1,45.99,14.49
11331,2014-02-01 18:07:36,11031,3,1,45.99,14.49
11332,2014-02-01 18:09:16,11032,1,1,49.99,19.49
11333,2014-02-01 20:36:24,11033,2,1,59.99,22.49
11334,2014-02-01 23:03:19,11034,1,1,49.99,19.49
11335,2014-02-02 00:15:34,11035,1,1,49.99,19.49
11336,2014-02-02 01:06:57,11036,1,1,49.99,19.49
11337,2014-02-02 01:06:57,11036,2,0,59.99,22.49
11338,2014-02-02 02:27:23,11037,1,1,49.99,19.49
11339,2014-02-02 05:14:26,11038,1,1,49.99,19.49
11340,2014-02-02 08:41:20,11039,2,1,59.99,22.49
11341,2014-02-02 09:27:14,11040,1,1,49.99,19.49
11342,2014-02-02 09:50:26,11041,3,1,45.99,14.49
11343,2014-02-02 10:32:43,11042,1,1,49.99,19.49
11344,2014-02-02 12:09:00,11043,1,1,49.99,19.49
11345,2014-02-02 12:14:42,11044,3,1,45.99,14.49
11346,2014-02-02 12:35:22,11045,1,1,49.99,19.49
11347,2014-02-02 15:59:51,11046,1,1,49.99,19.49
11348,2014-02-02 16:28:16,11047,1,1,49.99,19.49
11349,2014-02-02 18:28:33,11048,1,1,49.99,19.49
11350,2014-02-02 18:28:33,11048,2,0,59.99,22.49
11351,2014-02-02 19:11:23,11049,1,1,49.99,19.49
11352,2014-02-02 19:11:23,11049,3,0,45.99,14.49
11353,2014-02-02 20:07:45,11050,1,1,49.99,19.49
11354,2014-02-02 21:43:21,11051,3,1,45.99,14.49
11355,2014-02-02 21:43:21,11051,2,0,59.99,22.49
11356,2014-02-03 01:12:07,11052,1,1,49.99,19.49
11357,2014-02-03 01:28:12,11053,2,1,59.99,22.49
11358,2014-02-03 01:40:11,11054,3,1,45.99,14.49
11359,2014-02-03 01:40:11,11054,1,0,49.99,19.49
11360,2014-02-03 02:21:34,11055,1,1,49.99,19.49
11361,2014-02-03 02:38:00,11056,1,1,49.99,19.49
11362,2014-02-03 02:44:28,11057,1,1,49.99,19.49
11363,2014-02-03 05:09:38,11058,1,1,49.99,19.49
11364,2014-02-03 06:20:10,11059,3,1,45.99,14.49
11365,2014-02-03 06:20:10,11059,2,0,59.99,22.49
11366,2014-02-03 07:18:08,11060,1,1,49.99,19.49
11367,2014-02-03 08:37:41,11061,1,1,49.99,19.49
11368,2014-02-03 10:23:28,11062,1,1,49.99,19.49
11369,2014-02-03 12:23:11,11063,2,1,59.99,22.49
11370,2014-02-03 13:52:39,11064,1,1,49.99,19.49
11371,2014-02-03 14:36:35,11065,1,1,49.99,19.49
11372,2014-02-03 15:10:50,11066,1,1,49.99,19.49
11373,2014-02-03 15:13:23,11067,1,1,49.99,19.49
11374,2014-02-03 15:17:09,11068,1,1,49.99,19.49
11375,2014-02-03 15:20:30,11069,3,1,45.99,14.49
11376,2014-02-03 15:45:22,11070,3,1,45.99,14.49
11377,2014-02-03 16:09:53,11071,1,1,49.99,19.49
11378,2014-02-03 16:28:44,11072,3,1,45.99,14.49
11379,2014-02-03 16:33:35,11073,1,1,49.99,19.49
11380,2014-02-03 16:47:24,11074,3,1,45.99,14.49
11381,2014-02-03 17:46:10,11075,1,1,49.99,19.49
11382,2014-02-03 17:46:10,11075,3,0,45.99,14.49
11383,2014-02-03 17:54:38,11076,1,1,49.99,19.49
11384,2014-02-03 18:19:13,11077,1,1,49.99,19.49
11385,2014-02-03 18:31:03,11078,3,1,45.99,14.49
11386,2014-02-03 19:20:33,11079,2,1,59.99,22.49
11387,2014-02-03 19:49:08,11080,1,1,49.99,19.49
11388,2014-02-03 19:59:53,11081,1,1,49.99,19.49
11389,2014-02-03 20:06:02,11082,1,1,49.99,19.49
11390,2014-02-03 20:06:02,11082,3,0,45.99,14.49
11391,2014-02-03 20:50:11,11083,3,1,45.99,14.49
11392,2014-02-03 21:28:45,11084,1,1,49.99,19.49
11393,2014-02-03 21:28:45,11084,3,0,45.99,14.49
11394,2014-02-03 22:32:13,11085,2,1,59.99,22.49
11395,2014-02-03 23:19:27,11086,1,1,49.99,19.49
11396,2014-02-03 23:33:13,11087,1,1,49.99,19.49
11397,2014-02-04 00:44:19,11088,1,1,49.99,19.49
11398,2014-02-04 01:06:49,11089,2,1,59.99,22.49
11399,2014-02-04 01:18:25,11090,2,1,59.99,22.49
11400,2014-02-04 01:18:25,11090,1,0,49.99,19.49
11401,2014-02-04 03:20:27,11091,2,1,59.99,22.49
11402,2014-02-04 04:48:50,11092,2,1,59.99,22.49
11403,2014-02-04 07:09:40,11093,1,1,49.99,19.49
11404,2014-02-04 07:12:25,11094,1,1,49.99,19.49
11405,2014-02-04 07:12:25,11094,2,0,59.99,22.49
11406,2014-02-04 07:41:36,11095,1,1,49.99,19.49
11407,2014-02-04 08:00:13,11096,1,1,49.99,19.49
11408,2014-02-04 08:17:01,11097,3,1,45.99,14.49
11409,2014-02-04 08:23:32,11098,1,1,49.99,19.49
11410,2014-02-04 08:25:32,11099,1,1,49.99,19.49
11411,2014-02-04 08:25:32,11099,2,0,59.99,22.49
11412,2014-02-04 09:13:45,11100,1,1,49.99,19.49
11413,2014-02-04 09:17:37,11101,2,1,59.99,22.49
11414,2014-02-04 09:48:24,11102,3,1,45.99,14.49
11415,2014-02-04 10:14:22,11103,3,1,45.99,14.49
11416,2014-02-04 10:23:38,11104,1,1,49.99,19.49
11417,2014-02-04 10:31:17,11105,1,1,49.99,19.49
11418,2014-02-04 10:50:49,11106,1,1,49.99,19.49
11419,2014-02-04 11:06:52,11107,1,1,49.99,19.49
11420,2014-02-04 11:37:05,11108,2,1,59.99,22.49
11421,2014-02-04 11:42:49,11109,1,1,49.99,19.49
11422,2014-02-04 11:45:37,11110,3,1,45.99,14.49
11423,2014-02-04 11:45:37,11110,1,0,49.99,19.49
11424,2014-02-04 12:02:48,11111,2,1,59.99,22.49
11425,2014-02-04 12:34:31,11112,1,1,49.99,19.49
11426,2014-02-04 12:51:19,11113,1,1,49.99,19.49
11427,2014-02-04 13:00:27,11114,1,1,49.99,19.49
11428,2014-02-04 13:20:39,11115,3,1,45.99,14.49
11429,2014-02-04 13:25:48,11116,2,1,59.99,22.49
11430,2014-02-04 14:14:40,11117,1,1,49.99,19.49
11431,2014-02-04 14:14:40,11117,3,0,45.99,14.49
11432,2014-02-04 14:34:39,11118,1,1,49.99,19.49
11433,2014-02-04 14:34:39,11118,2,0,59.99,22.49
11434,2014-02-04 14:40:31,11119,2,1,59.99,22.49
11435,2014-02-04 15:17:29,11120,1,1,49.99,19.49
11436,2014-02-04 16:01:11,11121,1,1,49.99,19.49
11437,2014-02-04 16:02:16,11122,2,1,59.99,22.49
11438,2014-02-04 16:30:17,11123,2,1,59.99,22.49
11439,2014-02-04 16:38:13,11124,1,1,49.99,19.49
11440,2014-02-04 16:50:16,11125,1,1,49.99,19.49
11441,2014-02-04 17:00:45,11126,2,1,59.99,22.49
11442,2014-02-04 17:28:14,11127,1,1,49.99,19.49
11443,2014-02-04 17:28:41,11128,1,1,49.99,19.49
11444,2014-02-04 17:29:23,11129,3,1,45.99,14.49
11445,2014-02-04 17:31:04,11130,3,1,45.99,14.49
11446,2014-02-04 17:41:33,11131,1,1,49.99,19.49
11447,2014-02-04 19:27:07,11132,1,1,49.99,19.49
11448,2014-02-04 19:49:47,11133,1,1,49.99,19.49
11449,2014-02-04 20:02:58,11134,1,1,49.99,19.49
11450,2014-02-04 20:47:21,11135,1,1,49.99,19.49
11451,2014-02-04 22:16:21,11136,3,1,45.99,14.49
11452,2014-02-04 22:21:17,11137,1,1,49.99,19.49
11453,2014-02-04 22:21:17,11137,3,0,45.99,14.49
11454,2014-02-05 01:20:31,11138,2,1,59.99,22.49
11455,2014-02-05 03:35:46,11139,1,1,49.99,19.49
11456,2014-02-05 04:13:02,11140,1,1,49.99,19.49
11457,2014-02-05 05:27:32,11141,1,1,49.99,19.49
11458,2014-02-05 05:52:27,11142,1,1,49.99,19.49
11459,2014-02-05 05:52:27,11142,3,0,45.99,14.49
11460,2014-02-05 08:00:05,11143,3,1,45.99,14.49
11461,2014-02-05 08:08:12,11144,2,1,59.99,22.49
11462,2014-02-05 08:45:45,11145,1,1,49.99,19.49
11463,2014-02-05 09:33:02,11146,1,1,49.99,19.49
11464,2014-02-05 09:55:28,11147,1,1,49.99,19.49
11465,2014-02-05 11:02:39,11148,2,1,59.99,22.49
11466,2014-02-05 11:02:39,11148,4,0,29.99,9.49
11467,2014-02-05 12:15:56,11149,1,1,49.99,19.49
11468,2014-02-05 12:15:56,11149,4,0,29.99,9.49
11469,2014-02-05 13:07:28,11150,3,1,45.99,14.49
11470,2014-02-05 13:07:28,11150,4,0,29.99,9.49
11471,2014-02-05 13:28:50,11151,3,1,45.99,14.49
11472,2014-02-05 13:32:46,11152,1,1,49.99,19.49
11473,2014-02-05 13:32:46,11152,4,0,29.99,9.49
11474,2014-02-05 13:45:17,11153,3,1,45.99,14.49
11475,2014-02-05 13:45:17,11153,4,0,29.99,9.49
11476,2014-02-05 14:22:14,11154,1,1,49.99,19.49
11477,2014-02-05 14:22:14,11154,4,0,29.99,9.49
11478,2014-02-05 14:39:15,11155,1,1,49.99,19.49
11479,2014-02-05 16:03:03,11156,1,1,49.99,19.49
11480,2014-02-05 16:03:03,11156,4,0,29.99,9.49
11481,2014-02-05 16:10:25,11157,1,1,49.99,19.49
11482,2014-02-05 16:10:25,11157,3,0,45.99,14.49
11483,2014-02-05 16:37:58,11158,1,1,49.99,19.49
11484,2014-02-05 16:39:48,11159,1,1,49.99,19.49
11485,2014-02-05 17:36:49,11160,2,1,59.99,22.49
11486,2014-02-05 19:07:55,11161,1,1,49.99,19.49
11487,2014-02-05 19:19:09,11162,1,1,49.99,19.49
11488,2014-02-05 19:19:09,11162,4,0,29.99,9.49
11489,2014-02-05 20:44:53,11163,1,1,49.99,19.49
11490,2014-02-05 20:44:53,11163,4,0,29.99,9.49
11491,2014-02-05 20:57:33,11164,3,1,45.99,14.49
11492,2014-02-05 23:42:45,11165,2,1,59.99,22.49
11493,2014-02-05 23:42:45,11165,4,0,29.99,9.49
11494,2014-02-06 00:15:49,11166,1,1,49.99,19.49
11495,2014-02-06 00:30:23,11167,1,1,49.99,19.49
11496,2014-02-06 00:42:59,11168,1,1,49.99,19.49
11497,2014-02-06 00:44:00,11169,2,1,59.99,22.49
11498,2014-02-06 00:44:00,11169,4,0,29.99,9.49
11499,2014-02-06 01:14:37,11170,3,1,45.99,14.49
11500,2014-02-06 01:14:37,11170,4,0,29.99,9.49
11501,2014-02-06 03:39:46,11171,3,1,45.99,14.49
11502,2014-02-06 04:27:53,11172,3,1,45.99,14.49
11503,2014-02-06 04:27:53,11172,1,0,49.99,19.49
11504,2014-02-06 04:43:33,11173,3,1,45.99,14.49
11505,2014-02-06 04:43:33,11173,4,0,29.99,9.49
11506,2014-02-06 06:23:50,11174,1,1,49.99,19.49
11507,2014-02-06 07:14:23,11175,2,1,59.99,22.49
11508,2014-02-06 08:00:48,11176,2,1,59.99,22.49
11509,2014-02-06 08:48:26,11177,3,1,45.99,14.49
11510,2014-02-06 08:48:26,11177,4,0,29.99,9.49
11511,2014-02-06 09:04:06,11178,1,1,49.99,19.49
11512,2014-02-06 09:42:05,11179,1,1,49.99,19.49
11513,2014-02-06 09:55:19,11180,1,1,49.99,19.49
11514,2014-02-06 09:55:19,11180,4,0,29.99,9.49
11515,2014-02-06 09:57:26,11181,2,1,59.99,22.49
11516,2014-02-06 10:25:59,11182,1,1,49.99,19.49
11517,2014-02-06 11:01:13,11183,2,1,59.99,22.49
11518,2014-02-06 11:01:13,11183,4,0,29.99,9.49
11519,2014-02-06 12:02:54,11184,2,1,59.99,22.49
11520,2014-02-06 12:02:54,11184,3,0,45.99,14.49
11521,2014-02-06 12:15:14,11185,2,1,59.99,22.49
11522,2014-02-06 12:23:24,11186,3,1,45.99,14.49
11523,2014-02-06 12:23:24,11186,4,0,29.99,9.49
11524,2014-02-06 12:31:14,11187,1,1,49.99,19.49
11525,2014-02-06 12:50:25,11188,1,1,49.99,19.49
11526,2014-02-06 12:52:28,11189,1,1,49.99,19.49
11527,2014-02-06 12:59:38,11190,1,1,49.99,19.49
11528,2014-02-06 12:59:38,11190,4,0,29.99,9.49
11529,2014-02-06 13:04:03,11191,3,1,45.99,14.49
11530,2014-02-06 13:42:37,11192,1,1,49.99,19.49
11531,2014-02-06 14:11:22,11193,1,1,49.99,19.49
11532,2014-02-06 14:11:22,11193,3,0,45.99,14.49
11533,2014-02-06 14:16:44,11194,1,1,49.99,19.49
11534,2014-02-06 15:43:39,11195,1,1,49.99,19.49
11535,2014-02-06 16:01:58,11196,2,1,59.99,22.49
11536,2014-02-06 16:54:23,11197,1,1,49.99,19.49
11537,2014-02-06 17:28:27,11198,1,1,49.99,19.49
11538,2014-02-06 17:28:27,11198,3,0,45.99,14.49
11539,2014-02-06 17:42:59,11199,1,1,49.99,19.49
11540,2014-02-06 17:46:03,11200,2,1,59.99,22.49
11541,2014-02-06 17:46:03,11200,4,0,29.99,9.49
11542,2014-02-06 18:02:04,11201,1,1,49.99,19.49
11543,2014-02-06 18:02:04,11201,3,0,45.99,14.49
11544,2014-02-06 18:07:43,11202,1,1,49.99,19.49
11545,2014-02-06 18:07:43,11202,3,0,45.99,14.49
11546,2014-02-06 18:33:58,11203,3,1,45.99,14.49
11547,2014-02-06 18:57:28,11204,1,1,49.99,19.49
11548,2014-02-06 18:57:28,11204,2,0,59.99,22.49
11549,2014-02-06 20:54:26,11205,1,1,49.99,19.49
11550,2014-02-06 21:12:54,11206,3,1,45.99,14.49
11551,2014-02-06 21:12:54,11206,4,0,29.99,9.49
11552,2014-02-06 21:22:09,11207,1,1,49.99,19.49
11553,2014-02-06 23:01:23,11208,1,1,49.99,19.49
11554,2014-02-06 23:01:23,11208,3,0,45.99,14.49
11555,2014-02-06 23:19:06,11209,1,1,49.99,19.49
11556,2014-02-06 23:58:28,11210,1,1,49.99,19.49
11557,2014-02-07 03:53:19,11211,1,1,49.99,19.49
11558,2014-02-07 04:42:35,11212,2,1,59.99,22.49
11559,2014-02-07 07:16:55,11213,1,1,49.99,19.49
11560,2014-02-07 10:07:19,11214,1,1,49.99,19.49
11561,2014-02-07 10:07:19,11214,4,0,29.99,9.49
11562,2014-02-07 10:11:18,11215,2,1,59.99,22.49
11563,2014-02-07 10:28:37,11216,3,1,45.99,14.49
11564,2014-02-07 11:42:09,11217,1,1,49.99,19.49
11565,2014-02-07 12:07:43,11218,1,1,49.99,19.49
11566,2014-02-07 12:32:28,11219,3,1,45.99,14.49
11567,2014-02-07 12:32:28,11219,4,0,29.99,9.49
11568,2014-02-07 12:46:35,11220,1,1,49.99,19.49
11569,2014-02-07 13:58:30,11221,1,1,49.99,19.49
11570,2014-02-07 13:58:30,11221,3,0,45.99,14.49
11571,2014-02-07 14:22:18,11222,1,1,49.99,19.49
11572,2014-02-07 14:35:13,11223,1,1,49.99,19.49
11573,2014-02-07 14:35:13,11223,2,0,59.99,22.49
11574,2014-02-07 15:29:37,11224,1,1,49.99,19.49
11575,2014-02-07 15:29:37,11224,4,0,29.99,9.49
11576,2014-02-07 16:21:09,11225,1,1,49.99,19.49
11577,2014-02-07 17:21:39,11226,1,1,49.99,19.49
11578,2014-02-07 17:21:39,11226,3,0,45.99,14.49
11579,2014-02-07 17:25:59,11227,1,1,49.99,19.49
11580,2014-02-07 17:45:34,11228,2,1,59.99,22.49
11581,2014-02-07 17:45:34,11228,1,0,49.99,19.49
11582,2014-02-07 19:15:32,11229,1,1,49.99,19.49
11583,2014-02-07 19:19:45,11230,1,1,49.99,19.49
11584,2014-02-07 22:19:06,11231,1,1,49.99,19.49
11585,2014-02-07 22:50:03,11232,1,1,49.99,19.49
11586,2014-02-07 23:13:10,11233,1,1,49.99,19.49
11587,2014-02-08 00:44:53,11234,1,1,49.99,19.49
11588,2014-02-08 03:08:42,11235,1,1,49.99,19.49
11589,2014-02-08 03:19:09,11236,1,1,49.99,19.49
11590,2014-02-08 05:05:18,11237,1,1,49.99,19.49
11591,2014-02-08 05:06:51,11238,1,1,49.99,19.49
11592,2014-02-08 06:37:51,11239,1,1,49.99,19.49
11593,2014-02-08 06:54:05,11240,1,1,49.99,19.49
11594,2014-02-08 06:54:05,11240,4,0,29.99,9.49
11595,2014-02-08 10:19:06,11241,2,1,59.99,22.49
11596,2014-02-08 10:19:06,11241,3,0,45.99,14.49
11597,2014-02-08 11:47:45,11242,1,1,49.99,19.49
11598,2014-02-08 11:47:45,11242,4,0,29.99,9.49
11599,2014-02-08 12:38:11,11243,3,1,45.99,14.49
11600,2014-02-08 12:54:10,11244,1,1,49.99,19.49
11601,2014-02-08 12:54:10,11244,2,0,59.99,22.49
11602,2014-02-08 13:52:41,11245,1,1,49.99,19.49
11603,2014-02-08 13:52:41,11245,4,0,29.99,9.49
11604,2014-02-08 14:37:48,11246,1,1,49.99,19.49
11605,2014-02-08 14:37:48,11246,4,0,29.99,9.49
11606,2014-02-08 15:06:24,11247,1,1,49.99,19.49
11607,2014-02-08 15:06:24,11247,4,0,29.99,9.49
11608,2014-02-08 15:20:39,11248,1,1,49.99,19.49
11609,2014-02-08 16:16:22,11249,1,1,49.99,19.49
11610,2014-02-08 16:43:11,11250,1,1,49.99,19.49
11611,2014-02-08 18:00:32,11251,3,1,45.99,14.49
11612,2014-02-08 21:21:02,11252,1,1,49.99,19.49
11613,2014-02-08 22:33:20,11253,1,1,49.99,19.49
11614,2014-02-09 00:15:39,11254,1,1,49.99,19.49
11615,2014-02-09 00:15:39,11254,4,0,29.99,9.49
11616,2014-02-09 00:31:04,11255,2,1,59.99,22.49
11617,2014-02-09 00:31:04,11255,4,0,29.99,9.49
11618,2014-02-09 00:38:51,11256,2,1,59.99,22.49
11619,2014-02-09 03:31:00,11257,2,1,59.99,22.49
11620,2014-02-09 03:31:00,11257,4,0,29.99,9.49
11621,2014-02-09 03:34:38,11258,2,1,59.99,22.49
11622,2014-02-09 04:17:21,11259,2,1,59.99,22.49
11623,2014-02-09 04:43:17,11260,3,1,45.99,14.49
11624,2014-02-09 06:24:16,11261,3,1,45.99,14.49
11625,2014-02-09 11:49:35,11262,1,1,49.99,19.49
11626,2014-02-09 11:49:35,11262,3,0,45.99,14.49
11627,2014-02-09 12:53:52,11263,2,1,59.99,22.49
11628,2014-02-09 14:49:26,11264,2,1,59.99,22.49
11629,2014-02-09 15:02:12,11265,2,1,59.99,22.49
11630,2014-02-09 15:11:09,11266,1,1,49.99,19.49
11631,2014-02-09 17:32:58,11267,1,1,49.99,19.49
11632,2014-02-09 17:32:58,11267,4,0,29.99,9.49
11633,2014-02-09 18:09:09,11268,2,1,59.99,22.49
11634,2014-02-09 18:54:15,11269,1,1,49.99,19.49
11635,2014-02-09 20:07:21,11270,2,1,59.99,22.49
11636,2014-02-09 20:17:45,11271,2,1,59.99,22.49
11637,2014-02-09 22:24:15,11272,1,1,49.99,19.49
11638,2014-02-09 22:58:13,11273,2,1,59.99,22.49
11639,2014-02-10 00:09:18,11274,2,1,59.99,22.49
11640,2014-02-10 00:21:20,11275,2,1,59.99,22.49
11641,2014-02-10 00:21:20,11275,4,0,29.99,9.49
11642,2014-02-10 03:42:24,11276,2,1,59.99,22.49
11643,2014-02-10 06:20:00,11277,2,1,59.99,22.49
11644,2014-02-10 06:23:54,11278,2,1,59.99,22.49
11645,2014-02-10 06:28:03,11279,2,1,59.99,22.49
11646,2014-02-10 06:59:10,11280,2,1,59.99,22.49
11647,2014-02-10 07:48:45,11281,1,1,49.99,19.49
11648,2014-02-10 08:10:36,11282,3,1,45.99,14.49
11649,2014-02-10 08:29:54,11283,2,1,59.99,22.49
11650,2014-02-10 08:44:40,11284,3,1,45.99,14.49
11651,2014-02-10 09:07:25,11285,2,1,59.99,22.49
11652,2014-02-10 09:14:06,11286,2,1,59.99,22.49
11653,2014-02-10 09:50:17,11287,2,1,59.99,22.49
11654,2014-02-10 10:08:36,11288,3,1,45.99,14.49
11655,2014-02-10 10:08:36,11288,4,0,29.99,9.49
11656,2014-02-10 10:09:10,11289,2,1,59.99,22.49
11657,2014-02-10 10:10:39,11290,2,1,59.99,22.49
11658,2014-02-10 10:17:38,11291,3,1,45.99,14.49
11659,2014-02-10 10:17:38,11291,4,0,29.99,9.49
11660,2014-02-10 10:32:35,11292,2,1,59.99,22.49
11661,2014-02-10 10:37:25,11293,2,1,59.99,22.49
11662,2014-02-10 10:37:25,11293,4,0,29.99,9.49
11663,2014-02-10 10:43:21,11294,2,1,59.99,22.49
11664,2014-02-10 10:52:01,11295,2,1,59.99,22.49
11665,2014-02-10 10:52:01,11295,4,0,29.99,9.49
11666,2014-02-10 11:27:33,11296,2,1,59.99,22.49
11667,2014-02-10 11:37:04,11297,2,1,59.99,22.49
11668,2014-02-10 11:37:55,11298,2,1,59.99,22.49
11669,2014-02-10 11:37:55,11298,4,0,29.99,9.49
11670,2014-02-10 11:49:40,11299,2,1,59.99,22.49
11671,2014-02-10 12:10:59,11300,3,1,45.99,14.49
11672,2014-02-10 12:28:45,11301,2,1,59.99,22.49
11673,2014-02-10 12:31:50,11302,2,1,59.99,22.49
11674,2014-02-10 12:56:07,11303,2,1,59.99,22.49
11675,2014-02-10 12:56:07,11303,4,0,29.99,9.49
11676,2014-02-10 13:47:55,11304,2,1,59.99,22.49
11677,2014-02-10 14:02:11,11305,1,1,49.99,19.49
11678,2014-02-10 14:22:49,11306,2,1,59.99,22.49
11679,2014-02-10 14:33:34,11307,1,1,49.99,19.49
11680,2014-02-10 14:33:34,11307,4,0,29.99,9.49
11681,2014-02-10 14:43:16,11308,2,1,59.99,22.49
11682,2014-02-10 14:43:16,11308,4,0,29.99,9.49
11683,2014-02-10 15:50:42,11309,3,1,45.99,14.49
11684,2014-02-10 16:17:46,11310,2,1,59.99,22.49
11685,2014-02-10 16:18:51,11311,2,1,59.99,22.49
11686,2014-02-10 16:19:16,11312,2,1,59.99,22.49
11687,2014-02-10 16:19:16,11312,4,0,29.99,9.49
11688,2014-02-10 16:46:02,11313,1,1,49.99,19.49
11689,2014-02-10 17:01:51,11314,2,1,59.99,22.49
11690,2014-02-10 17:27:07,11315,2,1,59.99,22.49
11691,2014-02-10 17:53:35,11316,3,1,45.99,14.49
11692,2014-02-10 17:55:26,11317,1,1,49.99,19.49
11693,2014-02-10 17:55:26,11317,4,0,29.99,9.49
11694,2014-02-10 17:57:23,11318,1,1,49.99,19.49
11695,2014-02-10 17:57:23,11318,3,0,45.99,14.49
11696,2014-02-10 18:02:23,11319,2,1,59.99,22.49
11697,2014-02-10 18:09:04,11320,2,1,59.99,22.49
11698,2014-02-10 18:35:01,11321,2,1,59.99,22.49
11699,2014-02-10 19:23:03,11322,2,1,59.99,22.49
11700,2014-02-10 19:45:01,11323,2,1,59.99,22.49
11701,2014-02-10 19:56:16,11324,2,1,59.99,22.49
11702,2014-02-10 19:56:16,11324,4,0,29.99,9.49
11703,2014-02-10 20:11:24,11325,2,1,59.99,22.49
11704,2014-02-10 20:52:08,11326,2,1,59.99,22.49
11705,2014-02-10 20:52:08,11326,3,0,45.99,14.49
11706,2014-02-10 20:55:45,11327,2,1,59.99,22.49
11707,2014-02-10 21:09:56,11328,2,1,59.99,22.49
11708,2014-02-10 21:41:38,11329,1,1,49.99,19.49
11709,2014-02-10 22:01:28,11330,2,1,59.99,22.49
11710,2014-02-10 22:01:28,11330,4,0,29.99,9.49
11711,2014-02-10 22:18:51,11331,2,1,59.99,22.49
11712,2014-02-10 22:18:51,11331,4,0,29.99,9.49
11713,2014-02-10 22:37:06,11332,2,1,59.99,22.49
11714,2014-02-10 23:42:43,11333,2,1,59.99,22.49
11715,2014-02-10 23:42:43,11333,4,0,29.99,9.49
11716,2014-02-10 23:45:37,11334,2,1,59.99,22.49
11717,2014-02-10 23:45:37,11334,3,0,45.99,14.49
11718,2014-02-11 00:11:08,11335,1,1,49.99,19.49
11719,2014-02-11 00:19:55,11336,2,1,59.99,22.49
11720,2014-02-11 01:59:03,11337,2,1,59.99,22.49
11721,2014-02-11 02:03:08,11338,2,1,59.99,22.49
11722,2014-02-11 02:08:17,11339,2,1,59.99,22.49
11723,2014-02-11 03:08:16,11340,2,1,59.99,22.49
11724,2014-02-11 05:29:53,11341,3,1,45.99,14.49
11725,2014-02-11 05:29:53,11341,4,0,29.99,9.49
11726,2014-02-11 05:48:11,11342,2,1,59.99,22.49
11727,2014-02-11 05:48:11,11342,3,0,45.99,14.49
11728,2014-02-11 05:48:56,11343,2,1,59.99,22.49
11729,2014-02-11 07:55:25,11344,1,1,49.99,19.49
11730,2014-02-11 08:34:13,11345,2,1,59.99,22.49
11731,2014-02-11 09:18:18,11346,3,1,45.99,14.49
11732,2014-02-11 09:38:38,11347,3,1,45.99,14.49
11733,2014-02-11 09:38:38,11347,1,0,49.99,19.49
11734,2014-02-11 09:46:08,11348,2,1,59.99,22.49
11735,2014-02-11 09:46:08,11348,3,0,45.99,14.49
11736,2014-02-11 10:12:48,11349,2,1,59.99,22.49
11737,2014-02-11 10:13:14,11350,1,1,49.99,19.49
11738,2014-02-11 10:55:04,11351,1,1,49.99,19.49
11739,2014-02-11 10:59:44,11352,2,1,59.99,22.49
11740,2014-02-11 11:00:39,11353,2,1,59.99,22.49
11741,2014-02-11 11:20:52,11354,1,1,49.99,19.49
11742,2014-02-11 11:20:52,11354,3,0,45.99,14.49
11743,2014-02-11 11:25:20,11355,1,1,49.99,19.49
11744,2014-02-11 11:34:04,11356,3,1,45.99,14.49
11745,2014-02-11 11:57:41,11357,1,1,49.99,19.49
11746,2014-02-11 12:09:54,11358,2,1,59.99,22.49
11747,2014-02-11 12:15:28,11359,2,1,59.99,22.49
11748,2014-02-11 12:16:44,11360,2,1,59.99,22.49
11749,2014-02-11 12:32:53,11361,2,1,59.99,22.49
11750,2014-02-11 12:55:23,11362,2,1,59.99,22.49
11751,2014-02-11 13:00:45,11363,2,1,59.99,22.49
11752,2014-02-11 13:00:45,11363,4,0,29.99,9.49
11753,2014-02-11 13:12:47,11364,1,1,49.99,19.49
11754,2014-02-11 13:19:39,11365,2,1,59.99,22.49
11755,2014-02-11 13:19:39,11365,4,0,29.99,9.49
11756,2014-02-11 14:02:11,11366,2,1,59.99,22.49
11757,2014-02-11 14:02:11,11366,4,0,29.99,9.49
11758,2014-02-11 14:13:20,11367,2,1,59.99,22.49
11759,2014-02-11 14:29:57,11368,3,1,45.99,14.49
11760,2014-02-11 14:29:57,11368,4,0,29.99,9.49
11761,2014-02-11 14:35:05,11369,1,1,49.99,19.49
11762,2014-02-11 14:47:40,11370,2,1,59.99,22.49
11763,2014-02-11 14:58:57,11371,2,1,59.99,22.49
11764,2014-02-11 15:19:57,11372,2,1,59.99,22.49
11765,2014-02-11 15:54:50,11373,1,1,49.99,19.49
11766,2014-02-11 16:11:13,11374,2,1,59.99,22.49
11767,2014-02-11 16:27:05,11375,2,1,59.99,22.49
11768,2014-02-11 16:34:34,11376,1,1,49.99,19.49
11769,2014-02-11 16:34:34,11376,3,0,45.99,14.49
11770,2014-02-11 16:40:55,11377,1,1,49.99,19.49
11771,2014-02-11 16:40:55,11377,4,0,29.99,9.49
11772,2014-02-11 16:59:43,11378,1,1,49.99,19.49
11773,2014-02-11 17:22:28,11379,1,1,49.99,19.49
11774,2014-02-11 17:22:28,11379,3,0,45.99,14.49
11775,2014-02-11 17:45:30,11380,1,1,49.99,19.49
11776,2014-02-11 17:45:30,11380,4,0,29.99,9.49
11777,2014-02-11 18:12:14,11381,2,1,59.99,22.49
11778,2014-02-11 18:36:40,11382,2,1,59.99,22.49
11779,2014-02-11 19:23:33,11383,2,1,59.99,22.49
11780,2014-02-11 19:51:34,11384,2,1,59.99,22.49
11781,2014-02-11 19:51:34,11384,1,0,49.99,19.49
11782,2014-02-11 20:21:33,11385,2,1,59.99,22.49
11783,2014-02-11 20:37:11,11386,2,1,59.99,22.49
11784,2014-02-11 21:26:49,11387,2,1,59.99,22.49
11785,2014-02-11 22:05:44,11388,1,1,49.99,19.49
11786,2014-02-11 22:05:44,11388,4,0,29.99,9.49
11787,2014-02-11 22:28:12,11389,2,1,59.99,22.49
11788,2014-02-11 22:59:23,11390,3,1,45.99,14.49
11789,2014-02-11 23:04:53,11391,2,1,59.99,22.49
11790,2014-02-12 01:21:49,11392,2,1,59.99,22.49
11791,2014-02-12 01:59:16,11393,1,1,49.99,19.49
11792,2014-02-12 01:59:16,11393,4,0,29.99,9.49
11793,2014-02-12 03:46:45,11394,1,1,49.99,19.49
11794,2014-02-12 03:46:45,11394,3,0,45.99,14.49
11795,2014-02-12 05:27:40,11395,2,1,59.99,22.49
11796,2014-02-12 06:25:08,11396,2,1,59.99,22.49
11797,2014-02-12 06:25:08,11396,3,0,45.99,14.49
11798,2014-02-12 07:00:29,11397,2,1,59.99,22.49
11799,2014-02-12 07:00:29,11397,4,0,29.99,9.49
11800,2014-02-12 08:08:51,11398,2,1,59.99,22.49
11801,2014-02-12 08:32:32,11399,3,1,45.99,14.49
11802,2014-02-12 08:32:32,11399,4,0,29.99,9.49
11803,2014-02-12 08:32:46,11400,2,1,59.99,22.49
11804,2014-02-12 08:57:45,11401,1,1,49.99,19.49
11805,2014-02-12 09:06:02,11402,2,1,59.99,22.49
11806,2014-02-12 10:06:37,11403,1,1,49.99,19.49
11807,2014-02-12 10:10:14,11404,2,1,59.99,22.49
11808,2014-02-12 10:10:14,11404,4,0,29.99,9.49
11809,2014-02-12 10:15:49,11405,3,1,45.99,14.49
11810,2014-02-12 10:38:38,11406,2,1,59.99,22.49
11811,2014-02-12 10:41:22,11407,3,1,45.99,14.49
11812,2014-02-12 10:55:09,11408,2,1,59.99,22.49
11813,2014-02-12 11:03:54,11409,2,1,59.99,22.49
11814,2014-02-12 11:03:54,11409,3,0,45.99,14.49
11815,2014-02-12 11:12:02,11410,2,1,59.99,22.49
11816,2014-02-12 11:13:07,11411,2,1,59.99,22.49
11817,2014-02-12 11:38:44,11412,2,1,59.99,22.49
11818,2014-02-12 11:40:34,11413,2,1,59.99,22.49
11819,2014-02-12 11:40:48,11414,3,1,45.99,14.49
11820,2014-02-12 11:47:45,11415,2,1,59.99,22.49
11821,2014-02-12 11:53:55,11416,2,1,59.99,22.49
11822,2014-02-12 12:11:43,11417,2,1,59.99,22.49
11823,2014-02-12 12:11:43,11417,4,0,29.99,9.49
11824,2014-02-12 12:16:11,11418,1,1,49.99,19.49
11825,2014-02-12 12:18:13,11419,2,1,59.99,22.49
11826,2014-02-12 12:35:03,11420,1,1,49.99,19.49
11827,2014-02-12 12:38:35,11421,2,1,59.99,22.49
11828,2014-02-12 12:38:35,11421,4,0,29.99,9.49
11829,2014-02-12 12:52:30,11422,1,1,49.99,19.49
11830,2014-02-12 12:52:30,11422,2,0,59.99,22.49
11831,2014-02-12 12:57:04,11423,1,1,49.99,19.49
11832,2014-02-12 13:01:48,11424,1,1,49.99,19.49
11833,2014-02-12 13:04:38,11425,2,1,59.99,22.49
11834,2014-02-12 13:09:59,11426,2,1,59.99,22.49
11835,2014-02-12 13:15:14,11427,1,1,49.99,19.49
11836,2014-02-12 13:15:14,11427,4,0,29.99,9.49
11837,2014-02-12 13:22:48,11428,2,1,59.99,22.49
11838,2014-02-12 13:32:24,11429,1,1,49.99,19.49
11839,2014-02-12 13:57:00,11430,2,1,59.99,22.49
11840,2014-02-12 13:57:00,11430,4,0,29.99,9.49
11841,2014-02-12 14:00:33,11431,2,1,59.99,22.49
11842,2014-02-12 14:26:02,11432,2,1,59.99,22.49
11843,2014-02-12 14:26:02,11432,4,0,29.99,9.49
11844,2014-02-12 14:31:00,11433,1,1,49.99,19.49
11845,2014-02-12 14:31:00,11433,3,0,45.99,14.49
11846,2014-02-12 14:56:16,11434,3,1,45.99,14.49
11847,2014-02-12 15:01:08,11435,2,1,59.99,22.49
11848,2014-02-12 15:10:52,11436,3,1,45.99,14.49
11849,2014-02-12 15:27:10,11437,2,1,59.99,22.49
11850,2014-02-12 15:27:10,11437,4,0,29.99,9.49
11851,2014-02-12 15:55:28,11438,2,1,59.99,22.49
11852,2014-02-12 16:12:11,11439,3,1,45.99,14.49
11853,2014-02-12 16:18:04,11440,1,1,49.99,19.49
11854,2014-02-12 16:36:59,11441,2,1,59.99,22.49
11855,2014-02-12 16:47:18,11442,1,1,49.99,19.49
11856,2014-02-12 16:47:18,11442,4,0,29.99,9.49
11857,2014-02-12 17:31:02,11443,2,1,59.99,22.49
11858,2014-02-12 17:32:10,11444,2,1,59.99,22.49
11859,2014-02-12 18:05:24,11445,1,1,49.99,19.49
11860,2014-02-12 18:08:00,11446,2,1,59.99,22.49
11861,2014-02-12 18:08:00,11446,4,0,29.99,9.49
11862,2014-02-12 18:09:02,11447,2,1,59.99,22.49
11863,2014-02-12 18:24:38,11448,2,1,59.99,22.49
11864,2014-02-12 18:24:38,11448,4,0,29.99,9.49
11865,2014-02-12 18:34:44,11449,2,1,59.99,22.49
11866,2014-02-12 18:38:59,11450,2,1,59.99,22.49
11867,2014-02-12 18:38:59,11450,4,0,29.99,9.49
11868,2014-02-12 18:44:55,11451,1,1,49.99,19.49
11869,2014-02-12 19:31:39,11452,2,1,59.99,22.49
11870,2014-02-12 19:31:39,11452,3,0,45.99,14.49
11871,2014-02-12 20:09:36,11453,2,1,59.99,22.49
11872,2014-02-12 20:15:09,11454,2,1,59.99,22.49
11873,2014-02-12 20:15:09,11454,3,0,45.99,14.49
11874,2014-02-12 20:35:47,11455,2,1,59.99,22.49
11875,2014-02-12 20:38:37,11456,1,1,49.99,19.49
11876,2014-02-12 20:38:37,11456,4,0,29.99,9.49
11877,2014-02-12 20:41:05,11457,2,1,59.99,22.49
11878,2014-02-12 20:54:21,11458,2,1,59.99,22.49
11879,2014-02-12 21:06:12,11459,2,1,59.99,22.49
11880,2014-02-12 21:27:17,11460,2,1,59.99,22.49
11881,2014-02-12 21:53:38,11461,2,1,59.99,22.49
11882,2014-02-12 23:18:40,11462,2,1,59.99,22.49
11883,2014-02-12 23:22:46,11463,3,1,45.99,14.49
11884,2014-02-12 23:49:28,11464,2,1,59.99,22.49
11885,2014-02-12 23:56:54,11465,3,1,45.99,14.49
11886,2014-02-13 00:09:15,11466,2,1,59.99,22.49
11887,2014-02-13 00:43:06,11467,2,1,59.99,22.49
11888,2014-02-13 01:33:05,11468,2,1,59.99,22.49
11889,2014-02-13 02:54:14,11469,2,1,59.99,22.49
11890,2014-02-13 04:03:12,11470,2,1,59.99,22.49
11891,2014-02-13 04:03:12,11470,3,0,45.99,14.49
11892,2014-02-13 06:56:36,11471,2,1,59.99,22.49
11893,2014-02-13 07:12:16,11472,3,1,45.99,14.49
11894,2014-02-13 07:52:48,11473,1,1,49.99,19.49
11895,2014-02-13 08:05:25,11474,2,1,59.99,22.49
11896,2014-02-13 08:45:42,11475,2,1,59.99,22.49
11897,2014-02-13 08:56:41,11476,2,1,59.99,22.49
11898,2014-02-13 09:40:45,11477,2,1,59.99,22.49
11899,2014-02-13 09:42:32,11478,2,1,59.99,22.49
11900,2014-02-13 09:47:26,11479,2,1,59.99,22.49
11901,2014-02-13 09:47:26,11479,4,0,29.99,9.49
11902,2014-02-13 09:49:05,11480,2,1,59.99,22.49
11903,2014-02-13 10:08:41,11481,2,1,59.99,22.49
11904,2014-02-13 10:49:18,11482,1,1,49.99,19.49
11905,2014-02-13 11:00:44,11483,2,1,59.99,22.49
11906,2014-02-13 11:27:35,11484,1,1,49.99,19.49
11907,2014-02-13 11:27:35,11484,4,0,29.99,9.49
11908,2014-02-13 11:44:22,11485,2,1,59.99,22.49
11909,2014-02-13 11:44:22,11485,4,0,29.99,9.49
11910,2014-02-13 12:12:42,11486,2,1,59.99,22.49
11911,2014-02-13 12:23:09,11487,2,1,59.99,22.49
11912,2014-02-13 12:23:09,11487,4,0,29.99,9.49
11913,2014-02-13 13:00:20,11488,2,1,59.99,22.49
11914,2014-02-13 13:00:50,11489,2,1,59.99,22.49
11915,2014-02-13 13:00:50,11489,4,0,29.99,9.49
11916,2014-02-13 13:20:12,11490,1,1,49.99,19.49
11917,2014-02-13 13:25:28,11491,2,1,59.99,22.49
11918,2014-02-13 13:38:50,11492,2,1,59.99,22.49
11919,2014-02-13 14:09:24,11493,1,1,49.99,19.49
11920,2014-02-13 14:10:49,11494,2,1,59.99,22.49
11921,2014-02-13 14:10:49,11494,3,0,45.99,14.49
11922,2014-02-13 14:13:28,11495,3,1,45.99,14.49
11923,2014-02-13 14:18:20,11496,1,1,49.99,19.49
11924,2014-02-13 14:18:20,11496,4,0,29.99,9.49
11925,2014-02-13 14:52:37,11497,2,1,59.99,22.49
11926,2014-02-13 15:14:49,11498,2,1,59.99,22.49
11927,2014-02-13 15:14:49,11498,4,0,29.99,9.49
11928,2014-02-13 15:46:07,11499,2,1,59.99,22.49
11929,2014-02-13 16:03:41,11500,2,1,59.99,22.49
11930,2014-02-13 16:10:13,11501,2,1,59.99,22.49
11931,2014-02-13 16:13:18,11502,2,1,59.99,22.49
11932,2014-02-13 16:50:42,11503,2,1,59.99,22.49
11933,2014-02-13 16:50:42,11503,4,0,29.99,9.49
11934,2014-02-13 17:17:55,11504,2,1,59.99,22.49
11935,2014-02-13 17:17:55,11504,4,0,29.99,9.49
11936,2014-02-13 17:49:09,11505,2,1,59.99,22.49
11937,2014-02-13 17:53:46,11506,1,1,49.99,19.49
11938,2014-02-13 18:02:24,11507,2,1,59.99,22.49
11939,2014-02-13 18:02:24,11507,4,0,29.99,9.49
11940,2014-02-13 18:03:52,11508,2,1,59.99,22.49
11941,2014-02-13 19:02:56,11509,2,1,59.99,22.49
11942,2014-02-13 20:04:30,11510,2,1,59.99,22.49
11943,2014-02-13 20:42:45,11511,2,1,59.99,22.49
11944,2014-02-13 20:42:45,11511,3,0,45.99,14.49
11945,2014-02-13 21:35:04,11512,2,1,59.99,22.49
11946,2014-02-13 22:14:48,11513,1,1,49.99,19.49
11947,2014-02-14 00:08:55,11514,2,1,59.99,22.49
11948,2014-02-14 00:12:45,11515,2,1,59.99,22.49
11949,2014-02-14 01:29:40,11516,1,1,49.99,19.49
11950,2014-02-14 06:51:12,11517,2,1,59.99,22.49
11951,2014-02-14 06:52:31,11518,1,1,49.99,19.49
11952,2014-02-14 07:05:49,11519,2,1,59.99,22.49
11953,2014-02-14 07:17:34,11520,2,1,59.99,22.49
11954,2014-02-14 07:51:26,11521,2,1,59.99,22.49
11955,2014-02-14 07:55:31,11522,2,1,59.99,22.49
11956,2014-02-14 07:55:31,11522,3,0,45.99,14.49
11957,2014-02-14 08:20:31,11523,2,1,59.99,22.49
11958,2014-02-14 08:20:31,11523,4,0,29.99,9.49
11959,2014-02-14 09:22:09,11524,1,1,49.99,19.49
11960,2014-02-14 09:25:34,11525,3,1,45.99,14.49
11961,2014-02-14 09:31:29,11526,1,1,49.99,19.49
11962,2014-02-14 09:56:17,11527,2,1,59.99,22.49
11963,2014-02-14 09:56:17,11527,4,0,29.99,9.49
11964,2014-02-14 10:06:25,11528,2,1,59.99,22.49
11965,2014-02-14 10:36:10,11529,2,1,59.99,22.49
11966,2014-02-14 10:36:10,11529,4,0,29.99,9.49
11967,2014-02-14 10:43:23,11530,2,1,59.99,22.49
11968,2014-02-14 10:43:23,11530,1,0,49.99,19.49
11969,2014-02-14 10:56:08,11531,1,1,49.99,19.49
11970,2014-02-14 11:14:02,11532,2,1,59.99,22.49
11971,2014-02-14 11:21:07,11533,2,1,59.99,22.49
11972,2014-02-14 11:21:07,11533,4,0,29.99,9.49
11973,2014-02-14 11:44:08,11534,2,1,59.99,22.49
11974,2014-02-14 11:59:50,11535,2,1,59.99,22.49
11975,2014-02-14 12:10:41,11536,3,1,45.99,14.49
11976,2014-02-14 12:10:41,11536,1,0,49.99,19.49
11977,2014-02-14 13:08:03,11537,2,1,59.99,22.49
11978,2014-02-14 13:38:06,11538,1,1,49.99,19.49
11979,2014-02-14 13:38:06,11538,4,0,29.99,9.49
11980,2014-02-14 13:44:24,11539,1,1,49.99,19.49
11981,2014-02-14 13:48:59,11540,3,1,45.99,14.49
11982,2014-02-14 14:10:23,11541,1,1,49.99,19.49
11983,2014-02-14 14:14:30,11542,2,1,59.99,22.49
11984,2014-02-14 15:43:52,11543,2,1,59.99,22.49
11985,2014-02-14 16:08:15,11544,2,1,59.99,22.49
11986,2014-02-14 16:30:48,11545,2,1,59.99,22.49
11987,2014-02-14 16:30:48,11545,4,0,29.99,9.49
11988,2014-02-14 16:52:19,11546,2,1,59.99,22.49
11989,2014-02-14 17:00:43,11547,2,1,59.99,22.49
11990,2014-02-14 17:00:43,11547,4,0,29.99,9.49
11991,2014-02-14 17:12:35,11548,2,1,59.99,22.49
11992,2014-02-14 17:17:19,11549,2,1,59.99,22.49
11993,2014-02-14 17:17:19,11549,4,0,29.99,9.49
11994,2014-02-14 17:27:30,11550,2,1,59.99,22.49
11995,2014-02-14 18:25:40,11551,2,1,59.99,22.49
11996,2014-02-14 18:43:16,11552,2,1,59.99,22.49
11997,2014-02-14 18:43:16,11552,4,0,29.99,9.49
11998,2014-02-14 18:49:44,11553,2,1,59.99,22.49
11999,2014-02-14 19:02:53,11554,2,1,59.99,22.49
12000,2014-02-14 19:02:53,11554,4,0,29.99,9.49
12001,2014-02-14 20:03:55,11555,3,1,45.99,14.49
12002,2014-02-14 20:03:55,11555,4,0,29.99,9.49
12003,2014-02-14 20:36:43,11556,2,1,59.99,22.49
12004,2014-02-14 21:01:40,11557,2,1,59.99,22.49
12005,2014-02-14 21:08:22,11558,1,1,49.99,19.49
12006,2014-02-14 21:10:33,11559,3,1,45.99,14.49
12007,2014-02-14 21:10:33,11559,4,0,29.99,9.49
12008,2014-02-14 21:33:33,11560,2,1,59.99,22.49
12009,2014-02-14 21:47:16,11561,2,1,59.99,22.49
12010,2014-02-14 22:43:17,11562,2,1,59.99,22.49
12011,2014-02-14 22:52:46,11563,3,1,45.99,14.49
12012,2014-02-15 03:00:49,11564,2,1,59.99,22.49
12013,2014-02-15 05:14:08,11565,1,1,49.99,19.49
12014,2014-02-15 05:14:08,11565,4,0,29.99,9.49
12015,2014-02-15 05:44:07,11566,2,1,59.99,22.49
12016,2014-02-15 05:44:07,11566,4,0,29.99,9.49
12017,2014-02-15 06:50:08,11567,2,1,59.99,22.49
12018,2014-02-15 09:23:33,11568,2,1,59.99,22.49
12019,2014-02-15 09:23:33,11568,4,0,29.99,9.49
12020,2014-02-15 09:34:18,11569,2,1,59.99,22.49
12021,2014-02-15 09:39:32,11570,1,1,49.99,19.49
12022,2014-02-15 10:26:46,11571,3,1,45.99,14.49
12023,2014-02-15 10:59:53,11572,2,1,59.99,22.49
12024,2014-02-15 11:13:44,11573,1,1,49.99,19.49
12025,2014-02-15 13:20:13,11574,3,1,45.99,14.49
12026,2014-02-15 13:28:30,11575,1,1,49.99,19.49
12027,2014-02-15 14:50:53,11576,1,1,49.99,19.49
12028,2014-02-15 15:03:14,11577,1,1,49.99,19.49
12029,2014-02-15 18:14:42,11578,1,1,49.99,19.49
12030,2014-02-15 18:14:42,11578,2,0,59.99,22.49
12031,2014-02-15 18:15:40,11579,2,1,59.99,22.49
12032,2014-02-15 18:15:40,11579,4,0,29.99,9.49
12033,2014-02-15 20:19:03,11580,1,1,49.99,19.49
12034,2014-02-15 20:43:26,11581,1,1,49.99,19.49
12035,2014-02-15 22:18:21,11582,1,1,49.99,19.49
12036,2014-02-15 22:18:21,11582,4,0,29.99,9.49
12037,2014-02-15 22:48:04,11583,3,1,45.99,14.49
12038,2014-02-15 22:48:04,11583,1,0,49.99,19.49
12039,2014-02-15 23:59:45,11584,1,1,49.99,19.49
12040,2014-02-16 06:19:37,11585,1,1,49.99,19.49
12041,2014-02-16 06:19:37,11585,4,0,29.99,9.49
12042,2014-02-16 10:02:57,11586,2,1,59.99,22.49
12043,2014-02-16 11:44:25,11587,1,1,49.99,19.49
12044,2014-02-16 14:26:09,11588,1,1,49.99,19.49
12045,2014-02-16 16:09:33,11589,1,1,49.99,19.49
12046,2014-02-16 16:47:01,11590,2,1,59.99,22.49
12047,2014-02-16 17:13:00,11591,1,1,49.99,19.49
12048,2014-02-16 17:13:00,11591,3,0,45.99,14.49
12049,2014-02-16 17:14:07,11592,1,1,49.99,19.49
12050,2014-02-16 19:35:32,11593,1,1,49.99,19.49
12051,2014-02-16 19:35:32,11593,4,0,29.99,9.49
12052,2014-02-16 23:34:39,11594,1,1,49.99,19.49
12053,2014-02-16 23:34:39,11594,3,0,45.99,14.49
12054,2014-02-16 23:50:16,11595,1,1,49.99,19.49
12055,2014-02-16 23:50:16,11595,3,0,45.99,14.49
12056,2014-02-17 03:05:24,11596,1,1,49.99,19.49
12057,2014-02-17 06:53:14,11597,1,1,49.99,19.49
12058,2014-02-17 06:53:14,11597,4,0,29.99,9.49
12059,2014-02-17 08:02:11,11598,1,1,49.99,19.49
12060,2014-02-17 08:02:11,11598,4,0,29.99,9.49
12061,2014-02-17 08:02:17,11599,1,1,49.99,19.49
12062,2014-02-17 08:02:17,11599,2,0,59.99,22.49
12063,2014-02-17 08:48:15,11600,1,1,49.99,19.49
12064,2014-02-17 08:48:15,11600,4,0,29.99,9.49
12065,2014-02-17 10:42:43,11601,1,1,49.99,19.49
12066,2014-02-17 10:42:43,11601,4,0,29.99,9.49
12067,2014-02-17 10:56:40,11602,3,1,45.99,14.49
12068,2014-02-17 11:45:29,11603,1,1,49.99,19.49
12069,2014-02-17 11:45:29,11603,4,0,29.99,9.49
12070,2014-02-17 12:06:56,11604,1,1,49.99,19.49
12071,2014-02-17 12:14:06,11605,1,1,49.99,19.49
12072,2014-02-17 12:34:39,11606,1,1,49.99,19.49
12073,2014-02-17 12:36:59,11607,1,1,49.99,19.49
12074,2014-02-17 12:57:06,11608,1,1,49.99,19.49
12075,2014-02-17 13:11:06,11609,1,1,49.99,19.49
12076,2014-02-17 14:38:56,11610,1,1,49.99,19.49
12077,2014-02-17 14:38:56,11610,3,0,45.99,14.49
12078,2014-02-17 15:30:05,11611,1,1,49.99,19.49
12079,2014-02-17 16:50:12,11612,2,1,59.99,22.49
12080,2014-02-17 16:50:12,11612,3,0,45.99,14.49
12081,2014-02-17 17:29:27,11613,2,1,59.99,22.49
12082,2014-02-17 17:34:37,11614,1,1,49.99,19.49
12083,2014-02-17 17:34:48,11615,1,1,49.99,19.49
12084,2014-02-17 17:58:15,11616,2,1,59.99,22.49
12085,2014-02-17 18:05:23,11617,1,1,49.99,19.49
12086,2014-02-17 18:05:23,11617,4,0,29.99,9.49
12087,2014-02-17 18:05:37,11618,1,1,49.99,19.49
12088,2014-02-17 18:24:34,11619,1,1,49.99,19.49
12089,2014-02-17 18:31:37,11620,1,1,49.99,19.49
12090,2014-02-17 18:31:37,11620,4,0,29.99,9.49
12091,2014-02-17 20:31:47,11621,1,1,49.99,19.49
12092,2014-02-17 21:47:28,11622,1,1,49.99,19.49
12093,2014-02-17 22:26:29,11623,1,1,49.99,19.49
12094,2014-02-17 22:26:29,11623,4,0,29.99,9.49
12095,2014-02-17 22:59:20,11624,1,1,49.99,19.49
12096,2014-02-17 23:00:23,11625,2,1,59.99,22.49
12097,2014-02-18 01:13:39,11626,1,1,49.99,19.49
12098,2014-02-18 03:27:11,11627,1,1,49.99,19.49
12099,2014-02-18 06:04:20,11628,1,1,49.99,19.49
12100,2014-02-18 06:04:20,11628,3,0,45.99,14.49
12101,2014-02-18 06:30:08,11629,3,1,45.99,14.49
12102,2014-02-18 06:30:08,11629,1,0,49.99,19.49
12103,2014-02-18 06:45:29,11630,1,1,49.99,19.49
12104,2014-02-18 08:31:19,11631,1,1,49.99,19.49
12105,2014-02-18 08:39:46,11632,2,1,59.99,22.49
12106,2014-02-18 08:39:46,11632,4,0,29.99,9.49
12107,2014-02-18 08:55:36,11633,1,1,49.99,19.49
12108,2014-02-18 08:55:36,11633,2,0,59.99,22.49
12109,2014-02-18 08:59:13,11634,2,1,59.99,22.49
12110,2014-02-18 11:04:08,11635,1,1,49.99,19.49
12111,2014-02-18 11:04:08,11635,2,0,59.99,22.49
12112,2014-02-18 11:38:45,11636,1,1,49.99,19.49
12113,2014-02-18 11:38:45,11636,4,0,29.99,9.49
12114,2014-02-18 12:02:28,11637,2,1,59.99,22.49
12115,2014-02-18 12:04:47,11638,1,1,49.99,19.49
12116,2014-02-18 12:04:47,11638,3,0,45.99,14.49
12117,2014-02-18 12:09:55,11639,1,1,49.99,19.49
12118,2014-02-18 12:11:27,11640,1,1,49.99,19.49
12119,2014-02-18 12:53:24,11641,1,1,49.99,19.49
12120,2014-02-18 12:53:24,11641,3,0,45.99,14.49
12121,2014-02-18 12:59:41,11642,1,1,49.99,19.49
12122,2014-02-18 13:21:04,11643,3,1,45.99,14.49
12123,2014-02-18 13:47:39,11644,1,1,49.99,19.49
12124,2014-02-18 13:48:54,11645,1,1,49.99,19.49
12125,2014-02-18 13:48:54,11645,2,0,59.99,22.49
12126,2014-02-18 14:11:07,11646,1,1,49.99,19.49
12127,2014-02-18 14:11:07,11646,4,0,29.99,9.49
12128,2014-02-18 14:13:04,11647,1,1,49.99,19.49
12129,2014-02-18 14:22:14,11648,1,1,49.99,19.49
12130,2014-02-18 14:22:14,11648,2,0,59.99,22.49
12131,2014-02-18 14:45:11,11649,1,1,49.99,19.49
12132,2014-02-18 14:52:07,11650,3,1,45.99,14.49
12133,2014-02-18 15:33:12,11651,1,1,49.99,19.49
12134,2014-02-18 15:33:12,11651,3,0,45.99,14.49
12135,2014-02-18 15:49:12,11652,1,1,49.99,19.49
12136,2014-02-18 15:49:12,11652,4,0,29.99,9.49
12137,2014-02-18 16:37:53,11653,3,1,45.99,14.49
12138,2014-02-18 16:37:53,11653,4,0,29.99,9.49
12139,2014-02-18 17:29:30,11654,1,1,49.99,19.49
12140,2014-02-18 17:29:30,11654,2,0,59.99,22.49
12141,2014-02-18 18:25:42,11655,1,1,49.99,19.49
12142,2014-02-18 18:32:08,11656,1,1,49.99,19.49
12143,2014-02-18 18:41:17,11657,1,1,49.99,19.49
12144,2014-02-18 18:50:13,11658,1,1,49.99,19.49
12145,2014-02-18 18:51:33,11659,1,1,49.99,19.49
12146,2014-02-18 18:51:33,11659,4,0,29.99,9.49
12147,2014-02-18 19:11:45,11660,1,1,49.99,19.49
12148,2014-02-18 19:11:45,11660,4,0,29.99,9.49
12149,2014-02-18 19:21:39,11661,2,1,59.99,22.49
12150,2014-02-18 19:36:50,11662,2,1,59.99,22.49
12151,2014-02-18 22:21:20,11663,1,1,49.99,19.49
12152,2014-02-18 22:27:07,11664,1,1,49.99,19.49
12153,2014-02-18 22:43:50,11665,1,1,49.99,19.49
12154,2014-02-18 22:46:43,11666,3,1,45.99,14.49
12155,2014-02-18 22:46:43,11666,2,0,59.99,22.49
12156,2014-02-18 23:01:49,11667,1,1,49.99,19.49
12157,2014-02-18 23:11:09,11668,1,1,49.99,19.49
12158,2014-02-18 23:11:09,11668,3,0,45.99,14.49
12159,2014-02-19 00:09:58,11669,1,1,49.99,19.49
12160,2014-02-19 00:09:58,11669,4,0,29.99,9.49
12161,2014-02-19 01:06:28,11670,2,1,59.99,22.49
12162,2014-02-19 01:42:28,11671,1,1,49.99,19.49
12163,2014-02-19 02:04:01,11672,1,1,49.99,19.49
12164,2014-02-19 02:04:01,11672,4,0,29.99,9.49
12165,2014-02-19 03:44:48,11673,1,1,49.99,19.49
12166,2014-02-19 08:00:36,11674,1,1,49.99,19.49
12167,2014-02-19 09:13:08,11675,1,1,49.99,19.49
12168,2014-02-19 09:13:08,11675,4,0,29.99,9.49
12169,2014-02-19 09:17:53,11676,3,1,45.99,14.49
12170,2014-02-19 10:27:31,11677,1,1,49.99,19.49
12171,2014-02-19 10:44:30,11678,1,1,49.99,19.49
12172,2014-02-19 10:44:30,11678,4,0,29.99,9.49
12173,2014-02-19 11:04:06,11679,1,1,49.99,19.49
12174,2014-02-19 11:11:02,11680,1,1,49.99,19.49
12175,2014-02-19 11:34:45,11681,3,1,45.99,14.49
12176,2014-02-19 11:43:31,11682,3,1,45.99,14.49
12177,2014-02-19 12:22:25,11683,1,1,49.99,19.49
12178,2014-02-19 12:22:50,11684,1,1,49.99,19.49
12179,2014-02-19 12:22:50,11684,3,0,45.99,14.49
12180,2014-02-19 12:33:50,11685,1,1,49.99,19.49
12181,2014-02-19 12:38:51,11686,1,1,49.99,19.49
12182,2014-02-19 12:44:35,11687,1,1,49.99,19.49
12183,2014-02-19 13:07:58,11688,1,1,49.99,19.49
12184,2014-02-19 13:07:58,11688,4,0,29.99,9.49
12185,2014-02-19 13:21:56,11689,2,1,59.99,22.49
12186,2014-02-19 13:21:57,11690,1,1,49.99,19.49
12187,2014-02-19 13:25:28,11691,1,1,49.99,19.49
12188,2014-02-19 13:29:31,11692,1,1,49.99,19.49
12189,2014-02-19 13:59:11,11693,1,1,49.99,19.49
12190,2014-02-19 14:11:53,11694,1,1,49.99,19.49
12191,2014-02-19 14:40:53,11695,1,1,49.99,19.49
12192,2014-02-19 14:52:39,11696,2,1,59.99,22.49
12193,2014-02-19 15:00:48,11697,1,1,49.99,19.49
12194,2014-02-19 15:00:48,11697,4,0,29.99,9.49
12195,2014-02-19 15:52:43,11698,1,1,49.99,19.49
12196,2014-02-19 16:05:22,11699,1,1,49.99,19.49
12197,2014-02-19 16:05:22,11699,4,0,29.99,9.49
12198,2014-02-19 17:09:48,11700,1,1,49.99,19.49
12199,2014-02-19 17:09:48,11700,4,0,29.99,9.49
12200,2014-02-19 17:30:55,11701,2,1,59.99,22.49
12201,2014-02-19 17:30:55,11701,3,0,45.99,14.49
12202,2014-02-19 17:56:41,11702,1,1,49.99,19.49
12203,2014-02-19 17:56:41,11702,4,0,29.99,9.49
12204,2014-02-19 18:06:30,11703,1,1,49.99,19.49
12205,2014-02-19 18:06:30,11703,4,0,29.99,9.49
12206,2014-02-19 18:22:25,11704,3,1,45.99,14.49
12207,2014-02-19 19:20:30,11705,1,1,49.99,19.49
12208,2014-02-19 19:33:24,11706,1,1,49.99,19.49
12209,2014-02-19 19:44:35,11707,1,1,49.99,19.49
12210,2014-02-19 19:44:35,11707,3,0,45.99,14.49
12211,2014-02-19 19:47:13,11708,1,1,49.99,19.49
12212,2014-02-19 21:40:41,11709,2,1,59.99,22.49
12213,2014-02-19 21:49:00,11710,2,1,59.99,22.49
12214,2014-02-19 22:21:10,11711,1,1,49.99,19.49
12215,2014-02-19 22:21:23,11712,1,1,49.99,19.49
12216,2014-02-19 22:21:23,11712,4,0,29.99,9.49
12217,2014-02-19 23:14:09,11713,3,1,45.99,14.49
12218,2014-02-20 00:17:14,11714,1,1,49.99,19.49
12219,2014-02-20 02:14:21,11715,1,1,49.99,19.49
12220,2014-02-20 02:16:13,11716,2,1,59.99,22.49
12221,2014-02-20 03:34:01,11717,1,1,49.99,19.49
12222,2014-02-20 03:34:01,11717,4,0,29.99,9.49
12223,2014-02-20 04:01:20,11718,1,1,49.99,19.49
12224,2014-02-20 04:04:16,11719,3,1,45.99,14.49
12225,2014-02-20 04:12:59,11720,1,1,49.99,19.49
12226,2014-02-20 04:12:59,11720,4,0,29.99,9.49
12227,2014-02-20 06:34:26,11721,3,1,45.99,14.49
12228,2014-02-20 08:21:34,11722,1,1,49.99,19.49
12229,2014-02-20 09:07:54,11723,1,1,49.99,19.49
12230,2014-02-20 09:07:54,11723,3,0,45.99,14.49
12231,2014-02-20 09:13:34,11724,2,1,59.99,22.49
12232,2014-02-20 09:13:34,11724,4,0,29.99,9.49
12233,2014-02-20 10:27:54,11725,1,1,49.99,19.49
12234,2014-02-20 10:46:39,11726,1,1,49.99,19.49
12235,2014-02-20 10:46:39,11726,2,0,59.99,22.49
12236,2014-02-20 10:53:40,11727,3,1,45.99,14.49
12237,2014-02-20 11:17:54,11728,1,1,49.99,19.49
12238,2014-02-20 11:17:54,11728,3,0,45.99,14.49
12239,2014-02-20 11:21:07,11729,3,1,45.99,14.49
12240,2014-02-20 11:26:19,11730,3,1,45.99,14.49
12241,2014-02-20 11:26:19,11730,4,0,29.99,9.49
12242,2014-02-20 11:33:13,11731,1,1,49.99,19.49
12243,2014-02-20 11:35:08,11732,1,1,49.99,19.49
12244,2014-02-20 11:41:19,11733,2,1,59.99,22.49
12245,2014-02-20 11:41:19,11733,4,0,29.99,9.49
12246,2014-02-20 11:42:16,11734,1,1,49.99,19.49
12247,2014-02-20 11:55:28,11735,1,1,49.99,19.49
12248,2014-02-20 11:55:28,11735,3,0,45.99,14.49
12249,2014-02-20 12:33:05,11736,1,1,49.99,19.49
12250,2014-02-20 12:33:05,11736,2,0,59.99,22.49
12251,2014-02-20 12:35:17,11737,2,1,59.99,22.49
12252,2014-02-20 12:35:30,11738,2,1,59.99,22.49
12253,2014-02-20 12:35:30,11738,4,0,29.99,9.49
12254,2014-02-20 12:36:30,11739,1,1,49.99,19.49
12255,2014-02-20 12:36:30,11739,3,0,45.99,14.49
12256,2014-02-20 12:40:45,11740,1,1,49.99,19.49
12257,2014-02-20 12:40:45,11740,3,0,45.99,14.49
12258,2014-02-20 12:41:08,11741,1,1,49.99,19.49
12259,2014-02-20 12:41:29,11742,1,1,49.99,19.49
12260,2014-02-20 12:41:29,11742,4,0,29.99,9.49
12261,2014-02-20 12:47:54,11743,1,1,49.99,19.49
12262,2014-02-20 12:55:41,11744,1,1,49.99,19.49
12263,2014-02-20 12:55:41,11744,4,0,29.99,9.49
12264,2014-02-20 13:53:39,11745,3,1,45.99,14.49
12265,2014-02-20 13:53:39,11745,2,0,59.99,22.49
12266,2014-02-20 14:18:43,11746,2,1,59.99,22.49
12267,2014-02-20 14:18:43,11746,4,0,29.99,9.49
12268,2014-02-20 14:23:00,11747,2,1,59.99,22.49
12269,2014-02-20 14:23:28,11748,1,1,49.99,19.49
12270,2014-02-20 14:38:12,11749,1,1,49.99,19.49
12271,2014-02-20 15:27:52,11750,1,1,49.99,19.49
12272,2014-02-20 15:34:35,11751,1,1,49.99,19.49
12273,2014-02-20 15:34:35,11751,3,0,45.99,14.49
12274,2014-02-20 15:35:18,11752,1,1,49.99,19.49
12275,2014-02-20 15:35:18,11752,4,0,29.99,9.49
12276,2014-02-20 15:39:41,11753,1,1,49.99,19.49
12277,2014-02-20 15:39:41,11753,4,0,29.99,9.49
12278,2014-02-20 15:54:27,11754,2,1,59.99,22.49
12279,2014-02-20 17:46:15,11755,1,1,49.99,19.49
12280,2014-02-20 18:48:28,11756,1,1,49.99,19.49
12281,2014-02-20 20:13:10,11757,3,1,45.99,14.49
12282,2014-02-20 20:13:10,11757,4,0,29.99,9.49
12283,2014-02-20 20:13:23,11758,1,1,49.99,19.49
12284,2014-02-20 20:13:23,11758,3,0,45.99,14.49
12285,2014-02-20 21:15:56,11759,1,1,49.99,19.49
12286,2014-02-20 21:15:56,11759,3,0,45.99,14.49
12287,2014-02-20 21:59:19,11760,3,1,45.99,14.49
12288,2014-02-20 21:59:19,11760,4,0,29.99,9.49
12289,2014-02-20 23:09:01,11761,1,1,49.99,19.49
12290,2014-02-20 23:09:01,11761,4,0,29.99,9.49
12291,2014-02-20 23:19:14,11762,1,1,49.99,19.49
12292,2014-02-20 23:44:25,11763,1,1,49.99,19.49
12293,2014-02-20 23:44:25,11763,4,0,29.99,9.49
12294,2014-02-21 00:39:28,11764,3,1,45.99,14.49
12295,2014-02-21 01:01:15,11765,1,1,49.99,19.49
12296,2014-02-21 01:01:15,11765,3,0,45.99,14.49
12297,2014-02-21 01:39:55,11766,1,1,49.99,19.49
12298,2014-02-21 01:39:55,11766,4,0,29.99,9.49
12299,2014-02-21 05:40:30,11767,1,1,49.99,19.49
12300,2014-02-21 05:58:57,11768,1,1,49.99,19.49
12301,2014-02-21 05:58:57,11768,4,0,29.99,9.49
12302,2014-02-21 06:12:04,11769,1,1,49.99,19.49
12303,2014-02-21 06:12:04,11769,4,0,29.99,9.49
12304,2014-02-21 06:14:37,11770,1,1,49.99,19.49
12305,2014-02-21 06:14:37,11770,3,0,45.99,14.49
12306,2014-02-21 06:49:57,11771,2,1,59.99,22.49
12307,2014-02-21 06:49:57,11771,4,0,29.99,9.49
12308,2014-02-21 06:55:23,11772,1,1,49.99,19.49
12309,2014-02-21 07:02:14,11773,1,1,49.99,19.49
12310,2014-02-21 08:02:20,11774,1,1,49.99,19.49
12311,2014-02-21 08:02:20,11774,4,0,29.99,9.49
12312,2014-02-21 08:32:38,11775,1,1,49.99,19.49
12313,2014-02-21 09:03:59,11776,1,1,49.99,19.49
12314,2014-02-21 09:03:59,11776,2,0,59.99,22.49
12315,2014-02-21 09:11:01,11777,1,1,49.99,19.49
12316,2014-02-21 09:22:23,11778,1,1,49.99,19.49
12317,2014-02-21 09:22:23,11778,4,0,29.99,9.49
12318,2014-02-21 09:25:38,11779,1,1,49.99,19.49
12319,2014-02-21 09:25:38,11779,2,0,59.99,22.49
12320,2014-02-21 11:19:09,11780,3,1,45.99,14.49
12321,2014-02-21 11:23:10,11781,1,1,49.99,19.49
12322,2014-02-21 11:36:35,11782,2,1,59.99,22.49
12323,2014-02-21 11:52:41,11783,1,1,49.99,19.49
12324,2014-02-21 12:17:52,11784,1,1,49.99,19.49
12325,2014-02-21 12:17:52,11784,4,0,29.99,9.49
12326,2014-02-21 12:58:01,11785,1,1,49.99,19.49
12327,2014-02-21 12:58:01,11785,3,0,45.99,14.49
12328,2014-02-21 13:07:23,11786,1,1,49.99,19.49
12329,2014-02-21 13:07:23,11786,4,0,29.99,9.49
12330,2014-02-21 13:08:03,11787,3,1,45.99,14.49
12331,2014-02-21 13:10:08,11788,3,1,45.99,14.49
12332,2014-02-21 13:10:08,11788,1,0,49.99,19.49
12333,2014-02-21 13:22:43,11789,2,1,59.99,22.49
12334,2014-02-21 13:26:11,11790,1,1,49.99,19.49
12335,2014-02-21 14:24:27,11791,1,1,49.99,19.49
12336,2014-02-21 14:30:36,11792,2,1,59.99,22.49
12337,2014-02-21 14:32:01,11793,2,1,59.99,22.49
12338,2014-02-21 14:40:25,11794,1,1,49.99,19.49
12339,2014-02-21 14:50:56,11795,1,1,49.99,19.49
12340,2014-02-21 14:52:55,11796,3,1,45.99,14.49
12341,2014-02-21 14:54:02,11797,1,1,49.99,19.49
12342,2014-02-21 14:54:02,11797,4,0,29.99,9.49
12343,2014-02-21 15:36:25,11798,2,1,59.99,22.49
12344,2014-02-21 15:39:23,11799,1,1,49.99,19.49
12345,2014-02-21 15:39:23,11799,4,0,29.99,9.49
12346,2014-02-21 15:49:09,11800,1,1,49.99,19.49
12347,2014-02-21 16:01:17,11801,2,1,59.99,22.49
12348,2014-02-21 16:34:54,11802,1,1,49.99,19.49
12349,2014-02-21 16:34:54,11802,4,0,29.99,9.49
12350,2014-02-21 16:40:26,11803,2,1,59.99,22.49
12351,2014-02-21 17:11:19,11804,2,1,59.99,22.49
12352,2014-02-21 17:17:04,11805,1,1,49.99,19.49
12353,2014-02-21 18:04:29,11806,1,1,49.99,19.49
12354,2014-02-21 18:22:07,11807,3,1,45.99,14.49
12355,2014-02-21 18:30:22,11808,1,1,49.99,19.49
12356,2014-02-21 21:05:30,11809,3,1,45.99,14.49
12357,2014-02-21 22:04:02,11810,1,1,49.99,19.49
12358,2014-02-22 07:08:24,11811,1,1,49.99,19.49
12359,2014-02-22 07:08:24,11811,3,0,45.99,14.49
12360,2014-02-22 11:04:15,11812,1,1,49.99,19.49
12361,2014-02-22 12:13:21,11813,1,1,49.99,19.49
12362,2014-02-22 12:20:17,11814,1,1,49.99,19.49
12363,2014-02-22 12:20:17,11814,4,0,29.99,9.49
12364,2014-02-22 12:43:15,11815,1,1,49.99,19.49
12365,2014-02-22 12:43:15,11815,4,0,29.99,9.49
12366,2014-02-22 12:44:43,11816,1,1,49.99,19.49
12367,2014-02-22 13:48:25,11817,3,1,45.99,14.49
12368,2014-02-22 14:24:54,11818,1,1,49.99,19.49
12369,2014-02-22 15:49:35,11819,1,1,49.99,19.49
12370,2014-02-22 15:55:45,11820,1,1,49.99,19.49
12371,2014-02-22 16:08:14,11821,1,1,49.99,19.49
12372,2014-02-22 16:08:14,11821,3,0,45.99,14.49
12373,2014-02-22 16:31:09,11822,1,1,49.99,19.49
12374,2014-02-22 16:41:43,11823,2,1,59.99,22.49
12375,2014-02-22 17:37:56,11824,1,1,49.99,19.49
12376,2014-02-22 17:37:56,11824,4,0,29.99,9.49
12377,2014-02-22 18:04:19,11825,1,1,49.99,19.49
12378,2014-02-22 18:04:19,11825,2,0,59.99,22.49
12379,2014-02-22 18:16:27,11826,3,1,45.99,14.49
12380,2014-02-22 18:51:55,11827,3,1,45.99,14.49
12381,2014-02-22 22:19:27,11828,2,1,59.99,22.49
12382,2014-02-22 22:26:26,11829,2,1,59.99,22.49
12383,2014-02-23 00:10:49,11830,1,1,49.99,19.49
12384,2014-02-23 00:37:47,11831,1,1,49.99,19.49
12385,2014-02-23 01:15:31,11832,1,1,49.99,19.49
12386,2014-02-23 01:15:31,11832,4,0,29.99,9.49
12387,2014-02-23 03:54:57,11833,1,1,49.99,19.49
12388,2014-02-23 04:25:07,11834,1,1,49.99,19.49
12389,2014-02-23 07:03:20,11835,1,1,49.99,19.49
12390,2014-02-23 07:03:20,11835,4,0,29.99,9.49
12391,2014-02-23 09:15:06,11836,2,1,59.99,22.49
12392,2014-02-23 12:02:01,11837,1,1,49.99,19.49
12393,2014-02-23 12:02:07,11838,1,1,49.99,19.49
12394,2014-02-23 13:17:18,11839,1,1,49.99,19.49
12395,2014-02-23 14:14:57,11840,3,1,45.99,14.49
12396,2014-02-23 15:00:29,11841,1,1,49.99,19.49
12397,2014-02-23 15:00:29,11841,4,0,29.99,9.49
12398,2014-02-23 15:38:20,11842,1,1,49.99,19.49
12399,2014-02-23 15:38:20,11842,3,0,45.99,14.49
12400,2014-02-23 16:28:14,11843,1,1,49.99,19.49
12401,2014-02-23 18:03:00,11844,3,1,45.99,14.49
12402,2014-02-23 18:03:00,11844,4,0,29.99,9.49
12403,2014-02-23 21:52:47,11845,1,1,49.99,19.49
12404,2014-02-24 00:58:41,11846,1,1,49.99,19.49
12405,2014-02-24 02:27:28,11847,1,1,49.99,19.49
12406,2014-02-24 04:33:35,11848,1,1,49.99,19.49
12407,2014-02-24 04:33:35,11848,4,0,29.99,9.49
12408,2014-02-24 07:22:30,11849,2,1,59.99,22.49
12409,2014-02-24 09:23:53,11850,2,1,59.99,22.49
12410,2014-02-24 09:39:47,11851,1,1,49.99,19.49
12411,2014-02-24 10:08:10,11852,1,1,49.99,19.49
12412,2014-02-24 10:10:43,11853,1,1,49.99,19.49
12413,2014-02-24 10:17:28,11854,1,1,49.99,19.49
12414,2014-02-24 10:17:28,11854,2,0,59.99,22.49
12415,2014-02-24 11:30:23,11855,1,1,49.99,19.49
12416,2014-02-24 12:10:23,11856,1,1,49.99,19.49
12417,2014-02-24 12:21:37,11857,2,1,59.99,22.49
12418,2014-02-24 12:37:50,11858,1,1,49.99,19.49
12419,2014-02-24 12:42:31,11859,3,1,45.99,14.49
12420,2014-02-24 12:47:40,11860,2,1,59.99,22.49
12421,2014-02-24 12:47:40,11860,3,0,45.99,14.49
12422,2014-02-24 12:52:23,11861,1,1,49.99,19.49
12423,2014-02-24 13:19:42,11862,1,1,49.99,19.49
12424,2014-02-24 13:22:22,11863,1,1,49.99,19.49
12425,2014-02-24 13:22:31,11864,1,1,49.99,19.49
12426,2014-02-24 13:22:31,11864,3,0,45.99,14.49
12427,2014-02-24 14:24:56,11865,1,1,49.99,19.49
12428,2014-02-24 14:24:56,11865,4,0,29.99,9.49
12429,2014-02-24 15:14:03,11866,1,1,49.99,19.49
12430,2014-02-24 15:14:03,11866,4,0,29.99,9.49
12431,2014-02-24 16:12:23,11867,1,1,49.99,19.49
12432,2014-02-24 16:40:09,11868,1,1,49.99,19.49
12433,2014-02-24 17:37:45,11869,1,1,49.99,19.49
12434,2014-02-24 17:37:45,11869,3,0,45.99,14.49
12435,2014-02-24 18:40:04,11870,1,1,49.99,19.49
12436,2014-02-24 19:06:27,11871,1,1,49.99,19.49
12437,2014-02-24 19:12:51,11872,2,1,59.99,22.49
12438,2014-02-24 20:22:50,11873,3,1,45.99,14.49
12439,2014-02-24 20:22:50,11873,4,0,29.99,9.49
12440,2014-02-24 20:31:53,11874,2,1,59.99,22.49
12441,2014-02-24 20:46:58,11875,2,1,59.99,22.49
12442,2014-02-24 21:13:16,11876,1,1,49.99,19.49
12443,2014-02-24 21:13:16,11876,3,0,45.99,14.49
12444,2014-02-24 21:25:50,11877,1,1,49.99,19.49
12445,2014-02-24 21:28:39,11878,1,1,49.99,19.49
12446,2014-02-24 22:04:22,11879,1,1,49.99,19.49
12447,2014-02-24 22:12:12,11880,1,1,49.99,19.49
12448,2014-02-24 22:42:09,11881,1,1,49.99,19.49
12449,2014-02-24 23:34:45,11882,1,1,49.99,19.49
12450,2014-02-25 01:02:29,11883,1,1,49.99,19.49
12451,2014-02-25 01:56:05,11884,1,1,49.99,19.49
12452,2014-02-25 01:56:05,11884,4,0,29.99,9.49
12453,2014-02-25 03:00:28,11885,3,1,45.99,14.49
12454,2014-02-25 03:44:26,11886,1,1,49.99,19.49
12455,2014-02-25 04:29:17,11887,1,1,49.99,19.49
12456,2014-02-25 08:06:06,11888,1,1,49.99,19.49
12457,2014-02-25 08:06:06,11888,4,0,29.99,9.49
12458,2014-02-25 08:18:06,11889,1,1,49.99,19.49
12459,2014-02-25 08:18:06,11889,4,0,29.99,9.49
12460,2014-02-25 08:18:15,11890,1,1,49.99,19.49
12461,2014-02-25 10:25:52,11891,1,1,49.99,19.49
12462,2014-02-25 11:05:20,11892,2,1,59.99,22.49
12463,2014-02-25 11:28:39,11893,1,1,49.99,19.49
12464,2014-02-25 11:28:39,11893,4,0,29.99,9.49
12465,2014-02-25 11:51:09,11894,3,1,45.99,14.49
12466,2014-02-25 11:51:09,11894,4,0,29.99,9.49
12467,2014-02-25 12:40:54,11895,3,1,45.99,14.49
12468,2014-02-25 12:40:54,11895,4,0,29.99,9.49
12469,2014-02-25 12:46:20,11896,1,1,49.99,19.49
12470,2014-02-25 12:46:54,11897,1,1,49.99,19.49
12471,2014-02-25 12:46:54,11897,4,0,29.99,9.49
12472,2014-02-25 13:29:55,11898,1,1,49.99,19.49
12473,2014-02-25 13:29:55,11898,4,0,29.99,9.49
12474,2014-02-25 13:44:36,11899,1,1,49.99,19.49
12475,2014-02-25 13:44:36,11899,2,0,59.99,22.49
12476,2014-02-25 14:00:17,11900,1,1,49.99,19.49
12477,2014-02-25 14:00:17,11900,4,0,29.99,9.49
12478,2014-02-25 14:51:47,11901,1,1,49.99,19.49
12479,2014-02-25 16:51:42,11902,1,1,49.99,19.49
12480,2014-02-25 17:07:25,11903,1,1,49.99,19.49
12481,2014-02-25 17:07:25,11903,3,0,45.99,14.49
12482,2014-02-25 17:14:04,11904,1,1,49.99,19.49
12483,2014-02-25 17:39:08,11905,1,1,49.99,19.49
12484,2014-02-25 17:39:08,11905,4,0,29.99,9.49
12485,2014-02-25 19:37:50,11906,1,1,49.99,19.49
12486,2014-02-25 22:13:21,11907,1,1,49.99,19.49
12487,2014-02-25 22:55:21,11908,3,1,45.99,14.49
12488,2014-02-25 23:03:37,11909,1,1,49.99,19.49
12489,2014-02-25 23:07:24,11910,3,1,45.99,14.49
12490,2014-02-25 23:07:24,11910,4,0,29.99,9.49
12491,2014-02-26 00:43:01,11911,3,1,45.99,14.49
12492,2014-02-26 03:36:51,11912,1,1,49.99,19.49
12493,2014-02-26 04:32:28,11913,1,1,49.99,19.49
12494,2014-02-26 04:32:28,11913,4,0,29.99,9.49
12495,2014-02-26 05:22:42,11914,1,1,49.99,19.49
12496,2014-02-26 05:25:22,11915,1,1,49.99,19.49
12497,2014-02-26 06:39:24,11916,2,1,59.99,22.49
12498,2014-02-26 06:39:24,11916,4,0,29.99,9.49
12499,2014-02-26 07:24:51,11917,1,1,49.99,19.49
12500,2014-02-26 07:24:51,11917,4,0,29.99,9.49
12501,2014-02-26 08:23:21,11918,1,1,49.99,19.49
12502,2014-02-26 09:12:24,11919,1,1,49.99,19.49
12503,2014-02-26 09:12:24,11919,4,0,29.99,9.49
12504,2014-02-26 09:30:42,11920,1,1,49.99,19.49
12505,2014-02-26 09:33:18,11921,1,1,49.99,19.49
12506,2014-02-26 09:50:36,11922,1,1,49.99,19.49
12507,2014-02-26 10:12:37,11923,3,1,45.99,14.49
12508,2014-02-26 10:23:38,11924,1,1,49.99,19.49
12509,2014-02-26 10:32:50,11925,1,1,49.99,19.49
12510,2014-02-26 11:20:41,11926,3,1,45.99,14.49
12511,2014-02-26 11:28:37,11927,3,1,45.99,14.49
12512,2014-02-26 11:44:23,11928,1,1,49.99,19.49
12513,2014-02-26 11:44:23,11928,4,0,29.99,9.49
12514,2014-02-26 11:52:20,11929,1,1,49.99,19.49
12515,2014-02-26 11:55:25,11930,1,1,49.99,19.49
12516,2014-02-26 12:01:27,11931,1,1,49.99,19.49
12517,2014-02-26 12:17:19,11932,2,1,59.99,22.49
12518,2014-02-26 12:17:19,11932,1,0,49.99,19.49
12519,2014-02-26 12:20:35,11933,1,1,49.99,19.49
12520,2014-02-26 12:42:51,11934,1,1,49.99,19.49
12521,2014-02-26 12:42:51,11934,4,0,29.99,9.49
12522,2014-02-26 12:50:11,11935,3,1,45.99,14.49
12523,2014-02-26 12:51:16,11936,1,1,49.99,19.49
12524,2014-02-26 13:28:37,11937,1,1,49.99,19.49
12525,2014-02-26 13:41:02,11938,1,1,49.99,19.49
12526,2014-02-26 13:41:02,11938,4,0,29.99,9.49
12527,2014-02-26 14:30:03,11939,1,1,49.99,19.49
12528,2014-02-26 14:30:03,11939,4,0,29.99,9.49
12529,2014-02-26 16:22:51,11940,1,1,49.99,19.49
12530,2014-02-26 16:22:51,11940,4,0,29.99,9.49
12531,2014-02-26 16:40:05,11941,1,1,49.99,19.49
12532,2014-02-26 17:06:44,11942,1,1,49.99,19.49
12533,2014-02-26 17:15:05,11943,1,1,49.99,19.49
12534,2014-02-26 17:18:46,11944,1,1,49.99,19.49
12535,2014-02-26 17:28:17,11945,1,1,49.99,19.49
12536,2014-02-26 17:28:17,11945,4,0,29.99,9.49
12537,2014-02-26 18:29:02,11946,1,1,49.99,19.49
12538,2014-02-26 18:29:02,11946,3,0,45.99,14.49
12539,2014-02-26 19:43:35,11947,1,1,49.99,19.49
12540,2014-02-26 19:43:35,11947,4,0,29.99,9.49
12541,2014-02-26 20:06:17,11948,2,1,59.99,22.49
12542,2014-02-26 20:11:32,11949,1,1,49.99,19.49
12543,2014-02-26 20:14:45,11950,1,1,49.99,19.49
12544,2014-02-26 20:25:17,11951,1,1,49.99,19.49
12545,2014-02-26 21:00:26,11952,1,1,49.99,19.49
12546,2014-02-26 21:35:49,11953,3,1,45.99,14.49
12547,2014-02-26 21:35:49,11953,4,0,29.99,9.49
12548,2014-02-26 22:03:14,11954,3,1,45.99,14.49
12549,2014-02-26 22:19:27,11955,1,1,49.99,19.49
12550,2014-02-26 22:45:33,11956,2,1,59.99,22.49
12551,2014-02-26 23:18:05,11957,1,1,49.99,19.49
12552,2014-02-26 23:41:44,11958,1,1,49.99,19.49
12553,2014-02-26 23:50:51,11959,1,1,49.99,19.49
12554,2014-02-27 00:06:05,11960,1,1,49.99,19.49
12555,2014-02-27 05:14:38,11961,1,1,49.99,19.49
12556,2014-02-27 05:14:38,11961,4,0,29.99,9.49
12557,2014-02-27 05:22:13,11962,1,1,49.99,19.49
12558,2014-02-27 05:22:13,11962,4,0,29.99,9.49
12559,2014-02-27 08:22:56,11963,3,1,45.99,14.49
12560,2014-02-27 08:28:06,11964,3,1,45.99,14.49
12561,2014-02-27 08:28:06,11964,4,0,29.99,9.49
12562,2014-02-27 08:52:08,11965,1,1,49.99,19.49
12563,2014-02-27 08:52:08,11965,4,0,29.99,9.49
12564,2014-02-27 09:17:19,11966,2,1,59.99,22.49
12565,2014-02-27 10:20:07,11967,1,1,49.99,19.49
12566,2014-02-27 10:23:10,11968,1,1,49.99,19.49
12567,2014-02-27 10:46:41,11969,1,1,49.99,19.49
12568,2014-02-27 11:10:36,11970,1,1,49.99,19.49
12569,2014-02-27 11:10:36,11970,2,0,59.99,22.49
12570,2014-02-27 11:31:03,11971,1,1,49.99,19.49
12571,2014-02-27 11:31:03,11971,4,0,29.99,9.49
12572,2014-02-27 11:56:52,11972,1,1,49.99,19.49
12573,2014-02-27 12:23:48,11973,3,1,45.99,14.49
12574,2014-02-27 12:27:44,11974,1,1,49.99,19.49
12575,2014-02-27 12:29:17,11975,2,1,59.99,22.49
12576,2014-02-27 12:31:47,11976,1,1,49.99,19.49
12577,2014-02-27 13:22:14,11977,1,1,49.99,19.49
12578,2014-02-27 13:48:25,11978,2,1,59.99,22.49
12579,2014-02-27 14:24:20,11979,1,1,49.99,19.49
12580,2014-02-27 14:39:59,11980,2,1,59.99,22.49
12581,2014-02-27 14:51:53,11981,1,1,49.99,19.49
12582,2014-02-27 14:51:53,11981,3,0,45.99,14.49
12583,2014-02-27 14:52:56,11982,1,1,49.99,19.49
12584,2014-02-27 14:52:56,11982,3,0,45.99,14.49
12585,2014-02-27 15:11:28,11983,1,1,49.99,19.49
12586,2014-02-27 15:11:28,11983,3,0,45.99,14.49
12587,2014-02-27 15:12:51,11984,3,1,45.99,14.49
12588,2014-02-27 15:19:58,11985,1,1,49.99,19.49
12589,2014-02-27 15:38:51,11986,1,1,49.99,19.49
12590,2014-02-27 15:38:51,11986,4,0,29.99,9.49
12591,2014-02-27 16:24:53,11987,1,1,49.99,19.49
12592,2014-02-27 17:14:39,11988,1,1,49.99,19.49
12593,2014-02-27 17:14:39,11988,4,0,29.99,9.49
12594,2014-02-27 17:20:11,11989,2,1,59.99,22.49
12595,2014-02-27 17:20:11,11989,4,0,29.99,9.49
12596,2014-02-27 17:23:32,11990,2,1,59.99,22.49
12597,2014-02-27 17:35:52,11991,1,1,49.99,19.49
12598,2014-02-27 18:14:24,11992,1,1,49.99,19.49
12599,2014-02-27 19:41:54,11993,1,1,49.99,19.49
12600,2014-02-27 21:00:51,11994,3,1,45.99,14.49
12601,2014-02-27 21:00:51,11994,4,0,29.99,9.49
12602,2014-02-27 21:15:21,11995,1,1,49.99,19.49
12603,2014-02-27 21:15:21,11995,3,0,45.99,14.49
12604,2014-02-27 22:11:23,11996,1,1,49.99,19.49
12605,2014-02-27 23:34:29,11997,1,1,49.99,19.49
12606,2014-02-27 23:34:29,11997,3,0,45.99,14.49
12607,2014-02-27 23:53:16,11998,1,1,49.99,19.49
12608,2014-02-28 00:49:54,11999,1,1,49.99,19.49
12609,2014-02-28 00:49:54,11999,3,0,45.99,14.49
12610,2014-02-28 01:00:04,12000,1,1,49.99,19.49
12611,2014-02-28 01:00:04,12000,3,0,45.99,14.49
12612,2014-02-28 02:35:05,12001,1,1,49.99,19.49
12613,2014-02-28 05:09:16,12002,1,1,49.99,19.49
12614,2014-02-28 06:41:40,12003,1,1,49.99,19.49
12615,2014-02-28 07:55:44,12004,1,1,49.99,19.49
12616,2014-02-28 09:40:29,12005,2,1,59.99,22.49
12617,2014-02-28 10:12:43,12006,1,1,49.99,19.49
12618,2014-02-28 10:12:43,12006,4,0,29.99,9.49
12619,2014-02-28 10:22:05,12007,1,1,49.99,19.49
12620,2014-02-28 10:28:29,12008,1,1,49.99,19.49
12621,2014-02-28 11:45:28,12009,1,1,49.99,19.49
12622,2014-02-28 11:56:33,12010,1,1,49.99,19.49
12623,2014-02-28 11:58:19,12011,3,1,45.99,14.49
12624,2014-02-28 12:05:30,12012,1,1,49.99,19.49
12625,2014-02-28 12:33:57,12013,1,1,49.99,19.49
12626,2014-02-28 13:42:41,12014,3,1,45.99,14.49
12627,2014-02-28 14:03:21,12015,1,1,49.99,19.49
12628,2014-02-28 14:03:21,12015,4,0,29.99,9.49
12629,2014-02-28 14:13:49,12016,1,1,49.99,19.49
12630,2014-02-28 14:13:49,12016,3,0,45.99,14.49
12631,2014-02-28 14:59:20,12017,2,1,59.99,22.49
12632,2014-02-28 15:21:05,12018,1,1,49.99,19.49
12633,2014-02-28 15:21:05,12018,4,0,29.99,9.49
12634,2014-02-28 15:31:52,12019,3,1,45.99,14.49
12635,2014-02-28 16:05:45,12020,1,1,49.99,19.49
12636,2014-02-28 16:06:54,12021,2,1,59.99,22.49
12637,2014-02-28 16:20:59,12022,1,1,49.99,19.49
12638,2014-02-28 16:31:27,12023,1,1,49.99,19.49
12639,2014-02-28 16:31:27,12023,4,0,29.99,9.49
12640,2014-02-28 17:37:22,12024,1,1,49.99,19.49
12641,2014-02-28 17:37:22,12024,4,0,29.99,9.49
12642,2014-02-28 17:43:36,12025,1,1,49.99,19.49
12643,2014-02-28 18:17:16,12026,1,1,49.99,19.49
12644,2014-02-28 18:17:26,12027,1,1,49.99,19.49
12645,2014-02-28 18:17:26,12027,3,0,45.99,14.49
12646,2014-02-28 18:21:05,12028,3,1,45.99,14.49
12647,2014-02-28 18:50:08,12029,1,1,49.99,19.49
12648,2014-02-28 18:50:54,12030,1,1,49.99,19.49
12649,2014-02-28 18:50:54,12030,4,0,29.99,9.49
12650,2014-02-28 19:41:09,12031,1,1,49.99,19.49
12651,2014-02-28 19:41:09,12031,4,0,29.99,9.49
12652,2014-02-28 20:26:14,12032,1,1,49.99,19.49
12653,2014-02-28 20:34:51,12033,1,1,49.99,19.49
12654,2014-02-28 21:19:05,12034,1,1,49.99,19.49
12655,2014-02-28 22:43:38,12035,1,1,49.99,19.49
12656,2014-02-28 22:43:38,12035,4,0,29.99,9.49
12657,2014-02-28 23:40:45,12036,1,1,49.99,19.49
12658,2014-02-28 23:40:45,12036,3,0,45.99,14.49
12659,2014-03-01 00:01:17,12037,1,1,49.99,19.49
12660,2014-03-01 00:01:17,12037,4,0,29.99,9.49
12661,2014-03-01 00:58:29,12038,3,1,45.99,14.49
12662,2014-03-01 01:24:13,12039,3,1,45.99,14.49
12663,2014-03-01 02:04:37,12040,1,1,49.99,19.49
12664,2014-03-01 02:33:12,12041,1,1,49.99,19.49
12665,2014-03-01 05:47:45,12042,1,1,49.99,19.49
12666,2014-03-01 05:47:45,12042,4,0,29.99,9.49
12667,2014-03-01 08:42:11,12043,1,1,49.99,19.49
12668,2014-03-01 08:42:11,12043,3,0,45.99,14.49
12669,2014-03-01 09:15:19,12044,1,1,49.99,19.49
12670,2014-03-01 09:26:40,12045,1,1,49.99,19.49
12671,2014-03-01 10:31:15,12046,1,1,49.99,19.49
12672,2014-03-01 10:31:15,12046,4,0,29.99,9.49
12673,2014-03-01 11:00:56,12047,1,1,49.99,19.49
12674,2014-03-01 11:40:05,12048,1,1,49.99,19.49
12675,2014-03-01 12:18:21,12049,2,1,59.99,22.49
12676,2014-03-01 12:18:21,12049,4,0,29.99,9.49
12677,2014-03-01 16:26:03,12050,1,1,49.99,19.49
12678,2014-03-01 18:47:27,12051,1,1,49.99,19.49
12679,2014-03-01 18:47:27,12051,4,0,29.99,9.49
12680,2014-03-01 18:56:02,12052,1,1,49.99,19.49
12681,2014-03-01 19:47:46,12053,3,1,45.99,14.49
12682,2014-03-01 19:47:46,12053,2,0,59.99,22.49
12683,2014-03-01 20:34:42,12054,2,1,59.99,22.49
12684,2014-03-01 20:36:00,12055,1,1,49.99,19.49
12685,2014-03-01 20:36:00,12055,3,0,45.99,14.49
12686,2014-03-01 23:03:06,12056,3,1,45.99,14.49
12687,2014-03-02 00:06:51,12057,2,1,59.99,22.49
12688,2014-03-02 00:27:01,12058,1,1,49.99,19.49
12689,2014-03-02 00:27:01,12058,3,0,45.99,14.49
12690,2014-03-02 01:10:25,12059,1,1,49.99,19.49
12691,2014-03-02 01:10:25,12059,2,0,59.99,22.49
12692,2014-03-02 04:41:20,12060,1,1,49.99,19.49
12693,2014-03-02 11:02:59,12061,3,1,45.99,14.49
12694,2014-03-02 11:48:28,12062,1,1,49.99,19.49
12695,2014-03-02 13:01:07,12063,3,1,45.99,14.49
12696,2014-03-02 14:17:27,12064,1,1,49.99,19.49
12697,2014-03-02 14:35:21,12065,1,1,49.99,19.49
12698,2014-03-02 14:35:21,12065,4,0,29.99,9.49
12699,2014-03-02 15:19:40,12066,3,1,45.99,14.49
12700,2014-03-02 18:01:50,12067,1,1,49.99,19.49
12701,2014-03-02 18:04:26,12068,1,1,49.99,19.49
12702,2014-03-02 18:04:26,12068,4,0,29.99,9.49
12703,2014-03-02 18:39:19,12069,1,1,49.99,19.49
12704,2014-03-02 19:56:21,12070,1,1,49.99,19.49
12705,2014-03-02 20:12:51,12071,2,1,59.99,22.49
12706,2014-03-02 22:30:13,12072,1,1,49.99,19.49
12707,2014-03-02 22:30:13,12072,3,0,45.99,14.49
12708,2014-03-02 22:51:00,12073,1,1,49.99,19.49
12709,2014-03-02 23:48:30,12074,1,1,49.99,19.49
12710,2014-03-02 23:48:30,12074,4,0,29.99,9.49
12711,2014-03-03 00:02:30,12075,1,1,49.99,19.49
12712,2014-03-03 00:09:25,12076,3,1,45.99,14.49
12713,2014-03-03 00:09:25,12076,1,0,49.99,19.49
12714,2014-03-03 00:12:54,12077,2,1,59.99,22.49
12715,2014-03-03 00:44:45,12078,1,1,49.99,19.49
12716,2014-03-03 01:22:15,12079,1,1,49.99,19.49
12717,2014-03-03 01:22:15,12079,4,0,29.99,9.49
12718,2014-03-03 03:16:35,12080,2,1,59.99,22.49
12719,2014-03-03 08:16:21,12081,1,1,49.99,19.49
12720,2014-03-03 09:19:50,12082,1,1,49.99,19.49
12721,2014-03-03 09:19:50,12082,2,0,59.99,22.49
12722,2014-03-03 09:36:06,12083,1,1,49.99,19.49
12723,2014-03-03 10:04:02,12084,1,1,49.99,19.49
12724,2014-03-03 10:27:47,12085,1,1,49.99,19.49
12725,2014-03-03 10:28:39,12086,3,1,45.99,14.49
12726,2014-03-03 10:28:39,12086,1,0,49.99,19.49
12727,2014-03-03 10:36:08,12087,1,1,49.99,19.49
12728,2014-03-03 10:36:08,12087,3,0,45.99,14.49
12729,2014-03-03 11:37:54,12088,2,1,59.99,22.49
12730,2014-03-03 12:10:06,12089,3,1,45.99,14.49
12731,2014-03-03 12:17:25,12090,1,1,49.99,19.49
12732,2014-03-03 12:21:00,12091,1,1,49.99,19.49
12733,2014-03-03 12:22:35,12092,1,1,49.99,19.49
12734,2014-03-03 12:22:35,12092,2,0,59.99,22.49
12735,2014-03-03 12:48:35,12093,1,1,49.99,19.49
12736,2014-03-03 13:13:32,12094,1,1,49.99,19.49
12737,2014-03-03 13:13:49,12095,1,1,49.99,19.49
12738,2014-03-03 13:26:11,12096,1,1,49.99,19.49
12739,2014-03-03 13:48:42,12097,2,1,59.99,22.49
12740,2014-03-03 14:13:12,12098,1,1,49.99,19.49
12741,2014-03-03 14:25:34,12099,1,1,49.99,19.49
12742,2014-03-03 14:25:34,12099,3,0,45.99,14.49
12743,2014-03-03 14:32:35,12100,2,1,59.99,22.49
12744,2014-03-03 14:37:01,12101,1,1,49.99,19.49
12745,2014-03-03 14:40:46,12102,2,1,59.99,22.49
12746,2014-03-03 15:59:03,12103,1,1,49.99,19.49
12747,2014-03-03 17:01:21,12104,1,1,49.99,19.49
12748,2014-03-03 17:48:12,12105,1,1,49.99,19.49
12749,2014-03-03 18:16:14,12106,1,1,49.99,19.49
12750,2014-03-03 18:16:14,12106,4,0,29.99,9.49
12751,2014-03-03 18:30:01,12107,1,1,49.99,19.49
12752,2014-03-03 18:58:07,12108,3,1,45.99,14.49
12753,2014-03-03 18:58:07,12108,1,0,49.99,19.49
12754,2014-03-03 19:45:56,12109,1,1,49.99,19.49
12755,2014-03-03 19:46:48,12110,3,1,45.99,14.49
12756,2014-03-03 19:48:25,12111,1,1,49.99,19.49
12757,2014-03-03 19:53:44,12112,1,1,49.99,19.49
12758,2014-03-03 21:11:29,12113,1,1,49.99,19.49
12759,2014-03-03 21:11:29,12113,4,0,29.99,9.49
12760,2014-03-03 22:31:39,12114,2,1,59.99,22.49
12761,2014-03-03 23:12:32,12115,3,1,45.99,14.49
12762,2014-03-04 01:32:01,12116,1,1,49.99,19.49
12763,2014-03-04 01:32:01,12116,3,0,45.99,14.49
12764,2014-03-04 01:45:13,12117,2,1,59.99,22.49
12765,2014-03-04 01:53:13,12118,1,1,49.99,19.49
12766,2014-03-04 01:53:13,12118,4,0,29.99,9.49
12767,2014-03-04 02:48:19,12119,1,1,49.99,19.49
12768,2014-03-04 03:57:02,12120,1,1,49.99,19.49
12769,2014-03-04 07:02:06,12121,3,1,45.99,14.49
12770,2014-03-04 07:45:38,12122,2,1,59.99,22.49
12771,2014-03-04 07:45:38,12122,1,0,49.99,19.49
12772,2014-03-04 08:04:16,12123,1,1,49.99,19.49
12773,2014-03-04 08:13:12,12124,1,1,49.99,19.49
12774,2014-03-04 08:33:24,12125,2,1,59.99,22.49
12775,2014-03-04 08:54:00,12126,1,1,49.99,19.49
12776,2014-03-04 08:54:00,12126,2,0,59.99,22.49
12777,2014-03-04 09:36:17,12127,1,1,49.99,19.49
12778,2014-03-04 09:56:52,12128,1,1,49.99,19.49
12779,2014-03-04 10:27:15,12129,1,1,49.99,19.49
12780,2014-03-04 11:27:47,12130,1,1,49.99,19.49
12781,2014-03-04 11:27:47,12130,4,0,29.99,9.49
12782,2014-03-04 12:35:08,12131,2,1,59.99,22.49
12783,2014-03-04 12:35:08,12131,4,0,29.99,9.49
12784,2014-03-04 12:47:46,12132,1,1,49.99,19.49
12785,2014-03-04 12:47:46,12132,4,0,29.99,9.49
12786,2014-03-04 12:51:31,12133,2,1,59.99,22.49
12787,2014-03-04 13:07:08,12134,1,1,49.99,19.49
12788,2014-03-04 13:11:32,12135,3,1,45.99,14.49
12789,2014-03-04 13:11:32,12135,2,0,59.99,22.49
12790,2014-03-04 13:12:31,12136,1,1,49.99,19.49
12791,2014-03-04 13:12:31,12136,4,0,29.99,9.49
12792,2014-03-04 13:47:23,12137,1,1,49.99,19.49
12793,2014-03-04 15:27:32,12138,1,1,49.99,19.49
12794,2014-03-04 15:36:58,12139,1,1,49.99,19.49
12795,2014-03-04 16:01:46,12140,1,1,49.99,19.49
12796,2014-03-04 16:51:31,12141,2,1,59.99,22.49
12797,2014-03-04 16:55:36,12142,1,1,49.99,19.49
12798,2014-03-04 17:21:23,12143,1,1,49.99,19.49
12799,2014-03-04 17:32:02,12144,3,1,45.99,14.49
12800,2014-03-04 17:36:06,12145,1,1,49.99,19.49
12801,2014-03-04 17:36:06,12145,4,0,29.99,9.49
12802,2014-03-04 17:54:05,12146,3,1,45.99,14.49
12803,2014-03-04 18:08:16,12147,2,1,59.99,22.49
12804,2014-03-04 18:08:16,12147,4,0,29.99,9.49
12805,2014-03-04 19:39:56,12148,1,1,49.99,19.49
12806,2014-03-04 19:39:56,12148,4,0,29.99,9.49
12807,2014-03-04 19:40:52,12149,1,1,49.99,19.49
12808,2014-03-04 20:13:36,12150,1,1,49.99,19.49
12809,2014-03-04 20:13:36,12150,2,0,59.99,22.49
12810,2014-03-04 20:21:22,12151,1,1,49.99,19.49
12811,2014-03-04 21:08:15,12152,3,1,45.99,14.49
12812,2014-03-04 21:12:34,12153,3,1,45.99,14.49
12813,2014-03-04 21:17:46,12154,2,1,59.99,22.49
12814,2014-03-04 21:40:45,12155,1,1,49.99,19.49
12815,2014-03-04 21:40:45,12155,2,0,59.99,22.49
12816,2014-03-04 22:33:28,12156,2,1,59.99,22.49
12817,2014-03-04 22:33:28,12156,4,0,29.99,9.49
12818,2014-03-05 00:19:43,12157,1,1,49.99,19.49
12819,2014-03-05 00:50:52,12158,3,1,45.99,14.49
12820,2014-03-05 01:52:55,12159,1,1,49.99,19.49
12821,2014-03-05 02:43:06,12160,1,1,49.99,19.49
12822,2014-03-05 08:41:13,12161,1,1,49.99,19.49
12823,2014-03-05 09:50:24,12162,2,1,59.99,22.49
12824,2014-03-05 09:53:57,12163,1,1,49.99,19.49
12825,2014-03-05 10:53:07,12164,1,1,49.99,19.49
12826,2014-03-05 11:02:34,12165,1,1,49.99,19.49
12827,2014-03-05 11:28:46,12166,1,1,49.99,19.49
12828,2014-03-05 11:42:51,12167,1,1,49.99,19.49
12829,2014-03-05 11:42:51,12167,3,0,45.99,14.49
12830,2014-03-05 11:51:02,12168,1,1,49.99,19.49
12831,2014-03-05 11:51:02,12168,3,0,45.99,14.49
12832,2014-03-05 12:11:02,12169,1,1,49.99,19.49
12833,2014-03-05 12:26:48,12170,3,1,45.99,14.49
12834,2014-03-05 12:27:35,12171,1,1,49.99,19.49
12835,2014-03-05 12:39:42,12172,3,1,45.99,14.49
12836,2014-03-05 12:43:27,12173,1,1,49.99,19.49
12837,2014-03-05 13:05:35,12174,2,1,59.99,22.49
12838,2014-03-05 13:06:19,12175,1,1,49.99,19.49
12839,2014-03-05 13:06:19,12175,2,0,59.99,22.49
12840,2014-03-05 13:11:35,12176,1,1,49.99,19.49
12841,2014-03-05 13:27:16,12177,1,1,49.99,19.49
12842,2014-03-05 13:41:07,12178,1,1,49.99,19.49
12843,2014-03-05 13:41:07,12178,4,0,29.99,9.49
12844,2014-03-05 14:24:21,12179,2,1,59.99,22.49
12845,2014-03-05 14:51:40,12180,1,1,49.99,19.49
12846,2014-03-05 14:51:40,12180,3,0,45.99,14.49
12847,2014-03-05 15:00:16,12181,1,1,49.99,19.49
12848,2014-03-05 15:00:16,12181,4,0,29.99,9.49
12849,2014-03-05 15:05:56,12182,1,1,49.99,19.49
12850,2014-03-05 15:08:02,12183,3,1,45.99,14.49
12851,2014-03-05 15:19:37,12184,1,1,49.99,19.49
12852,2014-03-05 15:30:51,12185,1,1,49.99,19.49
12853,2014-03-05 15:58:17,12186,1,1,49.99,19.49
12854,2014-03-05 16:50:22,12187,1,1,49.99,19.49
12855,2014-03-05 16:50:22,12187,4,0,29.99,9.49
12856,2014-03-05 17:16:59,12188,1,1,49.99,19.49
12857,2014-03-05 17:16:59,12188,3,0,45.99,14.49
12858,2014-03-05 17:50:18,12189,1,1,49.99,19.49
12859,2014-03-05 18:15:44,12190,1,1,49.99,19.49
12860,2014-03-05 18:55:54,12191,3,1,45.99,14.49
12861,2014-03-05 19:16:20,12192,1,1,49.99,19.49
12862,2014-03-05 19:30:16,12193,1,1,49.99,19.49
12863,2014-03-05 20:53:39,12194,1,1,49.99,19.49
12864,2014-03-05 21:08:30,12195,1,1,49.99,19.49
12865,2014-03-05 21:08:30,12195,4,0,29.99,9.49
12866,2014-03-05 21:22:20,12196,3,1,45.99,14.49
12867,2014-03-05 21:22:20,12196,1,0,49.99,19.49
12868,2014-03-05 22:10:52,12197,1,1,49.99,19.49
12869,2014-03-05 23:09:23,12198,1,1,49.99,19.49
12870,2014-03-06 00:20:29,12199,1,1,49.99,19.49
12871,2014-03-06 00:46:00,12200,1,1,49.99,19.49
12872,2014-03-06 02:27:30,12201,3,1,45.99,14.49
12873,2014-03-06 02:27:30,12201,1,0,49.99,19.49
12874,2014-03-06 02:48:05,12202,2,1,59.99,22.49
12875,2014-03-06 03:08:59,12203,3,1,45.99,14.49
12876,2014-03-06 03:18:05,12204,3,1,45.99,14.49
12877,2014-03-06 03:18:05,12204,4,0,29.99,9.49
12878,2014-03-06 04:49:02,12205,3,1,45.99,14.49
12879,2014-03-06 08:10:02,12206,2,1,59.99,22.49
12880,2014-03-06 08:56:07,12207,2,1,59.99,22.49
12881,2014-03-06 08:59:35,12208,2,1,59.99,22.49
12882,2014-03-06 09:13:59,12209,1,1,49.99,19.49
12883,2014-03-06 09:13:59,12209,3,0,45.99,14.49
12884,2014-03-06 09:39:25,12210,1,1,49.99,19.49
12885,2014-03-06 09:51:03,12211,1,1,49.99,19.49
12886,2014-03-06 09:56:45,12212,1,1,49.99,19.49
12887,2014-03-06 10:15:08,12213,1,1,49.99,19.49
12888,2014-03-06 10:15:08,12213,4,0,29.99,9.49
12889,2014-03-06 10:45:07,12214,1,1,49.99,19.49
12890,2014-03-06 11:17:50,12215,1,1,49.99,19.49
12891,2014-03-06 11:25:05,12216,1,1,49.99,19.49
12892,2014-03-06 11:38:28,12217,3,1,45.99,14.49
12893,2014-03-06 11:44:01,12218,2,1,59.99,22.49
12894,2014-03-06 12:10:53,12219,1,1,49.99,19.49
12895,2014-03-06 12:10:53,12219,3,0,45.99,14.49
12896,2014-03-06 13:10:44,12220,1,1,49.99,19.49
12897,2014-03-06 13:22:48,12221,3,1,45.99,14.49
12898,2014-03-06 13:27:04,12222,1,1,49.99,19.49
12899,2014-03-06 13:43:59,12223,1,1,49.99,19.49
12900,2014-03-06 13:43:59,12223,3,0,45.99,14.49
12901,2014-03-06 13:46:16,12224,1,1,49.99,19.49
12902,2014-03-06 13:58:10,12225,3,1,45.99,14.49
12903,2014-03-06 13:58:10,12225,1,0,49.99,19.49
12904,2014-03-06 14:46:32,12226,1,1,49.99,19.49
12905,2014-03-06 14:46:32,12226,4,0,29.99,9.49
12906,2014-03-06 14:52:44,12227,1,1,49.99,19.49
12907,2014-03-06 15:21:38,12228,1,1,49.99,19.49
12908,2014-03-06 15:21:38,12228,4,0,29.99,9.49
12909,2014-03-06 15:43:16,12229,1,1,49.99,19.49
12910,2014-03-06 16:39:23,12230,1,1,49.99,19.49
12911,2014-03-06 16:50:21,12231,3,1,45.99,14.49
12912,2014-03-06 17:23:36,12232,1,1,49.99,19.49
12913,2014-03-06 17:23:36,12232,4,0,29.99,9.49
12914,2014-03-06 17:30:32,12233,2,1,59.99,22.49
12915,2014-03-06 19:47:13,12234,1,1,49.99,19.49
12916,2014-03-06 20:04:53,12235,1,1,49.99,19.49
12917,2014-03-06 20:31:00,12236,1,1,49.99,19.49
12918,2014-03-06 21:46:55,12237,1,1,49.99,19.49
12919,2014-03-06 22:54:21,12238,1,1,49.99,19.49
12920,2014-03-07 02:19:10,12239,1,1,49.99,19.49
12921,2014-03-07 06:41:43,12240,1,1,49.99,19.49
12922,2014-03-07 06:41:43,12240,4,0,29.99,9.49
12923,2014-03-07 07:08:47,12241,3,1,45.99,14.49
12924,2014-03-07 07:08:47,12241,4,0,29.99,9.49
12925,2014-03-07 07:09:07,12242,3,1,45.99,14.49
12926,2014-03-07 07:09:07,12242,4,0,29.99,9.49
12927,2014-03-07 07:29:52,12243,1,1,49.99,19.49
12928,2014-03-07 08:49:00,12244,1,1,49.99,19.49
12929,2014-03-07 09:48:29,12245,1,1,49.99,19.49
12930,2014-03-07 09:48:29,12245,4,0,29.99,9.49
12931,2014-03-07 09:51:25,12246,1,1,49.99,19.49
12932,2014-03-07 09:51:25,12246,4,0,29.99,9.49
12933,2014-03-07 10:18:38,12247,1,1,49.99,19.49
12934,2014-03-07 10:18:38,12247,3,0,45.99,14.49
12935,2014-03-07 10:54:15,12248,1,1,49.99,19.49
12936,2014-03-07 11:29:41,12249,2,1,59.99,22.49
12937,2014-03-07 11:29:41,12249,4,0,29.99,9.49
12938,2014-03-07 11:31:36,12250,1,1,49.99,19.49
12939,2014-03-07 11:34:54,12251,1,1,49.99,19.49
12940,2014-03-07 11:38:48,12252,1,1,49.99,19.49
12941,2014-03-07 13:39:57,12253,1,1,49.99,19.49
12942,2014-03-07 13:43:22,12254,1,1,49.99,19.49
12943,2014-03-07 14:53:12,12255,1,1,49.99,19.49
12944,2014-03-07 15:13:14,12256,1,1,49.99,19.49
12945,2014-03-07 15:44:02,12257,1,1,49.99,19.49
12946,2014-03-07 15:44:02,12257,4,0,29.99,9.49
12947,2014-03-07 16:39:34,12258,3,1,45.99,14.49
12948,2014-03-07 16:39:34,12258,4,0,29.99,9.49
12949,2014-03-07 17:43:34,12259,3,1,45.99,14.49
12950,2014-03-07 18:47:54,12260,3,1,45.99,14.49
12951,2014-03-07 19:08:09,12261,2,1,59.99,22.49
12952,2014-03-07 19:08:09,12261,4,0,29.99,9.49
12953,2014-03-07 19:15:07,12262,3,1,45.99,14.49
12954,2014-03-07 19:15:07,12262,1,0,49.99,19.49
12955,2014-03-07 20:04:10,12263,1,1,49.99,19.49
12956,2014-03-07 20:58:39,12264,1,1,49.99,19.49
12957,2014-03-07 20:58:39,12264,4,0,29.99,9.49
12958,2014-03-07 23:59:34,12265,1,1,49.99,19.49
12959,2014-03-08 00:25:29,12266,1,1,49.99,19.49
12960,2014-03-08 01:10:19,12267,3,1,45.99,14.49
12961,2014-03-08 01:32:02,12268,1,1,49.99,19.49
12962,2014-03-08 01:32:02,12268,4,0,29.99,9.49
12963,2014-03-08 07:36:18,12269,1,1,49.99,19.49
12964,2014-03-08 07:36:18,12269,4,0,29.99,9.49
12965,2014-03-08 07:43:16,12270,1,1,49.99,19.49
12966,2014-03-08 09:09:45,12271,1,1,49.99,19.49
12967,2014-03-08 09:09:45,12271,4,0,29.99,9.49
12968,2014-03-08 09:58:07,12272,1,1,49.99,19.49
12969,2014-03-08 10:50:10,12273,1,1,49.99,19.49
12970,2014-03-08 10:50:10,12273,3,0,45.99,14.49
12971,2014-03-08 11:12:04,12274,1,1,49.99,19.49
12972,2014-03-08 12:05:47,12275,1,1,49.99,19.49
12973,2014-03-08 12:05:47,12275,4,0,29.99,9.49
12974,2014-03-08 13:11:40,12276,1,1,49.99,19.49
12975,2014-03-08 13:44:35,12277,1,1,49.99,19.49
12976,2014-03-08 13:44:35,12277,4,0,29.99,9.49
12977,2014-03-08 14:04:11,12278,1,1,49.99,19.49
12978,2014-03-08 14:04:11,12278,4,0,29.99,9.49
12979,2014-03-08 15:07:51,12279,1,1,49.99,19.49
12980,2014-03-08 15:07:51,12279,2,0,59.99,22.49
12981,2014-03-08 15:53:29,12280,1,1,49.99,19.49
12982,2014-03-08 15:53:29,12280,3,0,45.99,14.49
12983,2014-03-08 17:59:24,12281,1,1,49.99,19.49
12984,2014-03-08 17:59:24,12281,4,0,29.99,9.49
12985,2014-03-08 18:12:57,12282,3,1,45.99,14.49
12986,2014-03-08 18:24:18,12283,1,1,49.99,19.49
12987,2014-03-08 18:24:18,12283,3,0,45.99,14.49
12988,2014-03-08 19:31:33,12284,1,1,49.99,19.49
12989,2014-03-08 21:33:45,12285,1,1,49.99,19.49
12990,2014-03-08 23:25:39,12286,3,1,45.99,14.49
12991,2014-03-08 23:25:39,12286,1,0,49.99,19.49
12992,2014-03-08 23:27:07,12287,1,1,49.99,19.49
12993,2014-03-09 00:22:00,12288,2,1,59.99,22.49
12994,2014-03-09 05:38:30,12289,1,1,49.99,19.49
12995,2014-03-09 08:25:09,12290,1,1,49.99,19.49
12996,2014-03-09 08:37:29,12291,2,1,59.99,22.49
12997,2014-03-09 08:37:29,12291,4,0,29.99,9.49
12998,2014-03-09 08:51:56,12292,1,1,49.99,19.49
12999,2014-03-09 08:51:56,12292,4,0,29.99,9.49
13000,2014-03-09 09:33:17,12293,3,1,45.99,14.49
13001,2014-03-09 13:09:02,12294,1,1,49.99,19.49
13002,2014-03-09 13:09:02,12294,3,0,45.99,14.49
13003,2014-03-09 14:06:22,12295,1,1,49.99,19.49
13004,2014-03-09 14:06:22,12295,4,0,29.99,9.49
13005,2014-03-09 14:41:31,12296,2,1,59.99,22.49
13006,2014-03-09 15:21:14,12297,1,1,49.99,19.49
13007,2014-03-09 16:13:33,12298,1,1,49.99,19.49
13008,2014-03-09 16:13:33,12298,2,0,59.99,22.49
13009,2014-03-09 16:25:17,12299,1,1,49.99,19.49
13010,2014-03-09 17:03:11,12300,1,1,49.99,19.49
13011,2014-03-09 18:08:00,12301,1,1,49.99,19.49
13012,2014-03-09 19:44:20,12302,3,1,45.99,14.49
13013,2014-03-09 19:44:20,12302,4,0,29.99,9.49
13014,2014-03-09 19:59:08,12303,1,1,49.99,19.49
13015,2014-03-09 20:47:00,12304,1,1,49.99,19.49
13016,2014-03-09 21:32:29,12305,1,1,49.99,19.49
13017,2014-03-09 22:16:59,12306,1,1,49.99,19.49
13018,2014-03-09 22:23:31,12307,1,1,49.99,19.49
13019,2014-03-09 23:09:09,12308,1,1,49.99,19.49
13020,2014-03-10 00:12:55,12309,1,1,49.99,19.49
13021,2014-03-10 01:13:39,12310,1,1,49.99,19.49
13022,2014-03-10 01:33:05,12311,2,1,59.99,22.49
13023,2014-03-10 01:48:13,12312,1,1,49.99,19.49
13024,2014-03-10 02:06:45,12313,1,1,49.99,19.49
13025,2014-03-10 02:53:49,12314,2,1,59.99,22.49
13026,2014-03-10 03:25:50,12315,1,1,49.99,19.49
13027,2014-03-10 05:33:58,12316,1,1,49.99,19.49
13028,2014-03-10 07:00:54,12317,1,1,49.99,19.49
13029,2014-03-10 07:31:53,12318,3,1,45.99,14.49
13030,2014-03-10 07:53:10,12319,3,1,45.99,14.49
13031,2014-03-10 07:53:10,12319,4,0,29.99,9.49
13032,2014-03-10 08:21:50,12320,1,1,49.99,19.49
13033,2014-03-10 08:21:50,12320,3,0,45.99,14.49
13034,2014-03-10 08:29:52,12321,1,1,49.99,19.49
13035,2014-03-10 08:29:52,12321,3,0,45.99,14.49
13036,2014-03-10 09:00:32,12322,1,1,49.99,19.49
13037,2014-03-10 09:00:32,12322,4,0,29.99,9.49
13038,2014-03-10 09:02:48,12323,1,1,49.99,19.49
13039,2014-03-10 09:02:48,12323,3,0,45.99,14.49
13040,2014-03-10 09:40:26,12324,1,1,49.99,19.49
13041,2014-03-10 10:01:31,12325,2,1,59.99,22.49
13042,2014-03-10 10:01:31,12325,1,0,49.99,19.49
13043,2014-03-10 10:06:50,12326,1,1,49.99,19.49
13044,2014-03-10 11:41:51,12327,1,1,49.99,19.49
13045,2014-03-10 11:41:51,12327,4,0,29.99,9.49
13046,2014-03-10 11:52:50,12328,1,1,49.99,19.49
13047,2014-03-10 12:05:21,12329,1,1,49.99,19.49
13048,2014-03-10 12:05:21,12329,3,0,45.99,14.49
13049,2014-03-10 12:11:48,12330,3,1,45.99,14.49
13050,2014-03-10 12:14:28,12331,3,1,45.99,14.49
13051,2014-03-10 12:14:28,12331,1,0,49.99,19.49
13052,2014-03-10 12:22:47,12332,2,1,59.99,22.49
13053,2014-03-10 12:49:52,12333,2,1,59.99,22.49
13054,2014-03-10 12:52:05,12334,1,1,49.99,19.49
13055,2014-03-10 13:08:25,12335,1,1,49.99,19.49
13056,2014-03-10 13:30:08,12336,2,1,59.99,22.49
13057,2014-03-10 13:35:25,12337,1,1,49.99,19.49
13058,2014-03-10 13:44:25,12338,1,1,49.99,19.49
13059,2014-03-10 14:03:13,12339,3,1,45.99,14.49
13060,2014-03-10 14:10:11,12340,1,1,49.99,19.49
13061,2014-03-10 14:17:02,12341,2,1,59.99,22.49
13062,2014-03-10 15:50:31,12342,1,1,49.99,19.49
13063,2014-03-10 16:22:11,12343,2,1,59.99,22.49
13064,2014-03-10 16:38:32,12344,1,1,49.99,19.49
13065,2014-03-10 16:38:32,12344,4,0,29.99,9.49
13066,2014-03-10 17:18:35,12345,1,1,49.99,19.49
13067,2014-03-10 17:35:05,12346,2,1,59.99,22.49
13068,2014-03-10 17:36:06,12347,1,1,49.99,19.49
13069,2014-03-10 17:36:06,12347,3,0,45.99,14.49
13070,2014-03-10 17:45:19,12348,1,1,49.99,19.49
13071,2014-03-10 17:48:30,12349,1,1,49.99,19.49
13072,2014-03-10 18:05:22,12350,1,1,49.99,19.49
13073,2014-03-10 18:20:42,12351,1,1,49.99,19.49
13074,2014-03-10 18:58:33,12352,3,1,45.99,14.49
13075,2014-03-10 19:46:19,12353,3,1,45.99,14.49
13076,2014-03-10 20:07:58,12354,1,1,49.99,19.49
13077,2014-03-10 20:09:33,12355,1,1,49.99,19.49
13078,2014-03-10 21:42:36,12356,1,1,49.99,19.49
13079,2014-03-10 23:31:01,12357,3,1,45.99,14.49
13080,2014-03-11 04:13:49,12358,2,1,59.99,22.49
13081,2014-03-11 04:13:49,12358,3,0,45.99,14.49
13082,2014-03-11 05:16:31,12359,1,1,49.99,19.49
13083,2014-03-11 05:16:31,12359,3,0,45.99,14.49
13084,2014-03-11 06:02:54,12360,1,1,49.99,19.49
13085,2014-03-11 06:29:59,12361,1,1,49.99,19.49
13086,2014-03-11 07:05:30,12362,1,1,49.99,19.49
13087,2014-03-11 07:41:26,12363,3,1,45.99,14.49
13088,2014-03-11 07:41:26,12363,1,0,49.99,19.49
13089,2014-03-11 08:23:07,12364,1,1,49.99,19.49
13090,2014-03-11 09:08:09,12365,1,1,49.99,19.49
13091,2014-03-11 09:29:13,12366,2,1,59.99,22.49
13092,2014-03-11 09:29:13,12366,3,0,45.99,14.49
13093,2014-03-11 09:48:46,12367,1,1,49.99,19.49
13094,2014-03-11 09:48:46,12367,4,0,29.99,9.49
13095,2014-03-11 09:50:00,12368,3,1,45.99,14.49
13096,2014-03-11 09:52:22,12369,1,1,49.99,19.49
13097,2014-03-11 09:54:52,12370,1,1,49.99,19.49
13098,2014-03-11 09:54:52,12370,4,0,29.99,9.49
13099,2014-03-11 09:57:08,12371,1,1,49.99,19.49
13100,2014-03-11 10:14:58,12372,2,1,59.99,22.49
13101,2014-03-11 10:26:53,12373,1,1,49.99,19.49
13102,2014-03-11 10:26:53,12373,4,0,29.99,9.49
13103,2014-03-11 11:08:01,12374,1,1,49.99,19.49
13104,2014-03-11 11:08:01,12374,4,0,29.99,9.49
13105,2014-03-11 11:30:19,12375,1,1,49.99,19.49
13106,2014-03-11 11:30:19,12375,4,0,29.99,9.49
13107,2014-03-11 12:28:34,12376,1,1,49.99,19.49
13108,2014-03-11 12:33:06,12377,1,1,49.99,19.49
13109,2014-03-11 12:39:57,12378,1,1,49.99,19.49
13110,2014-03-11 13:29:36,12379,1,1,49.99,19.49
13111,2014-03-11 13:39:55,12380,1,1,49.99,19.49
13112,2014-03-11 14:25:14,12381,3,1,45.99,14.49
13113,2014-03-11 14:39:28,12382,1,1,49.99,19.49
13114,2014-03-11 14:39:28,12382,3,0,45.99,14.49
13115,2014-03-11 14:39:45,12383,1,1,49.99,19.49
13116,2014-03-11 15:06:51,12384,1,1,49.99,19.49
13117,2014-03-11 15:18:23,12385,1,1,49.99,19.49
13118,2014-03-11 15:25:47,12386,1,1,49.99,19.49
13119,2014-03-11 15:42:45,12387,2,1,59.99,22.49
13120,2014-03-11 15:48:56,12388,1,1,49.99,19.49
13121,2014-03-11 15:48:56,12388,2,0,59.99,22.49
13122,2014-03-11 16:01:47,12389,1,1,49.99,19.49
13123,2014-03-11 16:08:24,12390,3,1,45.99,14.49
13124,2014-03-11 16:20:06,12391,1,1,49.99,19.49
13125,2014-03-11 16:35:59,12392,3,1,45.99,14.49
13126,2014-03-11 16:35:59,12392,2,0,59.99,22.49
13127,2014-03-11 16:38:20,12393,1,1,49.99,19.49
13128,2014-03-11 16:54:59,12394,1,1,49.99,19.49
13129,2014-03-11 16:54:59,12394,3,0,45.99,14.49
13130,2014-03-11 17:19:01,12395,2,1,59.99,22.49
13131,2014-03-11 17:56:42,12396,2,1,59.99,22.49
13132,2014-03-11 18:39:49,12397,1,1,49.99,19.49
13133,2014-03-11 18:40:55,12398,1,1,49.99,19.49
13134,2014-03-11 18:48:38,12399,1,1,49.99,19.49
13135,2014-03-11 19:17:20,12400,1,1,49.99,19.49
13136,2014-03-11 19:33:15,12401,2,1,59.99,22.49
13137,2014-03-11 20:27:28,12402,1,1,49.99,19.49
13138,2014-03-11 21:13:25,12403,2,1,59.99,22.49
13139,2014-03-11 22:39:28,12404,1,1,49.99,19.49
13140,2014-03-11 23:07:10,12405,1,1,49.99,19.49
13141,2014-03-12 00:29:03,12406,1,1,49.99,19.49
13142,2014-03-12 00:32:25,12407,1,1,49.99,19.49
13143,2014-03-12 01:08:58,12408,1,1,49.99,19.49
13144,2014-03-12 01:08:58,12408,3,0,45.99,14.49
13145,2014-03-12 01:42:02,12409,1,1,49.99,19.49
13146,2014-03-12 02:03:13,12410,2,1,59.99,22.49
13147,2014-03-12 02:12:09,12411,1,1,49.99,19.49
13148,2014-03-12 06:24:14,12412,1,1,49.99,19.49
13149,2014-03-12 07:02:43,12413,1,1,49.99,19.49
13150,2014-03-12 07:40:28,12414,1,1,49.99,19.49
13151,2014-03-12 07:40:28,12414,2,0,59.99,22.49
13152,2014-03-12 07:58:43,12415,2,1,59.99,22.49
13153,2014-03-12 08:22:04,12416,3,1,45.99,14.49
13154,2014-03-12 08:30:51,12417,1,1,49.99,19.49
13155,2014-03-12 09:29:40,12418,1,1,49.99,19.49
13156,2014-03-12 09:41:09,12419,1,1,49.99,19.49
13157,2014-03-12 09:47:16,12420,1,1,49.99,19.49
13158,2014-03-12 09:50:05,12421,2,1,59.99,22.49
13159,2014-03-12 10:09:13,12422,1,1,49.99,19.49
13160,2014-03-12 11:13:46,12423,1,1,49.99,19.49
13161,2014-03-12 11:16:36,12424,1,1,49.99,19.49
13162,2014-03-12 12:31:05,12425,1,1,49.99,19.49
13163,2014-03-12 12:32:55,12426,1,1,49.99,19.49
13164,2014-03-12 12:33:06,12427,1,1,49.99,19.49
13165,2014-03-12 13:27:33,12428,1,1,49.99,19.49
13166,2014-03-12 13:49:52,12429,1,1,49.99,19.49
13167,2014-03-12 14:35:13,12430,1,1,49.99,19.49
13168,2014-03-12 15:06:31,12431,1,1,49.99,19.49
13169,2014-03-12 15:06:31,12431,2,0,59.99,22.49
13170,2014-03-12 15:19:34,12432,1,1,49.99,19.49
13171,2014-03-12 15:46:49,12433,1,1,49.99,19.49
13172,2014-03-12 15:52:51,12434,2,1,59.99,22.49
13173,2014-03-12 16:10:36,12435,2,1,59.99,22.49
13174,2014-03-12 16:10:36,12435,4,0,29.99,9.49
13175,2014-03-12 16:16:38,12436,1,1,49.99,19.49
13176,2014-03-12 16:31:08,12437,1,1,49.99,19.49
13177,2014-03-12 16:31:08,12437,4,0,29.99,9.49
13178,2014-03-12 16:44:26,12438,1,1,49.99,19.49
13179,2014-03-12 17:04:08,12439,1,1,49.99,19.49
13180,2014-03-12 17:04:08,12439,3,0,45.99,14.49
13181,2014-03-12 18:06:28,12440,2,1,59.99,22.49
13182,2014-03-12 18:08:53,12441,1,1,49.99,19.49
13183,2014-03-12 18:08:53,12441,4,0,29.99,9.49
13184,2014-03-12 18:49:32,12442,3,1,45.99,14.49
13185,2014-03-12 19:21:16,12443,1,1,49.99,19.49
13186,2014-03-12 19:38:12,12444,1,1,49.99,19.49
13187,2014-03-12 19:38:12,12444,4,0,29.99,9.49
13188,2014-03-12 19:44:02,12445,1,1,49.99,19.49
13189,2014-03-12 19:44:02,12445,4,0,29.99,9.49
13190,2014-03-12 20:39:42,12446,1,1,49.99,19.49
13191,2014-03-12 20:48:20,12447,1,1,49.99,19.49
13192,2014-03-12 20:48:20,12447,4,0,29.99,9.49
13193,2014-03-12 20:51:26,12448,1,1,49.99,19.49
13194,2014-03-12 20:51:26,12448,4,0,29.99,9.49
13195,2014-03-12 20:51:37,12449,1,1,49.99,19.49
13196,2014-03-12 20:51:37,12449,4,0,29.99,9.49
13197,2014-03-12 23:28:48,12450,1,1,49.99,19.49
13198,2014-03-12 23:55:42,12451,1,1,49.99,19.49
13199,2014-03-12 23:55:42,12451,4,0,29.99,9.49
13200,2014-03-13 00:06:37,12452,1,1,49.99,19.49
13201,2014-03-13 00:06:37,12452,4,0,29.99,9.49
13202,2014-03-13 00:15:31,12453,3,1,45.99,14.49
13203,2014-03-13 00:15:31,12453,4,0,29.99,9.49
13204,2014-03-13 01:07:39,12454,1,1,49.99,19.49
13205,2014-03-13 01:14:21,12455,3,1,45.99,14.49
13206,2014-03-13 02:16:24,12456,1,1,49.99,19.49
13207,2014-03-13 02:19:20,12457,1,1,49.99,19.49
13208,2014-03-13 02:19:20,12457,4,0,29.99,9.49
13209,2014-03-13 03:15:54,12458,3,1,45.99,14.49
13210,2014-03-13 03:15:54,12458,4,0,29.99,9.49
13211,2014-03-13 04:34:03,12459,1,1,49.99,19.49
13212,2014-03-13 04:34:03,12459,4,0,29.99,9.49
13213,2014-03-13 05:55:32,12460,1,1,49.99,19.49
13214,2014-03-13 06:02:26,12461,2,1,59.99,22.49
13215,2014-03-13 06:46:50,12462,2,1,59.99,22.49
13216,2014-03-13 07:12:25,12463,1,1,49.99,19.49
13217,2014-03-13 07:32:17,12464,1,1,49.99,19.49
13218,2014-03-13 08:16:10,12465,1,1,49.99,19.49
13219,2014-03-13 08:55:56,12466,1,1,49.99,19.49
13220,2014-03-13 08:55:56,12466,3,0,45.99,14.49
13221,2014-03-13 09:06:42,12467,1,1,49.99,19.49
13222,2014-03-13 09:46:48,12468,1,1,49.99,19.49
13223,2014-03-13 10:24:41,12469,1,1,49.99,19.49
13224,2014-03-13 10:34:45,12470,1,1,49.99,19.49
13225,2014-03-13 11:22:25,12471,1,1,49.99,19.49
13226,2014-03-13 11:26:44,12472,3,1,45.99,14.49
13227,2014-03-13 11:29:46,12473,1,1,49.99,19.49
13228,2014-03-13 11:29:46,12473,2,0,59.99,22.49
13229,2014-03-13 11:40:12,12474,2,1,59.99,22.49
13230,2014-03-13 11:40:12,12474,4,0,29.99,9.49
13231,2014-03-13 11:46:53,12475,1,1,49.99,19.49
13232,2014-03-13 11:51:14,12476,1,1,49.99,19.49
13233,2014-03-13 11:56:37,12477,1,1,49.99,19.49
13234,2014-03-13 11:56:43,12478,1,1,49.99,19.49
13235,2014-03-13 11:59:49,12479,1,1,49.99,19.49
13236,2014-03-13 12:04:26,12480,2,1,59.99,22.49
13237,2014-03-13 12:10:59,12481,1,1,49.99,19.49
13238,2014-03-13 12:10:59,12481,3,0,45.99,14.49
13239,2014-03-13 12:13:10,12482,1,1,49.99,19.49
13240,2014-03-13 13:11:57,12483,1,1,49.99,19.49
13241,2014-03-13 13:11:57,12483,4,0,29.99,9.49
13242,2014-03-13 13:20:49,12484,1,1,49.99,19.49
13243,2014-03-13 13:20:49,12484,4,0,29.99,9.49
13244,2014-03-13 13:38:01,12485,3,1,45.99,14.49
13245,2014-03-13 13:45:23,12486,1,1,49.99,19.49
13246,2014-03-13 14:34:08,12487,2,1,59.99,22.49
13247,2014-03-13 14:42:35,12488,1,1,49.99,19.49
13248,2014-03-13 14:55:04,12489,1,1,49.99,19.49
13249,2014-03-13 15:27:31,12490,1,1,49.99,19.49
13250,2014-03-13 15:27:31,12490,4,0,29.99,9.49
13251,2014-03-13 16:20:59,12491,3,1,45.99,14.49
13252,2014-03-13 16:20:59,12491,4,0,29.99,9.49
13253,2014-03-13 16:50:34,12492,1,1,49.99,19.49
13254,2014-03-13 17:30:21,12493,1,1,49.99,19.49
13255,2014-03-13 17:30:33,12494,1,1,49.99,19.49
13256,2014-03-13 18:35:16,12495,3,1,45.99,14.49
13257,2014-03-13 18:35:16,12495,4,0,29.99,9.49
13258,2014-03-13 18:59:08,12496,2,1,59.99,22.49
13259,2014-03-13 19:15:46,12497,3,1,45.99,14.49
13260,2014-03-13 19:57:59,12498,2,1,59.99,22.49
13261,2014-03-13 20:40:16,12499,3,1,45.99,14.49
13262,2014-03-13 21:57:39,12500,1,1,49.99,19.49
13263,2014-03-13 22:28:16,12501,1,1,49.99,19.49
13264,2014-03-13 23:42:28,12502,3,1,45.99,14.49
13265,2014-03-13 23:42:28,12502,1,0,49.99,19.49
13266,2014-03-13 23:53:56,12503,1,1,49.99,19.49
13267,2014-03-13 23:53:56,12503,3,0,45.99,14.49
13268,2014-03-14 00:30:31,12504,1,1,49.99,19.49
13269,2014-03-14 01:22:12,12505,1,1,49.99,19.49
13270,2014-03-14 01:22:12,12505,4,0,29.99,9.49
13271,2014-03-14 01:24:03,12506,1,1,49.99,19.49
13272,2014-03-14 01:24:03,12506,3,0,45.99,14.49
13273,2014-03-14 02:13:28,12507,1,1,49.99,19.49
13274,2014-03-14 04:32:03,12508,1,1,49.99,19.49
13275,2014-03-14 04:32:03,12508,3,0,45.99,14.49
13276,2014-03-14 06:45:44,12509,1,1,49.99,19.49
13277,2014-03-14 06:45:44,12509,4,0,29.99,9.49
13278,2014-03-14 06:46:15,12510,1,1,49.99,19.49
13279,2014-03-14 10:01:00,12511,1,1,49.99,19.49
13280,2014-03-14 10:01:00,12511,4,0,29.99,9.49
13281,2014-03-14 10:03:31,12512,1,1,49.99,19.49
13282,2014-03-14 10:13:17,12513,1,1,49.99,19.49
13283,2014-03-14 10:52:21,12514,1,1,49.99,19.49
13284,2014-03-14 11:10:14,12515,3,1,45.99,14.49
13285,2014-03-14 11:43:18,12516,3,1,45.99,14.49
13286,2014-03-14 11:51:05,12517,1,1,49.99,19.49
13287,2014-03-14 11:51:05,12517,4,0,29.99,9.49
13288,2014-03-14 12:03:40,12518,1,1,49.99,19.49
13289,2014-03-14 12:11:34,12519,1,1,49.99,19.49
13290,2014-03-14 12:11:34,12519,4,0,29.99,9.49
13291,2014-03-14 13:22:18,12520,2,1,59.99,22.49
13292,2014-03-14 13:22:18,12520,4,0,29.99,9.49
13293,2014-03-14 14:10:12,12521,3,1,45.99,14.49
13294,2014-03-14 14:18:29,12522,1,1,49.99,19.49
13295,2014-03-14 14:18:29,12522,4,0,29.99,9.49
13296,2014-03-14 14:30:24,12523,3,1,45.99,14.49
13297,2014-03-14 14:30:24,12523,2,0,59.99,22.49
13298,2014-03-14 14:34:14,12524,1,1,49.99,19.49
13299,2014-03-14 14:56:26,12525,1,1,49.99,19.49
13300,2014-03-14 14:56:26,12525,3,0,45.99,14.49
13301,2014-03-14 14:56:49,12526,1,1,49.99,19.49
13302,2014-03-14 15:12:33,12527,2,1,59.99,22.49
13303,2014-03-14 15:36:10,12528,1,1,49.99,19.49
13304,2014-03-14 15:36:10,12528,3,0,45.99,14.49
13305,2014-03-14 16:20:55,12529,1,1,49.99,19.49
13306,2014-03-14 16:20:55,12529,4,0,29.99,9.49
13307,2014-03-14 17:22:12,12530,3,1,45.99,14.49
13308,2014-03-14 17:26:27,12531,2,1,59.99,22.49
13309,2014-03-14 18:04:00,12532,1,1,49.99,19.49
13310,2014-03-14 18:11:32,12533,1,1,49.99,19.49
13311,2014-03-14 18:45:29,12534,1,1,49.99,19.49
13312,2014-03-14 18:45:29,12534,2,0,59.99,22.49
13313,2014-03-14 19:13:01,12535,1,1,49.99,19.49
13314,2014-03-14 19:13:01,12535,4,0,29.99,9.49
13315,2014-03-14 19:55:26,12536,1,1,49.99,19.49
13316,2014-03-14 19:55:26,12536,4,0,29.99,9.49
13317,2014-03-14 21:26:52,12537,1,1,49.99,19.49
13318,2014-03-14 21:26:52,12537,2,0,59.99,22.49
13319,2014-03-14 21:27:30,12538,2,1,59.99,22.49
13320,2014-03-14 21:27:30,12538,3,0,45.99,14.49
13321,2014-03-14 21:45:03,12539,3,1,45.99,14.49
13322,2014-03-14 21:45:03,12539,2,0,59.99,22.49
13323,2014-03-15 03:44:06,12540,2,1,59.99,22.49
13324,2014-03-15 05:24:56,12541,2,1,59.99,22.49
13325,2014-03-15 07:18:35,12542,1,1,49.99,19.49
13326,2014-03-15 07:18:35,12542,4,0,29.99,9.49
13327,2014-03-15 09:25:13,12543,1,1,49.99,19.49
13328,2014-03-15 09:25:13,12543,3,0,45.99,14.49
13329,2014-03-15 09:48:49,12544,1,1,49.99,19.49
13330,2014-03-15 09:48:49,12544,4,0,29.99,9.49
13331,2014-03-15 09:52:25,12545,1,1,49.99,19.49
13332,2014-03-15 09:52:25,12545,3,0,45.99,14.49
13333,2014-03-15 10:43:18,12546,2,1,59.99,22.49
13334,2014-03-15 10:52:01,12547,1,1,49.99,19.49
13335,2014-03-15 10:55:08,12548,1,1,49.99,19.49
13336,2014-03-15 10:55:08,12548,3,0,45.99,14.49
13337,2014-03-15 10:58:07,12549,1,1,49.99,19.49
13338,2014-03-15 11:05:59,12550,1,1,49.99,19.49
13339,2014-03-15 11:05:59,12550,3,0,45.99,14.49
13340,2014-03-15 11:15:04,12551,1,1,49.99,19.49
13341,2014-03-15 11:25:08,12552,2,1,59.99,22.49
13342,2014-03-15 11:38:52,12553,1,1,49.99,19.49
13343,2014-03-15 11:38:52,12553,2,0,59.99,22.49
13344,2014-03-15 12:38:11,12554,3,1,45.99,14.49
13345,2014-03-15 12:46:56,12555,1,1,49.99,19.49
13346,2014-03-15 13:26:30,12556,1,1,49.99,19.49
13347,2014-03-15 14:14:31,12557,3,1,45.99,14.49
13348,2014-03-15 14:50:37,12558,2,1,59.99,22.49
13349,2014-03-15 14:50:37,12558,4,0,29.99,9.49
13350,2014-03-15 15:52:23,12559,2,1,59.99,22.49
13351,2014-03-15 16:13:00,12560,1,1,49.99,19.49
13352,2014-03-15 21:27:23,12561,1,1,49.99,19.49
13353,2014-03-15 21:27:23,12561,4,0,29.99,9.49
13354,2014-03-15 22:45:32,12562,3,1,45.99,14.49
13355,2014-03-15 23:25:34,12563,1,1,49.99,19.49
13356,2014-03-15 23:25:34,12563,4,0,29.99,9.49
13357,2014-03-15 23:25:54,12564,1,1,49.99,19.49
13358,2014-03-16 00:42:37,12565,3,1,45.99,14.49
13359,2014-03-16 02:42:59,12566,1,1,49.99,19.49
13360,2014-03-16 03:13:23,12567,1,1,49.99,19.49
13361,2014-03-16 09:05:59,12568,1,1,49.99,19.49
13362,2014-03-16 11:25:11,12569,1,1,49.99,19.49
13363,2014-03-16 11:25:11,12569,4,0,29.99,9.49
13364,2014-03-16 11:37:42,12570,1,1,49.99,19.49
13365,2014-03-16 12:29:19,12571,1,1,49.99,19.49
13366,2014-03-16 12:29:19,12571,3,0,45.99,14.49
13367,2014-03-16 13:48:26,12572,1,1,49.99,19.49
13368,2014-03-16 13:59:53,12573,2,1,59.99,22.49
13369,2014-03-16 14:40:12,12574,2,1,59.99,22.49
13370,2014-03-16 14:40:12,12574,4,0,29.99,9.49
13371,2014-03-16 14:52:30,12575,1,1,49.99,19.49
13372,2014-03-16 16:17:16,12576,1,1,49.99,19.49
13373,2014-03-16 17:30:47,12577,1,1,49.99,19.49
13374,2014-03-16 19:24:41,12578,1,1,49.99,19.49
13375,2014-03-16 19:24:41,12578,4,0,29.99,9.49
13376,2014-03-16 19:57:13,12579,1,1,49.99,19.49
13377,2014-03-16 20:56:00,12580,1,1,49.99,19.49
13378,2014-03-16 22:11:20,12581,1,1,49.99,19.49
13379,2014-03-16 22:19:55,12582,1,1,49.99,19.49
13380,2014-03-16 22:27:19,12583,1,1,49.99,19.49
13381,2014-03-16 22:42:09,12584,1,1,49.99,19.49
13382,2014-03-16 22:42:09,12584,3,0,45.99,14.49
13383,2014-03-16 22:42:27,12585,1,1,49.99,19.49
13384,2014-03-16 23:34:56,12586,1,1,49.99,19.49
13385,2014-03-16 23:34:56,12586,2,0,59.99,22.49
13386,2014-03-16 23:57:11,12587,3,1,45.99,14.49
13387,2014-03-17 00:46:13,12588,1,1,49.99,19.49
13388,2014-03-17 00:47:23,12589,1,1,49.99,19.49
13389,2014-03-17 00:47:23,12589,2,0,59.99,22.49
13390,2014-03-17 00:56:21,12590,1,1,49.99,19.49
13391,2014-03-17 00:56:21,12590,4,0,29.99,9.49
13392,2014-03-17 01:03:26,12591,1,1,49.99,19.49
13393,2014-03-17 03:04:31,12592,3,1,45.99,14.49
13394,2014-03-17 03:04:31,12592,2,0,59.99,22.49
13395,2014-03-17 04:44:30,12593,1,1,49.99,19.49
13396,2014-03-17 04:44:30,12593,4,0,29.99,9.49
13397,2014-03-17 05:51:02,12594,1,1,49.99,19.49
13398,2014-03-17 06:43:11,12595,3,1,45.99,14.49
13399,2014-03-17 06:43:11,12595,2,0,59.99,22.49
13400,2014-03-17 09:07:30,12596,1,1,49.99,19.49
13401,2014-03-17 09:30:19,12597,1,1,49.99,19.49
13402,2014-03-17 10:04:49,12598,1,1,49.99,19.49
13403,2014-03-17 10:06:53,12599,2,1,59.99,22.49
13404,2014-03-17 10:41:19,12600,2,1,59.99,22.49
13405,2014-03-17 11:37:19,12601,1,1,49.99,19.49
13406,2014-03-17 11:37:19,12601,3,0,45.99,14.49
13407,2014-03-17 12:02:55,12602,3,1,45.99,14.49
13408,2014-03-17 12:14:00,12603,1,1,49.99,19.49
13409,2014-03-17 12:29:03,12604,1,1,49.99,19.49
13410,2014-03-17 12:35:08,12605,1,1,49.99,19.49
13411,2014-03-17 12:45:08,12606,1,1,49.99,19.49
13412,2014-03-17 12:57:16,12607,1,1,49.99,19.49
13413,2014-03-17 12:57:16,12607,3,0,45.99,14.49
13414,2014-03-17 13:12:55,12608,1,1,49.99,19.49
13415,2014-03-17 13:34:24,12609,1,1,49.99,19.49
13416,2014-03-17 13:34:24,12609,4,0,29.99,9.49
13417,2014-03-17 13:43:34,12610,1,1,49.99,19.49
13418,2014-03-17 13:54:01,12611,1,1,49.99,19.49
13419,2014-03-17 14:03:02,12612,1,1,49.99,19.49
13420,2014-03-17 14:29:45,12613,1,1,49.99,19.49
13421,2014-03-17 14:29:45,12613,3,0,45.99,14.49
13422,2014-03-17 14:47:06,12614,1,1,49.99,19.49
13423,2014-03-17 14:49:43,12615,1,1,49.99,19.49
13424,2014-03-17 14:54:05,12616,1,1,49.99,19.49
13425,2014-03-17 15:22:40,12617,1,1,49.99,19.49
13426,2014-03-17 15:22:40,12617,4,0,29.99,9.49
13427,2014-03-17 16:13:31,12618,1,1,49.99,19.49
13428,2014-03-17 16:13:31,12618,4,0,29.99,9.49
13429,2014-03-17 16:17:00,12619,1,1,49.99,19.49
13430,2014-03-17 16:25:06,12620,2,1,59.99,22.49
13431,2014-03-17 17:25:16,12621,1,1,49.99,19.49
13432,2014-03-17 17:25:16,12621,4,0,29.99,9.49
13433,2014-03-17 17:48:46,12622,3,1,45.99,14.49
13434,2014-03-17 18:01:26,12623,3,1,45.99,14.49
13435,2014-03-17 18:18:13,12624,1,1,49.99,19.49
13436,2014-03-17 18:18:51,12625,3,1,45.99,14.49
13437,2014-03-17 18:18:51,12625,4,0,29.99,9.49
13438,2014-03-17 19:21:44,12626,3,1,45.99,14.49
13439,2014-03-17 19:34:24,12627,1,1,49.99,19.49
13440,2014-03-17 21:16:10,12628,1,1,49.99,19.49
13441,2014-03-17 21:16:10,12628,4,0,29.99,9.49
13442,2014-03-17 21:21:39,12629,1,1,49.99,19.49
13443,2014-03-17 21:21:39,12629,3,0,45.99,14.49
13444,2014-03-17 23:37:08,12630,2,1,59.99,22.49
13445,2014-03-17 23:40:11,12631,1,1,49.99,19.49
13446,2014-03-18 00:10:24,12632,1,1,49.99,19.49
13447,2014-03-18 00:41:04,12633,3,1,45.99,14.49
13448,2014-03-18 01:22:06,12634,1,1,49.99,19.49
13449,2014-03-18 01:22:06,12634,4,0,29.99,9.49
13450,2014-03-18 05:35:42,12635,1,1,49.99,19.49
13451,2014-03-18 06:15:05,12636,2,1,59.99,22.49
13452,2014-03-18 07:35:06,12637,1,1,49.99,19.49
13453,2014-03-18 07:35:06,12637,4,0,29.99,9.49
13454,2014-03-18 09:25:23,12638,1,1,49.99,19.49
13455,2014-03-18 09:25:23,12638,4,0,29.99,9.49
13456,2014-03-18 09:39:20,12639,1,1,49.99,19.49
13457,2014-03-18 09:39:20,12639,3,0,45.99,14.49
13458,2014-03-18 09:48:52,12640,1,1,49.99,19.49
13459,2014-03-18 10:11:56,12641,1,1,49.99,19.49
13460,2014-03-18 10:27:58,12642,1,1,49.99,19.49
13461,2014-03-18 10:27:58,12642,4,0,29.99,9.49
13462,2014-03-18 10:59:28,12643,3,1,45.99,14.49
13463,2014-03-18 11:16:25,12644,1,1,49.99,19.49
13464,2014-03-18 11:16:25,12644,4,0,29.99,9.49
13465,2014-03-18 11:30:03,12645,1,1,49.99,19.49
13466,2014-03-18 11:50:10,12646,3,1,45.99,14.49
13467,2014-03-18 11:50:10,12646,1,0,49.99,19.49
13468,2014-03-18 11:50:47,12647,1,1,49.99,19.49
13469,2014-03-18 11:50:47,12647,3,0,45.99,14.49
13470,2014-03-18 11:50:58,12648,1,1,49.99,19.49
13471,2014-03-18 11:50:58,12648,4,0,29.99,9.49
13472,2014-03-18 12:09:29,12649,1,1,49.99,19.49
13473,2014-03-18 12:28:58,12650,1,1,49.99,19.49
13474,2014-03-18 12:33:47,12651,2,1,59.99,22.49
13475,2014-03-18 12:37:35,12652,2,1,59.99,22.49
13476,2014-03-18 12:56:02,12653,2,1,59.99,22.49
13477,2014-03-18 13:17:40,12654,1,1,49.99,19.49
13478,2014-03-18 13:18:18,12655,1,1,49.99,19.49
13479,2014-03-18 13:18:18,12655,4,0,29.99,9.49
13480,2014-03-18 13:20:42,12656,1,1,49.99,19.49
13481,2014-03-18 13:45:12,12657,1,1,49.99,19.49
13482,2014-03-18 14:10:30,12658,3,1,45.99,14.49
13483,2014-03-18 14:22:13,12659,1,1,49.99,19.49
13484,2014-03-18 14:22:13,12659,4,0,29.99,9.49
13485,2014-03-18 14:33:54,12660,1,1,49.99,19.49
13486,2014-03-18 14:33:54,12660,4,0,29.99,9.49
13487,2014-03-18 15:45:01,12661,1,1,49.99,19.49
13488,2014-03-18 15:45:01,12661,3,0,45.99,14.49
13489,2014-03-18 16:06:29,12662,1,1,49.99,19.49
13490,2014-03-18 16:30:45,12663,1,1,49.99,19.49
13491,2014-03-18 16:30:45,12663,3,0,45.99,14.49
13492,2014-03-18 17:30:59,12664,1,1,49.99,19.49
13493,2014-03-18 17:46:17,12665,1,1,49.99,19.49
13494,2014-03-18 18:16:04,12666,1,1,49.99,19.49
13495,2014-03-18 18:29:57,12667,3,1,45.99,14.49
13496,2014-03-18 18:29:57,12667,4,0,29.99,9.49
13497,2014-03-18 19:25:51,12668,1,1,49.99,19.49
13498,2014-03-18 20:10:27,12669,1,1,49.99,19.49
13499,2014-03-18 20:32:14,12670,1,1,49.99,19.49
13500,2014-03-18 21:31:58,12671,1,1,49.99,19.49
13501,2014-03-18 21:31:58,12671,3,0,45.99,14.49
13502,2014-03-18 22:56:45,12672,1,1,49.99,19.49
13503,2014-03-18 22:56:45,12672,2,0,59.99,22.49
13504,2014-03-18 23:56:27,12673,1,1,49.99,19.49
13505,2014-03-19 00:01:44,12674,1,1,49.99,19.49
13506,2014-03-19 03:49:42,12675,1,1,49.99,19.49
13507,2014-03-19 07:21:41,12676,1,1,49.99,19.49
13508,2014-03-19 07:46:45,12677,3,1,45.99,14.49
13509,2014-03-19 08:37:25,12678,2,1,59.99,22.49
13510,2014-03-19 08:52:35,12679,3,1,45.99,14.49
13511,2014-03-19 08:55:11,12680,3,1,45.99,14.49
13512,2014-03-19 09:25:28,12681,2,1,59.99,22.49
13513,2014-03-19 09:28:26,12682,1,1,49.99,19.49
13514,2014-03-19 09:28:26,12682,4,0,29.99,9.49
13515,2014-03-19 10:06:55,12683,1,1,49.99,19.49
13516,2014-03-19 10:21:13,12684,1,1,49.99,19.49
13517,2014-03-19 10:26:15,12685,1,1,49.99,19.49
13518,2014-03-19 10:59:58,12686,1,1,49.99,19.49
13519,2014-03-19 11:12:25,12687,1,1,49.99,19.49
13520,2014-03-19 11:12:25,12687,4,0,29.99,9.49
13521,2014-03-19 11:27:23,12688,3,1,45.99,14.49
13522,2014-03-19 11:42:23,12689,1,1,49.99,19.49
13523,2014-03-19 11:42:23,12689,2,0,59.99,22.49
13524,2014-03-19 11:46:08,12690,1,1,49.99,19.49
13525,2014-03-19 11:46:47,12691,1,1,49.99,19.49
13526,2014-03-19 12:56:03,12692,2,1,59.99,22.49
13527,2014-03-19 12:56:03,12692,4,0,29.99,9.49
13528,2014-03-19 13:05:22,12693,1,1,49.99,19.49
13529,2014-03-19 13:05:22,12693,4,0,29.99,9.49
13530,2014-03-19 13:17:45,12694,3,1,45.99,14.49
13531,2014-03-19 13:57:37,12695,1,1,49.99,19.49
13532,2014-03-19 14:00:52,12696,1,1,49.99,19.49
13533,2014-03-19 14:00:52,12696,3,0,45.99,14.49
13534,2014-03-19 14:15:43,12697,1,1,49.99,19.49
13535,2014-03-19 14:24:39,12698,1,1,49.99,19.49
13536,2014-03-19 14:24:44,12699,2,1,59.99,22.49
13537,2014-03-19 14:28:00,12700,1,1,49.99,19.49
13538,2014-03-19 14:45:06,12701,1,1,49.99,19.49
13539,2014-03-19 14:45:06,12701,3,0,45.99,14.49
13540,2014-03-19 14:46:00,12702,1,1,49.99,19.49
13541,2014-03-19 14:51:58,12703,1,1,49.99,19.49
13542,2014-03-19 14:52:51,12704,1,1,49.99,19.49
13543,2014-03-19 15:50:10,12705,1,1,49.99,19.49
13544,2014-03-19 15:52:02,12706,2,1,59.99,22.49
13545,2014-03-19 15:52:20,12707,1,1,49.99,19.49
13546,2014-03-19 15:52:20,12707,3,0,45.99,14.49
13547,2014-03-19 15:56:48,12708,3,1,45.99,14.49
13548,2014-03-19 15:56:48,12708,1,0,49.99,19.49
13549,2014-03-19 16:23:14,12709,2,1,59.99,22.49
13550,2014-03-19 16:23:14,12709,4,0,29.99,9.49
13551,2014-03-19 16:42:24,12710,1,1,49.99,19.49
13552,2014-03-19 16:45:46,12711,2,1,59.99,22.49
13553,2014-03-19 16:54:36,12712,1,1,49.99,19.49
13554,2014-03-19 16:54:36,12712,3,0,45.99,14.49
13555,2014-03-19 17:07:48,12713,1,1,49.99,19.49
13556,2014-03-19 17:15:45,12714,1,1,49.99,19.49
13557,2014-03-19 17:46:55,12715,1,1,49.99,19.49
13558,2014-03-19 17:46:55,12715,3,0,45.99,14.49
13559,2014-03-19 18:13:16,12716,2,1,59.99,22.49
13560,2014-03-19 18:13:16,12716,4,0,29.99,9.49
13561,2014-03-19 18:45:48,12717,1,1,49.99,19.49
13562,2014-03-19 18:46:08,12718,1,1,49.99,19.49
13563,2014-03-19 18:46:08,12718,4,0,29.99,9.49
13564,2014-03-19 18:49:20,12719,1,1,49.99,19.49
13565,2014-03-19 19:05:15,12720,1,1,49.99,19.49
13566,2014-03-19 20:08:35,12721,1,1,49.99,19.49
13567,2014-03-19 20:23:49,12722,1,1,49.99,19.49
13568,2014-03-19 20:23:49,12722,4,0,29.99,9.49
13569,2014-03-19 20:36:55,12723,1,1,49.99,19.49
13570,2014-03-19 20:36:55,12723,4,0,29.99,9.49
13571,2014-03-19 21:08:11,12724,1,1,49.99,19.49
13572,2014-03-19 21:08:11,12724,3,0,45.99,14.49
13573,2014-03-19 22:23:23,12725,2,1,59.99,22.49
13574,2014-03-19 22:23:23,12725,4,0,29.99,9.49
13575,2014-03-19 22:37:21,12726,2,1,59.99,22.49
13576,2014-03-19 22:43:18,12727,1,1,49.99,19.49
13577,2014-03-19 22:43:18,12727,3,0,45.99,14.49
13578,2014-03-19 23:52:44,12728,1,1,49.99,19.49
13579,2014-03-20 00:44:01,12729,1,1,49.99,19.49
13580,2014-03-20 02:36:59,12730,1,1,49.99,19.49
13581,2014-03-20 02:36:59,12730,4,0,29.99,9.49
13582,2014-03-20 03:11:21,12731,1,1,49.99,19.49
13583,2014-03-20 05:19:22,12732,1,1,49.99,19.49
13584,2014-03-20 06:44:36,12733,1,1,49.99,19.49
13585,2014-03-20 07:37:44,12734,1,1,49.99,19.49
13586,2014-03-20 08:36:25,12735,1,1,49.99,19.49
13587,2014-03-20 08:36:25,12735,4,0,29.99,9.49
13588,2014-03-20 09:16:08,12736,1,1,49.99,19.49
13589,2014-03-20 09:30:56,12737,2,1,59.99,22.49
13590,2014-03-20 09:44:33,12738,1,1,49.99,19.49
13591,2014-03-20 10:33:32,12739,3,1,45.99,14.49
13592,2014-03-20 10:33:32,12739,4,0,29.99,9.49
13593,2014-03-20 10:33:34,12740,1,1,49.99,19.49
13594,2014-03-20 10:33:34,12740,3,0,45.99,14.49
13595,2014-03-20 10:58:49,12741,1,1,49.99,19.49
13596,2014-03-20 11:00:50,12742,1,1,49.99,19.49
13597,2014-03-20 11:24:32,12743,1,1,49.99,19.49
13598,2014-03-20 11:30:41,12744,1,1,49.99,19.49
13599,2014-03-20 11:30:41,12744,3,0,45.99,14.49
13600,2014-03-20 11:31:03,12745,1,1,49.99,19.49
13601,2014-03-20 11:31:03,12745,4,0,29.99,9.49
13602,2014-03-20 12:21:30,12746,3,1,45.99,14.49
13603,2014-03-20 12:21:30,12746,4,0,29.99,9.49
13604,2014-03-20 12:36:20,12747,2,1,59.99,22.49
13605,2014-03-20 13:05:03,12748,1,1,49.99,19.49
13606,2014-03-20 13:16:37,12749,3,1,45.99,14.49
13607,2014-03-20 13:24:03,12750,1,1,49.99,19.49
13608,2014-03-20 13:24:03,12750,4,0,29.99,9.49
13609,2014-03-20 13:43:51,12751,2,1,59.99,22.49
13610,2014-03-20 14:05:49,12752,1,1,49.99,19.49
13611,2014-03-20 14:11:44,12753,1,1,49.99,19.49
13612,2014-03-20 14:14:10,12754,2,1,59.99,22.49
13613,2014-03-20 14:22:15,12755,1,1,49.99,19.49
13614,2014-03-20 14:40:19,12756,1,1,49.99,19.49
13615,2014-03-20 14:40:19,12756,3,0,45.99,14.49
13616,2014-03-20 15:22:28,12757,1,1,49.99,19.49
13617,2014-03-20 15:22:28,12757,3,0,45.99,14.49
13618,2014-03-20 15:41:23,12758,3,1,45.99,14.49
13619,2014-03-20 15:53:10,12759,2,1,59.99,22.49
13620,2014-03-20 15:53:10,12759,1,0,49.99,19.49
13621,2014-03-20 16:07:33,12760,1,1,49.99,19.49
13622,2014-03-20 16:26:36,12761,1,1,49.99,19.49
13623,2014-03-20 16:38:42,12762,2,1,59.99,22.49
13624,2014-03-20 16:52:03,12763,1,1,49.99,19.49
13625,2014-03-20 16:52:03,12763,3,0,45.99,14.49
13626,2014-03-20 16:57:25,12764,3,1,45.99,14.49
13627,2014-03-20 16:57:25,12764,4,0,29.99,9.49
13628,2014-03-20 17:09:20,12765,1,1,49.99,19.49
13629,2014-03-20 17:41:17,12766,2,1,59.99,22.49
13630,2014-03-20 18:16:48,12767,1,1,49.99,19.49
13631,2014-03-20 18:16:48,12767,4,0,29.99,9.49
13632,2014-03-20 19:42:11,12768,1,1,49.99,19.49
13633,2014-03-20 19:42:11,12768,4,0,29.99,9.49
13634,2014-03-20 19:45:29,12769,1,1,49.99,19.49
13635,2014-03-20 20:38:20,12770,1,1,49.99,19.49
13636,2014-03-20 20:44:03,12771,1,1,49.99,19.49
13637,2014-03-20 20:44:03,12771,3,0,45.99,14.49
13638,2014-03-20 21:21:20,12772,2,1,59.99,22.49
13639,2014-03-20 21:27:11,12773,1,1,49.99,19.49
13640,2014-03-20 22:19:58,12774,2,1,59.99,22.49
13641,2014-03-20 22:19:58,12774,4,0,29.99,9.49
13642,2014-03-20 23:02:51,12775,1,1,49.99,19.49
13643,2014-03-21 01:05:59,12776,1,1,49.99,19.49
13644,2014-03-21 01:36:34,12777,3,1,45.99,14.49
13645,2014-03-21 01:36:34,12777,2,0,59.99,22.49
13646,2014-03-21 06:52:52,12778,1,1,49.99,19.49
13647,2014-03-21 07:01:19,12779,1,1,49.99,19.49
13648,2014-03-21 08:30:45,12780,1,1,49.99,19.49
13649,2014-03-21 08:45:06,12781,1,1,49.99,19.49
13650,2014-03-21 09:28:14,12782,2,1,59.99,22.49
13651,2014-03-21 09:46:08,12783,1,1,49.99,19.49
13652,2014-03-21 09:46:08,12783,3,0,45.99,14.49
13653,2014-03-21 10:11:40,12784,1,1,49.99,19.49
13654,2014-03-21 10:11:40,12784,4,0,29.99,9.49
13655,2014-03-21 10:24:44,12785,2,1,59.99,22.49
13656,2014-03-21 10:57:59,12786,1,1,49.99,19.49
13657,2014-03-21 10:58:00,12787,3,1,45.99,14.49
13658,2014-03-21 10:58:00,12787,1,0,49.99,19.49
13659,2014-03-21 10:59:19,12788,1,1,49.99,19.49
13660,2014-03-21 11:14:52,12789,1,1,49.99,19.49
13661,2014-03-21 11:22:19,12790,3,1,45.99,14.49
13662,2014-03-21 11:27:07,12791,1,1,49.99,19.49
13663,2014-03-21 11:59:53,12792,2,1,59.99,22.49
13664,2014-03-21 12:23:25,12793,1,1,49.99,19.49
13665,2014-03-21 12:53:19,12794,1,1,49.99,19.49
13666,2014-03-21 13:26:15,12795,3,1,45.99,14.49
13667,2014-03-21 13:47:45,12796,3,1,45.99,14.49
13668,2014-03-21 15:08:55,12797,1,1,49.99,19.49
13669,2014-03-21 15:11:53,12798,1,1,49.99,19.49
13670,2014-03-21 16:34:59,12799,1,1,49.99,19.49
13671,2014-03-21 16:34:59,12799,4,0,29.99,9.49
13672,2014-03-21 16:43:39,12800,2,1,59.99,22.49
13673,2014-03-21 16:43:39,12800,4,0,29.99,9.49
13674,2014-03-21 17:46:17,12801,1,1,49.99,19.49
13675,2014-03-21 17:46:17,12801,4,0,29.99,9.49
13676,2014-03-21 17:47:07,12802,2,1,59.99,22.49
13677,2014-03-21 17:47:07,12802,3,0,45.99,14.49
13678,2014-03-21 17:47:26,12803,1,1,49.99,19.49
13679,2014-03-21 17:47:26,12803,4,0,29.99,9.49
13680,2014-03-21 18:08:29,12804,1,1,49.99,19.49
13681,2014-03-21 18:08:29,12804,4,0,29.99,9.49
13682,2014-03-21 20:07:59,12805,1,1,49.99,19.49
13683,2014-03-22 01:10:59,12806,2,1,59.99,22.49
13684,2014-03-22 01:56:14,12807,1,1,49.99,19.49
13685,2014-03-22 01:56:14,12807,4,0,29.99,9.49
13686,2014-03-22 01:59:43,12808,3,1,45.99,14.49
13687,2014-03-22 02:14:08,12809,1,1,49.99,19.49
13688,2014-03-22 04:09:34,12810,1,1,49.99,19.49
13689,2014-03-22 10:13:19,12811,1,1,49.99,19.49
13690,2014-03-22 10:15:08,12812,3,1,45.99,14.49
13691,2014-03-22 10:15:08,12812,4,0,29.99,9.49
13692,2014-03-22 11:39:48,12813,2,1,59.99,22.49
13693,2014-03-22 12:58:36,12814,1,1,49.99,19.49
13694,2014-03-22 12:58:36,12814,3,0,45.99,14.49
13695,2014-03-22 14:42:58,12815,1,1,49.99,19.49
13696,2014-03-22 15:09:15,12816,1,1,49.99,19.49
13697,2014-03-22 15:09:15,12816,4,0,29.99,9.49
13698,2014-03-22 16:12:18,12817,3,1,45.99,14.49
13699,2014-03-22 17:50:37,12818,1,1,49.99,19.49
13700,2014-03-22 18:58:47,12819,1,1,49.99,19.49
13701,2014-03-22 22:53:57,12820,1,1,49.99,19.49
13702,2014-03-23 02:40:04,12821,1,1,49.99,19.49
13703,2014-03-23 06:29:05,12822,1,1,49.99,19.49
13704,2014-03-23 07:31:26,12823,2,1,59.99,22.49
13705,2014-03-23 07:31:26,12823,3,0,45.99,14.49
13706,2014-03-23 08:19:04,12824,1,1,49.99,19.49
13707,2014-03-23 12:45:09,12825,3,1,45.99,14.49
13708,2014-03-23 12:45:09,12825,4,0,29.99,9.49
13709,2014-03-23 12:57:14,12826,1,1,49.99,19.49
13710,2014-03-23 13:22:48,12827,1,1,49.99,19.49
13711,2014-03-23 14:55:16,12828,1,1,49.99,19.49
13712,2014-03-23 15:43:17,12829,1,1,49.99,19.49
13713,2014-03-23 16:49:47,12830,1,1,49.99,19.49
13714,2014-03-23 16:49:47,12830,3,0,45.99,14.49
13715,2014-03-23 19:20:46,12831,1,1,49.99,19.49
13716,2014-03-23 19:20:46,12831,4,0,29.99,9.49
13717,2014-03-23 19:39:01,12832,1,1,49.99,19.49
13718,2014-03-23 19:54:21,12833,1,1,49.99,19.49
13719,2014-03-23 19:54:21,12833,3,0,45.99,14.49
13720,2014-03-23 19:58:26,12834,2,1,59.99,22.49
13721,2014-03-23 19:58:26,12834,3,0,45.99,14.49
13722,2014-03-23 21:09:29,12835,1,1,49.99,19.49
13723,2014-03-23 22:22:07,12836,1,1,49.99,19.49
13724,2014-03-24 00:27:46,12837,1,1,49.99,19.49
13725,2014-03-24 00:51:08,12838,2,1,59.99,22.49
13726,2014-03-24 02:04:39,12839,1,1,49.99,19.49
13727,2014-03-24 02:15:03,12840,2,1,59.99,22.49
13728,2014-03-24 02:42:40,12841,3,1,45.99,14.49
13729,2014-03-24 02:42:40,12841,1,0,49.99,19.49
13730,2014-03-24 03:03:58,12842,1,1,49.99,19.49
13731,2014-03-24 03:03:58,12842,4,0,29.99,9.49
13732,2014-03-24 05:37:55,12843,3,1,45.99,14.49
13733,2014-03-24 06:16:54,12844,1,1,49.99,19.49
13734,2014-03-24 06:16:54,12844,4,0,29.99,9.49
13735,2014-03-24 08:35:32,12845,1,1,49.99,19.49
13736,2014-03-24 08:35:32,12845,4,0,29.99,9.49
13737,2014-03-24 09:36:30,12846,1,1,49.99,19.49
13738,2014-03-24 09:59:49,12847,1,1,49.99,19.49
13739,2014-03-24 10:21:46,12848,2,1,59.99,22.49
13740,2014-03-24 10:21:46,12848,4,0,29.99,9.49
13741,2014-03-24 10:54:19,12849,2,1,59.99,22.49
13742,2014-03-24 10:54:19,12849,4,0,29.99,9.49
13743,2014-03-24 11:04:16,12850,1,1,49.99,19.49
13744,2014-03-24 11:04:16,12850,3,0,45.99,14.49
13745,2014-03-24 11:05:55,12851,3,1,45.99,14.49
13746,2014-03-24 11:05:55,12851,4,0,29.99,9.49
13747,2014-03-24 11:08:12,12852,1,1,49.99,19.49
13748,2014-03-24 11:12:09,12853,2,1,59.99,22.49
13749,2014-03-24 11:23:30,12854,1,1,49.99,19.49
13750,2014-03-24 11:23:30,12854,2,0,59.99,22.49
13751,2014-03-24 11:29:00,12855,1,1,49.99,19.49
13752,2014-03-24 11:29:00,12855,3,0,45.99,14.49
13753,2014-03-24 12:54:16,12856,1,1,49.99,19.49
13754,2014-03-24 13:03:20,12857,3,1,45.99,14.49
13755,2014-03-24 13:03:20,12857,4,0,29.99,9.49
13756,2014-03-24 13:11:34,12858,1,1,49.99,19.49
13757,2014-03-24 13:49:15,12859,1,1,49.99,19.49
13758,2014-03-24 14:46:35,12860,1,1,49.99,19.49
13759,2014-03-24 15:05:17,12861,2,1,59.99,22.49
13760,2014-03-24 15:47:46,12862,3,1,45.99,14.49
13761,2014-03-24 15:47:46,12862,4,0,29.99,9.49
13762,2014-03-24 16:13:55,12863,1,1,49.99,19.49
13763,2014-03-24 16:13:55,12863,4,0,29.99,9.49
13764,2014-03-24 16:17:44,12864,3,1,45.99,14.49
13765,2014-03-24 16:37:05,12865,1,1,49.99,19.49
13766,2014-03-24 16:48:41,12866,1,1,49.99,19.49
13767,2014-03-24 16:48:41,12866,4,0,29.99,9.49
13768,2014-03-24 17:10:08,12867,2,1,59.99,22.49
13769,2014-03-24 17:25:42,12868,3,1,45.99,14.49
13770,2014-03-24 17:52:01,12869,2,1,59.99,22.49
13771,2014-03-24 18:41:14,12870,1,1,49.99,19.49
13772,2014-03-24 18:41:14,12870,3,0,45.99,14.49
13773,2014-03-24 18:55:32,12871,2,1,59.99,22.49
13774,2014-03-24 22:55:38,12872,2,1,59.99,22.49
13775,2014-03-24 23:52:27,12873,1,1,49.99,19.49
13776,2014-03-24 23:52:27,12873,4,0,29.99,9.49
13777,2014-03-25 01:28:48,12874,1,1,49.99,19.49
13778,2014-03-25 01:28:48,12874,3,0,45.99,14.49
13779,2014-03-25 04:13:56,12875,1,1,49.99,19.49
13780,2014-03-25 05:36:18,12876,1,1,49.99,19.49
13781,2014-03-25 06:32:35,12877,1,1,49.99,19.49
13782,2014-03-25 07:37:05,12878,1,1,49.99,19.49
13783,2014-03-25 07:40:26,12879,1,1,49.99,19.49
13784,2014-03-25 07:40:26,12879,2,0,59.99,22.49
13785,2014-03-25 07:58:05,12880,1,1,49.99,19.49
13786,2014-03-25 08:22:19,12881,1,1,49.99,19.49
13787,2014-03-25 08:22:25,12882,2,1,59.99,22.49
13788,2014-03-25 08:39:48,12883,1,1,49.99,19.49
13789,2014-03-25 09:08:20,12884,1,1,49.99,19.49
13790,2014-03-25 10:08:49,12885,1,1,49.99,19.49
13791,2014-03-25 10:13:10,12886,1,1,49.99,19.49
13792,2014-03-25 10:36:18,12887,1,1,49.99,19.49
13793,2014-03-25 10:36:18,12887,4,0,29.99,9.49
13794,2014-03-25 10:59:02,12888,1,1,49.99,19.49
13795,2014-03-25 11:17:12,12889,3,1,45.99,14.49
13796,2014-03-25 11:20:09,12890,1,1,49.99,19.49
13797,2014-03-25 11:20:09,12890,4,0,29.99,9.49
13798,2014-03-25 11:59:51,12891,3,1,45.99,14.49
13799,2014-03-25 11:59:51,12891,4,0,29.99,9.49
13800,2014-03-25 12:05:03,12892,1,1,49.99,19.49
13801,2014-03-25 12:05:03,12892,4,0,29.99,9.49
13802,2014-03-25 12:09:24,12893,2,1,59.99,22.49
13803,2014-03-25 12:16:19,12894,1,1,49.99,19.49
13804,2014-03-25 13:12:56,12895,1,1,49.99,19.49
13805,2014-03-25 13:40:11,12896,1,1,49.99,19.49
13806,2014-03-25 14:42:44,12897,1,1,49.99,19.49
13807,2014-03-25 14:42:44,12897,4,0,29.99,9.49
13808,2014-03-25 14:50:02,12898,1,1,49.99,19.49
13809,2014-03-25 16:01:22,12899,1,1,49.99,19.49
13810,2014-03-25 16:15:09,12900,1,1,49.99,19.49
13811,2014-03-25 16:36:31,12901,1,1,49.99,19.49
13812,2014-03-25 16:42:36,12902,2,1,59.99,22.49
13813,2014-03-25 16:42:36,12902,4,0,29.99,9.49
13814,2014-03-25 16:44:17,12903,1,1,49.99,19.49
13815,2014-03-25 17:31:43,12904,2,1,59.99,22.49
13816,2014-03-25 17:31:43,12904,4,0,29.99,9.49
13817,2014-03-25 18:27:31,12905,1,1,49.99,19.49
13818,2014-03-25 18:39:12,12906,1,1,49.99,19.49
13819,2014-03-25 18:56:19,12907,2,1,59.99,22.49
13820,2014-03-25 18:56:35,12908,1,1,49.99,19.49
13821,2014-03-25 20:21:21,12909,3,1,45.99,14.49
13822,2014-03-25 20:41:35,12910,1,1,49.99,19.49
13823,2014-03-25 20:41:35,12910,4,0,29.99,9.49
13824,2014-03-25 22:19:42,12911,3,1,45.99,14.49
13825,2014-03-25 22:36:15,12912,1,1,49.99,19.49
13826,2014-03-25 22:36:15,12912,2,0,59.99,22.49
13827,2014-03-25 22:37:20,12913,3,1,45.99,14.49
13828,2014-03-25 22:37:20,12913,1,0,49.99,19.49
13829,2014-03-25 22:54:42,12914,2,1,59.99,22.49
13830,2014-03-26 00:10:20,12915,1,1,49.99,19.49
13831,2014-03-26 01:59:35,12916,1,1,49.99,19.49
13832,2014-03-26 04:41:55,12917,1,1,49.99,19.49
13833,2014-03-26 06:51:27,12918,1,1,49.99,19.49
13834,2014-03-26 06:51:27,12918,3,0,45.99,14.49
13835,2014-03-26 09:14:02,12919,1,1,49.99,19.49
13836,2014-03-26 09:58:36,12920,1,1,49.99,19.49
13837,2014-03-26 11:06:11,12921,2,1,59.99,22.49
13838,2014-03-26 12:22:27,12922,1,1,49.99,19.49
13839,2014-03-26 12:22:27,12922,4,0,29.99,9.49
13840,2014-03-26 12:33:36,12923,3,1,45.99,14.49
13841,2014-03-26 12:36:22,12924,1,1,49.99,19.49
13842,2014-03-26 12:39:35,12925,1,1,49.99,19.49
13843,2014-03-26 12:51:52,12926,1,1,49.99,19.49
13844,2014-03-26 12:51:52,12926,3,0,45.99,14.49
13845,2014-03-26 13:41:19,12927,1,1,49.99,19.49
13846,2014-03-26 13:41:19,12927,3,0,45.99,14.49
13847,2014-03-26 13:57:47,12928,1,1,49.99,19.49
13848,2014-03-26 13:57:47,12928,4,0,29.99,9.49
13849,2014-03-26 14:57:44,12929,1,1,49.99,19.49
13850,2014-03-26 14:57:44,12929,2,0,59.99,22.49
13851,2014-03-26 15:21:37,12930,1,1,49.99,19.49
13852,2014-03-26 15:21:37,12930,4,0,29.99,9.49
13853,2014-03-26 15:36:38,12931,1,1,49.99,19.49
13854,2014-03-26 15:36:38,12931,4,0,29.99,9.49
13855,2014-03-26 16:14:15,12932,3,1,45.99,14.49
13856,2014-03-26 17:39:08,12933,1,1,49.99,19.49
13857,2014-03-26 17:39:08,12933,4,0,29.99,9.49
13858,2014-03-26 18:02:05,12934,1,1,49.99,19.49
13859,2014-03-26 18:02:05,12934,4,0,29.99,9.49
13860,2014-03-26 18:11:52,12935,1,1,49.99,19.49
13861,2014-03-26 19:37:41,12936,1,1,49.99,19.49
13862,2014-03-26 21:31:53,12937,2,1,59.99,22.49
13863,2014-03-26 21:31:53,12937,3,0,45.99,14.49
13864,2014-03-26 22:43:49,12938,1,1,49.99,19.49
13865,2014-03-26 22:43:49,12938,3,0,45.99,14.49
13866,2014-03-26 22:52:32,12939,1,1,49.99,19.49
13867,2014-03-26 22:52:32,12939,4,0,29.99,9.49
13868,2014-03-27 01:52:14,12940,1,1,49.99,19.49
13869,2014-03-27 01:52:14,12940,4,0,29.99,9.49
13870,2014-03-27 01:54:37,12941,3,1,45.99,14.49
13871,2014-03-27 03:16:13,12942,2,1,59.99,22.49
13872,2014-03-27 04:51:15,12943,1,1,49.99,19.49
13873,2014-03-27 06:36:27,12944,1,1,49.99,19.49
13874,2014-03-27 06:58:10,12945,2,1,59.99,22.49
13875,2014-03-27 07:34:32,12946,1,1,49.99,19.49
13876,2014-03-27 07:34:32,12946,4,0,29.99,9.49
13877,2014-03-27 08:58:49,12947,2,1,59.99,22.49
13878,2014-03-27 11:24:06,12948,1,1,49.99,19.49
13879,2014-03-27 11:24:06,12948,4,0,29.99,9.49
13880,2014-03-27 11:32:17,12949,1,1,49.99,19.49
13881,2014-03-27 11:34:42,12950,1,1,49.99,19.49
13882,2014-03-27 11:40:00,12951,1,1,49.99,19.49
13883,2014-03-27 11:40:00,12951,2,0,59.99,22.49
13884,2014-03-27 11:52:52,12952,1,1,49.99,19.49
13885,2014-03-27 11:52:52,12952,4,0,29.99,9.49
13886,2014-03-27 12:02:56,12953,1,1,49.99,19.49
13887,2014-03-27 12:10:05,12954,1,1,49.99,19.49
13888,2014-03-27 12:10:05,12954,4,0,29.99,9.49
13889,2014-03-27 12:26:20,12955,1,1,49.99,19.49
13890,2014-03-27 12:30:01,12956,2,1,59.99,22.49
13891,2014-03-27 12:36:39,12957,1,1,49.99,19.49
13892,2014-03-27 13:31:25,12958,1,1,49.99,19.49
13893,2014-03-27 13:31:25,12958,2,0,59.99,22.49
13894,2014-03-27 13:39:09,12959,1,1,49.99,19.49
13895,2014-03-27 13:46:07,12960,2,1,59.99,22.49
13896,2014-03-27 14:53:58,12961,1,1,49.99,19.49
13897,2014-03-27 15:26:56,12962,1,1,49.99,19.49
13898,2014-03-27 15:48:12,12963,2,1,59.99,22.49
13899,2014-03-27 15:49:21,12964,3,1,45.99,14.49
13900,2014-03-27 15:49:21,12964,4,0,29.99,9.49
13901,2014-03-27 16:07:13,12965,1,1,49.99,19.49
13902,2014-03-27 16:12:46,12966,1,1,49.99,19.49
13903,2014-03-27 16:14:44,12967,3,1,45.99,14.49
13904,2014-03-27 16:44:28,12968,3,1,45.99,14.49
13905,2014-03-27 16:46:53,12969,1,1,49.99,19.49
13906,2014-03-27 17:15:44,12970,1,1,49.99,19.49
13907,2014-03-27 18:36:03,12971,2,1,59.99,22.49
13908,2014-03-27 18:38:31,12972,1,1,49.99,19.49
13909,2014-03-27 18:49:57,12973,1,1,49.99,19.49
13910,2014-03-27 18:49:57,12973,3,0,45.99,14.49
13911,2014-03-27 19:10:41,12974,2,1,59.99,22.49
13912,2014-03-27 19:10:41,12974,4,0,29.99,9.49
13913,2014-03-27 19:35:39,12975,1,1,49.99,19.49
13914,2014-03-27 19:35:39,12975,4,0,29.99,9.49
13915,2014-03-27 20:01:55,12976,2,1,59.99,22.49
13916,2014-03-27 20:45:45,12977,1,1,49.99,19.49
13917,2014-03-27 22:00:54,12978,2,1,59.99,22.49
13918,2014-03-27 23:30:06,12979,1,1,49.99,19.49
13919,2014-03-27 23:30:06,12979,4,0,29.99,9.49
13920,2014-03-28 00:29:57,12980,1,1,49.99,19.49
13921,2014-03-28 00:37:18,12981,1,1,49.99,19.49
13922,2014-03-28 00:37:18,12981,3,0,45.99,14.49
13923,2014-03-28 02:23:58,12982,3,1,45.99,14.49
13924,2014-03-28 02:50:43,12983,1,1,49.99,19.49
13925,2014-03-28 02:50:43,12983,4,0,29.99,9.49
13926,2014-03-28 02:59:13,12984,1,1,49.99,19.49
13927,2014-03-28 02:59:13,12984,4,0,29.99,9.49
13928,2014-03-28 04:16:16,12985,2,1,59.99,22.49
13929,2014-03-28 04:16:16,12985,4,0,29.99,9.49
13930,2014-03-28 04:33:56,12986,1,1,49.99,19.49
13931,2014-03-28 05:16:50,12987,1,1,49.99,19.49
13932,2014-03-28 05:16:50,12987,4,0,29.99,9.49
13933,2014-03-28 05:31:46,12988,1,1,49.99,19.49
13934,2014-03-28 06:13:40,12989,1,1,49.99,19.49
13935,2014-03-28 07:11:21,12990,2,1,59.99,22.49
13936,2014-03-28 07:26:23,12991,1,1,49.99,19.49
13937,2014-03-28 08:08:04,12992,1,1,49.99,19.49
13938,2014-03-28 09:24:16,12993,1,1,49.99,19.49
13939,2014-03-28 10:00:31,12994,1,1,49.99,19.49
13940,2014-03-28 10:00:31,12994,4,0,29.99,9.49
13941,2014-03-28 10:12:27,12995,3,1,45.99,14.49
13942,2014-03-28 10:26:13,12996,1,1,49.99,19.49
13943,2014-03-28 11:57:19,12997,1,1,49.99,19.49
13944,2014-03-28 11:58:58,12998,1,1,49.99,19.49
13945,2014-03-28 11:58:58,12998,4,0,29.99,9.49
13946,2014-03-28 12:03:06,12999,1,1,49.99,19.49
13947,2014-03-28 12:10:13,13000,3,1,45.99,14.49
13948,2014-03-28 12:10:13,13000,1,0,49.99,19.49
13949,2014-03-28 12:54:29,13001,1,1,49.99,19.49
13950,2014-03-28 13:35:26,13002,1,1,49.99,19.49
13951,2014-03-28 13:35:26,13002,4,0,29.99,9.49
13952,2014-03-28 13:42:37,13003,1,1,49.99,19.49
13953,2014-03-28 14:41:48,13004,2,1,59.99,22.49
13954,2014-03-28 15:06:23,13005,1,1,49.99,19.49
13955,2014-03-28 15:06:23,13005,4,0,29.99,9.49
13956,2014-03-28 15:08:31,13006,3,1,45.99,14.49
13957,2014-03-28 16:32:41,13007,2,1,59.99,22.49
13958,2014-03-28 16:55:35,13008,1,1,49.99,19.49
13959,2014-03-28 17:05:08,13009,1,1,49.99,19.49
13960,2014-03-28 17:05:08,13009,4,0,29.99,9.49
13961,2014-03-28 17:10:59,13010,1,1,49.99,19.49
13962,2014-03-28 17:16:24,13011,1,1,49.99,19.49
13963,2014-03-28 17:16:24,13011,3,0,45.99,14.49
13964,2014-03-28 17:30:50,13012,1,1,49.99,19.49
13965,2014-03-28 18:28:41,13013,1,1,49.99,19.49
13966,2014-03-28 19:06:36,13014,3,1,45.99,14.49
13967,2014-03-28 19:43:01,13015,1,1,49.99,19.49
13968,2014-03-28 21:58:39,13016,1,1,49.99,19.49
13969,2014-03-28 21:58:39,13016,3,0,45.99,14.49
13970,2014-03-29 01:00:17,13017,3,1,45.99,14.49
13971,2014-03-29 01:17:37,13018,1,1,49.99,19.49
13972,2014-03-29 01:17:37,13018,3,0,45.99,14.49
13973,2014-03-29 01:33:44,13019,1,1,49.99,19.49
13974,2014-03-29 02:13:20,13020,1,1,49.99,19.49
13975,2014-03-29 04:44:27,13021,1,1,49.99,19.49
13976,2014-03-29 06:20:41,13022,1,1,49.99,19.49
13977,2014-03-29 08:04:31,13023,2,1,59.99,22.49
13978,2014-03-29 08:04:31,13023,3,0,45.99,14.49
13979,2014-03-29 08:21:12,13024,3,1,45.99,14.49
13980,2014-03-29 11:02:59,13025,1,1,49.99,19.49
13981,2014-03-29 11:11:56,13026,1,1,49.99,19.49
13982,2014-03-29 12:08:32,13027,2,1,59.99,22.49
13983,2014-03-29 13:11:16,13028,3,1,45.99,14.49
13984,2014-03-29 13:11:16,13028,1,0,49.99,19.49
13985,2014-03-29 14:02:26,13029,1,1,49.99,19.49
13986,2014-03-29 14:04:47,13030,2,1,59.99,22.49
13987,2014-03-29 14:40:55,13031,1,1,49.99,19.49
13988,2014-03-29 15:13:11,13032,1,1,49.99,19.49
13989,2014-03-29 15:13:11,13032,3,0,45.99,14.49
13990,2014-03-29 17:18:11,13033,1,1,49.99,19.49
13991,2014-03-29 17:18:11,13033,3,0,45.99,14.49
13992,2014-03-29 17:40:05,13034,1,1,49.99,19.49
13993,2014-03-29 17:40:05,13034,4,0,29.99,9.49
13994,2014-03-29 18:12:44,13035,1,1,49.99,19.49
13995,2014-03-29 20:11:51,13036,3,1,45.99,14.49
13996,2014-03-29 20:11:51,13036,4,0,29.99,9.49
13997,2014-03-29 20:19:34,13037,1,1,49.99,19.49
13998,2014-03-29 20:34:30,13038,2,1,59.99,22.49
13999,2014-03-29 22:47:29,13039,1,1,49.99,19.49
14000,2014-03-29 23:14:59,13040,1,1,49.99,19.49
14001,2014-03-29 23:34:42,13041,3,1,45.99,14.49
14002,2014-03-30 01:20:57,13042,1,1,49.99,19.49
14003,2014-03-30 01:20:57,13042,3,0,45.99,14.49
14004,2014-03-30 02:00:21,13043,3,1,45.99,14.49
14005,2014-03-30 02:37:54,13044,1,1,49.99,19.49
14006,2014-03-30 06:02:13,13045,1,1,49.99,19.49
14007,2014-03-30 06:02:13,13045,2,0,59.99,22.49
14008,2014-03-30 09:05:25,13046,1,1,49.99,19.49
14009,2014-03-30 09:18:58,13047,1,1,49.99,19.49
14010,2014-03-30 09:45:55,13048,3,1,45.99,14.49
14011,2014-03-30 12:56:33,13049,2,1,59.99,22.49
14012,2014-03-30 12:56:33,13049,4,0,29.99,9.49
14013,2014-03-30 15:08:40,13050,1,1,49.99,19.49
14014,2014-03-30 15:14:57,13051,1,1,49.99,19.49
14015,2014-03-30 15:14:57,13051,4,0,29.99,9.49
14016,2014-03-30 15:42:41,13052,1,1,49.99,19.49
14017,2014-03-30 15:42:41,13052,4,0,29.99,9.49
14018,2014-03-30 16:01:55,13053,1,1,49.99,19.49
14019,2014-03-30 16:01:55,13053,3,0,45.99,14.49
14020,2014-03-30 16:19:15,13054,2,1,59.99,22.49
14021,2014-03-30 16:19:15,13054,4,0,29.99,9.49
14022,2014-03-30 17:02:04,13055,1,1,49.99,19.49
14023,2014-03-30 17:12:45,13056,1,1,49.99,19.49
14024,2014-03-30 18:54:36,13057,1,1,49.99,19.49
14025,2014-03-30 19:54:43,13058,2,1,59.99,22.49
14026,2014-03-30 19:54:43,13058,4,0,29.99,9.49
14027,2014-03-30 20:41:59,13059,1,1,49.99,19.49
14028,2014-03-30 20:41:59,13059,4,0,29.99,9.49
14029,2014-03-30 22:02:13,13060,1,1,49.99,19.49
14030,2014-03-30 22:02:13,13060,3,0,45.99,14.49
14031,2014-03-30 22:34:09,13061,3,1,45.99,14.49
14032,2014-03-30 23:06:01,13062,2,1,59.99,22.49
14033,2014-03-30 23:06:01,13062,3,0,45.99,14.49
14034,2014-03-30 23:09:46,13063,1,1,49.99,19.49
14035,2014-03-30 23:51:28,13064,1,1,49.99,19.49
14036,2014-03-30 23:59:34,13065,1,1,49.99,19.49
14037,2014-03-31 04:45:04,13066,2,1,59.99,22.49
14038,2014-03-31 06:42:33,13067,1,1,49.99,19.49
14039,2014-03-31 06:42:33,13067,4,0,29.99,9.49
14040,2014-03-31 07:30:27,13068,1,1,49.99,19.49
14041,2014-03-31 07:30:27,13068,4,0,29.99,9.49
14042,2014-03-31 08:31:31,13069,1,1,49.99,19.49
14043,2014-03-31 09:00:06,13070,1,1,49.99,19.49
14044,2014-03-31 09:16:04,13071,3,1,45.99,14.49
14045,2014-03-31 09:16:50,13072,1,1,49.99,19.49
14046,2014-03-31 09:16:50,13072,2,0,59.99,22.49
14047,2014-03-31 09:23:12,13073,1,1,49.99,19.49
14048,2014-03-31 10:03:45,13074,1,1,49.99,19.49
14049,2014-03-31 10:25:59,13075,1,1,49.99,19.49
14050,2014-03-31 10:40:11,13076,1,1,49.99,19.49
14051,2014-03-31 10:42:39,13077,1,1,49.99,19.49
14052,2014-03-31 10:42:39,13077,4,0,29.99,9.49
14053,2014-03-31 10:47:35,13078,1,1,49.99,19.49
14054,2014-03-31 10:48:54,13079,1,1,49.99,19.49
14055,2014-03-31 10:56:34,13080,2,1,59.99,22.49
14056,2014-03-31 10:56:34,13080,3,0,45.99,14.49
14057,2014-03-31 10:58:55,13081,1,1,49.99,19.49
14058,2014-03-31 11:36:31,13082,1,1,49.99,19.49
14059,2014-03-31 11:36:31,13082,4,0,29.99,9.49
14060,2014-03-31 12:32:14,13083,1,1,49.99,19.49
14061,2014-03-31 12:32:14,13083,4,0,29.99,9.49
14062,2014-03-31 12:44:26,13084,1,1,49.99,19.49
14063,2014-03-31 12:44:26,13084,3,0,45.99,14.49
14064,2014-03-31 12:59:43,13085,1,1,49.99,19.49
14065,2014-03-31 13:09:04,13086,1,1,49.99,19.49
14066,2014-03-31 13:12:26,13087,1,1,49.99,19.49
14067,2014-03-31 13:41:13,13088,1,1,49.99,19.49
14068,2014-03-31 13:41:13,13088,4,0,29.99,9.49
14069,2014-03-31 13:56:33,13089,3,1,45.99,14.49
14070,2014-03-31 13:56:33,13089,4,0,29.99,9.49
14071,2014-03-31 14:41:51,13090,1,1,49.99,19.49
14072,2014-03-31 14:41:51,13090,2,0,59.99,22.49
14073,2014-03-31 15:31:25,13091,1,1,49.99,19.49
14074,2014-03-31 15:36:52,13092,1,1,49.99,19.49
14075,2014-03-31 15:49:39,13093,1,1,49.99,19.49
14076,2014-03-31 16:14:52,13094,3,1,45.99,14.49
14077,2014-03-31 17:19:13,13095,1,1,49.99,19.49
14078,2014-03-31 17:20:41,13096,1,1,49.99,19.49
14079,2014-03-31 17:35:06,13097,1,1,49.99,19.49
14080,2014-03-31 17:39:13,13098,1,1,49.99,19.49
14081,2014-03-31 17:53:48,13099,1,1,49.99,19.49
14082,2014-03-31 21:35:56,13100,2,1,59.99,22.49
14083,2014-03-31 21:49:55,13101,3,1,45.99,14.49
14084,2014-03-31 23:32:23,13102,1,1,49.99,19.49
14085,2014-03-31 23:32:23,13102,2,0,59.99,22.49
14086,2014-04-01 00:33:03,13103,1,1,49.99,19.49
14087,2014-04-01 00:33:03,13103,3,0,45.99,14.49
14088,2014-04-01 01:51:45,13104,1,1,49.99,19.49
14089,2014-04-01 02:41:03,13105,3,1,45.99,14.49
14090,2014-04-01 05:55:04,13106,3,1,45.99,14.49
14091,2014-04-01 05:55:04,13106,2,0,59.99,22.49
14092,2014-04-01 06:49:17,13107,2,1,59.99,22.49
14093,2014-04-01 06:57:45,13108,3,1,45.99,14.49
14094,2014-04-01 06:57:45,13108,1,0,49.99,19.49
14095,2014-04-01 10:37:33,13109,1,1,49.99,19.49
14096,2014-04-01 11:32:51,13110,1,1,49.99,19.49
14097,2014-04-01 12:07:02,13111,2,1,59.99,22.49
14098,2014-04-01 12:15:44,13112,1,1,49.99,19.49
14099,2014-04-01 12:19:19,13113,1,1,49.99,19.49
14100,2014-04-01 12:20:58,13114,1,1,49.99,19.49
14101,2014-04-01 12:20:58,13114,4,0,29.99,9.49
14102,2014-04-01 12:22:24,13115,1,1,49.99,19.49
14103,2014-04-01 12:22:24,13115,4,0,29.99,9.49
14104,2014-04-01 12:24:23,13116,1,1,49.99,19.49
14105,2014-04-01 12:41:30,13117,1,1,49.99,19.49
14106,2014-04-01 12:41:30,13117,3,0,45.99,14.49
14107,2014-04-01 12:52:28,13118,1,1,49.99,19.49
14108,2014-04-01 13:07:53,13119,1,1,49.99,19.49
14109,2014-04-01 14:38:06,13120,1,1,49.99,19.49
14110,2014-04-01 14:38:06,13120,4,0,29.99,9.49
14111,2014-04-01 14:45:55,13121,1,1,49.99,19.49
14112,2014-04-01 14:48:57,13122,1,1,49.99,19.49
14113,2014-04-01 14:53:59,13123,1,1,49.99,19.49
14114,2014-04-01 15:10:07,13124,1,1,49.99,19.49
14115,2014-04-01 16:20:29,13125,1,1,49.99,19.49
14116,2014-04-01 16:21:28,13126,1,1,49.99,19.49
14117,2014-04-01 16:21:28,13126,3,0,45.99,14.49
14118,2014-04-01 16:28:00,13127,1,1,49.99,19.49
14119,2014-04-01 16:28:00,13127,3,0,45.99,14.49
14120,2014-04-01 17:00:56,13128,3,1,45.99,14.49
14121,2014-04-01 17:00:56,13128,4,0,29.99,9.49
14122,2014-04-01 17:04:07,13129,1,1,49.99,19.49
14123,2014-04-01 17:07:39,13130,1,1,49.99,19.49
14124,2014-04-01 17:07:39,13130,2,0,59.99,22.49
14125,2014-04-01 17:09:16,13131,1,1,49.99,19.49
14126,2014-04-01 17:44:33,13132,1,1,49.99,19.49
14127,2014-04-01 18:42:50,13133,1,1,49.99,19.49
14128,2014-04-01 18:45:36,13134,3,1,45.99,14.49
14129,2014-04-01 18:47:38,13135,2,1,59.99,22.49
14130,2014-04-01 19:09:13,13136,1,1,49.99,19.49
14131,2014-04-01 19:14:07,13137,1,1,49.99,19.49
14132,2014-04-01 20:02:24,13138,1,1,49.99,19.49
14133,2014-04-01 20:03:49,13139,1,1,49.99,19.49
14134,2014-04-01 21:47:26,13140,1,1,49.99,19.49
14135,2014-04-01 22:41:55,13141,1,1,49.99,19.49
14136,2014-04-01 23:33:03,13142,1,1,49.99,19.49
14137,2014-04-01 23:33:03,13142,3,0,45.99,14.49
14138,2014-04-01 23:39:37,13143,1,1,49.99,19.49
14139,2014-04-01 23:39:37,13143,4,0,29.99,9.49
14140,2014-04-01 23:40:08,13144,2,1,59.99,22.49
14141,2014-04-02 01:34:37,13145,1,1,49.99,19.49
14142,2014-04-02 05:46:33,13146,1,1,49.99,19.49
14143,2014-04-02 05:46:33,13146,4,0,29.99,9.49
14144,2014-04-02 07:09:31,13147,1,1,49.99,19.49
14145,2014-04-02 08:07:15,13148,3,1,45.99,14.49
14146,2014-04-02 08:28:05,13149,1,1,49.99,19.49
14147,2014-04-02 08:41:36,13150,1,1,49.99,19.49
14148,2014-04-02 08:50:20,13151,3,1,45.99,14.49
14149,2014-04-02 10:06:12,13152,1,1,49.99,19.49
14150,2014-04-02 10:14:37,13153,1,1,49.99,19.49
14151,2014-04-02 10:24:47,13154,1,1,49.99,19.49
14152,2014-04-02 10:42:00,13155,1,1,49.99,19.49
14153,2014-04-02 10:49:55,13156,1,1,49.99,19.49
14154,2014-04-02 10:49:55,13156,2,0,59.99,22.49
14155,2014-04-02 11:05:07,13157,1,1,49.99,19.49
14156,2014-04-02 11:05:07,13157,4,0,29.99,9.49
14157,2014-04-02 11:15:54,13158,1,1,49.99,19.49
14158,2014-04-02 11:25:06,13159,1,1,49.99,19.49
14159,2014-04-02 11:33:39,13160,1,1,49.99,19.49
14160,2014-04-02 11:44:01,13161,1,1,49.99,19.49
14161,2014-04-02 12:50:43,13162,1,1,49.99,19.49
14162,2014-04-02 12:50:43,13162,4,0,29.99,9.49
14163,2014-04-02 13:17:01,13163,1,1,49.99,19.49
14164,2014-04-02 14:23:02,13164,2,1,59.99,22.49
14165,2014-04-02 14:23:02,13164,4,0,29.99,9.49
14166,2014-04-02 14:39:34,13165,1,1,49.99,19.49
14167,2014-04-02 14:39:34,13165,4,0,29.99,9.49
14168,2014-04-02 14:56:18,13166,2,1,59.99,22.49
14169,2014-04-02 14:59:48,13167,3,1,45.99,14.49
14170,2014-04-02 15:15:57,13168,2,1,59.99,22.49
14171,2014-04-02 15:20:23,13169,1,1,49.99,19.49
14172,2014-04-02 15:32:04,13170,2,1,59.99,22.49
14173,2014-04-02 15:47:35,13171,1,1,49.99,19.49
14174,2014-04-02 15:47:35,13171,4,0,29.99,9.49
14175,2014-04-02 15:48:15,13172,1,1,49.99,19.49
14176,2014-04-02 15:48:15,13172,2,0,59.99,22.49
14177,2014-04-02 15:48:17,13173,3,1,45.99,14.49
14178,2014-04-02 16:15:29,13174,1,1,49.99,19.49
14179,2014-04-02 16:22:08,13175,1,1,49.99,19.49
14180,2014-04-02 16:22:08,13175,4,0,29.99,9.49
14181,2014-04-02 16:43:06,13176,1,1,49.99,19.49
14182,2014-04-02 16:46:46,13177,2,1,59.99,22.49
14183,2014-04-02 17:06:29,13178,1,1,49.99,19.49
14184,2014-04-02 17:07:45,13179,1,1,49.99,19.49
14185,2014-04-02 17:19:37,13180,1,1,49.99,19.49
14186,2014-04-02 17:19:37,13180,4,0,29.99,9.49
14187,2014-04-02 17:36:38,13181,1,1,49.99,19.49
14188,2014-04-02 17:39:25,13182,1,1,49.99,19.49
14189,2014-04-02 17:39:25,13182,2,0,59.99,22.49
14190,2014-04-02 18:33:11,13183,2,1,59.99,22.49
14191,2014-04-02 18:36:50,13184,1,1,49.99,19.49
14192,2014-04-02 18:36:50,13184,4,0,29.99,9.49
14193,2014-04-02 19:14:31,13185,1,1,49.99,19.49
14194,2014-04-02 19:52:40,13186,2,1,59.99,22.49
14195,2014-04-02 20:16:15,13187,3,1,45.99,14.49
14196,2014-04-02 20:33:13,13188,1,1,49.99,19.49
14197,2014-04-02 21:02:22,13189,1,1,49.99,19.49
14198,2014-04-02 21:28:33,13190,2,1,59.99,22.49
14199,2014-04-02 21:57:41,13191,2,1,59.99,22.49
14200,2014-04-02 22:03:35,13192,2,1,59.99,22.49
14201,2014-04-02 22:03:35,13192,4,0,29.99,9.49
14202,2014-04-02 22:04:03,13193,1,1,49.99,19.49
14203,2014-04-02 22:52:47,13194,1,1,49.99,19.49
14204,2014-04-02 23:29:30,13195,1,1,49.99,19.49
14205,2014-04-02 23:43:00,13196,1,1,49.99,19.49
14206,2014-04-02 23:53:30,13197,1,1,49.99,19.49
14207,2014-04-03 02:16:08,13198,2,1,59.99,22.49
14208,2014-04-03 05:33:57,13199,1,1,49.99,19.49
14209,2014-04-03 06:47:42,13200,3,1,45.99,14.49
14210,2014-04-03 06:47:42,13200,1,0,49.99,19.49
14211,2014-04-03 07:55:03,13201,1,1,49.99,19.49
14212,2014-04-03 08:01:49,13202,1,1,49.99,19.49
14213,2014-04-03 08:36:05,13203,3,1,45.99,14.49
14214,2014-04-03 08:39:04,13204,1,1,49.99,19.49
14215,2014-04-03 09:02:39,13205,2,1,59.99,22.49
14216,2014-04-03 09:24:05,13206,1,1,49.99,19.49
14217,2014-04-03 09:34:05,13207,1,1,49.99,19.49
14218,2014-04-03 09:34:05,13207,4,0,29.99,9.49
14219,2014-04-03 09:46:20,13208,1,1,49.99,19.49
14220,2014-04-03 09:46:28,13209,1,1,49.99,19.49
14221,2014-04-03 09:46:28,13209,2,0,59.99,22.49
14222,2014-04-03 09:51:13,13210,1,1,49.99,19.49
14223,2014-04-03 09:51:13,13210,4,0,29.99,9.49
14224,2014-04-03 10:11:59,13211,3,1,45.99,14.49
14225,2014-04-03 10:19:12,13212,1,1,49.99,19.49
14226,2014-04-03 10:44:58,13213,3,1,45.99,14.49
14227,2014-04-03 11:50:02,13214,1,1,49.99,19.49
14228,2014-04-03 12:02:01,13215,1,1,49.99,19.49
14229,2014-04-03 12:02:55,13216,1,1,49.99,19.49
14230,2014-04-03 12:40:02,13217,1,1,49.99,19.49
14231,2014-04-03 12:40:02,13217,2,0,59.99,22.49
14232,2014-04-03 12:44:39,13218,2,1,59.99,22.49
14233,2014-04-03 13:13:19,13219,1,1,49.99,19.49
14234,2014-04-03 13:50:49,13220,1,1,49.99,19.49
14235,2014-04-03 13:56:46,13221,1,1,49.99,19.49
14236,2014-04-03 13:56:46,13221,3,0,45.99,14.49
14237,2014-04-03 14:02:09,13222,1,1,49.99,19.49
14238,2014-04-03 14:30:09,13223,2,1,59.99,22.49
14239,2014-04-03 15:08:00,13224,1,1,49.99,19.49
14240,2014-04-03 15:08:00,13224,4,0,29.99,9.49
14241,2014-04-03 15:32:40,13225,1,1,49.99,19.49
14242,2014-04-03 15:32:40,13225,2,0,59.99,22.49
14243,2014-04-03 15:39:28,13226,1,1,49.99,19.49
14244,2014-04-03 15:50:41,13227,1,1,49.99,19.49
14245,2014-04-03 16:01:30,13228,1,1,49.99,19.49
14246,2014-04-03 16:12:48,13229,1,1,49.99,19.49
14247,2014-04-03 16:14:17,13230,1,1,49.99,19.49
14248,2014-04-03 16:49:09,13231,1,1,49.99,19.49
14249,2014-04-03 16:57:55,13232,1,1,49.99,19.49
14250,2014-04-03 17:22:31,13233,1,1,49.99,19.49
14251,2014-04-03 17:31:23,13234,1,1,49.99,19.49
14252,2014-04-03 17:31:23,13234,2,0,59.99,22.49
14253,2014-04-03 17:34:07,13235,1,1,49.99,19.49
14254,2014-04-03 17:34:07,13235,4,0,29.99,9.49
14255,2014-04-03 18:07:20,13236,1,1,49.99,19.49
14256,2014-04-03 18:07:20,13236,4,0,29.99,9.49
14257,2014-04-03 18:44:49,13237,1,1,49.99,19.49
14258,2014-04-03 19:09:01,13238,1,1,49.99,19.49
14259,2014-04-03 19:09:01,13238,4,0,29.99,9.49
14260,2014-04-03 21:45:45,13239,1,1,49.99,19.49
14261,2014-04-03 22:00:20,13240,1,1,49.99,19.49
14262,2014-04-03 22:00:20,13240,3,0,45.99,14.49
14263,2014-04-03 23:43:11,13241,1,1,49.99,19.49
14264,2014-04-03 23:43:11,13241,3,0,45.99,14.49
14265,2014-04-04 00:19:30,13242,1,1,49.99,19.49
14266,2014-04-04 00:19:30,13242,4,0,29.99,9.49
14267,2014-04-04 00:34:04,13243,3,1,45.99,14.49
14268,2014-04-04 02:04:21,13244,1,1,49.99,19.49
14269,2014-04-04 02:04:21,13244,4,0,29.99,9.49
14270,2014-04-04 02:38:48,13245,3,1,45.99,14.49
14271,2014-04-04 02:40:20,13246,1,1,49.99,19.49
14272,2014-04-04 02:59:35,13247,3,1,45.99,14.49
14273,2014-04-04 02:59:35,13247,1,0,49.99,19.49
14274,2014-04-04 03:38:24,13248,1,1,49.99,19.49
14275,2014-04-04 06:41:05,13249,1,1,49.99,19.49
14276,2014-04-04 10:09:52,13250,1,1,49.99,19.49
14277,2014-04-04 10:35:09,13251,1,1,49.99,19.49
14278,2014-04-04 11:14:44,13252,1,1,49.99,19.49
14279,2014-04-04 11:30:11,13253,3,1,45.99,14.49
14280,2014-04-04 11:30:11,13253,1,0,49.99,19.49
14281,2014-04-04 11:44:54,13254,1,1,49.99,19.49
14282,2014-04-04 11:48:13,13255,1,1,49.99,19.49
14283,2014-04-04 11:53:14,13256,1,1,49.99,19.49
14284,2014-04-04 11:57:19,13257,1,1,49.99,19.49
14285,2014-04-04 13:04:37,13258,1,1,49.99,19.49
14286,2014-04-04 13:30:58,13259,1,1,49.99,19.49
14287,2014-04-04 13:49:52,13260,1,1,49.99,19.49
14288,2014-04-04 13:49:55,13261,1,1,49.99,19.49
14289,2014-04-04 14:04:41,13262,1,1,49.99,19.49
14290,2014-04-04 14:25:12,13263,3,1,45.99,14.49
14291,2014-04-04 15:12:17,13264,1,1,49.99,19.49
14292,2014-04-04 15:42:51,13265,1,1,49.99,19.49
14293,2014-04-04 15:42:51,13265,4,0,29.99,9.49
14294,2014-04-04 15:59:25,13266,1,1,49.99,19.49
14295,2014-04-04 16:33:51,13267,1,1,49.99,19.49
14296,2014-04-04 16:46:54,13268,1,1,49.99,19.49
14297,2014-04-04 16:46:54,13268,4,0,29.99,9.49
14298,2014-04-04 17:11:52,13269,2,1,59.99,22.49
14299,2014-04-04 17:14:47,13270,1,1,49.99,19.49
14300,2014-04-04 17:56:22,13271,1,1,49.99,19.49
14301,2014-04-04 17:56:22,13271,4,0,29.99,9.49
14302,2014-04-04 18:13:16,13272,1,1,49.99,19.49
14303,2014-04-04 18:13:16,13272,4,0,29.99,9.49
14304,2014-04-04 18:18:59,13273,1,1,49.99,19.49
14305,2014-04-04 18:27:48,13274,1,1,49.99,19.49
14306,2014-04-04 18:45:51,13275,1,1,49.99,19.49
14307,2014-04-04 18:45:51,13275,4,0,29.99,9.49
14308,2014-04-04 18:49:44,13276,2,1,59.99,22.49
14309,2014-04-04 19:30:20,13277,2,1,59.99,22.49
14310,2014-04-04 19:34:13,13278,3,1,45.99,14.49
14311,2014-04-04 20:04:57,13279,1,1,49.99,19.49
14312,2014-04-04 20:04:57,13279,3,0,45.99,14.49
14313,2014-04-04 20:35:28,13280,1,1,49.99,19.49
14314,2014-04-04 20:48:06,13281,1,1,49.99,19.49
14315,2014-04-04 21:01:14,13282,1,1,49.99,19.49
14316,2014-04-04 21:01:14,13282,4,0,29.99,9.49
14317,2014-04-04 23:21:53,13283,1,1,49.99,19.49
14318,2014-04-05 00:02:55,13284,1,1,49.99,19.49
14319,2014-04-05 00:02:55,13284,4,0,29.99,9.49
14320,2014-04-05 01:04:55,13285,1,1,49.99,19.49
14321,2014-04-05 01:16:40,13286,3,1,45.99,14.49
14322,2014-04-05 01:38:36,13287,1,1,49.99,19.49
14323,2014-04-05 01:38:36,13287,3,0,45.99,14.49
14324,2014-04-05 04:27:19,13288,3,1,45.99,14.49
14325,2014-04-05 06:52:04,13289,3,1,45.99,14.49
14326,2014-04-05 06:52:04,13289,4,0,29.99,9.49
14327,2014-04-05 09:53:25,13290,1,1,49.99,19.49
14328,2014-04-05 10:26:33,13291,2,1,59.99,22.49
14329,2014-04-05 10:26:33,13291,4,0,29.99,9.49
14330,2014-04-05 11:05:10,13292,1,1,49.99,19.49
14331,2014-04-05 11:27:22,13293,1,1,49.99,19.49
14332,2014-04-05 11:27:22,13293,3,0,45.99,14.49
14333,2014-04-05 11:31:54,13294,1,1,49.99,19.49
14334,2014-04-05 11:31:54,13294,2,0,59.99,22.49
14335,2014-04-05 14:19:26,13295,1,1,49.99,19.49
14336,2014-04-05 14:29:12,13296,1,1,49.99,19.49
14337,2014-04-05 15:21:04,13297,1,1,49.99,19.49
14338,2014-04-05 15:21:04,13297,4,0,29.99,9.49
14339,2014-04-05 16:36:22,13298,1,1,49.99,19.49
14340,2014-04-05 16:36:22,13298,3,0,45.99,14.49
14341,2014-04-05 17:25:32,13299,1,1,49.99,19.49
14342,2014-04-05 17:25:32,13299,3,0,45.99,14.49
14343,2014-04-05 18:35:02,13300,1,1,49.99,19.49
14344,2014-04-05 18:35:02,13300,4,0,29.99,9.49
14345,2014-04-05 19:14:49,13301,1,1,49.99,19.49
14346,2014-04-05 19:14:49,13301,4,0,29.99,9.49
14347,2014-04-05 20:31:31,13302,1,1,49.99,19.49
14348,2014-04-05 20:31:31,13302,4,0,29.99,9.49
14349,2014-04-05 20:47:34,13303,3,1,45.99,14.49
14350,2014-04-05 21:02:45,13304,1,1,49.99,19.49
14351,2014-04-05 21:02:45,13304,2,0,59.99,22.49
14352,2014-04-05 22:26:40,13305,3,1,45.99,14.49
14353,2014-04-05 22:31:34,13306,2,1,59.99,22.49
14354,2014-04-05 22:31:34,13306,4,0,29.99,9.49
14355,2014-04-05 22:51:03,13307,3,1,45.99,14.49
14356,2014-04-05 22:51:03,13307,4,0,29.99,9.49
14357,2014-04-06 00:02:15,13308,3,1,45.99,14.49
14358,2014-04-06 00:22:06,13309,1,1,49.99,19.49
14359,2014-04-06 00:22:06,13309,3,0,45.99,14.49
14360,2014-04-06 02:18:15,13310,2,1,59.99,22.49
14361,2014-04-06 02:18:15,13310,4,0,29.99,9.49
14362,2014-04-06 05:37:05,13311,1,1,49.99,19.49
14363,2014-04-06 05:59:45,13312,3,1,45.99,14.49
14364,2014-04-06 10:40:15,13313,3,1,45.99,14.49
14365,2014-04-06 11:50:45,13314,1,1,49.99,19.49
14366,2014-04-06 11:50:45,13314,4,0,29.99,9.49
14367,2014-04-06 12:34:07,13315,2,1,59.99,22.49
14368,2014-04-06 13:02:59,13316,1,1,49.99,19.49
14369,2014-04-06 13:26:58,13317,2,1,59.99,22.49
14370,2014-04-06 14:21:04,13318,2,1,59.99,22.49
14371,2014-04-06 17:59:54,13319,1,1,49.99,19.49
14372,2014-04-06 18:11:14,13320,1,1,49.99,19.49
14373,2014-04-06 20:15:40,13321,1,1,49.99,19.49
14374,2014-04-06 20:15:40,13321,4,0,29.99,9.49
14375,2014-04-06 20:57:11,13322,2,1,59.99,22.49
14376,2014-04-06 21:22:30,13323,2,1,59.99,22.49
14377,2014-04-06 21:40:02,13324,1,1,49.99,19.49
14378,2014-04-06 22:47:05,13325,3,1,45.99,14.49
14379,2014-04-06 23:21:34,13326,1,1,49.99,19.49
14380,2014-04-06 23:21:34,13326,4,0,29.99,9.49
14381,2014-04-07 00:11:33,13327,2,1,59.99,22.49
14382,2014-04-07 00:17:09,13328,1,1,49.99,19.49
14383,2014-04-07 00:48:30,13329,3,1,45.99,14.49
14384,2014-04-07 00:48:30,13329,4,0,29.99,9.49
14385,2014-04-07 01:19:49,13330,1,1,49.99,19.49
14386,2014-04-07 02:06:38,13331,3,1,45.99,14.49
14387,2014-04-07 03:29:17,13332,1,1,49.99,19.49
14388,2014-04-07 04:31:24,13333,1,1,49.99,19.49
14389,2014-04-07 04:31:24,13333,3,0,45.99,14.49
14390,2014-04-07 04:42:12,13334,3,1,45.99,14.49
14391,2014-04-07 06:08:24,13335,1,1,49.99,19.49
14392,2014-04-07 06:08:24,13335,4,0,29.99,9.49
14393,2014-04-07 08:54:56,13336,1,1,49.99,19.49
14394,2014-04-07 09:01:17,13337,3,1,45.99,14.49
14395,2014-04-07 09:25:59,13338,1,1,49.99,19.49
14396,2014-04-07 09:27:56,13339,1,1,49.99,19.49
14397,2014-04-07 09:27:56,13339,3,0,45.99,14.49
14398,2014-04-07 10:12:26,13340,1,1,49.99,19.49
14399,2014-04-07 10:12:26,13340,3,0,45.99,14.49
14400,2014-04-07 10:25:26,13341,3,1,45.99,14.49
14401,2014-04-07 10:25:26,13341,4,0,29.99,9.49
14402,2014-04-07 10:55:47,13342,1,1,49.99,19.49
14403,2014-04-07 10:55:47,13342,4,0,29.99,9.49
14404,2014-04-07 11:01:36,13343,2,1,59.99,22.49
14405,2014-04-07 11:18:46,13344,1,1,49.99,19.49
14406,2014-04-07 11:18:46,13344,3,0,45.99,14.49
14407,2014-04-07 11:31:52,13345,1,1,49.99,19.49
14408,2014-04-07 11:53:46,13346,1,1,49.99,19.49
14409,2014-04-07 12:15:47,13347,1,1,49.99,19.49
14410,2014-04-07 12:16:53,13348,1,1,49.99,19.49
14411,2014-04-07 12:24:01,13349,1,1,49.99,19.49
14412,2014-04-07 12:24:01,13349,4,0,29.99,9.49
14413,2014-04-07 12:50:19,13350,1,1,49.99,19.49
14414,2014-04-07 13:38:35,13351,3,1,45.99,14.49
14415,2014-04-07 13:52:05,13352,1,1,49.99,19.49
14416,2014-04-07 14:42:35,13353,3,1,45.99,14.49
14417,2014-04-07 14:42:35,13353,4,0,29.99,9.49
14418,2014-04-07 15:39:20,13354,1,1,49.99,19.49
14419,2014-04-07 15:39:20,13354,4,0,29.99,9.49
14420,2014-04-07 15:53:49,13355,3,1,45.99,14.49
14421,2014-04-07 15:53:49,13355,4,0,29.99,9.49
14422,2014-04-07 16:10:14,13356,1,1,49.99,19.49
14423,2014-04-07 16:10:14,13356,4,0,29.99,9.49
14424,2014-04-07 16:19:06,13357,1,1,49.99,19.49
14425,2014-04-07 16:45:14,13358,1,1,49.99,19.49
14426,2014-04-07 17:47:30,13359,1,1,49.99,19.49
14427,2014-04-07 18:36:33,13360,1,1,49.99,19.49
14428,2014-04-07 18:36:33,13360,4,0,29.99,9.49
14429,2014-04-07 18:59:13,13361,1,1,49.99,19.49
14430,2014-04-07 18:59:13,13361,3,0,45.99,14.49
14431,2014-04-07 19:18:07,13362,1,1,49.99,19.49
14432,2014-04-07 19:23:39,13363,1,1,49.99,19.49
14433,2014-04-07 20:16:00,13364,2,1,59.99,22.49
14434,2014-04-07 20:23:22,13365,3,1,45.99,14.49
14435,2014-04-07 20:23:22,13365,1,0,49.99,19.49
14436,2014-04-07 20:57:10,13366,1,1,49.99,19.49
14437,2014-04-07 22:38:45,13367,1,1,49.99,19.49
14438,2014-04-08 02:05:16,13368,1,1,49.99,19.49
14439,2014-04-08 02:05:16,13368,4,0,29.99,9.49
14440,2014-04-08 02:19:32,13369,1,1,49.99,19.49
14441,2014-04-08 03:32:41,13370,1,1,49.99,19.49
14442,2014-04-08 03:32:41,13370,4,0,29.99,9.49
14443,2014-04-08 03:36:14,13371,1,1,49.99,19.49
14444,2014-04-08 04:12:34,13372,1,1,49.99,19.49
14445,2014-04-08 04:22:47,13373,1,1,49.99,19.49
14446,2014-04-08 05:09:09,13374,1,1,49.99,19.49
14447,2014-04-08 07:35:50,13375,3,1,45.99,14.49
14448,2014-04-08 07:53:56,13376,1,1,49.99,19.49
14449,2014-04-08 08:02:06,13377,1,1,49.99,19.49
14450,2014-04-08 08:02:06,13377,4,0,29.99,9.49
14451,2014-04-08 08:29:36,13378,1,1,49.99,19.49
14452,2014-04-08 08:29:36,13378,4,0,29.99,9.49
14453,2014-04-08 09:09:43,13379,1,1,49.99,19.49
14454,2014-04-08 09:09:43,13379,4,0,29.99,9.49
14455,2014-04-08 09:49:37,13380,1,1,49.99,19.49
14456,2014-04-08 09:50:52,13381,2,1,59.99,22.49
14457,2014-04-08 10:14:05,13382,1,1,49.99,19.49
14458,2014-04-08 10:30:24,13383,1,1,49.99,19.49
14459,2014-04-08 10:30:24,13383,3,0,45.99,14.49
14460,2014-04-08 10:41:06,13384,1,1,49.99,19.49
14461,2014-04-08 11:02:58,13385,1,1,49.99,19.49
14462,2014-04-08 12:06:18,13386,1,1,49.99,19.49
14463,2014-04-08 12:10:53,13387,1,1,49.99,19.49
14464,2014-04-08 14:16:08,13388,3,1,45.99,14.49
14465,2014-04-08 14:16:08,13388,1,0,49.99,19.49
14466,2014-04-08 14:20:46,13389,1,1,49.99,19.49
14467,2014-04-08 14:20:46,13389,4,0,29.99,9.49
14468,2014-04-08 14:57:46,13390,1,1,49.99,19.49
14469,2014-04-08 14:57:46,13390,2,0,59.99,22.49
14470,2014-04-08 15:21:49,13391,1,1,49.99,19.49
14471,2014-04-08 15:21:49,13391,4,0,29.99,9.49
14472,2014-04-08 15:38:03,13392,1,1,49.99,19.49
14473,2014-04-08 15:40:13,13393,1,1,49.99,19.49
14474,2014-04-08 15:40:13,13393,4,0,29.99,9.49
14475,2014-04-08 15:58:30,13394,1,1,49.99,19.49
14476,2014-04-08 16:08:30,13395,2,1,59.99,22.49
14477,2014-04-08 16:20:57,13396,2,1,59.99,22.49
14478,2014-04-08 16:49:40,13397,1,1,49.99,19.49
14479,2014-04-08 16:53:40,13398,1,1,49.99,19.49
14480,2014-04-08 16:53:40,13398,2,0,59.99,22.49
14481,2014-04-08 17:01:08,13399,1,1,49.99,19.49
14482,2014-04-08 17:13:42,13400,2,1,59.99,22.49
14483,2014-04-08 17:26:35,13401,1,1,49.99,19.49
14484,2014-04-08 17:43:22,13402,1,1,49.99,19.49
14485,2014-04-08 17:44:01,13403,3,1,45.99,14.49
14486,2014-04-08 18:18:16,13404,2,1,59.99,22.49
14487,2014-04-08 19:05:54,13405,1,1,49.99,19.49
14488,2014-04-08 19:16:05,13406,1,1,49.99,19.49
14489,2014-04-08 19:45:44,13407,1,1,49.99,19.49
14490,2014-04-08 21:24:46,13408,1,1,49.99,19.49
14491,2014-04-08 21:24:46,13408,3,0,45.99,14.49
14492,2014-04-08 21:55:28,13409,1,1,49.99,19.49
14493,2014-04-08 21:55:35,13410,2,1,59.99,22.49
14494,2014-04-08 22:34:40,13411,3,1,45.99,14.49
14495,2014-04-08 22:44:02,13412,1,1,49.99,19.49
14496,2014-04-09 00:36:40,13413,3,1,45.99,14.49
14497,2014-04-09 02:09:29,13414,1,1,49.99,19.49
14498,2014-04-09 02:09:29,13414,2,0,59.99,22.49
14499,2014-04-09 02:35:01,13415,3,1,45.99,14.49
14500,2014-04-09 08:23:11,13416,1,1,49.99,19.49
14501,2014-04-09 09:16:26,13417,1,1,49.99,19.49
14502,2014-04-09 09:43:14,13418,1,1,49.99,19.49
14503,2014-04-09 09:47:25,13419,1,1,49.99,19.49
14504,2014-04-09 10:06:02,13420,2,1,59.99,22.49
14505,2014-04-09 10:06:09,13421,1,1,49.99,19.49
14506,2014-04-09 11:10:53,13422,1,1,49.99,19.49
14507,2014-04-09 11:10:53,13422,4,0,29.99,9.49
14508,2014-04-09 11:14:41,13423,1,1,49.99,19.49
14509,2014-04-09 11:14:41,13423,4,0,29.99,9.49
14510,2014-04-09 11:36:54,13424,1,1,49.99,19.49
14511,2014-04-09 11:36:54,13424,4,0,29.99,9.49
14512,2014-04-09 12:32:48,13425,1,1,49.99,19.49
14513,2014-04-09 12:44:51,13426,1,1,49.99,19.49
14514,2014-04-09 12:51:50,13427,1,1,49.99,19.49
14515,2014-04-09 12:56:02,13428,1,1,49.99,19.49
14516,2014-04-09 13:02:29,13429,1,1,49.99,19.49
14517,2014-04-09 13:09:16,13430,1,1,49.99,19.49
14518,2014-04-09 13:09:16,13430,4,0,29.99,9.49
14519,2014-04-09 13:12:44,13431,2,1,59.99,22.49
14520,2014-04-09 13:23:04,13432,3,1,45.99,14.49
14521,2014-04-09 14:00:15,13433,1,1,49.99,19.49
14522,2014-04-09 14:20:32,13434,2,1,59.99,22.49
14523,2014-04-09 14:20:32,13434,4,0,29.99,9.49
14524,2014-04-09 14:46:22,13435,1,1,49.99,19.49
14525,2014-04-09 15:05:07,13436,1,1,49.99,19.49
14526,2014-04-09 15:54:22,13437,1,1,49.99,19.49
14527,2014-04-09 16:10:28,13438,3,1,45.99,14.49
14528,2014-04-09 16:16:21,13439,1,1,49.99,19.49
14529,2014-04-09 16:50:56,13440,1,1,49.99,19.49
14530,2014-04-09 17:04:44,13441,1,1,49.99,19.49
14531,2014-04-09 17:10:04,13442,1,1,49.99,19.49
14532,2014-04-09 17:53:50,13443,1,1,49.99,19.49
14533,2014-04-09 18:06:40,13444,1,1,49.99,19.49
14534,2014-04-09 18:22:23,13445,3,1,45.99,14.49
14535,2014-04-09 18:34:01,13446,1,1,49.99,19.49
14536,2014-04-09 18:34:01,13446,3,0,45.99,14.49
14537,2014-04-09 18:53:52,13447,1,1,49.99,19.49
14538,2014-04-09 18:53:52,13447,3,0,45.99,14.49
14539,2014-04-09 19:22:37,13448,1,1,49.99,19.49
14540,2014-04-09 19:22:37,13448,4,0,29.99,9.49
14541,2014-04-09 19:35:39,13449,3,1,45.99,14.49
14542,2014-04-09 19:35:39,13449,4,0,29.99,9.49
14543,2014-04-09 19:39:08,13450,2,1,59.99,22.49
14544,2014-04-09 19:43:29,13451,1,1,49.99,19.49
14545,2014-04-09 20:26:25,13452,2,1,59.99,22.49
14546,2014-04-09 22:33:01,13453,3,1,45.99,14.49
14547,2014-04-09 22:33:01,13453,1,0,49.99,19.49
14548,2014-04-09 22:45:40,13454,1,1,49.99,19.49
14549,2014-04-09 22:45:40,13454,3,0,45.99,14.49
14550,2014-04-09 23:58:48,13455,1,1,49.99,19.49
14551,2014-04-09 23:58:48,13455,4,0,29.99,9.49
14552,2014-04-10 02:19:34,13456,1,1,49.99,19.49
14553,2014-04-10 03:55:56,13457,1,1,49.99,19.49
14554,2014-04-10 07:20:45,13458,1,1,49.99,19.49
14555,2014-04-10 07:28:40,13459,2,1,59.99,22.49
14556,2014-04-10 08:33:11,13460,2,1,59.99,22.49
14557,2014-04-10 08:53:25,13461,1,1,49.99,19.49
14558,2014-04-10 09:08:14,13462,1,1,49.99,19.49
14559,2014-04-10 09:08:14,13462,4,0,29.99,9.49
14560,2014-04-10 09:13:56,13463,3,1,45.99,14.49
14561,2014-04-10 09:31:46,13464,1,1,49.99,19.49
14562,2014-04-10 09:36:35,13465,1,1,49.99,19.49
14563,2014-04-10 09:36:35,13465,4,0,29.99,9.49
14564,2014-04-10 09:36:55,13466,2,1,59.99,22.49
14565,2014-04-10 09:46:41,13467,1,1,49.99,19.49
14566,2014-04-10 09:46:41,13467,4,0,29.99,9.49
14567,2014-04-10 10:03:21,13468,2,1,59.99,22.49
14568,2014-04-10 10:04:06,13469,2,1,59.99,22.49
14569,2014-04-10 10:16:38,13470,1,1,49.99,19.49
14570,2014-04-10 10:28:56,13471,1,1,49.99,19.49
14571,2014-04-10 10:41:51,13472,1,1,49.99,19.49
14572,2014-04-10 10:42:49,13473,3,1,45.99,14.49
14573,2014-04-10 10:46:56,13474,1,1,49.99,19.49
14574,2014-04-10 12:06:17,13475,1,1,49.99,19.49
14575,2014-04-10 12:28:33,13476,1,1,49.99,19.49
14576,2014-04-10 12:31:20,13477,3,1,45.99,14.49
14577,2014-04-10 12:34:57,13478,3,1,45.99,14.49
14578,2014-04-10 12:59:07,13479,1,1,49.99,19.49
14579,2014-04-10 12:59:07,13479,4,0,29.99,9.49
14580,2014-04-10 13:38:03,13480,1,1,49.99,19.49
14581,2014-04-10 14:32:51,13481,1,1,49.99,19.49
14582,2014-04-10 14:57:45,13482,2,1,59.99,22.49
14583,2014-04-10 14:57:45,13482,1,0,49.99,19.49
14584,2014-04-10 14:59:47,13483,2,1,59.99,22.49
14585,2014-04-10 15:11:47,13484,1,1,49.99,19.49
14586,2014-04-10 15:21:07,13485,3,1,45.99,14.49
14587,2014-04-10 15:25:27,13486,2,1,59.99,22.49
14588,2014-04-10 15:26:54,13487,1,1,49.99,19.49
14589,2014-04-10 15:29:51,13488,1,1,49.99,19.49
14590,2014-04-10 15:29:51,13488,4,0,29.99,9.49
14591,2014-04-10 15:44:39,13489,3,1,45.99,14.49
14592,2014-04-10 15:48:23,13490,1,1,49.99,19.49
14593,2014-04-10 15:48:23,13490,4,0,29.99,9.49
14594,2014-04-10 16:08:14,13491,1,1,49.99,19.49
14595,2014-04-10 16:08:14,13491,4,0,29.99,9.49
14596,2014-04-10 16:12:17,13492,1,1,49.99,19.49
14597,2014-04-10 16:16:02,13493,1,1,49.99,19.49
14598,2014-04-10 18:08:40,13494,1,1,49.99,19.49
14599,2014-04-10 18:08:54,13495,1,1,49.99,19.49
14600,2014-04-10 18:09:14,13496,1,1,49.99,19.49
14601,2014-04-10 18:23:06,13497,3,1,45.99,14.49
14602,2014-04-10 18:43:14,13498,2,1,59.99,22.49
14603,2014-04-10 19:36:55,13499,3,1,45.99,14.49
14604,2014-04-10 19:36:55,13499,4,0,29.99,9.49
14605,2014-04-10 20:12:05,13500,1,1,49.99,19.49
14606,2014-04-10 20:12:05,13500,4,0,29.99,9.49
14607,2014-04-10 21:42:55,13501,1,1,49.99,19.49
14608,2014-04-10 22:00:19,13502,1,1,49.99,19.49
14609,2014-04-10 22:00:19,13502,3,0,45.99,14.49
14610,2014-04-10 23:06:51,13503,1,1,49.99,19.49
14611,2014-04-10 23:34:16,13504,1,1,49.99,19.49
14612,2014-04-10 23:34:16,13504,4,0,29.99,9.49
14613,2014-04-11 03:47:29,13505,2,1,59.99,22.49
14614,2014-04-11 04:11:37,13506,1,1,49.99,19.49
14615,2014-04-11 04:50:24,13507,1,1,49.99,19.49
14616,2014-04-11 05:09:52,13508,1,1,49.99,19.49
14617,2014-04-11 05:09:52,13508,4,0,29.99,9.49
14618,2014-04-11 05:37:51,13509,1,1,49.99,19.49
14619,2014-04-11 05:37:51,13509,4,0,29.99,9.49
14620,2014-04-11 09:23:49,13510,1,1,49.99,19.49
14621,2014-04-11 10:45:50,13511,3,1,45.99,14.49
14622,2014-04-11 10:52:18,13512,2,1,59.99,22.49
14623,2014-04-11 10:55:53,13513,2,1,59.99,22.49
14624,2014-04-11 10:55:53,13513,4,0,29.99,9.49
14625,2014-04-11 11:11:13,13514,1,1,49.99,19.49
14626,2014-04-11 11:11:13,13514,2,0,59.99,22.49
14627,2014-04-11 11:37:37,13515,1,1,49.99,19.49
14628,2014-04-11 12:14:11,13516,3,1,45.99,14.49
14629,2014-04-11 12:34:02,13517,1,1,49.99,19.49
14630,2014-04-11 12:34:02,13517,4,0,29.99,9.49
14631,2014-04-11 12:47:33,13518,1,1,49.99,19.49
14632,2014-04-11 12:47:33,13518,4,0,29.99,9.49
14633,2014-04-11 13:05:44,13519,2,1,59.99,22.49
14634,2014-04-11 13:37:39,13520,1,1,49.99,19.49
14635,2014-04-11 14:19:07,13521,1,1,49.99,19.49
14636,2014-04-11 14:46:51,13522,1,1,49.99,19.49
14637,2014-04-11 14:46:51,13522,4,0,29.99,9.49
14638,2014-04-11 15:02:32,13523,3,1,45.99,14.49
14639,2014-04-11 15:03:38,13524,2,1,59.99,22.49
14640,2014-04-11 15:25:07,13525,1,1,49.99,19.49
14641,2014-04-11 15:29:52,13526,1,1,49.99,19.49
14642,2014-04-11 15:49:21,13527,1,1,49.99,19.49
14643,2014-04-11 15:59:52,13528,1,1,49.99,19.49
14644,2014-04-11 16:18:52,13529,1,1,49.99,19.49
14645,2014-04-11 16:24:28,13530,1,1,49.99,19.49
14646,2014-04-11 16:24:28,13530,3,0,45.99,14.49
14647,2014-04-11 16:36:44,13531,1,1,49.99,19.49
14648,2014-04-11 16:47:52,13532,1,1,49.99,19.49
14649,2014-04-11 17:17:17,13533,3,1,45.99,14.49
14650,2014-04-11 17:34:46,13534,2,1,59.99,22.49
14651,2014-04-11 17:44:29,13535,1,1,49.99,19.49
14652,2014-04-11 17:44:29,13535,3,0,45.99,14.49
14653,2014-04-11 17:55:40,13536,3,1,45.99,14.49
14654,2014-04-11 17:55:40,13536,4,0,29.99,9.49
14655,2014-04-11 18:02:59,13537,3,1,45.99,14.49
14656,2014-04-11 18:15:40,13538,3,1,45.99,14.49
14657,2014-04-11 18:34:03,13539,1,1,49.99,19.49
14658,2014-04-11 18:43:32,13540,1,1,49.99,19.49
14659,2014-04-11 18:43:32,13540,3,0,45.99,14.49
14660,2014-04-11 19:43:53,13541,1,1,49.99,19.49
14661,2014-04-11 22:49:51,13542,1,1,49.99,19.49
14662,2014-04-11 23:18:59,13543,1,1,49.99,19.49
14663,2014-04-11 23:42:25,13544,3,1,45.99,14.49
14664,2014-04-12 01:21:47,13545,1,1,49.99,19.49
14665,2014-04-12 01:21:47,13545,3,0,45.99,14.49
14666,2014-04-12 02:05:09,13546,1,1,49.99,19.49
14667,2014-04-12 05:07:18,13547,1,1,49.99,19.49
14668,2014-04-12 05:46:02,13548,1,1,49.99,19.49
14669,2014-04-12 06:14:24,13549,1,1,49.99,19.49
14670,2014-04-12 06:14:24,13549,4,0,29.99,9.49
14671,2014-04-12 07:59:07,13550,1,1,49.99,19.49
14672,2014-04-12 10:34:46,13551,2,1,59.99,22.49
14673,2014-04-12 11:27:31,13552,1,1,49.99,19.49
14674,2014-04-12 11:27:31,13552,4,0,29.99,9.49
14675,2014-04-12 15:28:28,13553,1,1,49.99,19.49
14676,2014-04-12 17:39:16,13554,1,1,49.99,19.49
14677,2014-04-12 18:52:37,13555,1,1,49.99,19.49
14678,2014-04-12 18:52:37,13555,3,0,45.99,14.49
14679,2014-04-12 19:52:25,13556,1,1,49.99,19.49
14680,2014-04-12 19:52:25,13556,4,0,29.99,9.49
14681,2014-04-12 23:23:35,13557,2,1,59.99,22.49
14682,2014-04-12 23:23:35,13557,4,0,29.99,9.49
14683,2014-04-13 01:51:53,13558,1,1,49.99,19.49
14684,2014-04-13 02:07:51,13559,3,1,45.99,14.49
14685,2014-04-13 02:58:35,13560,1,1,49.99,19.49
14686,2014-04-13 02:58:35,13560,4,0,29.99,9.49
14687,2014-04-13 04:19:19,13561,1,1,49.99,19.49
14688,2014-04-13 05:45:26,13562,2,1,59.99,22.49
14689,2014-04-13 06:28:47,13563,1,1,49.99,19.49
14690,2014-04-13 08:50:33,13564,1,1,49.99,19.49
14691,2014-04-13 10:54:52,13565,1,1,49.99,19.49
14692,2014-04-13 10:54:52,13565,3,0,45.99,14.49
14693,2014-04-13 11:25:27,13566,1,1,49.99,19.49
14694,2014-04-13 12:36:58,13567,2,1,59.99,22.49
14695,2014-04-13 12:36:58,13567,4,0,29.99,9.49
14696,2014-04-13 13:13:03,13568,1,1,49.99,19.49
14697,2014-04-13 13:25:42,13569,3,1,45.99,14.49
14698,2014-04-13 13:51:36,13570,3,1,45.99,14.49
14699,2014-04-13 15:08:00,13571,1,1,49.99,19.49
14700,2014-04-13 15:08:00,13571,3,0,45.99,14.49
14701,2014-04-13 15:25:05,13572,1,1,49.99,19.49
14702,2014-04-13 15:25:05,13572,4,0,29.99,9.49
14703,2014-04-13 16:16:34,13573,1,1,49.99,19.49
14704,2014-04-13 17:34:58,13574,2,1,59.99,22.49
14705,2014-04-13 18:14:11,13575,3,1,45.99,14.49
14706,2014-04-13 18:14:11,13575,1,0,49.99,19.49
14707,2014-04-13 23:28:45,13576,1,1,49.99,19.49
14708,2014-04-13 23:28:45,13576,2,0,59.99,22.49
14709,2014-04-14 01:17:23,13577,1,1,49.99,19.49
14710,2014-04-14 01:42:56,13578,2,1,59.99,22.49
14711,2014-04-14 02:01:36,13579,1,1,49.99,19.49
14712,2014-04-14 02:01:36,13579,2,0,59.99,22.49
14713,2014-04-14 03:26:28,13580,1,1,49.99,19.49
14714,2014-04-14 05:21:36,13581,1,1,49.99,19.49
14715,2014-04-14 07:19:44,13582,3,1,45.99,14.49
14716,2014-04-14 08:07:04,13583,1,1,49.99,19.49
14717,2014-04-14 08:07:04,13583,4,0,29.99,9.49
14718,2014-04-14 09:48:38,13584,3,1,45.99,14.49
14719,2014-04-14 10:04:24,13585,1,1,49.99,19.49
14720,2014-04-14 10:19:32,13586,1,1,49.99,19.49
14721,2014-04-14 10:19:32,13586,3,0,45.99,14.49
14722,2014-04-14 10:21:21,13587,1,1,49.99,19.49
14723,2014-04-14 10:21:21,13587,3,0,45.99,14.49
14724,2014-04-14 10:25:29,13588,1,1,49.99,19.49
14725,2014-04-14 10:29:55,13589,3,1,45.99,14.49
14726,2014-04-14 10:48:06,13590,1,1,49.99,19.49
14727,2014-04-14 10:48:19,13591,1,1,49.99,19.49
14728,2014-04-14 10:48:19,13591,4,0,29.99,9.49
14729,2014-04-14 11:05:10,13592,2,1,59.99,22.49
14730,2014-04-14 11:06:17,13593,1,1,49.99,19.49
14731,2014-04-14 11:57:44,13594,1,1,49.99,19.49
14732,2014-04-14 11:57:44,13594,4,0,29.99,9.49
14733,2014-04-14 12:20:55,13595,2,1,59.99,22.49
14734,2014-04-14 12:21:31,13596,1,1,49.99,19.49
14735,2014-04-14 12:46:22,13597,1,1,49.99,19.49
14736,2014-04-14 12:46:22,13597,3,0,45.99,14.49
14737,2014-04-14 13:06:24,13598,1,1,49.99,19.49
14738,2014-04-14 13:06:24,13598,2,0,59.99,22.49
14739,2014-04-14 13:41:17,13599,3,1,45.99,14.49
14740,2014-04-14 14:27:27,13600,1,1,49.99,19.49
14741,2014-04-14 14:49:16,13601,1,1,49.99,19.49
14742,2014-04-14 14:56:09,13602,1,1,49.99,19.49
14743,2014-04-14 14:56:09,13602,2,0,59.99,22.49
14744,2014-04-14 14:56:50,13603,2,1,59.99,22.49
14745,2014-04-14 15:38:45,13604,1,1,49.99,19.49
14746,2014-04-14 15:38:45,13604,4,0,29.99,9.49
14747,2014-04-14 15:46:51,13605,1,1,49.99,19.49
14748,2014-04-14 15:46:51,13605,2,0,59.99,22.49
14749,2014-04-14 16:10:06,13606,1,1,49.99,19.49
14750,2014-04-14 16:10:06,13606,3,0,45.99,14.49
14751,2014-04-14 16:10:33,13607,1,1,49.99,19.49
14752,2014-04-14 16:11:44,13608,2,1,59.99,22.49
14753,2014-04-14 16:32:08,13609,1,1,49.99,19.49
14754,2014-04-14 16:43:59,13610,1,1,49.99,19.49
14755,2014-04-14 16:43:59,13610,4,0,29.99,9.49
14756,2014-04-14 16:45:21,13611,1,1,49.99,19.49
14757,2014-04-14 16:45:45,13612,1,1,49.99,19.49
14758,2014-04-14 16:54:08,13613,1,1,49.99,19.49
14759,2014-04-14 16:54:08,13613,3,0,45.99,14.49
14760,2014-04-14 17:04:16,13614,1,1,49.99,19.49
14761,2014-04-14 17:04:16,13614,3,0,45.99,14.49
14762,2014-04-14 17:12:05,13615,3,1,45.99,14.49
14763,2014-04-14 17:12:05,13615,2,0,59.99,22.49
14764,2014-04-14 17:38:43,13616,2,1,59.99,22.49
14765,2014-04-14 17:42:29,13617,1,1,49.99,19.49
14766,2014-04-14 17:49:46,13618,3,1,45.99,14.49
14767,2014-04-14 17:49:47,13619,3,1,45.99,14.49
14768,2014-04-14 18:02:45,13620,3,1,45.99,14.49
14769,2014-04-14 18:53:07,13621,1,1,49.99,19.49
14770,2014-04-14 18:53:07,13621,3,0,45.99,14.49
14771,2014-04-14 19:04:35,13622,1,1,49.99,19.49
14772,2014-04-14 19:04:35,13622,4,0,29.99,9.49
14773,2014-04-14 19:08:27,13623,3,1,45.99,14.49
14774,2014-04-14 19:14:07,13624,3,1,45.99,14.49
14775,2014-04-14 19:14:07,13624,1,0,49.99,19.49
14776,2014-04-14 19:34:33,13625,2,1,59.99,22.49
14777,2014-04-14 19:34:33,13625,4,0,29.99,9.49
14778,2014-04-14 19:36:59,13626,1,1,49.99,19.49
14779,2014-04-14 19:41:06,13627,3,1,45.99,14.49
14780,2014-04-14 19:41:06,13627,4,0,29.99,9.49
14781,2014-04-14 19:50:46,13628,1,1,49.99,19.49
14782,2014-04-14 19:50:46,13628,4,0,29.99,9.49
14783,2014-04-14 20:15:45,13629,2,1,59.99,22.49
14784,2014-04-14 20:39:29,13630,1,1,49.99,19.49
14785,2014-04-14 20:39:29,13630,3,0,45.99,14.49
14786,2014-04-14 20:49:38,13631,2,1,59.99,22.49
14787,2014-04-14 21:45:15,13632,1,1,49.99,19.49
14788,2014-04-14 21:45:15,13632,4,0,29.99,9.49
14789,2014-04-14 21:57:52,13633,1,1,49.99,19.49
14790,2014-04-14 23:13:02,13634,1,1,49.99,19.49
14791,2014-04-14 23:45:33,13635,2,1,59.99,22.49
14792,2014-04-15 00:51:12,13636,3,1,45.99,14.49
14793,2014-04-15 00:51:12,13636,4,0,29.99,9.49
14794,2014-04-15 02:32:06,13637,2,1,59.99,22.49
14795,2014-04-15 02:32:06,13637,4,0,29.99,9.49
14796,2014-04-15 03:50:03,13638,1,1,49.99,19.49
14797,2014-04-15 04:25:18,13639,1,1,49.99,19.49
14798,2014-04-15 04:58:58,13640,1,1,49.99,19.49
14799,2014-04-15 05:25:17,13641,2,1,59.99,22.49
14800,2014-04-15 07:35:22,13642,1,1,49.99,19.49
14801,2014-04-15 07:35:22,13642,3,0,45.99,14.49
14802,2014-04-15 07:42:57,13643,1,1,49.99,19.49
14803,2014-04-15 09:35:27,13644,1,1,49.99,19.49
14804,2014-04-15 09:35:27,13644,4,0,29.99,9.49
14805,2014-04-15 10:02:18,13645,1,1,49.99,19.49
14806,2014-04-15 10:09:53,13646,1,1,49.99,19.49
14807,2014-04-15 10:59:34,13647,2,1,59.99,22.49
14808,2014-04-15 10:59:34,13647,4,0,29.99,9.49
14809,2014-04-15 11:24:29,13648,1,1,49.99,19.49
14810,2014-04-15 11:29:42,13649,3,1,45.99,14.49
14811,2014-04-15 12:13:49,13650,1,1,49.99,19.49
14812,2014-04-15 12:13:49,13650,3,0,45.99,14.49
14813,2014-04-15 12:34:45,13651,1,1,49.99,19.49
14814,2014-04-15 12:34:45,13651,2,0,59.99,22.49
14815,2014-04-15 12:36:55,13652,1,1,49.99,19.49
14816,2014-04-15 13:07:18,13653,1,1,49.99,19.49
14817,2014-04-15 14:07:54,13654,1,1,49.99,19.49
14818,2014-04-15 14:07:54,13654,2,0,59.99,22.49
14819,2014-04-15 14:14:46,13655,1,1,49.99,19.49
14820,2014-04-15 14:28:45,13656,1,1,49.99,19.49
14821,2014-04-15 14:58:38,13657,1,1,49.99,19.49
14822,2014-04-15 15:08:33,13658,3,1,45.99,14.49
14823,2014-04-15 15:31:28,13659,3,1,45.99,14.49
14824,2014-04-15 15:44:13,13660,1,1,49.99,19.49
14825,2014-04-15 16:00:59,13661,3,1,45.99,14.49
14826,2014-04-15 16:28:42,13662,1,1,49.99,19.49
14827,2014-04-15 16:35:59,13663,3,1,45.99,14.49
14828,2014-04-15 16:45:47,13664,1,1,49.99,19.49
14829,2014-04-15 16:45:47,13664,3,0,45.99,14.49
14830,2014-04-15 18:00:24,13665,1,1,49.99,19.49
14831,2014-04-15 18:09:04,13666,3,1,45.99,14.49
14832,2014-04-15 18:12:27,13667,3,1,45.99,14.49
14833,2014-04-15 18:46:52,13668,1,1,49.99,19.49
14834,2014-04-15 19:10:53,13669,1,1,49.99,19.49
14835,2014-04-15 19:40:26,13670,2,1,59.99,22.49
14836,2014-04-15 19:56:45,13671,1,1,49.99,19.49
14837,2014-04-15 19:56:45,13671,2,0,59.99,22.49
14838,2014-04-15 20:29:30,13672,1,1,49.99,19.49
14839,2014-04-15 20:29:30,13672,4,0,29.99,9.49
14840,2014-04-15 21:11:00,13673,3,1,45.99,14.49
14841,2014-04-15 21:48:32,13674,1,1,49.99,19.49
14842,2014-04-15 22:38:11,13675,1,1,49.99,19.49
14843,2014-04-15 22:50:14,13676,1,1,49.99,19.49
14844,2014-04-15 23:27:44,13677,1,1,49.99,19.49
14845,2014-04-16 01:06:50,13678,1,1,49.99,19.49
14846,2014-04-16 02:42:36,13679,1,1,49.99,19.49
14847,2014-04-16 02:42:36,13679,4,0,29.99,9.49
14848,2014-04-16 05:36:15,13680,3,1,45.99,14.49
14849,2014-04-16 06:17:19,13681,3,1,45.99,14.49
14850,2014-04-16 06:33:47,13682,1,1,49.99,19.49
14851,2014-04-16 07:23:27,13683,1,1,49.99,19.49
14852,2014-04-16 08:40:33,13684,2,1,59.99,22.49
14853,2014-04-16 08:51:19,13685,1,1,49.99,19.49
14854,2014-04-16 09:01:10,13686,1,1,49.99,19.49
14855,2014-04-16 09:43:00,13687,1,1,49.99,19.49
14856,2014-04-16 10:28:28,13688,2,1,59.99,22.49
14857,2014-04-16 10:42:34,13689,1,1,49.99,19.49
14858,2014-04-16 10:42:34,13689,3,0,45.99,14.49
14859,2014-04-16 11:20:08,13690,1,1,49.99,19.49
14860,2014-04-16 11:20:08,13690,4,0,29.99,9.49
14861,2014-04-16 11:46:34,13691,2,1,59.99,22.49
14862,2014-04-16 11:58:05,13692,1,1,49.99,19.49
14863,2014-04-16 13:09:30,13693,1,1,49.99,19.49
14864,2014-04-16 13:12:10,13694,2,1,59.99,22.49
14865,2014-04-16 13:20:21,13695,1,1,49.99,19.49
14866,2014-04-16 13:20:21,13695,4,0,29.99,9.49
14867,2014-04-16 13:27:25,13696,2,1,59.99,22.49
14868,2014-04-16 13:30:45,13697,1,1,49.99,19.49
14869,2014-04-16 13:30:45,13697,4,0,29.99,9.49
14870,2014-04-16 14:12:08,13698,1,1,49.99,19.49
14871,2014-04-16 14:30:04,13699,1,1,49.99,19.49
14872,2014-04-16 14:56:53,13700,1,1,49.99,19.49
14873,2014-04-16 14:59:36,13701,1,1,49.99,19.49
14874,2014-04-16 15:45:36,13702,1,1,49.99,19.49
14875,2014-04-16 16:20:41,13703,1,1,49.99,19.49
14876,2014-04-16 16:23:15,13704,1,1,49.99,19.49
14877,2014-04-16 16:23:15,13704,4,0,29.99,9.49
14878,2014-04-16 16:42:29,13705,3,1,45.99,14.49
14879,2014-04-16 16:54:39,13706,2,1,59.99,22.49
14880,2014-04-16 17:15:32,13707,2,1,59.99,22.49
14881,2014-04-16 17:40:33,13708,1,1,49.99,19.49
14882,2014-04-16 17:40:33,13708,4,0,29.99,9.49
14883,2014-04-16 18:28:55,13709,3,1,45.99,14.49
14884,2014-04-16 18:29:24,13710,1,1,49.99,19.49
14885,2014-04-16 18:38:27,13711,1,1,49.99,19.49
14886,2014-04-16 18:38:27,13711,4,0,29.99,9.49
14887,2014-04-16 21:14:18,13712,1,1,49.99,19.49
14888,2014-04-16 21:38:15,13713,1,1,49.99,19.49
14889,2014-04-16 21:51:51,13714,3,1,45.99,14.49
14890,2014-04-16 22:00:57,13715,1,1,49.99,19.49
14891,2014-04-16 22:00:57,13715,4,0,29.99,9.49
14892,2014-04-16 22:10:07,13716,2,1,59.99,22.49
14893,2014-04-16 22:30:30,13717,1,1,49.99,19.49
14894,2014-04-16 22:30:30,13717,3,0,45.99,14.49
14895,2014-04-16 22:41:42,13718,3,1,45.99,14.49
14896,2014-04-16 23:59:17,13719,1,1,49.99,19.49
14897,2014-04-17 04:53:52,13720,1,1,49.99,19.49
14898,2014-04-17 04:53:52,13720,2,0,59.99,22.49
14899,2014-04-17 04:55:21,13721,1,1,49.99,19.49
14900,2014-04-17 05:59:04,13722,1,1,49.99,19.49
14901,2014-04-17 08:20:58,13723,2,1,59.99,22.49
14902,2014-04-17 08:29:13,13724,1,1,49.99,19.49
14903,2014-04-17 08:43:21,13725,1,1,49.99,19.49
14904,2014-04-17 08:43:21,13725,3,0,45.99,14.49
14905,2014-04-17 08:48:08,13726,2,1,59.99,22.49
14906,2014-04-17 09:41:10,13727,1,1,49.99,19.49
14907,2014-04-17 09:41:10,13727,4,0,29.99,9.49
14908,2014-04-17 09:42:49,13728,3,1,45.99,14.49
14909,2014-04-17 09:44:00,13729,1,1,49.99,19.49
14910,2014-04-17 09:48:25,13730,1,1,49.99,19.49
14911,2014-04-17 09:48:25,13730,2,0,59.99,22.49
14912,2014-04-17 09:53:36,13731,1,1,49.99,19.49
14913,2014-04-17 09:54:26,13732,1,1,49.99,19.49
14914,2014-04-17 09:54:26,13732,3,0,45.99,14.49
14915,2014-04-17 09:59:03,13733,1,1,49.99,19.49
14916,2014-04-17 10:22:48,13734,1,1,49.99,19.49
14917,2014-04-17 10:58:38,13735,1,1,49.99,19.49
14918,2014-04-17 10:58:38,13735,4,0,29.99,9.49
14919,2014-04-17 11:04:40,13736,1,1,49.99,19.49
14920,2014-04-17 11:09:14,13737,3,1,45.99,14.49
14921,2014-04-17 11:17:19,13738,1,1,49.99,19.49
14922,2014-04-17 11:17:19,13738,3,0,45.99,14.49
14923,2014-04-17 11:38:31,13739,1,1,49.99,19.49
14924,2014-04-17 11:38:31,13739,4,0,29.99,9.49
14925,2014-04-17 12:14:55,13740,1,1,49.99,19.49
14926,2014-04-17 12:23:42,13741,1,1,49.99,19.49
14927,2014-04-17 12:25:28,13742,1,1,49.99,19.49
14928,2014-04-17 12:25:28,13742,3,0,45.99,14.49
14929,2014-04-17 12:57:38,13743,1,1,49.99,19.49
14930,2014-04-17 12:57:38,13743,4,0,29.99,9.49
14931,2014-04-17 13:07:51,13744,1,1,49.99,19.49
14932,2014-04-17 13:39:21,13745,1,1,49.99,19.49
14933,2014-04-17 14:15:50,13746,2,1,59.99,22.49
14934,2014-04-17 14:40:32,13747,1,1,49.99,19.49
14935,2014-04-17 14:45:44,13748,2,1,59.99,22.49
14936,2014-04-17 14:45:44,13748,3,0,45.99,14.49
14937,2014-04-17 15:06:09,13749,1,1,49.99,19.49
14938,2014-04-17 15:06:32,13750,1,1,49.99,19.49
14939,2014-04-17 15:06:32,13750,2,0,59.99,22.49
14940,2014-04-17 15:10:37,13751,1,1,49.99,19.49
14941,2014-04-17 15:12:23,13752,3,1,45.99,14.49
14942,2014-04-17 15:26:18,13753,1,1,49.99,19.49
14943,2014-04-17 15:38:13,13754,1,1,49.99,19.49
14944,2014-04-17 15:41:46,13755,1,1,49.99,19.49
14945,2014-04-17 15:55:29,13756,2,1,59.99,22.49
14946,2014-04-17 15:55:29,13756,3,0,45.99,14.49
14947,2014-04-17 16:01:00,13757,1,1,49.99,19.49
14948,2014-04-17 16:21:16,13758,1,1,49.99,19.49
14949,2014-04-17 16:21:16,13758,4,0,29.99,9.49
14950,2014-04-17 16:34:20,13759,1,1,49.99,19.49
14951,2014-04-17 16:52:24,13760,3,1,45.99,14.49
14952,2014-04-17 16:56:58,13761,1,1,49.99,19.49
14953,2014-04-17 16:56:58,13761,3,0,45.99,14.49
14954,2014-04-17 17:11:29,13762,2,1,59.99,22.49
14955,2014-04-17 17:13:22,13763,1,1,49.99,19.49
14956,2014-04-17 17:13:22,13763,4,0,29.99,9.49
14957,2014-04-17 17:28:03,13764,1,1,49.99,19.49
14958,2014-04-17 17:28:03,13764,4,0,29.99,9.49
14959,2014-04-17 18:27:39,13765,1,1,49.99,19.49
14960,2014-04-17 18:44:00,13766,1,1,49.99,19.49
14961,2014-04-17 18:50:54,13767,1,1,49.99,19.49
14962,2014-04-17 18:50:54,13767,4,0,29.99,9.49
14963,2014-04-17 18:59:14,13768,1,1,49.99,19.49
14964,2014-04-17 19:07:40,13769,1,1,49.99,19.49
14965,2014-04-17 19:18:16,13770,1,1,49.99,19.49
14966,2014-04-17 19:18:38,13771,3,1,45.99,14.49
14967,2014-04-17 19:23:34,13772,1,1,49.99,19.49
14968,2014-04-17 19:23:34,13772,4,0,29.99,9.49
14969,2014-04-17 19:51:47,13773,1,1,49.99,19.49
14970,2014-04-17 20:10:00,13774,1,1,49.99,19.49
14971,2014-04-17 20:10:00,13774,4,0,29.99,9.49
14972,2014-04-17 20:22:03,13775,1,1,49.99,19.49
14973,2014-04-17 22:41:11,13776,3,1,45.99,14.49
14974,2014-04-17 23:24:32,13777,1,1,49.99,19.49
14975,2014-04-18 00:02:24,13778,1,1,49.99,19.49
14976,2014-04-18 00:02:24,13778,3,0,45.99,14.49
14977,2014-04-18 00:10:12,13779,1,1,49.99,19.49
14978,2014-04-18 00:31:40,13780,1,1,49.99,19.49
14979,2014-04-18 00:31:40,13780,4,0,29.99,9.49
14980,2014-04-18 01:11:08,13781,1,1,49.99,19.49
14981,2014-04-18 01:11:26,13782,1,1,49.99,19.49
14982,2014-04-18 02:38:18,13783,1,1,49.99,19.49
14983,2014-04-18 04:40:12,13784,1,1,49.99,19.49
14984,2014-04-18 04:40:12,13784,4,0,29.99,9.49
14985,2014-04-18 06:16:26,13785,1,1,49.99,19.49
14986,2014-04-18 06:39:41,13786,1,1,49.99,19.49
14987,2014-04-18 06:39:41,13786,3,0,45.99,14.49
14988,2014-04-18 06:56:26,13787,2,1,59.99,22.49
14989,2014-04-18 06:56:26,13787,4,0,29.99,9.49
14990,2014-04-18 07:10:46,13788,1,1,49.99,19.49
14991,2014-04-18 08:11:47,13789,1,1,49.99,19.49
14992,2014-04-18 08:11:47,13789,4,0,29.99,9.49
14993,2014-04-18 08:13:47,13790,3,1,45.99,14.49
14994,2014-04-18 09:45:23,13791,1,1,49.99,19.49
14995,2014-04-18 09:45:23,13791,3,0,45.99,14.49
14996,2014-04-18 09:55:36,13792,2,1,59.99,22.49
14997,2014-04-18 09:58:37,13793,1,1,49.99,19.49
14998,2014-04-18 09:58:37,13793,4,0,29.99,9.49
14999,2014-04-18 10:07:36,13794,1,1,49.99,19.49
15000,2014-04-18 10:07:36,13794,4,0,29.99,9.49
15001,2014-04-18 10:11:31,13795,1,1,49.99,19.49
15002,2014-04-18 10:37:11,13796,3,1,45.99,14.49
15003,2014-04-18 10:37:11,13796,1,0,49.99,19.49
15004,2014-04-18 10:45:24,13797,2,1,59.99,22.49
15005,2014-04-18 11:08:08,13798,1,1,49.99,19.49
15006,2014-04-18 11:14:20,13799,1,1,49.99,19.49
15007,2014-04-18 11:14:20,13799,4,0,29.99,9.49
15008,2014-04-18 11:29:40,13800,1,1,49.99,19.49
15009,2014-04-18 11:29:40,13800,4,0,29.99,9.49
15010,2014-04-18 11:57:05,13801,2,1,59.99,22.49
15011,2014-04-18 11:57:42,13802,2,1,59.99,22.49
15012,2014-04-18 11:58:27,13803,3,1,45.99,14.49
15013,2014-04-18 11:58:27,13803,4,0,29.99,9.49
15014,2014-04-18 12:15:50,13804,1,1,49.99,19.49
15015,2014-04-18 13:24:32,13805,2,1,59.99,22.49
15016,2014-04-18 13:44:42,13806,1,1,49.99,19.49
15017,2014-04-18 13:58:22,13807,1,1,49.99,19.49
15018,2014-04-18 14:50:53,13808,1,1,49.99,19.49
15019,2014-04-18 15:05:40,13809,1,1,49.99,19.49
15020,2014-04-18 15:12:07,13810,1,1,49.99,19.49
15021,2014-04-18 15:12:07,13810,4,0,29.99,9.49
15022,2014-04-18 15:50:22,13811,2,1,59.99,22.49
15023,2014-04-18 15:57:40,13812,3,1,45.99,14.49
15024,2014-04-18 15:57:40,13812,4,0,29.99,9.49
15025,2014-04-18 16:10:13,13813,1,1,49.99,19.49
15026,2014-04-18 16:42:00,13814,1,1,49.99,19.49
15027,2014-04-18 16:51:57,13815,1,1,49.99,19.49
15028,2014-04-18 16:54:33,13816,1,1,49.99,19.49
15029,2014-04-18 16:54:33,13816,4,0,29.99,9.49
15030,2014-04-18 16:59:11,13817,1,1,49.99,19.49
15031,2014-04-18 16:59:11,13817,3,0,45.99,14.49
15032,2014-04-18 17:01:38,13818,1,1,49.99,19.49
15033,2014-04-18 19:07:01,13819,1,1,49.99,19.49
15034,2014-04-18 19:19:54,13820,1,1,49.99,19.49
15035,2014-04-18 19:39:20,13821,1,1,49.99,19.49
15036,2014-04-18 19:39:20,13821,4,0,29.99,9.49
15037,2014-04-18 19:41:55,13822,1,1,49.99,19.49
15038,2014-04-18 19:41:55,13822,2,0,59.99,22.49
15039,2014-04-18 19:46:26,13823,1,1,49.99,19.49
15040,2014-04-18 20:12:16,13824,2,1,59.99,22.49
15041,2014-04-18 20:12:16,13824,3,0,45.99,14.49
15042,2014-04-18 20:47:09,13825,2,1,59.99,22.49
15043,2014-04-18 22:16:45,13826,1,1,49.99,19.49
15044,2014-04-18 23:27:55,13827,1,1,49.99,19.49
15045,2014-04-18 23:27:55,13827,3,0,45.99,14.49
15046,2014-04-18 23:42:26,13828,2,1,59.99,22.49
15047,2014-04-18 23:42:26,13828,4,0,29.99,9.49
15048,2014-04-19 00:34:42,13829,1,1,49.99,19.49
15049,2014-04-19 00:34:42,13829,4,0,29.99,9.49
15050,2014-04-19 01:53:45,13830,3,1,45.99,14.49
15051,2014-04-19 04:18:03,13831,1,1,49.99,19.49
15052,2014-04-19 04:28:13,13832,1,1,49.99,19.49
15053,2014-04-19 04:28:13,13832,4,0,29.99,9.49
15054,2014-04-19 09:05:38,13833,1,1,49.99,19.49
15055,2014-04-19 10:32:11,13834,1,1,49.99,19.49
15056,2014-04-19 10:32:11,13834,4,0,29.99,9.49
15057,2014-04-19 10:44:14,13835,1,1,49.99,19.49
15058,2014-04-19 11:29:13,13836,1,1,49.99,19.49
15059,2014-04-19 11:33:15,13837,1,1,49.99,19.49
15060,2014-04-19 11:33:15,13837,4,0,29.99,9.49
15061,2014-04-19 12:21:09,13838,1,1,49.99,19.49
15062,2014-04-19 13:59:34,13839,1,1,49.99,19.49
15063,2014-04-19 14:12:13,13840,1,1,49.99,19.49
15064,2014-04-19 14:27:46,13841,3,1,45.99,14.49
15065,2014-04-19 16:11:17,13842,1,1,49.99,19.49
15066,2014-04-19 16:26:13,13843,1,1,49.99,19.49
15067,2014-04-19 17:35:32,13844,1,1,49.99,19.49
15068,2014-04-19 17:35:32,13844,4,0,29.99,9.49
15069,2014-04-19 17:36:06,13845,2,1,59.99,22.49
15070,2014-04-19 19:27:38,13846,3,1,45.99,14.49
15071,2014-04-19 19:27:38,13846,4,0,29.99,9.49
15072,2014-04-19 20:54:25,13847,1,1,49.99,19.49
15073,2014-04-19 20:54:25,13847,4,0,29.99,9.49
15074,2014-04-19 21:23:57,13848,1,1,49.99,19.49
15075,2014-04-19 21:23:57,13848,4,0,29.99,9.49
15076,2014-04-19 21:29:41,13849,1,1,49.99,19.49
15077,2014-04-19 23:24:04,13850,1,1,49.99,19.49
15078,2014-04-20 00:04:10,13851,3,1,45.99,14.49
15079,2014-04-20 00:04:10,13851,4,0,29.99,9.49
15080,2014-04-20 00:11:06,13852,1,1,49.99,19.49
15081,2014-04-20 00:12:20,13853,1,1,49.99,19.49
15082,2014-04-20 01:02:46,13854,1,1,49.99,19.49
15083,2014-04-20 02:28:12,13855,1,1,49.99,19.49
15084,2014-04-20 02:28:12,13855,4,0,29.99,9.49
15085,2014-04-20 02:41:36,13856,2,1,59.99,22.49
15086,2014-04-20 06:20:53,13857,2,1,59.99,22.49
15087,2014-04-20 06:20:53,13857,4,0,29.99,9.49
15088,2014-04-20 09:06:31,13858,1,1,49.99,19.49
15089,2014-04-20 12:17:01,13859,1,1,49.99,19.49
15090,2014-04-20 12:30:49,13860,3,1,45.99,14.49
15091,2014-04-20 12:30:49,13860,4,0,29.99,9.49
15092,2014-04-20 14:35:54,13861,1,1,49.99,19.49
15093,2014-04-20 14:35:54,13861,4,0,29.99,9.49
15094,2014-04-20 14:41:40,13862,3,1,45.99,14.49
15095,2014-04-20 14:41:40,13862,4,0,29.99,9.49
15096,2014-04-20 18:09:01,13863,1,1,49.99,19.49
15097,2014-04-20 18:09:01,13863,4,0,29.99,9.49
15098,2014-04-20 19:00:26,13864,1,1,49.99,19.49
15099,2014-04-20 19:00:26,13864,4,0,29.99,9.49
15100,2014-04-20 19:53:54,13865,1,1,49.99,19.49
15101,2014-04-20 19:53:54,13865,2,0,59.99,22.49
15102,2014-04-20 20:20:11,13866,1,1,49.99,19.49
15103,2014-04-20 20:20:57,13867,1,1,49.99,19.49
15104,2014-04-20 21:28:25,13868,1,1,49.99,19.49
15105,2014-04-20 22:02:23,13869,1,1,49.99,19.49
15106,2014-04-20 22:03:48,13870,1,1,49.99,19.49
15107,2014-04-20 22:03:48,13870,4,0,29.99,9.49
15108,2014-04-20 22:09:53,13871,1,1,49.99,19.49
15109,2014-04-20 22:34:03,13872,1,1,49.99,19.49
15110,2014-04-20 22:34:03,13872,4,0,29.99,9.49
15111,2014-04-20 23:11:37,13873,1,1,49.99,19.49
15112,2014-04-20 23:11:37,13873,2,0,59.99,22.49
15113,2014-04-20 23:57:39,13874,3,1,45.99,14.49
15114,2014-04-20 23:57:39,13874,4,0,29.99,9.49
15115,2014-04-21 00:10:39,13875,1,1,49.99,19.49
15116,2014-04-21 00:28:27,13876,1,1,49.99,19.49
15117,2014-04-21 01:36:45,13877,1,1,49.99,19.49
15118,2014-04-21 01:36:45,13877,3,0,45.99,14.49
15119,2014-04-21 01:54:09,13878,1,1,49.99,19.49
15120,2014-04-21 01:54:09,13878,4,0,29.99,9.49
15121,2014-04-21 02:40:42,13879,2,1,59.99,22.49
15122,2014-04-21 02:40:42,13879,4,0,29.99,9.49
15123,2014-04-21 02:52:33,13880,1,1,49.99,19.49
15124,2014-04-21 03:00:01,13881,1,1,49.99,19.49
15125,2014-04-21 04:36:13,13882,1,1,49.99,19.49
15126,2014-04-21 05:12:04,13883,3,1,45.99,14.49
15127,2014-04-21 05:31:47,13884,3,1,45.99,14.49
15128,2014-04-21 07:35:49,13885,1,1,49.99,19.49
15129,2014-04-21 07:41:02,13886,1,1,49.99,19.49
15130,2014-04-21 07:41:02,13886,2,0,59.99,22.49
15131,2014-04-21 07:42:33,13887,3,1,45.99,14.49
15132,2014-04-21 09:09:36,13888,1,1,49.99,19.49
15133,2014-04-21 09:28:50,13889,2,1,59.99,22.49
15134,2014-04-21 09:29:15,13890,2,1,59.99,22.49
15135,2014-04-21 09:29:15,13890,4,0,29.99,9.49
15136,2014-04-21 09:50:50,13891,1,1,49.99,19.49
15137,2014-04-21 10:01:55,13892,1,1,49.99,19.49
15138,2014-04-21 10:12:08,13893,1,1,49.99,19.49
15139,2014-04-21 10:12:08,13893,4,0,29.99,9.49
15140,2014-04-21 10:31:26,13894,3,1,45.99,14.49
15141,2014-04-21 10:47:14,13895,1,1,49.99,19.49
15142,2014-04-21 11:12:07,13896,2,1,59.99,22.49
15143,2014-04-21 11:33:54,13897,1,1,49.99,19.49
15144,2014-04-21 11:50:02,13898,1,1,49.99,19.49
15145,2014-04-21 11:50:02,13898,3,0,45.99,14.49
15146,2014-04-21 11:58:26,13899,1,1,49.99,19.49
15147,2014-04-21 12:04:27,13900,1,1,49.99,19.49
15148,2014-04-21 12:04:27,13900,4,0,29.99,9.49
15149,2014-04-21 12:14:21,13901,1,1,49.99,19.49
15150,2014-04-21 12:20:50,13902,1,1,49.99,19.49
15151,2014-04-21 12:20:50,13902,3,0,45.99,14.49
15152,2014-04-21 12:39:20,13903,1,1,49.99,19.49
15153,2014-04-21 12:39:20,13903,2,0,59.99,22.49
15154,2014-04-21 12:58:11,13904,1,1,49.99,19.49
15155,2014-04-21 13:13:16,13905,1,1,49.99,19.49
15156,2014-04-21 13:13:16,13905,4,0,29.99,9.49
15157,2014-04-21 13:25:52,13906,1,1,49.99,19.49
15158,2014-04-21 13:29:21,13907,2,1,59.99,22.49
15159,2014-04-21 13:49:39,13908,1,1,49.99,19.49
15160,2014-04-21 14:38:31,13909,1,1,49.99,19.49
15161,2014-04-21 15:10:48,13910,1,1,49.99,19.49
15162,2014-04-21 15:10:48,13910,3,0,45.99,14.49
15163,2014-04-21 15:35:02,13911,1,1,49.99,19.49
15164,2014-04-21 15:35:02,13911,4,0,29.99,9.49
15165,2014-04-21 16:18:45,13912,1,1,49.99,19.49
15166,2014-04-21 16:59:02,13913,1,1,49.99,19.49
15167,2014-04-21 17:07:25,13914,1,1,49.99,19.49
15168,2014-04-21 17:26:23,13915,1,1,49.99,19.49
15169,2014-04-21 17:59:56,13916,1,1,49.99,19.49
15170,2014-04-21 17:59:56,13916,2,0,59.99,22.49
15171,2014-04-21 18:44:18,13917,1,1,49.99,19.49
15172,2014-04-21 18:48:23,13918,1,1,49.99,19.49
15173,2014-04-21 18:48:23,13918,4,0,29.99,9.49
15174,2014-04-21 19:03:33,13919,1,1,49.99,19.49
15175,2014-04-21 19:37:09,13920,1,1,49.99,19.49
15176,2014-04-21 20:03:59,13921,1,1,49.99,19.49
15177,2014-04-21 20:07:47,13922,1,1,49.99,19.49
15178,2014-04-21 20:07:47,13922,4,0,29.99,9.49
15179,2014-04-21 21:03:32,13923,1,1,49.99,19.49
15180,2014-04-21 21:17:46,13924,1,1,49.99,19.49
15181,2014-04-21 21:49:54,13925,1,1,49.99,19.49
15182,2014-04-21 22:20:09,13926,1,1,49.99,19.49
15183,2014-04-21 22:23:54,13927,3,1,45.99,14.49
15184,2014-04-21 22:23:54,13927,4,0,29.99,9.49
15185,2014-04-22 01:15:18,13928,1,1,49.99,19.49
15186,2014-04-22 04:17:26,13929,1,1,49.99,19.49
15187,2014-04-22 04:17:26,13929,4,0,29.99,9.49
15188,2014-04-22 06:03:35,13930,1,1,49.99,19.49
15189,2014-04-22 06:40:41,13931,1,1,49.99,19.49
15190,2014-04-22 09:00:22,13932,1,1,49.99,19.49
15191,2014-04-22 09:08:32,13933,1,1,49.99,19.49
15192,2014-04-22 09:13:07,13934,1,1,49.99,19.49
15193,2014-04-22 09:25:24,13935,1,1,49.99,19.49
15194,2014-04-22 09:25:24,13935,2,0,59.99,22.49
15195,2014-04-22 09:51:11,13936,1,1,49.99,19.49
15196,2014-04-22 10:30:37,13937,1,1,49.99,19.49
15197,2014-04-22 10:34:31,13938,1,1,49.99,19.49
15198,2014-04-22 10:46:16,13939,3,1,45.99,14.49
15199,2014-04-22 10:46:16,13939,4,0,29.99,9.49
15200,2014-04-22 11:01:24,13940,1,1,49.99,19.49
15201,2014-04-22 11:13:59,13941,1,1,49.99,19.49
15202,2014-04-22 11:13:59,13941,4,0,29.99,9.49
15203,2014-04-22 12:05:20,13942,2,1,59.99,22.49
15204,2014-04-22 12:10:02,13943,1,1,49.99,19.49
15205,2014-04-22 12:12:26,13944,3,1,45.99,14.49
15206,2014-04-22 13:14:41,13945,2,1,59.99,22.49
15207,2014-04-22 13:19:08,13946,3,1,45.99,14.49
15208,2014-04-22 13:28:26,13947,1,1,49.99,19.49
15209,2014-04-22 13:38:20,13948,1,1,49.99,19.49
15210,2014-04-22 14:22:18,13949,1,1,49.99,19.49
15211,2014-04-22 14:22:18,13949,4,0,29.99,9.49
15212,2014-04-22 14:33:50,13950,1,1,49.99,19.49
15213,2014-04-22 14:43:17,13951,3,1,45.99,14.49
15214,2014-04-22 14:43:17,13951,4,0,29.99,9.49
15215,2014-04-22 15:09:15,13952,1,1,49.99,19.49
15216,2014-04-22 15:15:37,13953,1,1,49.99,19.49
15217,2014-04-22 15:16:03,13954,1,1,49.99,19.49
15218,2014-04-22 16:06:13,13955,1,1,49.99,19.49
15219,2014-04-22 16:06:13,13955,4,0,29.99,9.49
15220,2014-04-22 16:29:25,13956,1,1,49.99,19.49
15221,2014-04-22 16:33:04,13957,1,1,49.99,19.49
15222,2014-04-22 16:39:53,13958,1,1,49.99,19.49
15223,2014-04-22 16:42:56,13959,2,1,59.99,22.49
15224,2014-04-22 16:53:17,13960,1,1,49.99,19.49
15225,2014-04-22 17:19:30,13961,3,1,45.99,14.49
15226,2014-04-22 17:32:37,13962,3,1,45.99,14.49
15227,2014-04-22 17:45:49,13963,1,1,49.99,19.49
15228,2014-04-22 17:45:49,13963,2,0,59.99,22.49
15229,2014-04-22 18:03:16,13964,1,1,49.99,19.49
15230,2014-04-22 22:48:00,13965,1,1,49.99,19.49
15231,2014-04-22 23:22:50,13966,1,1,49.99,19.49
15232,2014-04-22 23:44:16,13967,1,1,49.99,19.49
15233,2014-04-23 01:11:46,13968,1,1,49.99,19.49
15234,2014-04-23 01:11:46,13968,4,0,29.99,9.49
15235,2014-04-23 02:07:33,13969,2,1,59.99,22.49
15236,2014-04-23 03:21:15,13970,1,1,49.99,19.49
15237,2014-04-23 03:21:15,13970,4,0,29.99,9.49
15238,2014-04-23 06:31:49,13971,1,1,49.99,19.49
15239,2014-04-23 07:16:13,13972,2,1,59.99,22.49
15240,2014-04-23 08:08:11,13973,1,1,49.99,19.49
15241,2014-04-23 08:19:21,13974,1,1,49.99,19.49
15242,2014-04-23 08:22:49,13975,1,1,49.99,19.49
15243,2014-04-23 08:32:25,13976,2,1,59.99,22.49
15244,2014-04-23 08:42:31,13977,1,1,49.99,19.49
15245,2014-04-23 08:42:31,13977,4,0,29.99,9.49
15246,2014-04-23 09:04:42,13978,1,1,49.99,19.49
15247,2014-04-23 09:18:36,13979,1,1,49.99,19.49
15248,2014-04-23 09:18:36,13979,4,0,29.99,9.49
15249,2014-04-23 09:23:29,13980,2,1,59.99,22.49
15250,2014-04-23 09:23:37,13981,3,1,45.99,14.49
15251,2014-04-23 09:40:24,13982,1,1,49.99,19.49
15252,2014-04-23 09:41:13,13983,1,1,49.99,19.49
15253,2014-04-23 09:45:13,13984,1,1,49.99,19.49
15254,2014-04-23 09:45:13,13984,4,0,29.99,9.49
15255,2014-04-23 09:54:25,13985,2,1,59.99,22.49
15256,2014-04-23 10:17:42,13986,3,1,45.99,14.49
15257,2014-04-23 10:29:31,13987,1,1,49.99,19.49
15258,2014-04-23 10:29:31,13987,4,0,29.99,9.49
15259,2014-04-23 10:31:58,13988,1,1,49.99,19.49
15260,2014-04-23 11:01:41,13989,2,1,59.99,22.49
15261,2014-04-23 11:03:06,13990,3,1,45.99,14.49
15262,2014-04-23 11:19:50,13991,1,1,49.99,19.49
15263,2014-04-23 11:31:22,13992,1,1,49.99,19.49
15264,2014-04-23 11:31:25,13993,1,1,49.99,19.49
15265,2014-04-23 11:42:18,13994,1,1,49.99,19.49
15266,2014-04-23 11:42:18,13994,4,0,29.99,9.49
15267,2014-04-23 11:54:56,13995,1,1,49.99,19.49
15268,2014-04-23 11:54:56,13995,3,0,45.99,14.49
15269,2014-04-23 12:16:29,13996,1,1,49.99,19.49
15270,2014-04-23 12:24:12,13997,1,1,49.99,19.49
15271,2014-04-23 12:24:12,13997,4,0,29.99,9.49
15272,2014-04-23 12:27:27,13998,3,1,45.99,14.49
15273,2014-04-23 13:12:17,13999,3,1,45.99,14.49
15274,2014-04-23 13:13:51,14000,2,1,59.99,22.49
15275,2014-04-23 13:22:00,14001,1,1,49.99,19.49
15276,2014-04-23 13:29:55,14002,3,1,45.99,14.49
15277,2014-04-23 13:29:55,14002,4,0,29.99,9.49
15278,2014-04-23 13:34:25,14003,3,1,45.99,14.49
15279,2014-04-23 13:34:25,14003,4,0,29.99,9.49
15280,2014-04-23 13:57:16,14004,1,1,49.99,19.49
15281,2014-04-23 14:04:24,14005,1,1,49.99,19.49
15282,2014-04-23 14:14:53,14006,1,1,49.99,19.49
15283,2014-04-23 14:19:16,14007,1,1,49.99,19.49
15284,2014-04-23 14:19:16,14007,4,0,29.99,9.49
15285,2014-04-23 14:26:35,14008,1,1,49.99,19.49
15286,2014-04-23 14:26:35,14008,4,0,29.99,9.49
15287,2014-04-23 15:21:53,14009,3,1,45.99,14.49
15288,2014-04-23 15:48:07,14010,1,1,49.99,19.49
15289,2014-04-23 15:48:07,14010,4,0,29.99,9.49
15290,2014-04-23 16:00:55,14011,3,1,45.99,14.49
15291,2014-04-23 16:31:04,14012,1,1,49.99,19.49
15292,2014-04-23 16:33:11,14013,2,1,59.99,22.49
15293,2014-04-23 16:33:11,14013,4,0,29.99,9.49
15294,2014-04-23 16:38:26,14014,1,1,49.99,19.49
15295,2014-04-23 16:42:00,14015,3,1,45.99,14.49
15296,2014-04-23 16:43:34,14016,1,1,49.99,19.49
15297,2014-04-23 16:43:34,14016,4,0,29.99,9.49
15298,2014-04-23 16:50:14,14017,1,1,49.99,19.49
15299,2014-04-23 16:50:14,14017,3,0,45.99,14.49
15300,2014-04-23 17:07:37,14018,1,1,49.99,19.49
15301,2014-04-23 17:30:44,14019,1,1,49.99,19.49
15302,2014-04-23 17:30:44,14019,4,0,29.99,9.49
15303,2014-04-23 17:57:04,14020,2,1,59.99,22.49
15304,2014-04-23 17:57:04,14020,4,0,29.99,9.49
15305,2014-04-23 18:03:58,14021,1,1,49.99,19.49
15306,2014-04-23 18:03:58,14021,4,0,29.99,9.49
15307,2014-04-23 19:21:36,14022,1,1,49.99,19.49
15308,2014-04-23 19:26:07,14023,1,1,49.99,19.49
15309,2014-04-23 19:26:07,14023,4,0,29.99,9.49
15310,2014-04-23 19:27:17,14024,1,1,49.99,19.49
15311,2014-04-23 19:32:55,14025,1,1,49.99,19.49
15312,2014-04-23 20:08:04,14026,1,1,49.99,19.49
15313,2014-04-23 20:47:55,14027,1,1,49.99,19.49
15314,2014-04-23 20:47:55,14027,4,0,29.99,9.49
15315,2014-04-23 20:49:38,14028,2,1,59.99,22.49
15316,2014-04-23 21:05:23,14029,1,1,49.99,19.49
15317,2014-04-23 21:07:29,14030,2,1,59.99,22.49
15318,2014-04-23 21:07:29,14030,1,0,49.99,19.49
15319,2014-04-23 21:21:37,14031,1,1,49.99,19.49
15320,2014-04-23 21:21:37,14031,2,0,59.99,22.49
15321,2014-04-23 22:03:43,14032,3,1,45.99,14.49
15322,2014-04-23 22:03:43,14032,4,0,29.99,9.49
15323,2014-04-23 22:45:30,14033,2,1,59.99,22.49
15324,2014-04-23 22:52:15,14034,1,1,49.99,19.49
15325,2014-04-23 22:52:15,14034,4,0,29.99,9.49
15326,2014-04-23 23:25:33,14035,1,1,49.99,19.49
15327,2014-04-23 23:25:33,14035,3,0,45.99,14.49
15328,2014-04-24 00:09:01,14036,1,1,49.99,19.49
15329,2014-04-24 00:09:01,14036,4,0,29.99,9.49
15330,2014-04-24 00:43:34,14037,1,1,49.99,19.49
15331,2014-04-24 00:43:34,14037,4,0,29.99,9.49
15332,2014-04-24 01:15:54,14038,1,1,49.99,19.49
15333,2014-04-24 03:20:52,14039,1,1,49.99,19.49
15334,2014-04-24 03:47:32,14040,1,1,49.99,19.49
15335,2014-04-24 04:01:56,14041,1,1,49.99,19.49
15336,2014-04-24 04:31:43,14042,1,1,49.99,19.49
15337,2014-04-24 05:14:07,14043,1,1,49.99,19.49
15338,2014-04-24 06:00:46,14044,1,1,49.99,19.49
15339,2014-04-24 06:29:28,14045,3,1,45.99,14.49
15340,2014-04-24 07:07:44,14046,1,1,49.99,19.49
15341,2014-04-24 07:17:10,14047,1,1,49.99,19.49
15342,2014-04-24 07:17:10,14047,3,0,45.99,14.49
15343,2014-04-24 07:19:11,14048,1,1,49.99,19.49
15344,2014-04-24 07:19:11,14048,4,0,29.99,9.49
15345,2014-04-24 08:39:41,14049,1,1,49.99,19.49
15346,2014-04-24 08:39:41,14049,4,0,29.99,9.49
15347,2014-04-24 08:57:24,14050,1,1,49.99,19.49
15348,2014-04-24 09:44:28,14051,1,1,49.99,19.49
15349,2014-04-24 11:31:30,14052,2,1,59.99,22.49
15350,2014-04-24 11:31:30,14052,4,0,29.99,9.49
15351,2014-04-24 11:36:35,14053,1,1,49.99,19.49
15352,2014-04-24 11:36:35,14053,4,0,29.99,9.49
15353,2014-04-24 11:42:44,14054,1,1,49.99,19.49
15354,2014-04-24 12:07:56,14055,1,1,49.99,19.49
15355,2014-04-24 12:07:56,14055,3,0,45.99,14.49
15356,2014-04-24 12:11:31,14056,1,1,49.99,19.49
15357,2014-04-24 12:11:31,14056,4,0,29.99,9.49
15358,2014-04-24 12:36:38,14057,3,1,45.99,14.49
15359,2014-04-24 12:47:42,14058,1,1,49.99,19.49
15360,2014-04-24 12:47:42,14058,4,0,29.99,9.49
15361,2014-04-24 12:49:19,14059,1,1,49.99,19.49
15362,2014-04-24 12:49:19,14059,4,0,29.99,9.49
15363,2014-04-24 13:04:55,14060,3,1,45.99,14.49
15364,2014-04-24 13:04:55,14060,4,0,29.99,9.49
15365,2014-04-24 13:44:26,14061,3,1,45.99,14.49
15366,2014-04-24 13:44:26,14061,4,0,29.99,9.49
15367,2014-04-24 13:53:06,14062,1,1,49.99,19.49
15368,2014-04-24 14:00:24,14063,1,1,49.99,19.49
15369,2014-04-24 14:03:47,14064,1,1,49.99,19.49
15370,2014-04-24 14:03:47,14064,4,0,29.99,9.49
15371,2014-04-24 14:09:15,14065,1,1,49.99,19.49
15372,2014-04-24 14:10:45,14066,1,1,49.99,19.49
15373,2014-04-24 15:11:16,14067,1,1,49.99,19.49
15374,2014-04-24 15:23:52,14068,1,1,49.99,19.49
15375,2014-04-24 15:49:30,14069,2,1,59.99,22.49
15376,2014-04-24 15:49:30,14069,1,0,49.99,19.49
15377,2014-04-24 16:07:19,14070,3,1,45.99,14.49
15378,2014-04-24 16:07:19,14070,4,0,29.99,9.49
15379,2014-04-24 16:12:53,14071,1,1,49.99,19.49
15380,2014-04-24 16:36:57,14072,2,1,59.99,22.49
15381,2014-04-24 16:48:34,14073,1,1,49.99,19.49
15382,2014-04-24 17:05:36,14074,1,1,49.99,19.49
15383,2014-04-24 17:08:33,14075,1,1,49.99,19.49
15384,2014-04-24 17:08:33,14075,3,0,45.99,14.49
15385,2014-04-24 17:38:38,14076,1,1,49.99,19.49
15386,2014-04-24 17:39:12,14077,1,1,49.99,19.49
15387,2014-04-24 17:42:52,14078,1,1,49.99,19.49
15388,2014-04-24 18:17:38,14079,1,1,49.99,19.49
15389,2014-04-24 18:28:13,14080,1,1,49.99,19.49
15390,2014-04-24 18:28:13,14080,4,0,29.99,9.49
15391,2014-04-24 18:32:30,14081,3,1,45.99,14.49
15392,2014-04-24 18:32:30,14081,4,0,29.99,9.49
15393,2014-04-24 18:39:46,14082,1,1,49.99,19.49
15394,2014-04-24 18:39:46,14082,2,0,59.99,22.49
15395,2014-04-24 19:54:44,14083,1,1,49.99,19.49
15396,2014-04-24 21:22:52,14084,1,1,49.99,19.49
15397,2014-04-24 21:22:52,14084,4,0,29.99,9.49
15398,2014-04-24 21:39:26,14085,1,1,49.99,19.49
15399,2014-04-24 22:02:19,14086,1,1,49.99,19.49
15400,2014-04-24 22:03:12,14087,1,1,49.99,19.49
15401,2014-04-24 22:03:12,14087,2,0,59.99,22.49
15402,2014-04-24 23:53:03,14088,1,1,49.99,19.49
15403,2014-04-24 23:53:03,14088,3,0,45.99,14.49
15404,2014-04-25 01:43:04,14089,1,1,49.99,19.49
15405,2014-04-25 01:43:04,14089,4,0,29.99,9.49
15406,2014-04-25 01:59:57,14090,3,1,45.99,14.49
15407,2014-04-25 01:59:57,14090,4,0,29.99,9.49
15408,2014-04-25 02:28:58,14091,1,1,49.99,19.49
15409,2014-04-25 02:28:58,14091,3,0,45.99,14.49
15410,2014-04-25 03:01:00,14092,1,1,49.99,19.49
15411,2014-04-25 03:14:59,14093,1,1,49.99,19.49
15412,2014-04-25 04:42:39,14094,1,1,49.99,19.49
15413,2014-04-25 08:22:31,14095,3,1,45.99,14.49
15414,2014-04-25 08:39:41,14096,1,1,49.99,19.49
15415,2014-04-25 08:40:17,14097,1,1,49.99,19.49
15416,2014-04-25 08:40:17,14097,4,0,29.99,9.49
15417,2014-04-25 08:57:24,14098,1,1,49.99,19.49
15418,2014-04-25 09:04:39,14099,1,1,49.99,19.49
15419,2014-04-25 09:04:39,14099,4,0,29.99,9.49
15420,2014-04-25 09:20:31,14100,1,1,49.99,19.49
15421,2014-04-25 09:39:23,14101,1,1,49.99,19.49
15422,2014-04-25 09:52:01,14102,1,1,49.99,19.49
15423,2014-04-25 09:52:01,14102,4,0,29.99,9.49
15424,2014-04-25 09:53:41,14103,1,1,49.99,19.49
15425,2014-04-25 10:11:26,14104,1,1,49.99,19.49
15426,2014-04-25 10:11:26,14104,4,0,29.99,9.49
15427,2014-04-25 10:18:23,14105,1,1,49.99,19.49
15428,2014-04-25 10:56:06,14106,1,1,49.99,19.49
15429,2014-04-25 11:43:29,14107,1,1,49.99,19.49
15430,2014-04-25 11:57:00,14108,2,1,59.99,22.49
15431,2014-04-25 12:05:29,14109,2,1,59.99,22.49
15432,2014-04-25 12:07:04,14110,1,1,49.99,19.49
15433,2014-04-25 13:05:03,14111,1,1,49.99,19.49
15434,2014-04-25 13:05:03,14111,2,0,59.99,22.49
15435,2014-04-25 13:10:39,14112,1,1,49.99,19.49
15436,2014-04-25 13:13:05,14113,1,1,49.99,19.49
15437,2014-04-25 13:22:42,14114,1,1,49.99,19.49
15438,2014-04-25 13:52:53,14115,3,1,45.99,14.49
15439,2014-04-25 13:52:53,14115,4,0,29.99,9.49
15440,2014-04-25 14:12:36,14116,1,1,49.99,19.49
15441,2014-04-25 14:25:43,14117,1,1,49.99,19.49
15442,2014-04-25 14:25:43,14117,4,0,29.99,9.49
15443,2014-04-25 14:31:22,14118,1,1,49.99,19.49
15444,2014-04-25 14:36:08,14119,1,1,49.99,19.49
15445,2014-04-25 14:36:08,14119,3,0,45.99,14.49
15446,2014-04-25 14:54:43,14120,3,1,45.99,14.49
15447,2014-04-25 14:54:43,14120,2,0,59.99,22.49
15448,2014-04-25 15:28:20,14121,2,1,59.99,22.49
15449,2014-04-25 15:57:46,14122,3,1,45.99,14.49
15450,2014-04-25 15:59:06,14123,1,1,49.99,19.49
15451,2014-04-25 15:59:06,14123,2,0,59.99,22.49
15452,2014-04-25 17:00:02,14124,1,1,49.99,19.49
15453,2014-04-25 17:00:02,14124,4,0,29.99,9.49
15454,2014-04-25 17:17:37,14125,1,1,49.99,19.49
15455,2014-04-25 17:17:37,14125,4,0,29.99,9.49
15456,2014-04-25 18:03:52,14126,1,1,49.99,19.49
15457,2014-04-25 18:06:21,14127,1,1,49.99,19.49
15458,2014-04-25 18:10:51,14128,3,1,45.99,14.49
15459,2014-04-25 18:52:28,14129,1,1,49.99,19.49
15460,2014-04-25 18:58:35,14130,1,1,49.99,19.49
15461,2014-04-25 19:55:29,14131,1,1,49.99,19.49
15462,2014-04-25 19:55:29,14131,4,0,29.99,9.49
15463,2014-04-25 20:50:16,14132,3,1,45.99,14.49
15464,2014-04-25 20:50:16,14132,4,0,29.99,9.49
15465,2014-04-25 21:15:46,14133,1,1,49.99,19.49
15466,2014-04-25 22:04:58,14134,1,1,49.99,19.49
15467,2014-04-25 22:04:58,14134,3,0,45.99,14.49
15468,2014-04-25 23:27:55,14135,2,1,59.99,22.49
15469,2014-04-25 23:29:46,14136,1,1,49.99,19.49
15470,2014-04-26 03:30:31,14137,1,1,49.99,19.49
15471,2014-04-26 04:39:00,14138,3,1,45.99,14.49
15472,2014-04-26 06:13:49,14139,1,1,49.99,19.49
15473,2014-04-26 07:33:11,14140,1,1,49.99,19.49
15474,2014-04-26 07:33:11,14140,2,0,59.99,22.49
15475,2014-04-26 11:01:20,14141,1,1,49.99,19.49
15476,2014-04-26 11:09:36,14142,3,1,45.99,14.49
15477,2014-04-26 11:11:30,14143,3,1,45.99,14.49
15478,2014-04-26 11:11:30,14143,4,0,29.99,9.49
15479,2014-04-26 11:34:09,14144,1,1,49.99,19.49
15480,2014-04-26 12:05:55,14145,3,1,45.99,14.49
15481,2014-04-26 13:13:51,14146,1,1,49.99,19.49
15482,2014-04-26 13:13:51,14146,4,0,29.99,9.49
15483,2014-04-26 13:37:22,14147,1,1,49.99,19.49
15484,2014-04-26 14:39:03,14148,1,1,49.99,19.49
15485,2014-04-26 15:20:24,14149,3,1,45.99,14.49
15486,2014-04-26 15:20:24,14149,4,0,29.99,9.49
15487,2014-04-26 16:16:59,14150,1,1,49.99,19.49
15488,2014-04-26 16:16:59,14150,3,0,45.99,14.49
15489,2014-04-26 17:37:12,14151,1,1,49.99,19.49
15490,2014-04-26 17:37:12,14151,2,0,59.99,22.49
15491,2014-04-26 17:51:10,14152,1,1,49.99,19.49
15492,2014-04-26 17:52:03,14153,1,1,49.99,19.49
15493,2014-04-26 17:59:02,14154,3,1,45.99,14.49
15494,2014-04-26 18:01:37,14155,3,1,45.99,14.49
15495,2014-04-26 18:01:37,14155,4,0,29.99,9.49
15496,2014-04-26 18:01:47,14156,1,1,49.99,19.49
15497,2014-04-26 18:01:47,14156,2,0,59.99,22.49
15498,2014-04-26 20:04:57,14157,1,1,49.99,19.49
15499,2014-04-26 20:35:32,14158,1,1,49.99,19.49
15500,2014-04-26 21:00:50,14159,2,1,59.99,22.49
15501,2014-04-26 22:56:05,14160,2,1,59.99,22.49
15502,2014-04-27 01:17:30,14161,1,1,49.99,19.49
15503,2014-04-27 04:15:34,14162,1,1,49.99,19.49
15504,2014-04-27 05:23:58,14163,3,1,45.99,14.49
15505,2014-04-27 05:23:58,14163,1,0,49.99,19.49
15506,2014-04-27 06:35:15,14164,1,1,49.99,19.49
15507,2014-04-27 06:35:15,14164,4,0,29.99,9.49
15508,2014-04-27 10:29:56,14165,3,1,45.99,14.49
15509,2014-04-27 10:32:30,14166,1,1,49.99,19.49
15510,2014-04-27 11:22:30,14167,2,1,59.99,22.49
15511,2014-04-27 12:16:48,14168,1,1,49.99,19.49
15512,2014-04-27 13:52:48,14169,1,1,49.99,19.49
15513,2014-04-27 13:52:48,14169,4,0,29.99,9.49
15514,2014-04-27 13:53:11,14170,1,1,49.99,19.49
15515,2014-04-27 13:53:11,14170,3,0,45.99,14.49
15516,2014-04-27 13:57:00,14171,1,1,49.99,19.49
15517,2014-04-27 15:32:54,14172,1,1,49.99,19.49
15518,2014-04-27 15:32:54,14172,4,0,29.99,9.49
15519,2014-04-27 16:38:42,14173,1,1,49.99,19.49
15520,2014-04-27 16:38:42,14173,4,0,29.99,9.49
15521,2014-04-27 17:44:37,14174,1,1,49.99,19.49
15522,2014-04-27 18:21:25,14175,2,1,59.99,22.49
15523,2014-04-27 18:55:45,14176,1,1,49.99,19.49
15524,2014-04-27 19:43:40,14177,1,1,49.99,19.49
15525,2014-04-27 20:08:12,14178,1,1,49.99,19.49
15526,2014-04-27 21:15:23,14179,2,1,59.99,22.49
15527,2014-04-27 21:48:00,14180,1,1,49.99,19.49
15528,2014-04-27 23:28:22,14181,2,1,59.99,22.49
15529,2014-04-28 00:59:47,14182,2,1,59.99,22.49
15530,2014-04-28 01:02:36,14183,3,1,45.99,14.49
15531,2014-04-28 01:27:12,14184,1,1,49.99,19.49
15532,2014-04-28 01:44:04,14185,1,1,49.99,19.49
15533,2014-04-28 02:18:17,14186,1,1,49.99,19.49
15534,2014-04-28 02:18:17,14186,4,0,29.99,9.49
15535,2014-04-28 03:04:46,14187,1,1,49.99,19.49
15536,2014-04-28 04:13:51,14188,1,1,49.99,19.49
15537,2014-04-28 06:35:26,14189,1,1,49.99,19.49
15538,2014-04-28 06:35:26,14189,4,0,29.99,9.49
15539,2014-04-28 08:40:23,14190,1,1,49.99,19.49
15540,2014-04-28 08:40:23,14190,4,0,29.99,9.49
15541,2014-04-28 09:01:54,14191,2,1,59.99,22.49
15542,2014-04-28 09:05:59,14192,1,1,49.99,19.49
15543,2014-04-28 09:05:59,14192,4,0,29.99,9.49
15544,2014-04-28 09:21:20,14193,1,1,49.99,19.49
15545,2014-04-28 11:04:38,14194,2,1,59.99,22.49
15546,2014-04-28 11:04:38,14194,4,0,29.99,9.49
15547,2014-04-28 11:06:49,14195,1,1,49.99,19.49
15548,2014-04-28 11:06:49,14195,4,0,29.99,9.49
15549,2014-04-28 11:19:11,14196,1,1,49.99,19.49
15550,2014-04-28 12:04:56,14197,1,1,49.99,19.49
15551,2014-04-28 12:46:08,14198,1,1,49.99,19.49
15552,2014-04-28 12:46:08,14198,3,0,45.99,14.49
15553,2014-04-28 12:53:21,14199,2,1,59.99,22.49
15554,2014-04-28 13:02:37,14200,2,1,59.99,22.49
15555,2014-04-28 13:10:10,14201,1,1,49.99,19.49
15556,2014-04-28 13:12:41,14202,1,1,49.99,19.49
15557,2014-04-28 13:23:32,14203,1,1,49.99,19.49
15558,2014-04-28 13:23:32,14203,4,0,29.99,9.49
15559,2014-04-28 13:29:50,14204,1,1,49.99,19.49
15560,2014-04-28 13:48:52,14205,1,1,49.99,19.49
15561,2014-04-28 13:49:25,14206,1,1,49.99,19.49
15562,2014-04-28 13:54:10,14207,3,1,45.99,14.49
15563,2014-04-28 14:38:02,14208,2,1,59.99,22.49
15564,2014-04-28 14:38:02,14208,4,0,29.99,9.49
15565,2014-04-28 14:43:15,14209,1,1,49.99,19.49
15566,2014-04-28 15:16:29,14210,1,1,49.99,19.49
15567,2014-04-28 15:23:44,14211,1,1,49.99,19.49
15568,2014-04-28 15:23:44,14211,4,0,29.99,9.49
15569,2014-04-28 15:40:13,14212,1,1,49.99,19.49
15570,2014-04-28 15:54:17,14213,1,1,49.99,19.49
15571,2014-04-28 15:54:17,14213,3,0,45.99,14.49
15572,2014-04-28 16:20:40,14214,1,1,49.99,19.49
15573,2014-04-28 16:20:40,14214,2,0,59.99,22.49
15574,2014-04-28 16:20:44,14215,1,1,49.99,19.49
15575,2014-04-28 17:39:48,14216,1,1,49.99,19.49
15576,2014-04-28 18:14:32,14217,1,1,49.99,19.49
15577,2014-04-28 19:14:44,14218,1,1,49.99,19.49
15578,2014-04-28 19:24:46,14219,1,1,49.99,19.49
15579,2014-04-28 19:24:46,14219,2,0,59.99,22.49
15580,2014-04-28 19:37:12,14220,1,1,49.99,19.49
15581,2014-04-28 19:37:12,14220,4,0,29.99,9.49
15582,2014-04-28 20:07:16,14221,2,1,59.99,22.49
15583,2014-04-28 20:11:45,14222,2,1,59.99,22.49
15584,2014-04-28 20:42:16,14223,1,1,49.99,19.49
15585,2014-04-28 20:54:53,14224,1,1,49.99,19.49
15586,2014-04-28 22:09:45,14225,1,1,49.99,19.49
15587,2014-04-28 22:59:43,14226,1,1,49.99,19.49
15588,2014-04-29 00:46:25,14227,1,1,49.99,19.49
15589,2014-04-29 00:46:25,14227,3,0,45.99,14.49
15590,2014-04-29 03:33:13,14228,1,1,49.99,19.49
15591,2014-04-29 03:33:13,14228,2,0,59.99,22.49
15592,2014-04-29 04:00:56,14229,1,1,49.99,19.49
15593,2014-04-29 05:24:31,14230,1,1,49.99,19.49
15594,2014-04-29 05:24:31,14230,4,0,29.99,9.49
15595,2014-04-29 06:01:28,14231,1,1,49.99,19.49
15596,2014-04-29 07:14:24,14232,2,1,59.99,22.49
15597,2014-04-29 07:23:51,14233,1,1,49.99,19.49
15598,2014-04-29 07:45:04,14234,1,1,49.99,19.49
15599,2014-04-29 07:47:53,14235,2,1,59.99,22.49
15600,2014-04-29 08:10:02,14236,3,1,45.99,14.49
15601,2014-04-29 08:10:02,14236,1,0,49.99,19.49
15602,2014-04-29 08:33:37,14237,1,1,49.99,19.49
15603,2014-04-29 09:09:39,14238,1,1,49.99,19.49
15604,2014-04-29 09:45:23,14239,1,1,49.99,19.49
15605,2014-04-29 09:54:20,14240,3,1,45.99,14.49
15606,2014-04-29 09:54:20,14240,4,0,29.99,9.49
15607,2014-04-29 10:05:15,14241,1,1,49.99,19.49
15608,2014-04-29 10:16:00,14242,1,1,49.99,19.49
15609,2014-04-29 10:19:45,14243,2,1,59.99,22.49
15610,2014-04-29 10:23:24,14244,3,1,45.99,14.49
15611,2014-04-29 10:40:39,14245,2,1,59.99,22.49
15612,2014-04-29 10:40:39,14245,4,0,29.99,9.49
15613,2014-04-29 10:44:39,14246,1,1,49.99,19.49
15614,2014-04-29 11:15:43,14247,3,1,45.99,14.49
15615,2014-04-29 11:17:14,14248,1,1,49.99,19.49
15616,2014-04-29 11:40:46,14249,1,1,49.99,19.49
15617,2014-04-29 11:52:42,14250,3,1,45.99,14.49
15618,2014-04-29 12:20:43,14251,1,1,49.99,19.49
15619,2014-04-29 12:39:27,14252,1,1,49.99,19.49
15620,2014-04-29 12:39:27,14252,4,0,29.99,9.49
15621,2014-04-29 12:57:32,14253,1,1,49.99,19.49
15622,2014-04-29 12:57:32,14253,3,0,45.99,14.49
15623,2014-04-29 13:08:43,14254,3,1,45.99,14.49
15624,2014-04-29 13:11:56,14255,1,1,49.99,19.49
15625,2014-04-29 13:16:21,14256,1,1,49.99,19.49
15626,2014-04-29 13:16:21,14256,4,0,29.99,9.49
15627,2014-04-29 13:18:28,14257,1,1,49.99,19.49
15628,2014-04-29 13:28:11,14258,1,1,49.99,19.49
15629,2014-04-29 13:33:05,14259,2,1,59.99,22.49
15630,2014-04-29 13:34:03,14260,3,1,45.99,14.49
15631,2014-04-29 13:34:03,14260,2,0,59.99,22.49
15632,2014-04-29 13:37:31,14261,3,1,45.99,14.49
15633,2014-04-29 14:00:39,14262,1,1,49.99,19.49
15634,2014-04-29 14:00:39,14262,3,0,45.99,14.49
15635,2014-04-29 14:07:41,14263,2,1,59.99,22.49
15636,2014-04-29 14:41:58,14264,1,1,49.99,19.49
15637,2014-04-29 14:41:58,14264,4,0,29.99,9.49
15638,2014-04-29 15:07:29,14265,1,1,49.99,19.49
15639,2014-04-29 15:29:49,14266,1,1,49.99,19.49
15640,2014-04-29 15:57:05,14267,1,1,49.99,19.49
15641,2014-04-29 16:01:43,14268,3,1,45.99,14.49
15642,2014-04-29 16:01:43,14268,2,0,59.99,22.49
15643,2014-04-29 16:15:40,14269,1,1,49.99,19.49
15644,2014-04-29 16:32:35,14270,1,1,49.99,19.49
15645,2014-04-29 16:32:35,14270,3,0,45.99,14.49
15646,2014-04-29 17:06:05,14271,1,1,49.99,19.49
15647,2014-04-29 17:06:05,14271,2,0,59.99,22.49
15648,2014-04-29 17:10:46,14272,1,1,49.99,19.49
15649,2014-04-29 17:48:40,14273,1,1,49.99,19.49
15650,2014-04-29 18:23:38,14274,1,1,49.99,19.49
15651,2014-04-29 18:23:38,14274,4,0,29.99,9.49
15652,2014-04-29 19:03:09,14275,1,1,49.99,19.49
15653,2014-04-29 19:09:29,14276,1,1,49.99,19.49
15654,2014-04-29 19:26:48,14277,2,1,59.99,22.49
15655,2014-04-29 19:26:48,14277,4,0,29.99,9.49
15656,2014-04-29 19:52:05,14278,1,1,49.99,19.49
15657,2014-04-29 21:00:20,14279,1,1,49.99,19.49
15658,2014-04-29 21:12:57,14280,1,1,49.99,19.49
15659,2014-04-29 21:27:44,14281,2,1,59.99,22.49
15660,2014-04-29 21:34:39,14282,1,1,49.99,19.49
15661,2014-04-29 21:58:01,14283,3,1,45.99,14.49
15662,2014-04-29 22:55:12,14284,1,1,49.99,19.49
15663,2014-04-29 23:33:44,14285,1,1,49.99,19.49
15664,2014-04-30 01:10:20,14286,1,1,49.99,19.49
15665,2014-04-30 02:10:03,14287,1,1,49.99,19.49
15666,2014-04-30 02:10:03,14287,4,0,29.99,9.49
15667,2014-04-30 03:01:50,14288,1,1,49.99,19.49
15668,2014-04-30 03:01:50,14288,2,0,59.99,22.49
15669,2014-04-30 04:39:42,14289,2,1,59.99,22.49
15670,2014-04-30 04:39:42,14289,4,0,29.99,9.49
15671,2014-04-30 05:51:39,14290,1,1,49.99,19.49
15672,2014-04-30 05:51:39,14290,3,0,45.99,14.49
15673,2014-04-30 06:39:21,14291,1,1,49.99,19.49
15674,2014-04-30 06:48:33,14292,1,1,49.99,19.49
15675,2014-04-30 06:48:33,14292,4,0,29.99,9.49
15676,2014-04-30 06:56:11,14293,3,1,45.99,14.49
15677,2014-04-30 06:56:11,14293,2,0,59.99,22.49
15678,2014-04-30 07:37:05,14294,1,1,49.99,19.49
15679,2014-04-30 08:23:25,14295,2,1,59.99,22.49
15680,2014-04-30 08:31:19,14296,1,1,49.99,19.49
15681,2014-04-30 09:24:22,14297,2,1,59.99,22.49
15682,2014-04-30 10:09:23,14298,1,1,49.99,19.49
15683,2014-04-30 10:19:56,14299,3,1,45.99,14.49
15684,2014-04-30 10:37:25,14300,1,1,49.99,19.49
15685,2014-04-30 10:37:25,14300,4,0,29.99,9.49
15686,2014-04-30 11:01:20,14301,1,1,49.99,19.49
15687,2014-04-30 11:25:42,14302,1,1,49.99,19.49
15688,2014-04-30 12:11:19,14303,3,1,45.99,14.49
15689,2014-04-30 12:13:59,14304,1,1,49.99,19.49
15690,2014-04-30 12:13:59,14304,3,0,45.99,14.49
15691,2014-04-30 12:17:15,14305,1,1,49.99,19.49
15692,2014-04-30 12:17:15,14305,4,0,29.99,9.49
15693,2014-04-30 12:34:19,14306,1,1,49.99,19.49
15694,2014-04-30 12:42:08,14307,3,1,45.99,14.49
15695,2014-04-30 12:44:58,14308,3,1,45.99,14.49
15696,2014-04-30 12:45:21,14309,1,1,49.99,19.49
15697,2014-04-30 12:53:12,14310,1,1,49.99,19.49
15698,2014-04-30 13:04:56,14311,3,1,45.99,14.49
15699,2014-04-30 13:06:35,14312,1,1,49.99,19.49
15700,2014-04-30 13:06:35,14312,3,0,45.99,14.49
15701,2014-04-30 13:27:48,14313,1,1,49.99,19.49
15702,2014-04-30 13:27:48,14313,3,0,45.99,14.49
15703,2014-04-30 13:36:12,14314,3,1,45.99,14.49
15704,2014-04-30 13:36:12,14314,4,0,29.99,9.49
15705,2014-04-30 13:51:02,14315,1,1,49.99,19.49
15706,2014-04-30 13:51:02,14315,2,0,59.99,22.49
15707,2014-04-30 14:04:55,14316,3,1,45.99,14.49
15708,2014-04-30 14:04:55,14316,4,0,29.99,9.49
15709,2014-04-30 14:10:13,14317,2,1,59.99,22.49
15710,2014-04-30 15:22:45,14318,1,1,49.99,19.49
15711,2014-04-30 15:22:45,14318,3,0,45.99,14.49
15712,2014-04-30 15:39:30,14319,1,1,49.99,19.49
15713,2014-04-30 15:39:30,14319,4,0,29.99,9.49
15714,2014-04-30 16:03:29,14320,2,1,59.99,22.49
15715,2014-04-30 16:14:04,14321,2,1,59.99,22.49
15716,2014-04-30 16:14:04,14321,4,0,29.99,9.49
15717,2014-04-30 16:20:34,14322,1,1,49.99,19.49
15718,2014-04-30 16:21:58,14323,2,1,59.99,22.49
15719,2014-04-30 16:23:52,14324,1,1,49.99,19.49
15720,2014-04-30 16:26:35,14325,1,1,49.99,19.49
15721,2014-04-30 16:37:53,14326,1,1,49.99,19.49
15722,2014-04-30 16:38:20,14327,1,1,49.99,19.49
15723,2014-04-30 16:39:26,14328,1,1,49.99,19.49
15724,2014-04-30 16:39:26,14328,3,0,45.99,14.49
15725,2014-04-30 16:47:36,14329,1,1,49.99,19.49
15726,2014-04-30 16:47:48,14330,1,1,49.99,19.49
15727,2014-04-30 16:47:48,14330,2,0,59.99,22.49
15728,2014-04-30 16:48:17,14331,1,1,49.99,19.49
15729,2014-04-30 17:09:00,14332,1,1,49.99,19.49
15730,2014-04-30 17:16:21,14333,1,1,49.99,19.49
15731,2014-04-30 17:23:49,14334,1,1,49.99,19.49
15732,2014-04-30 17:36:54,14335,1,1,49.99,19.49
15733,2014-04-30 17:46:57,14336,3,1,45.99,14.49
15734,2014-04-30 18:05:19,14337,1,1,49.99,19.49
15735,2014-04-30 19:01:54,14338,1,1,49.99,19.49
15736,2014-04-30 19:01:54,14338,3,0,45.99,14.49
15737,2014-04-30 19:13:01,14339,3,1,45.99,14.49
15738,2014-04-30 19:51:16,14340,3,1,45.99,14.49
15739,2014-04-30 19:51:16,14340,1,0,49.99,19.49
15740,2014-04-30 22:06:35,14341,1,1,49.99,19.49
15741,2014-04-30 22:31:38,14342,1,1,49.99,19.49
15742,2014-04-30 23:40:05,14343,1,1,49.99,19.49
15743,2014-05-01 00:24:56,14344,1,1,49.99,19.49
15744,2014-05-01 00:36:43,14345,1,1,49.99,19.49
15745,2014-05-01 03:17:37,14346,1,1,49.99,19.49
15746,2014-05-01 03:17:37,14346,4,0,29.99,9.49
15747,2014-05-01 05:51:54,14347,1,1,49.99,19.49
15748,2014-05-01 06:25:13,14348,3,1,45.99,14.49
15749,2014-05-01 06:32:17,14349,2,1,59.99,22.49
15750,2014-05-01 06:32:17,14349,4,0,29.99,9.49
15751,2014-05-01 08:51:03,14350,1,1,49.99,19.49
15752,2014-05-01 09:06:11,14351,1,1,49.99,19.49
15753,2014-05-01 09:06:11,14351,4,0,29.99,9.49
15754,2014-05-01 09:11:01,14352,1,1,49.99,19.49
15755,2014-05-01 09:11:01,14352,4,0,29.99,9.49
15756,2014-05-01 09:15:06,14353,1,1,49.99,19.49
15757,2014-05-01 09:15:06,14353,4,0,29.99,9.49
15758,2014-05-01 09:31:15,14354,1,1,49.99,19.49
15759,2014-05-01 09:31:15,14354,3,0,45.99,14.49
15760,2014-05-01 10:07:52,14355,1,1,49.99,19.49
15761,2014-05-01 10:15:26,14356,2,1,59.99,22.49
15762,2014-05-01 10:21:38,14357,2,1,59.99,22.49
15763,2014-05-01 10:21:38,14357,4,0,29.99,9.49
15764,2014-05-01 10:37:11,14358,2,1,59.99,22.49
15765,2014-05-01 10:37:11,14358,3,0,45.99,14.49
15766,2014-05-01 10:53:36,14359,3,1,45.99,14.49
15767,2014-05-01 10:59:25,14360,1,1,49.99,19.49
15768,2014-05-01 10:59:25,14360,2,0,59.99,22.49
15769,2014-05-01 11:02:27,14361,2,1,59.99,22.49
15770,2014-05-01 11:13:13,14362,3,1,45.99,14.49
15771,2014-05-01 11:13:13,14362,1,0,49.99,19.49
15772,2014-05-01 11:37:01,14363,1,1,49.99,19.49
15773,2014-05-01 11:47:16,14364,1,1,49.99,19.49
15774,2014-05-01 12:03:58,14365,1,1,49.99,19.49
15775,2014-05-01 12:03:58,14365,3,0,45.99,14.49
15776,2014-05-01 12:09:42,14366,2,1,59.99,22.49
15777,2014-05-01 12:23:07,14367,1,1,49.99,19.49
15778,2014-05-01 12:27:34,14368,1,1,49.99,19.49
15779,2014-05-01 12:27:34,14368,4,0,29.99,9.49
15780,2014-05-01 12:52:39,14369,1,1,49.99,19.49
15781,2014-05-01 12:52:39,14369,2,0,59.99,22.49
15782,2014-05-01 13:57:56,14370,1,1,49.99,19.49
15783,2014-05-01 13:57:56,14370,4,0,29.99,9.49
15784,2014-05-01 14:35:04,14371,1,1,49.99,19.49
15785,2014-05-01 14:42:47,14372,1,1,49.99,19.49
15786,2014-05-01 15:29:30,14373,1,1,49.99,19.49
15787,2014-05-01 15:30:42,14374,1,1,49.99,19.49
15788,2014-05-01 15:57:35,14375,1,1,49.99,19.49
15789,2014-05-01 15:57:35,14375,3,0,45.99,14.49
15790,2014-05-01 16:01:44,14376,1,1,49.99,19.49
15791,2014-05-01 16:05:35,14377,1,1,49.99,19.49
15792,2014-05-01 16:15:16,14378,1,1,49.99,19.49
15793,2014-05-01 16:15:16,14378,4,0,29.99,9.49
15794,2014-05-01 16:24:01,14379,1,1,49.99,19.49
15795,2014-05-01 16:24:01,14379,4,0,29.99,9.49
15796,2014-05-01 17:11:57,14380,1,1,49.99,19.49
15797,2014-05-01 17:14:52,14381,3,1,45.99,14.49
15798,2014-05-01 17:20:34,14382,1,1,49.99,19.49
15799,2014-05-01 17:20:34,14382,2,0,59.99,22.49
15800,2014-05-01 17:22:41,14383,3,1,45.99,14.49
15801,2014-05-01 17:22:41,14383,1,0,49.99,19.49
15802,2014-05-01 17:27:05,14384,2,1,59.99,22.49
15803,2014-05-01 17:27:05,14384,4,0,29.99,9.49
15804,2014-05-01 18:05:26,14385,1,1,49.99,19.49
15805,2014-05-01 18:55:02,14386,2,1,59.99,22.49
15806,2014-05-01 19:00:59,14387,1,1,49.99,19.49
15807,2014-05-01 19:03:23,14388,1,1,49.99,19.49
15808,2014-05-01 19:52:06,14389,1,1,49.99,19.49
15809,2014-05-01 20:18:26,14390,3,1,45.99,14.49
15810,2014-05-01 21:00:29,14391,1,1,49.99,19.49
15811,2014-05-01 21:02:07,14392,1,1,49.99,19.49
15812,2014-05-01 22:20:59,14393,1,1,49.99,19.49
15813,2014-05-01 22:20:59,14393,4,0,29.99,9.49
15814,2014-05-01 23:19:07,14394,1,1,49.99,19.49
15815,2014-05-01 23:19:07,14394,4,0,29.99,9.49
15816,2014-05-01 23:24:59,14395,1,1,49.99,19.49
15817,2014-05-01 23:24:59,14395,4,0,29.99,9.49
15818,2014-05-01 23:28:34,14396,1,1,49.99,19.49
15819,2014-05-01 23:37:06,14397,1,1,49.99,19.49
15820,2014-05-01 23:55:35,14398,1,1,49.99,19.49
15821,2014-05-02 00:53:06,14399,1,1,49.99,19.49
15822,2014-05-02 01:20:27,14400,2,1,59.99,22.49
15823,2014-05-02 03:20:59,14401,1,1,49.99,19.49
15824,2014-05-02 03:20:59,14401,3,0,45.99,14.49
15825,2014-05-02 04:09:51,14402,3,1,45.99,14.49
15826,2014-05-02 04:35:37,14403,1,1,49.99,19.49
15827,2014-05-02 04:35:37,14403,4,0,29.99,9.49
15828,2014-05-02 06:30:41,14404,3,1,45.99,14.49
15829,2014-05-02 08:04:46,14405,1,1,49.99,19.49
15830,2014-05-02 08:13:09,14406,1,1,49.99,19.49
15831,2014-05-02 08:13:09,14406,2,0,59.99,22.49
15832,2014-05-02 08:18:05,14407,1,1,49.99,19.49
15833,2014-05-02 08:22:34,14408,3,1,45.99,14.49
15834,2014-05-02 09:13:15,14409,1,1,49.99,19.49
15835,2014-05-02 09:41:06,14410,1,1,49.99,19.49
15836,2014-05-02 09:57:43,14411,1,1,49.99,19.49
15837,2014-05-02 09:57:43,14411,3,0,45.99,14.49
15838,2014-05-02 10:05:14,14412,2,1,59.99,22.49
15839,2014-05-02 10:29:54,14413,2,1,59.99,22.49
15840,2014-05-02 10:29:54,14413,1,0,49.99,19.49
15841,2014-05-02 10:32:40,14414,3,1,45.99,14.49
15842,2014-05-02 11:01:22,14415,1,1,49.99,19.49
15843,2014-05-02 11:06:02,14416,3,1,45.99,14.49
15844,2014-05-02 11:06:02,14416,4,0,29.99,9.49
15845,2014-05-02 11:21:33,14417,1,1,49.99,19.49
15846,2014-05-02 11:25:54,14418,1,1,49.99,19.49
15847,2014-05-02 11:44:02,14419,1,1,49.99,19.49
15848,2014-05-02 11:44:02,14419,3,0,45.99,14.49
15849,2014-05-02 12:10:29,14420,3,1,45.99,14.49
15850,2014-05-02 12:12:30,14421,1,1,49.99,19.49
15851,2014-05-02 12:43:13,14422,1,1,49.99,19.49
15852,2014-05-02 13:17:42,14423,1,1,49.99,19.49
15853,2014-05-02 13:17:42,14423,3,0,45.99,14.49
15854,2014-05-02 13:21:45,14424,1,1,49.99,19.49
15855,2014-05-02 13:38:40,14425,1,1,49.99,19.49
15856,2014-05-02 13:45:34,14426,1,1,49.99,19.49
15857,2014-05-02 13:45:34,14426,4,0,29.99,9.49
15858,2014-05-02 14:15:43,14427,1,1,49.99,19.49
15859,2014-05-02 14:20:13,14428,1,1,49.99,19.49
15860,2014-05-02 14:42:57,14429,1,1,49.99,19.49
15861,2014-05-02 14:42:57,14429,4,0,29.99,9.49
15862,2014-05-02 14:47:48,14430,3,1,45.99,14.49
15863,2014-05-02 14:47:48,14430,4,0,29.99,9.49
15864,2014-05-02 15:15:10,14431,1,1,49.99,19.49
15865,2014-05-02 15:15:10,14431,4,0,29.99,9.49
15866,2014-05-02 15:38:51,14432,2,1,59.99,22.49
15867,2014-05-02 15:38:51,14432,4,0,29.99,9.49
15868,2014-05-02 15:52:28,14433,3,1,45.99,14.49
15869,2014-05-02 16:00:10,14434,2,1,59.99,22.49
15870,2014-05-02 16:19:21,14435,3,1,45.99,14.49
15871,2014-05-02 16:35:29,14436,1,1,49.99,19.49
15872,2014-05-02 16:35:29,14436,4,0,29.99,9.49
15873,2014-05-02 17:28:23,14437,1,1,49.99,19.49
15874,2014-05-02 17:28:23,14437,3,0,45.99,14.49
15875,2014-05-02 17:48:13,14438,1,1,49.99,19.49
15876,2014-05-02 18:12:10,14439,2,1,59.99,22.49
15877,2014-05-02 18:33:22,14440,1,1,49.99,19.49
15878,2014-05-02 18:35:19,14441,3,1,45.99,14.49
15879,2014-05-02 19:00:49,14442,1,1,49.99,19.49
15880,2014-05-02 19:51:51,14443,1,1,49.99,19.49
15881,2014-05-02 20:33:23,14444,1,1,49.99,19.49
15882,2014-05-02 20:35:34,14445,1,1,49.99,19.49
15883,2014-05-02 21:01:58,14446,1,1,49.99,19.49
15884,2014-05-02 21:19:04,14447,1,1,49.99,19.49
15885,2014-05-02 21:55:49,14448,1,1,49.99,19.49
15886,2014-05-02 21:55:49,14448,3,0,45.99,14.49
15887,2014-05-02 23:38:48,14449,1,1,49.99,19.49
15888,2014-05-03 00:08:12,14450,1,1,49.99,19.49
15889,2014-05-03 01:15:50,14451,1,1,49.99,19.49
15890,2014-05-03 01:15:50,14451,4,0,29.99,9.49
15891,2014-05-03 05:32:33,14452,1,1,49.99,19.49
15892,2014-05-03 05:32:33,14452,3,0,45.99,14.49
15893,2014-05-03 08:07:04,14453,1,1,49.99,19.49
15894,2014-05-03 08:23:09,14454,1,1,49.99,19.49
15895,2014-05-03 10:45:48,14455,1,1,49.99,19.49
15896,2014-05-03 11:10:23,14456,1,1,49.99,19.49
15897,2014-05-03 11:37:48,14457,1,1,49.99,19.49
15898,2014-05-03 11:48:04,14458,1,1,49.99,19.49
15899,2014-05-03 11:48:04,14458,4,0,29.99,9.49
15900,2014-05-03 13:38:38,14459,1,1,49.99,19.49
15901,2014-05-03 14:48:44,14460,1,1,49.99,19.49
15902,2014-05-03 14:48:44,14460,3,0,45.99,14.49
15903,2014-05-03 15:21:07,14461,1,1,49.99,19.49
15904,2014-05-03 15:21:07,14461,4,0,29.99,9.49
15905,2014-05-03 15:36:48,14462,1,1,49.99,19.49
15906,2014-05-03 15:45:02,14463,1,1,49.99,19.49
15907,2014-05-03 18:25:43,14464,1,1,49.99,19.49
15908,2014-05-03 18:25:43,14464,4,0,29.99,9.49
15909,2014-05-03 19:45:45,14465,1,1,49.99,19.49
15910,2014-05-03 19:45:45,14465,4,0,29.99,9.49
15911,2014-05-03 20:30:36,14466,1,1,49.99,19.49
15912,2014-05-03 20:30:36,14466,3,0,45.99,14.49
15913,2014-05-04 00:55:25,14467,3,1,45.99,14.49
15914,2014-05-04 01:57:03,14468,1,1,49.99,19.49
15915,2014-05-04 05:51:01,14469,2,1,59.99,22.49
15916,2014-05-04 10:52:12,14470,3,1,45.99,14.49
15917,2014-05-04 10:52:12,14470,4,0,29.99,9.49
15918,2014-05-04 11:31:53,14471,2,1,59.99,22.49
15919,2014-05-04 12:40:58,14472,1,1,49.99,19.49
15920,2014-05-04 12:40:58,14472,4,0,29.99,9.49
15921,2014-05-04 12:43:03,14473,1,1,49.99,19.49
15922,2014-05-04 13:52:43,14474,1,1,49.99,19.49
15923,2014-05-04 13:52:43,14474,4,0,29.99,9.49
15924,2014-05-04 14:25:00,14475,1,1,49.99,19.49
15925,2014-05-04 14:25:00,14475,2,0,59.99,22.49
15926,2014-05-04 15:43:27,14476,3,1,45.99,14.49
15927,2014-05-04 15:43:27,14476,4,0,29.99,9.49
15928,2014-05-04 16:04:36,14477,1,1,49.99,19.49
15929,2014-05-04 16:04:36,14477,2,0,59.99,22.49
15930,2014-05-04 17:26:03,14478,1,1,49.99,19.49
15931,2014-05-04 18:04:55,14479,1,1,49.99,19.49
15932,2014-05-04 18:04:55,14479,3,0,45.99,14.49
15933,2014-05-04 18:32:41,14480,1,1,49.99,19.49
15934,2014-05-04 18:32:41,14480,4,0,29.99,9.49
15935,2014-05-04 23:48:18,14481,1,1,49.99,19.49
15936,2014-05-05 00:04:14,14482,1,1,49.99,19.49
15937,2014-05-05 00:04:14,14482,2,0,59.99,22.49
15938,2014-05-05 00:27:40,14483,1,1,49.99,19.49
15939,2014-05-05 00:27:40,14483,4,0,29.99,9.49
15940,2014-05-05 00:57:50,14484,1,1,49.99,19.49
15941,2014-05-05 01:32:30,14485,1,1,49.99,19.49
15942,2014-05-05 02:03:30,14486,1,1,49.99,19.49
15943,2014-05-05 02:03:30,14486,4,0,29.99,9.49
15944,2014-05-05 03:02:25,14487,1,1,49.99,19.49
15945,2014-05-05 03:29:47,14488,1,1,49.99,19.49
15946,2014-05-05 03:29:47,14488,4,0,29.99,9.49
15947,2014-05-05 03:48:19,14489,2,1,59.99,22.49
15948,2014-05-05 03:58:00,14490,1,1,49.99,19.49
15949,2014-05-05 03:58:00,14490,4,0,29.99,9.49
15950,2014-05-05 04:59:27,14491,1,1,49.99,19.49
15951,2014-05-05 04:59:27,14491,4,0,29.99,9.49
15952,2014-05-05 05:06:39,14492,2,1,59.99,22.49
15953,2014-05-05 05:27:15,14493,3,1,45.99,14.49
15954,2014-05-05 05:58:12,14494,3,1,45.99,14.49
15955,2014-05-05 05:58:12,14494,1,0,49.99,19.49
15956,2014-05-05 06:24:57,14495,1,1,49.99,19.49
15957,2014-05-05 06:24:57,14495,2,0,59.99,22.49
15958,2014-05-05 07:26:58,14496,1,1,49.99,19.49
15959,2014-05-05 07:26:58,14496,3,0,45.99,14.49
15960,2014-05-05 07:30:11,14497,3,1,45.99,14.49
15961,2014-05-05 07:51:40,14498,1,1,49.99,19.49
15962,2014-05-05 08:13:36,14499,1,1,49.99,19.49
15963,2014-05-05 08:30:55,14500,1,1,49.99,19.49
15964,2014-05-05 08:30:55,14500,4,0,29.99,9.49
15965,2014-05-05 09:46:34,14501,1,1,49.99,19.49
15966,2014-05-05 09:55:55,14502,1,1,49.99,19.49
15967,2014-05-05 10:01:12,14503,1,1,49.99,19.49
15968,2014-05-05 10:01:12,14503,3,0,45.99,14.49
15969,2014-05-05 10:18:34,14504,1,1,49.99,19.49
15970,2014-05-05 10:18:34,14504,4,0,29.99,9.49
15971,2014-05-05 10:23:25,14505,1,1,49.99,19.49
15972,2014-05-05 10:23:25,14505,3,0,45.99,14.49
15973,2014-05-05 10:35:45,14506,2,1,59.99,22.49
15974,2014-05-05 11:11:38,14507,1,1,49.99,19.49
15975,2014-05-05 11:32:43,14508,1,1,49.99,19.49
15976,2014-05-05 11:32:43,14508,4,0,29.99,9.49
15977,2014-05-05 11:40:26,14509,1,1,49.99,19.49
15978,2014-05-05 11:54:17,14510,1,1,49.99,19.49
15979,2014-05-05 12:51:23,14511,1,1,49.99,19.49
15980,2014-05-05 12:54:25,14512,2,1,59.99,22.49
15981,2014-05-05 12:54:25,14512,4,0,29.99,9.49
15982,2014-05-05 12:55:46,14513,2,1,59.99,22.49
15983,2014-05-05 13:01:34,14514,1,1,49.99,19.49
15984,2014-05-05 13:02:06,14515,1,1,49.99,19.49
15985,2014-05-05 13:04:18,14516,2,1,59.99,22.49
15986,2014-05-05 13:04:18,14516,4,0,29.99,9.49
15987,2014-05-05 13:13:32,14517,1,1,49.99,19.49
15988,2014-05-05 13:13:32,14517,4,0,29.99,9.49
15989,2014-05-05 13:20:06,14518,2,1,59.99,22.49
15990,2014-05-05 13:33:35,14519,1,1,49.99,19.49
15991,2014-05-05 13:33:35,14519,4,0,29.99,9.49
15992,2014-05-05 14:28:49,14520,1,1,49.99,19.49
15993,2014-05-05 14:28:49,14520,4,0,29.99,9.49
15994,2014-05-05 14:39:51,14521,1,1,49.99,19.49
15995,2014-05-05 14:52:25,14522,1,1,49.99,19.49
15996,2014-05-05 14:53:18,14523,1,1,49.99,19.49
15997,2014-05-05 14:53:18,14523,4,0,29.99,9.49
15998,2014-05-05 15:14:53,14524,1,1,49.99,19.49
15999,2014-05-05 15:29:19,14525,1,1,49.99,19.49
16000,2014-05-05 16:31:28,14526,3,1,45.99,14.49
16001,2014-05-05 16:41:07,14527,3,1,45.99,14.49
16002,2014-05-05 16:41:07,14527,4,0,29.99,9.49
16003,2014-05-05 16:42:31,14528,2,1,59.99,22.49
16004,2014-05-05 17:15:33,14529,1,1,49.99,19.49
16005,2014-05-05 17:16:24,14530,1,1,49.99,19.49
16006,2014-05-05 17:35:50,14531,1,1,49.99,19.49
16007,2014-05-05 17:35:50,14531,4,0,29.99,9.49
16008,2014-05-05 17:43:18,14532,3,1,45.99,14.49
16009,2014-05-05 17:59:18,14533,1,1,49.99,19.49
16010,2014-05-05 18:26:08,14534,1,1,49.99,19.49
16011,2014-05-05 18:26:08,14534,4,0,29.99,9.49
16012,2014-05-05 18:41:19,14535,1,1,49.99,19.49
16013,2014-05-05 18:45:32,14536,1,1,49.99,19.49
16014,2014-05-05 18:52:23,14537,1,1,49.99,19.49
16015,2014-05-05 19:52:08,14538,1,1,49.99,19.49
16016,2014-05-05 20:33:57,14539,3,1,45.99,14.49
16017,2014-05-05 20:33:57,14539,4,0,29.99,9.49
16018,2014-05-05 21:04:57,14540,1,1,49.99,19.49
16019,2014-05-05 21:49:54,14541,3,1,45.99,14.49
16020,2014-05-05 22:01:45,14542,1,1,49.99,19.49
16021,2014-05-05 22:01:45,14542,4,0,29.99,9.49
16022,2014-05-05 22:34:22,14543,1,1,49.99,19.49
16023,2014-05-05 22:40:09,14544,1,1,49.99,19.49
16024,2014-05-05 22:40:09,14544,4,0,29.99,9.49
16025,2014-05-06 00:17:13,14545,1,1,49.99,19.49
16026,2014-05-06 00:17:13,14545,4,0,29.99,9.49
16027,2014-05-06 01:10:07,14546,1,1,49.99,19.49
16028,2014-05-06 01:10:07,14546,3,0,45.99,14.49
16029,2014-05-06 02:57:18,14547,1,1,49.99,19.49
16030,2014-05-06 02:57:18,14547,3,0,45.99,14.49
16031,2014-05-06 03:24:28,14548,3,1,45.99,14.49
16032,2014-05-06 03:24:28,14548,4,0,29.99,9.49
16033,2014-05-06 04:13:50,14549,1,1,49.99,19.49
16034,2014-05-06 08:36:24,14550,1,1,49.99,19.49
16035,2014-05-06 08:51:04,14551,1,1,49.99,19.49
16036,2014-05-06 08:51:04,14551,3,0,45.99,14.49
16037,2014-05-06 09:10:18,14552,1,1,49.99,19.49
16038,2014-05-06 09:25:44,14553,1,1,49.99,19.49
16039,2014-05-06 09:25:44,14553,4,0,29.99,9.49
16040,2014-05-06 09:35:17,14554,1,1,49.99,19.49
16041,2014-05-06 09:35:17,14554,4,0,29.99,9.49
16042,2014-05-06 09:38:41,14555,1,1,49.99,19.49
16043,2014-05-06 09:53:06,14556,3,1,45.99,14.49
16044,2014-05-06 11:03:20,14557,1,1,49.99,19.49
16045,2014-05-06 11:03:20,14557,3,0,45.99,14.49
16046,2014-05-06 11:06:48,14558,1,1,49.99,19.49
16047,2014-05-06 11:07:33,14559,1,1,49.99,19.49
16048,2014-05-06 11:20:21,14560,1,1,49.99,19.49
16049,2014-05-06 11:47:22,14561,1,1,49.99,19.49
16050,2014-05-06 12:21:42,14562,3,1,45.99,14.49
16051,2014-05-06 12:22:15,14563,1,1,49.99,19.49
16052,2014-05-06 12:22:15,14563,4,0,29.99,9.49
16053,2014-05-06 12:23:28,14564,2,1,59.99,22.49
16054,2014-05-06 13:18:03,14565,1,1,49.99,19.49
16055,2014-05-06 13:18:03,14565,4,0,29.99,9.49
16056,2014-05-06 13:41:16,14566,1,1,49.99,19.49
16057,2014-05-06 13:47:01,14567,1,1,49.99,19.49
16058,2014-05-06 13:47:01,14567,4,0,29.99,9.49
16059,2014-05-06 13:54:39,14568,1,1,49.99,19.49
16060,2014-05-06 13:54:39,14568,4,0,29.99,9.49
16061,2014-05-06 14:27:53,14569,2,1,59.99,22.49
16062,2014-05-06 14:59:58,14570,1,1,49.99,19.49
16063,2014-05-06 15:19:04,14571,1,1,49.99,19.49
16064,2014-05-06 15:44:22,14572,1,1,49.99,19.49
16065,2014-05-06 15:50:37,14573,1,1,49.99,19.49
16066,2014-05-06 15:59:48,14574,1,1,49.99,19.49
16067,2014-05-06 16:07:07,14575,1,1,49.99,19.49
16068,2014-05-06 16:16:57,14576,1,1,49.99,19.49
16069,2014-05-06 16:16:57,14576,4,0,29.99,9.49
16070,2014-05-06 16:54:22,14577,1,1,49.99,19.49
16071,2014-05-06 16:58:21,14578,3,1,45.99,14.49
16072,2014-05-06 16:58:21,14578,4,0,29.99,9.49
16073,2014-05-06 17:16:09,14579,1,1,49.99,19.49
16074,2014-05-06 17:34:08,14580,1,1,49.99,19.49
16075,2014-05-06 17:40:42,14581,1,1,49.99,19.49
16076,2014-05-06 17:40:42,14581,3,0,45.99,14.49
16077,2014-05-06 18:51:02,14582,1,1,49.99,19.49
16078,2014-05-06 18:51:02,14582,4,0,29.99,9.49
16079,2014-05-06 18:52:51,14583,1,1,49.99,19.49
16080,2014-05-06 19:10:09,14584,3,1,45.99,14.49
16081,2014-05-06 19:46:15,14585,1,1,49.99,19.49
16082,2014-05-06 19:46:15,14585,4,0,29.99,9.49
16083,2014-05-06 19:56:51,14586,1,1,49.99,19.49
16084,2014-05-06 21:35:56,14587,1,1,49.99,19.49
16085,2014-05-06 21:35:56,14587,3,0,45.99,14.49
16086,2014-05-06 22:25:55,14588,1,1,49.99,19.49
16087,2014-05-06 23:53:07,14589,1,1,49.99,19.49
16088,2014-05-07 00:08:11,14590,1,1,49.99,19.49
16089,2014-05-07 01:46:38,14591,1,1,49.99,19.49
16090,2014-05-07 03:47:42,14592,1,1,49.99,19.49
16091,2014-05-07 03:47:42,14592,3,0,45.99,14.49
16092,2014-05-07 03:50:28,14593,2,1,59.99,22.49
16093,2014-05-07 03:50:28,14593,4,0,29.99,9.49
16094,2014-05-07 06:07:10,14594,1,1,49.99,19.49
16095,2014-05-07 06:35:15,14595,1,1,49.99,19.49
16096,2014-05-07 06:35:15,14595,4,0,29.99,9.49
16097,2014-05-07 07:01:57,14596,1,1,49.99,19.49
16098,2014-05-07 07:07:36,14597,1,1,49.99,19.49
16099,2014-05-07 07:22:49,14598,3,1,45.99,14.49
16100,2014-05-07 07:24:04,14599,2,1,59.99,22.49
16101,2014-05-07 08:04:56,14600,2,1,59.99,22.49
16102,2014-05-07 08:07:07,14601,1,1,49.99,19.49
16103,2014-05-07 08:07:07,14601,3,0,45.99,14.49
16104,2014-05-07 08:34:22,14602,1,1,49.99,19.49
16105,2014-05-07 09:53:44,14603,3,1,45.99,14.49
16106,2014-05-07 09:53:44,14603,4,0,29.99,9.49
16107,2014-05-07 10:02:13,14604,1,1,49.99,19.49
16108,2014-05-07 10:02:13,14604,2,0,59.99,22.49
16109,2014-05-07 10:16:47,14605,1,1,49.99,19.49
16110,2014-05-07 10:16:47,14605,4,0,29.99,9.49
16111,2014-05-07 10:27:18,14606,1,1,49.99,19.49
16112,2014-05-07 10:29:27,14607,1,1,49.99,19.49
16113,2014-05-07 10:40:55,14608,1,1,49.99,19.49
16114,2014-05-07 11:08:13,14609,1,1,49.99,19.49
16115,2014-05-07 11:11:52,14610,1,1,49.99,19.49
16116,2014-05-07 12:40:45,14611,3,1,45.99,14.49
16117,2014-05-07 13:10:52,14612,1,1,49.99,19.49
16118,2014-05-07 13:23:29,14613,1,1,49.99,19.49
16119,2014-05-07 13:36:38,14614,1,1,49.99,19.49
16120,2014-05-07 13:38:32,14615,1,1,49.99,19.49
16121,2014-05-07 14:24:38,14616,1,1,49.99,19.49
16122,2014-05-07 14:24:38,14616,2,0,59.99,22.49
16123,2014-05-07 14:39:42,14617,1,1,49.99,19.49
16124,2014-05-07 14:39:42,14617,4,0,29.99,9.49
16125,2014-05-07 15:24:09,14618,1,1,49.99,19.49
16126,2014-05-07 15:37:34,14619,1,1,49.99,19.49
16127,2014-05-07 15:45:57,14620,1,1,49.99,19.49
16128,2014-05-07 16:04:39,14621,1,1,49.99,19.49
16129,2014-05-07 16:04:39,14621,3,0,45.99,14.49
16130,2014-05-07 16:07:40,14622,2,1,59.99,22.49
16131,2014-05-07 16:07:40,14622,4,0,29.99,9.49
16132,2014-05-07 16:10:18,14623,1,1,49.99,19.49
16133,2014-05-07 16:44:18,14624,1,1,49.99,19.49
16134,2014-05-07 16:49:28,14625,1,1,49.99,19.49
16135,2014-05-07 17:06:16,14626,1,1,49.99,19.49
16136,2014-05-07 17:16:43,14627,2,1,59.99,22.49
16137,2014-05-07 17:38:42,14628,1,1,49.99,19.49
16138,2014-05-07 17:49:32,14629,2,1,59.99,22.49
16139,2014-05-07 18:24:26,14630,3,1,45.99,14.49
16140,2014-05-07 18:28:42,14631,1,1,49.99,19.49
16141,2014-05-07 18:42:32,14632,1,1,49.99,19.49
16142,2014-05-07 18:42:32,14632,4,0,29.99,9.49
16143,2014-05-07 18:51:13,14633,2,1,59.99,22.49
16144,2014-05-07 18:51:24,14634,1,1,49.99,19.49
16145,2014-05-07 21:13:09,14635,3,1,45.99,14.49
16146,2014-05-07 21:28:36,14636,1,1,49.99,19.49
16147,2014-05-07 21:28:36,14636,3,0,45.99,14.49
16148,2014-05-07 23:03:18,14637,1,1,49.99,19.49
16149,2014-05-07 23:46:54,14638,1,1,49.99,19.49
16150,2014-05-08 00:52:12,14639,1,1,49.99,19.49
16151,2014-05-08 00:52:12,14639,3,0,45.99,14.49
16152,2014-05-08 01:23:13,14640,1,1,49.99,19.49
16153,2014-05-08 01:23:13,14640,4,0,29.99,9.49
16154,2014-05-08 01:53:16,14641,3,1,45.99,14.49
16155,2014-05-08 01:53:16,14641,4,0,29.99,9.49
16156,2014-05-08 03:06:37,14642,3,1,45.99,14.49
16157,2014-05-08 06:33:45,14643,1,1,49.99,19.49
16158,2014-05-08 06:33:45,14643,4,0,29.99,9.49
16159,2014-05-08 06:34:32,14644,1,1,49.99,19.49
16160,2014-05-08 06:50:56,14645,1,1,49.99,19.49
16161,2014-05-08 06:50:56,14645,3,0,45.99,14.49
16162,2014-05-08 08:37:39,14646,1,1,49.99,19.49
16163,2014-05-08 08:37:39,14646,3,0,45.99,14.49
16164,2014-05-08 09:04:45,14647,2,1,59.99,22.49
16165,2014-05-08 10:00:40,14648,1,1,49.99,19.49
16166,2014-05-08 10:00:40,14648,3,0,45.99,14.49
16167,2014-05-08 10:03:21,14649,1,1,49.99,19.49
16168,2014-05-08 10:21:30,14650,1,1,49.99,19.49
16169,2014-05-08 10:50:08,14651,1,1,49.99,19.49
16170,2014-05-08 11:13:15,14652,1,1,49.99,19.49
16171,2014-05-08 11:13:15,14652,4,0,29.99,9.49
16172,2014-05-08 11:23:16,14653,1,1,49.99,19.49
16173,2014-05-08 11:23:16,14653,3,0,45.99,14.49
16174,2014-05-08 11:46:51,14654,2,1,59.99,22.49
16175,2014-05-08 12:22:53,14655,1,1,49.99,19.49
16176,2014-05-08 12:50:16,14656,1,1,49.99,19.49
16177,2014-05-08 12:50:16,14656,4,0,29.99,9.49
16178,2014-05-08 12:59:05,14657,1,1,49.99,19.49
16179,2014-05-08 13:22:51,14658,1,1,49.99,19.49
16180,2014-05-08 13:25:47,14659,1,1,49.99,19.49
16181,2014-05-08 13:51:02,14660,1,1,49.99,19.49
16182,2014-05-08 13:51:02,14660,3,0,45.99,14.49
16183,2014-05-08 14:19:47,14661,1,1,49.99,19.49
16184,2014-05-08 14:19:47,14661,4,0,29.99,9.49
16185,2014-05-08 14:21:14,14662,1,1,49.99,19.49
16186,2014-05-08 14:21:14,14662,4,0,29.99,9.49
16187,2014-05-08 15:05:16,14663,1,1,49.99,19.49
16188,2014-05-08 15:05:47,14664,1,1,49.99,19.49
16189,2014-05-08 15:11:01,14665,2,1,59.99,22.49
16190,2014-05-08 15:13:07,14666,1,1,49.99,19.49
16191,2014-05-08 15:13:07,14666,4,0,29.99,9.49
16192,2014-05-08 15:29:56,14667,1,1,49.99,19.49
16193,2014-05-08 16:25:08,14668,1,1,49.99,19.49
16194,2014-05-08 16:25:08,14668,4,0,29.99,9.49
16195,2014-05-08 16:30:30,14669,1,1,49.99,19.49
16196,2014-05-08 16:30:30,14669,3,0,45.99,14.49
16197,2014-05-08 17:04:29,14670,1,1,49.99,19.49
16198,2014-05-08 17:37:02,14671,2,1,59.99,22.49
16199,2014-05-08 17:37:02,14671,4,0,29.99,9.49
16200,2014-05-08 17:37:55,14672,2,1,59.99,22.49
16201,2014-05-08 17:45:36,14673,1,1,49.99,19.49
16202,2014-05-08 17:45:36,14673,4,0,29.99,9.49
16203,2014-05-08 17:51:17,14674,1,1,49.99,19.49
16204,2014-05-08 17:51:17,14674,4,0,29.99,9.49
16205,2014-05-08 18:30:30,14675,1,1,49.99,19.49
16206,2014-05-08 18:49:55,14676,1,1,49.99,19.49
16207,2014-05-08 19:46:53,14677,1,1,49.99,19.49
16208,2014-05-08 20:08:54,14678,1,1,49.99,19.49
16209,2014-05-08 20:08:54,14678,4,0,29.99,9.49
16210,2014-05-08 20:26:14,14679,1,1,49.99,19.49
16211,2014-05-08 20:42:13,14680,1,1,49.99,19.49
16212,2014-05-08 20:42:13,14680,4,0,29.99,9.49
16213,2014-05-08 21:19:44,14681,2,1,59.99,22.49
16214,2014-05-08 21:19:44,14681,4,0,29.99,9.49
16215,2014-05-08 21:44:39,14682,1,1,49.99,19.49
16216,2014-05-08 21:51:04,14683,1,1,49.99,19.49
16217,2014-05-08 21:51:04,14683,3,0,45.99,14.49
16218,2014-05-08 22:00:04,14684,1,1,49.99,19.49
16219,2014-05-08 22:00:17,14685,1,1,49.99,19.49
16220,2014-05-08 22:00:17,14685,3,0,45.99,14.49
16221,2014-05-08 23:21:38,14686,1,1,49.99,19.49
16222,2014-05-08 23:21:38,14686,4,0,29.99,9.49
16223,2014-05-08 23:41:39,14687,1,1,49.99,19.49
16224,2014-05-08 23:41:39,14687,4,0,29.99,9.49
16225,2014-05-09 00:51:24,14688,1,1,49.99,19.49
16226,2014-05-09 00:51:24,14688,4,0,29.99,9.49
16227,2014-05-09 01:21:18,14689,1,1,49.99,19.49
16228,2014-05-09 02:18:05,14690,2,1,59.99,22.49
16229,2014-05-09 03:31:52,14691,3,1,45.99,14.49
16230,2014-05-09 03:54:52,14692,1,1,49.99,19.49
16231,2014-05-09 04:49:53,14693,1,1,49.99,19.49
16232,2014-05-09 05:25:14,14694,1,1,49.99,19.49
16233,2014-05-09 08:27:46,14695,1,1,49.99,19.49
16234,2014-05-09 09:31:08,14696,1,1,49.99,19.49
16235,2014-05-09 09:39:58,14697,3,1,45.99,14.49
16236,2014-05-09 09:52:10,14698,1,1,49.99,19.49
16237,2014-05-09 10:00:19,14699,3,1,45.99,14.49
16238,2014-05-09 10:16:35,14700,1,1,49.99,19.49
16239,2014-05-09 10:16:35,14700,4,0,29.99,9.49
16240,2014-05-09 10:44:14,14701,1,1,49.99,19.49
16241,2014-05-09 10:44:14,14701,3,0,45.99,14.49
16242,2014-05-09 11:24:11,14702,1,1,49.99,19.49
16243,2014-05-09 11:46:05,14703,1,1,49.99,19.49
16244,2014-05-09 12:17:49,14704,1,1,49.99,19.49
16245,2014-05-09 12:17:49,14704,2,0,59.99,22.49
16246,2014-05-09 13:47:00,14705,1,1,49.99,19.49
16247,2014-05-09 13:57:01,14706,1,1,49.99,19.49
16248,2014-05-09 13:57:01,14706,2,0,59.99,22.49
16249,2014-05-09 14:06:15,14707,1,1,49.99,19.49
16250,2014-05-09 14:35:22,14708,3,1,45.99,14.49
16251,2014-05-09 14:45:35,14709,1,1,49.99,19.49
16252,2014-05-09 15:06:29,14710,1,1,49.99,19.49
16253,2014-05-09 15:07:02,14711,2,1,59.99,22.49
16254,2014-05-09 15:10:25,14712,3,1,45.99,14.49
16255,2014-05-09 15:19:36,14713,1,1,49.99,19.49
16256,2014-05-09 15:36:20,14714,3,1,45.99,14.49
16257,2014-05-09 15:40:16,14715,1,1,49.99,19.49
16258,2014-05-09 15:43:20,14716,1,1,49.99,19.49
16259,2014-05-09 15:43:20,14716,3,0,45.99,14.49
16260,2014-05-09 15:43:51,14717,1,1,49.99,19.49
16261,2014-05-09 15:43:51,14717,2,0,59.99,22.49
16262,2014-05-09 15:52:55,14718,1,1,49.99,19.49
16263,2014-05-09 16:00:41,14719,2,1,59.99,22.49
16264,2014-05-09 16:30:00,14720,1,1,49.99,19.49
16265,2014-05-09 16:31:13,14721,1,1,49.99,19.49
16266,2014-05-09 16:31:13,14721,3,0,45.99,14.49
16267,2014-05-09 16:51:23,14722,2,1,59.99,22.49
16268,2014-05-09 16:51:23,14722,4,0,29.99,9.49
16269,2014-05-09 17:06:11,14723,1,1,49.99,19.49
16270,2014-05-09 17:37:28,14724,1,1,49.99,19.49
16271,2014-05-09 18:05:17,14725,2,1,59.99,22.49
16272,2014-05-09 18:48:32,14726,1,1,49.99,19.49
16273,2014-05-09 18:57:34,14727,1,1,49.99,19.49
16274,2014-05-09 18:57:34,14727,2,0,59.99,22.49
16275,2014-05-09 19:03:19,14728,1,1,49.99,19.49
16276,2014-05-09 19:03:19,14728,4,0,29.99,9.49
16277,2014-05-09 19:09:28,14729,3,1,45.99,14.49
16278,2014-05-09 19:18:10,14730,1,1,49.99,19.49
16279,2014-05-09 19:18:10,14730,4,0,29.99,9.49
16280,2014-05-09 19:38:19,14731,2,1,59.99,22.49
16281,2014-05-09 20:29:04,14732,1,1,49.99,19.49
16282,2014-05-09 20:29:04,14732,3,0,45.99,14.49
16283,2014-05-09 20:44:48,14733,3,1,45.99,14.49
16284,2014-05-09 20:44:48,14733,4,0,29.99,9.49
16285,2014-05-09 21:02:55,14734,1,1,49.99,19.49
16286,2014-05-09 21:21:06,14735,1,1,49.99,19.49
16287,2014-05-09 21:21:06,14735,2,0,59.99,22.49
16288,2014-05-09 21:55:04,14736,1,1,49.99,19.49
16289,2014-05-09 21:55:04,14736,2,0,59.99,22.49
16290,2014-05-09 22:19:33,14737,3,1,45.99,14.49
16291,2014-05-10 00:50:20,14738,1,1,49.99,19.49
16292,2014-05-10 00:51:40,14739,1,1,49.99,19.49
16293,2014-05-10 00:51:40,14739,4,0,29.99,9.49
16294,2014-05-10 01:11:02,14740,1,1,49.99,19.49
16295,2014-05-10 01:20:17,14741,2,1,59.99,22.49
16296,2014-05-10 01:48:39,14742,1,1,49.99,19.49
16297,2014-05-10 03:26:22,14743,1,1,49.99,19.49
16298,2014-05-10 03:26:22,14743,4,0,29.99,9.49
16299,2014-05-10 03:45:55,14744,2,1,59.99,22.49
16300,2014-05-10 03:45:55,14744,4,0,29.99,9.49
16301,2014-05-10 05:24:58,14745,3,1,45.99,14.49
16302,2014-05-10 06:02:26,14746,1,1,49.99,19.49
16303,2014-05-10 06:02:26,14746,4,0,29.99,9.49
16304,2014-05-10 06:40:04,14747,2,1,59.99,22.49
16305,2014-05-10 07:43:59,14748,3,1,45.99,14.49
16306,2014-05-10 07:55:27,14749,1,1,49.99,19.49
16307,2014-05-10 08:02:40,14750,1,1,49.99,19.49
16308,2014-05-10 08:02:40,14750,4,0,29.99,9.49
16309,2014-05-10 09:34:14,14751,1,1,49.99,19.49
16310,2014-05-10 09:57:18,14752,2,1,59.99,22.49
16311,2014-05-10 11:15:32,14753,2,1,59.99,22.49
16312,2014-05-10 11:15:32,14753,4,0,29.99,9.49
16313,2014-05-10 11:17:05,14754,1,1,49.99,19.49
16314,2014-05-10 12:44:29,14755,1,1,49.99,19.49
16315,2014-05-10 14:52:48,14756,1,1,49.99,19.49
16316,2014-05-10 14:52:48,14756,3,0,45.99,14.49
16317,2014-05-10 15:39:10,14757,1,1,49.99,19.49
16318,2014-05-10 16:33:29,14758,1,1,49.99,19.49
16319,2014-05-10 17:22:33,14759,1,1,49.99,19.49
16320,2014-05-10 17:22:33,14759,2,0,59.99,22.49
16321,2014-05-10 18:10:07,14760,1,1,49.99,19.49
16322,2014-05-10 18:27:28,14761,2,1,59.99,22.49
16323,2014-05-10 19:22:39,14762,1,1,49.99,19.49
16324,2014-05-10 19:22:39,14762,4,0,29.99,9.49
16325,2014-05-10 19:34:03,14763,1,1,49.99,19.49
16326,2014-05-10 21:29:44,14764,2,1,59.99,22.49
16327,2014-05-10 21:38:02,14765,1,1,49.99,19.49
16328,2014-05-10 21:38:02,14765,4,0,29.99,9.49
16329,2014-05-10 21:49:10,14766,3,1,45.99,14.49
16330,2014-05-11 00:41:53,14767,1,1,49.99,19.49
16331,2014-05-11 01:35:21,14768,1,1,49.99,19.49
16332,2014-05-11 01:35:21,14768,4,0,29.99,9.49
16333,2014-05-11 04:27:05,14769,3,1,45.99,14.49
16334,2014-05-11 04:27:05,14769,4,0,29.99,9.49
16335,2014-05-11 04:59:48,14770,1,1,49.99,19.49
16336,2014-05-11 06:50:50,14771,1,1,49.99,19.49
16337,2014-05-11 06:50:50,14771,3,0,45.99,14.49
16338,2014-05-11 09:59:03,14772,1,1,49.99,19.49
16339,2014-05-11 09:59:03,14772,4,0,29.99,9.49
16340,2014-05-11 10:01:05,14773,1,1,49.99,19.49
16341,2014-05-11 10:01:05,14773,4,0,29.99,9.49
16342,2014-05-11 10:44:08,14774,2,1,59.99,22.49
16343,2014-05-11 11:07:55,14775,3,1,45.99,14.49
16344,2014-05-11 11:07:55,14775,4,0,29.99,9.49
16345,2014-05-11 11:25:20,14776,1,1,49.99,19.49
16346,2014-05-11 11:25:20,14776,4,0,29.99,9.49
16347,2014-05-11 13:26:58,14777,1,1,49.99,19.49
16348,2014-05-11 13:42:20,14778,1,1,49.99,19.49
16349,2014-05-11 14:29:10,14779,2,1,59.99,22.49
16350,2014-05-11 14:29:10,14779,4,0,29.99,9.49
16351,2014-05-11 14:57:20,14780,1,1,49.99,19.49
16352,2014-05-11 15:10:07,14781,1,1,49.99,19.49
16353,2014-05-11 16:50:21,14782,1,1,49.99,19.49
16354,2014-05-11 16:50:21,14782,3,0,45.99,14.49
16355,2014-05-11 16:53:32,14783,1,1,49.99,19.49
16356,2014-05-11 17:15:26,14784,1,1,49.99,19.49
16357,2014-05-11 17:15:26,14784,3,0,45.99,14.49
16358,2014-05-11 17:29:44,14785,1,1,49.99,19.49
16359,2014-05-11 18:03:24,14786,1,1,49.99,19.49
16360,2014-05-11 18:28:11,14787,1,1,49.99,19.49
16361,2014-05-11 18:59:38,14788,2,1,59.99,22.49
16362,2014-05-11 18:59:38,14788,4,0,29.99,9.49
16363,2014-05-11 19:26:49,14789,1,1,49.99,19.49
16364,2014-05-11 20:25:49,14790,1,1,49.99,19.49
16365,2014-05-11 21:19:20,14791,3,1,45.99,14.49
16366,2014-05-11 21:59:47,14792,1,1,49.99,19.49
16367,2014-05-11 22:30:16,14793,1,1,49.99,19.49
16368,2014-05-11 22:30:16,14793,4,0,29.99,9.49
16369,2014-05-11 22:41:40,14794,1,1,49.99,19.49
16370,2014-05-12 02:02:51,14795,3,1,45.99,14.49
16371,2014-05-12 02:10:29,14796,1,1,49.99,19.49
16372,2014-05-12 02:10:29,14796,4,0,29.99,9.49
16373,2014-05-12 02:49:13,14797,1,1,49.99,19.49
16374,2014-05-12 03:32:58,14798,3,1,45.99,14.49
16375,2014-05-12 03:32:58,14798,4,0,29.99,9.49
16376,2014-05-12 04:26:46,14799,1,1,49.99,19.49
16377,2014-05-12 05:14:11,14800,2,1,59.99,22.49
16378,2014-05-12 05:35:51,14801,1,1,49.99,19.49
16379,2014-05-12 05:35:51,14801,4,0,29.99,9.49
16380,2014-05-12 09:29:12,14802,1,1,49.99,19.49
16381,2014-05-12 09:29:12,14802,4,0,29.99,9.49
16382,2014-05-12 09:40:28,14803,1,1,49.99,19.49
16383,2014-05-12 10:40:35,14804,1,1,49.99,19.49
16384,2014-05-12 10:40:35,14804,4,0,29.99,9.49
16385,2014-05-12 10:52:15,14805,1,1,49.99,19.49
16386,2014-05-12 11:04:35,14806,2,1,59.99,22.49
16387,2014-05-12 11:04:35,14806,4,0,29.99,9.49
16388,2014-05-12 11:51:57,14807,1,1,49.99,19.49
16389,2014-05-12 11:58:46,14808,3,1,45.99,14.49
16390,2014-05-12 12:02:22,14809,1,1,49.99,19.49
16391,2014-05-12 12:03:43,14810,2,1,59.99,22.49
16392,2014-05-12 12:08:18,14811,1,1,49.99,19.49
16393,2014-05-12 12:41:27,14812,1,1,49.99,19.49
16394,2014-05-12 12:58:55,14813,1,1,49.99,19.49
16395,2014-05-12 12:58:55,14813,4,0,29.99,9.49
16396,2014-05-12 13:05:30,14814,1,1,49.99,19.49
16397,2014-05-12 13:41:00,14815,3,1,45.99,14.49
16398,2014-05-12 13:47:28,14816,1,1,49.99,19.49
16399,2014-05-12 13:47:28,14816,4,0,29.99,9.49
16400,2014-05-12 13:54:33,14817,1,1,49.99,19.49
16401,2014-05-12 13:59:23,14818,3,1,45.99,14.49
16402,2014-05-12 13:59:23,14818,4,0,29.99,9.49
16403,2014-05-12 14:02:22,14819,1,1,49.99,19.49
16404,2014-05-12 14:02:22,14819,4,0,29.99,9.49
16405,2014-05-12 14:17:53,14820,1,1,49.99,19.49
16406,2014-05-12 14:17:53,14820,3,0,45.99,14.49
16407,2014-05-12 14:26:23,14821,1,1,49.99,19.49
16408,2014-05-12 14:26:23,14821,4,0,29.99,9.49
16409,2014-05-12 14:32:19,14822,1,1,49.99,19.49
16410,2014-05-12 14:49:02,14823,2,1,59.99,22.49
16411,2014-05-12 15:06:13,14824,3,1,45.99,14.49
16412,2014-05-12 15:10:05,14825,1,1,49.99,19.49
16413,2014-05-12 15:55:45,14826,2,1,59.99,22.49
16414,2014-05-12 16:39:07,14827,1,1,49.99,19.49
16415,2014-05-12 17:26:42,14828,1,1,49.99,19.49
16416,2014-05-12 17:26:42,14828,3,0,45.99,14.49
16417,2014-05-12 18:07:14,14829,1,1,49.99,19.49
16418,2014-05-12 18:24:14,14830,1,1,49.99,19.49
16419,2014-05-12 18:24:14,14830,3,0,45.99,14.49
16420,2014-05-12 18:25:42,14831,1,1,49.99,19.49
16421,2014-05-12 19:13:11,14832,3,1,45.99,14.49
16422,2014-05-12 19:46:16,14833,2,1,59.99,22.49
16423,2014-05-12 20:04:10,14834,3,1,45.99,14.49
16424,2014-05-12 20:07:57,14835,1,1,49.99,19.49
16425,2014-05-12 20:07:57,14835,4,0,29.99,9.49
16426,2014-05-12 22:11:26,14836,1,1,49.99,19.49
16427,2014-05-12 22:15:50,14837,1,1,49.99,19.49
16428,2014-05-13 00:15:39,14838,1,1,49.99,19.49
16429,2014-05-13 00:15:39,14838,3,0,45.99,14.49
16430,2014-05-13 01:22:05,14839,1,1,49.99,19.49
16431,2014-05-13 01:22:05,14839,4,0,29.99,9.49
16432,2014-05-13 01:47:50,14840,1,1,49.99,19.49
16433,2014-05-13 01:59:33,14841,1,1,49.99,19.49
16434,2014-05-13 02:33:21,14842,1,1,49.99,19.49
16435,2014-05-13 03:19:53,14843,1,1,49.99,19.49
16436,2014-05-13 05:02:08,14844,1,1,49.99,19.49
16437,2014-05-13 05:51:40,14845,1,1,49.99,19.49
16438,2014-05-13 05:51:40,14845,4,0,29.99,9.49
16439,2014-05-13 06:26:10,14846,1,1,49.99,19.49
16440,2014-05-13 06:26:10,14846,3,0,45.99,14.49
16441,2014-05-13 06:41:29,14847,1,1,49.99,19.49
16442,2014-05-13 08:49:17,14848,2,1,59.99,22.49
16443,2014-05-13 08:59:23,14849,1,1,49.99,19.49
16444,2014-05-13 09:01:56,14850,1,1,49.99,19.49
16445,2014-05-13 09:01:56,14850,4,0,29.99,9.49
16446,2014-05-13 09:17:07,14851,1,1,49.99,19.49
16447,2014-05-13 09:21:51,14852,1,1,49.99,19.49
16448,2014-05-13 09:28:12,14853,1,1,49.99,19.49
16449,2014-05-13 09:28:12,14853,3,0,45.99,14.49
16450,2014-05-13 09:34:37,14854,2,1,59.99,22.49
16451,2014-05-13 10:02:10,14855,3,1,45.99,14.49
16452,2014-05-13 10:15:39,14856,1,1,49.99,19.49
16453,2014-05-13 10:15:39,14856,2,0,59.99,22.49
16454,2014-05-13 10:34:38,14857,2,1,59.99,22.49
16455,2014-05-13 10:34:38,14857,4,0,29.99,9.49
16456,2014-05-13 11:36:16,14858,1,1,49.99,19.49
16457,2014-05-13 11:36:16,14858,4,0,29.99,9.49
16458,2014-05-13 11:57:16,14859,1,1,49.99,19.49
16459,2014-05-13 11:57:16,14859,3,0,45.99,14.49
16460,2014-05-13 12:23:46,14860,1,1,49.99,19.49
16461,2014-05-13 12:32:38,14861,1,1,49.99,19.49
16462,2014-05-13 12:50:05,14862,1,1,49.99,19.49
16463,2014-05-13 12:50:05,14862,3,0,45.99,14.49
16464,2014-05-13 13:22:25,14863,1,1,49.99,19.49
16465,2014-05-13 13:46:00,14864,1,1,49.99,19.49
16466,2014-05-13 14:15:16,14865,3,1,45.99,14.49
16467,2014-05-13 14:15:16,14865,4,0,29.99,9.49
16468,2014-05-13 14:16:52,14866,1,1,49.99,19.49
16469,2014-05-13 14:16:52,14866,4,0,29.99,9.49
16470,2014-05-13 14:26:42,14867,1,1,49.99,19.49
16471,2014-05-13 14:38:00,14868,1,1,49.99,19.49
16472,2014-05-13 14:38:00,14868,4,0,29.99,9.49
16473,2014-05-13 14:57:50,14869,1,1,49.99,19.49
16474,2014-05-13 14:57:50,14869,2,0,59.99,22.49
16475,2014-05-13 15:02:17,14870,1,1,49.99,19.49
16476,2014-05-13 15:18:10,14871,1,1,49.99,19.49
16477,2014-05-13 15:18:10,14871,4,0,29.99,9.49
16478,2014-05-13 15:23:45,14872,1,1,49.99,19.49
16479,2014-05-13 15:37:40,14873,2,1,59.99,22.49
16480,2014-05-13 15:42:31,14874,2,1,59.99,22.49
16481,2014-05-13 15:42:31,14874,3,0,45.99,14.49
16482,2014-05-13 15:58:15,14875,3,1,45.99,14.49
16483,2014-05-13 16:34:35,14876,2,1,59.99,22.49
16484,2014-05-13 16:59:22,14877,2,1,59.99,22.49
16485,2014-05-13 16:59:26,14878,1,1,49.99,19.49
16486,2014-05-13 17:04:53,14879,1,1,49.99,19.49
16487,2014-05-13 17:04:53,14879,3,0,45.99,14.49
16488,2014-05-13 17:05:09,14880,1,1,49.99,19.49
16489,2014-05-13 17:20:05,14881,2,1,59.99,22.49
16490,2014-05-13 17:21:43,14882,1,1,49.99,19.49
16491,2014-05-13 17:48:36,14883,1,1,49.99,19.49
16492,2014-05-13 17:48:36,14883,4,0,29.99,9.49
16493,2014-05-13 17:49:31,14884,1,1,49.99,19.49
16494,2014-05-13 17:51:15,14885,1,1,49.99,19.49
16495,2014-05-13 17:51:15,14885,4,0,29.99,9.49
16496,2014-05-13 17:52:16,14886,3,1,45.99,14.49
16497,2014-05-13 18:11:59,14887,1,1,49.99,19.49
16498,2014-05-13 18:11:59,14887,4,0,29.99,9.49
16499,2014-05-13 18:21:34,14888,2,1,59.99,22.49
16500,2014-05-13 18:21:34,14888,4,0,29.99,9.49
16501,2014-05-13 18:42:54,14889,1,1,49.99,19.49
16502,2014-05-13 19:01:20,14890,1,1,49.99,19.49
16503,2014-05-13 20:08:24,14891,2,1,59.99,22.49
16504,2014-05-13 20:08:24,14891,4,0,29.99,9.49
16505,2014-05-13 20:59:04,14892,3,1,45.99,14.49
16506,2014-05-13 20:59:04,14892,4,0,29.99,9.49
16507,2014-05-13 21:31:00,14893,3,1,45.99,14.49
16508,2014-05-13 21:31:00,14893,4,0,29.99,9.49
16509,2014-05-13 22:44:33,14894,1,1,49.99,19.49
16510,2014-05-13 22:44:33,14894,4,0,29.99,9.49
16511,2014-05-13 23:19:55,14895,1,1,49.99,19.49
16512,2014-05-13 23:47:19,14896,1,1,49.99,19.49
16513,2014-05-14 00:40:39,14897,2,1,59.99,22.49
16514,2014-05-14 00:40:39,14897,4,0,29.99,9.49
16515,2014-05-14 01:18:19,14898,1,1,49.99,19.49
16516,2014-05-14 01:22:49,14899,1,1,49.99,19.49
16517,2014-05-14 03:12:01,14900,1,1,49.99,19.49
16518,2014-05-14 03:29:16,14901,1,1,49.99,19.49
16519,2014-05-14 03:31:32,14902,1,1,49.99,19.49
16520,2014-05-14 04:37:18,14903,1,1,49.99,19.49
16521,2014-05-14 04:37:18,14903,4,0,29.99,9.49
16522,2014-05-14 04:50:31,14904,2,1,59.99,22.49
16523,2014-05-14 06:33:06,14905,1,1,49.99,19.49
16524,2014-05-14 06:44:12,14906,1,1,49.99,19.49
16525,2014-05-14 06:44:12,14906,4,0,29.99,9.49
16526,2014-05-14 07:12:39,14907,1,1,49.99,19.49
16527,2014-05-14 07:37:09,14908,1,1,49.99,19.49
16528,2014-05-14 08:10:14,14909,1,1,49.99,19.49
16529,2014-05-14 08:10:14,14909,3,0,45.99,14.49
16530,2014-05-14 08:21:29,14910,3,1,45.99,14.49
16531,2014-05-14 08:21:29,14910,4,0,29.99,9.49
16532,2014-05-14 08:28:59,14911,2,1,59.99,22.49
16533,2014-05-14 08:55:19,14912,1,1,49.99,19.49
16534,2014-05-14 09:50:43,14913,1,1,49.99,19.49
16535,2014-05-14 09:50:43,14913,4,0,29.99,9.49
16536,2014-05-14 10:10:29,14914,1,1,49.99,19.49
16537,2014-05-14 10:11:14,14915,1,1,49.99,19.49
16538,2014-05-14 10:11:14,14915,4,0,29.99,9.49
16539,2014-05-14 10:41:25,14916,1,1,49.99,19.49
16540,2014-05-14 10:57:12,14917,1,1,49.99,19.49
16541,2014-05-14 10:57:12,14917,4,0,29.99,9.49
16542,2014-05-14 11:42:43,14918,2,1,59.99,22.49
16543,2014-05-14 11:54:39,14919,2,1,59.99,22.49
16544,2014-05-14 12:17:31,14920,1,1,49.99,19.49
16545,2014-05-14 13:07:41,14921,1,1,49.99,19.49
16546,2014-05-14 13:14:12,14922,1,1,49.99,19.49
16547,2014-05-14 13:18:48,14923,3,1,45.99,14.49
16548,2014-05-14 13:18:48,14923,2,0,59.99,22.49
16549,2014-05-14 13:30:07,14924,1,1,49.99,19.49
16550,2014-05-14 13:30:07,14924,3,0,45.99,14.49
16551,2014-05-14 13:31:03,14925,2,1,59.99,22.49
16552,2014-05-14 13:34:42,14926,2,1,59.99,22.49
16553,2014-05-14 13:43:30,14927,1,1,49.99,19.49
16554,2014-05-14 13:43:30,14927,3,0,45.99,14.49
16555,2014-05-14 13:54:00,14928,1,1,49.99,19.49
16556,2014-05-14 14:25:25,14929,2,1,59.99,22.49
16557,2014-05-14 14:30:14,14930,3,1,45.99,14.49
16558,2014-05-14 14:30:14,14930,1,0,49.99,19.49
16559,2014-05-14 14:41:01,14931,1,1,49.99,19.49
16560,2014-05-14 15:03:29,14932,1,1,49.99,19.49
16561,2014-05-14 15:14:34,14933,1,1,49.99,19.49
16562,2014-05-14 15:14:34,14933,4,0,29.99,9.49
16563,2014-05-14 15:23:50,14934,1,1,49.99,19.49
16564,2014-05-14 15:30:53,14935,2,1,59.99,22.49
16565,2014-05-14 15:49:15,14936,1,1,49.99,19.49
16566,2014-05-14 16:18:27,14937,1,1,49.99,19.49
16567,2014-05-14 16:54:12,14938,1,1,49.99,19.49
16568,2014-05-14 17:19:38,14939,1,1,49.99,19.49
16569,2014-05-14 17:22:18,14940,1,1,49.99,19.49
16570,2014-05-14 17:31:08,14941,1,1,49.99,19.49
16571,2014-05-14 17:31:08,14941,4,0,29.99,9.49
16572,2014-05-14 17:35:13,14942,1,1,49.99,19.49
16573,2014-05-14 17:55:45,14943,1,1,49.99,19.49
16574,2014-05-14 17:55:45,14943,3,0,45.99,14.49
16575,2014-05-14 18:26:16,14944,1,1,49.99,19.49
16576,2014-05-14 19:45:09,14945,1,1,49.99,19.49
16577,2014-05-14 20:06:32,14946,1,1,49.99,19.49
16578,2014-05-14 20:06:32,14946,2,0,59.99,22.49
16579,2014-05-14 20:23:02,14947,1,1,49.99,19.49
16580,2014-05-14 20:40:22,14948,1,1,49.99,19.49
16581,2014-05-14 20:40:22,14948,3,0,45.99,14.49
16582,2014-05-14 21:10:38,14949,3,1,45.99,14.49
16583,2014-05-14 21:11:21,14950,2,1,59.99,22.49
16584,2014-05-14 21:17:28,14951,2,1,59.99,22.49
16585,2014-05-14 22:00:57,14952,1,1,49.99,19.49
16586,2014-05-14 22:02:07,14953,1,1,49.99,19.49
16587,2014-05-14 22:03:21,14954,1,1,49.99,19.49
16588,2014-05-14 22:03:21,14954,4,0,29.99,9.49
16589,2014-05-14 22:14:38,14955,3,1,45.99,14.49
16590,2014-05-14 22:14:38,14955,4,0,29.99,9.49
16591,2014-05-14 22:59:17,14956,1,1,49.99,19.49
16592,2014-05-14 23:22:49,14957,1,1,49.99,19.49
16593,2014-05-14 23:22:49,14957,3,0,45.99,14.49
16594,2014-05-14 23:30:22,14958,3,1,45.99,14.49
16595,2014-05-14 23:33:40,14959,2,1,59.99,22.49
16596,2014-05-14 23:33:40,14959,4,0,29.99,9.49
16597,2014-05-14 23:42:39,14960,1,1,49.99,19.49
16598,2014-05-15 00:35:12,14961,1,1,49.99,19.49
16599,2014-05-15 01:08:19,14962,1,1,49.99,19.49
16600,2014-05-15 01:08:19,14962,4,0,29.99,9.49
16601,2014-05-15 02:12:11,14963,1,1,49.99,19.49
16602,2014-05-15 02:35:49,14964,2,1,59.99,22.49
16603,2014-05-15 03:54:39,14965,2,1,59.99,22.49
16604,2014-05-15 04:41:00,14966,1,1,49.99,19.49
16605,2014-05-15 04:41:00,14966,4,0,29.99,9.49
16606,2014-05-15 05:17:05,14967,1,1,49.99,19.49
16607,2014-05-15 05:17:05,14967,2,0,59.99,22.49
16608,2014-05-15 06:34:03,14968,2,1,59.99,22.49
16609,2014-05-15 06:35:08,14969,1,1,49.99,19.49
16610,2014-05-15 08:53:55,14970,3,1,45.99,14.49
16611,2014-05-15 09:20:46,14971,3,1,45.99,14.49
16612,2014-05-15 09:20:46,14971,1,0,49.99,19.49
16613,2014-05-15 09:30:00,14972,1,1,49.99,19.49
16614,2014-05-15 09:30:00,14972,4,0,29.99,9.49
16615,2014-05-15 09:49:23,14973,1,1,49.99,19.49
16616,2014-05-15 09:58:11,14974,1,1,49.99,19.49
16617,2014-05-15 09:58:11,14974,2,0,59.99,22.49
16618,2014-05-15 10:34:56,14975,1,1,49.99,19.49
16619,2014-05-15 10:59:10,14976,1,1,49.99,19.49
16620,2014-05-15 11:06:57,14977,1,1,49.99,19.49
16621,2014-05-15 11:17:41,14978,1,1,49.99,19.49
16622,2014-05-15 11:31:04,14979,1,1,49.99,19.49
16623,2014-05-15 11:34:35,14980,1,1,49.99,19.49
16624,2014-05-15 11:57:49,14981,2,1,59.99,22.49
16625,2014-05-15 12:15:41,14982,1,1,49.99,19.49
16626,2014-05-15 12:28:18,14983,1,1,49.99,19.49
16627,2014-05-15 12:37:29,14984,1,1,49.99,19.49
16628,2014-05-15 12:50:30,14985,3,1,45.99,14.49
16629,2014-05-15 13:02:41,14986,2,1,59.99,22.49
16630,2014-05-15 13:10:34,14987,1,1,49.99,19.49
16631,2014-05-15 13:13:30,14988,1,1,49.99,19.49
16632,2014-05-15 13:13:30,14988,4,0,29.99,9.49
16633,2014-05-15 13:29:27,14989,1,1,49.99,19.49
16634,2014-05-15 13:29:27,14989,4,0,29.99,9.49
16635,2014-05-15 13:31:43,14990,1,1,49.99,19.49
16636,2014-05-15 13:31:43,14990,4,0,29.99,9.49
16637,2014-05-15 13:41:13,14991,1,1,49.99,19.49
16638,2014-05-15 13:55:15,14992,3,1,45.99,14.49
16639,2014-05-15 13:55:15,14992,2,0,59.99,22.49
16640,2014-05-15 14:36:16,14993,1,1,49.99,19.49
16641,2014-05-15 14:36:16,14993,3,0,45.99,14.49
16642,2014-05-15 14:40:28,14994,1,1,49.99,19.49
16643,2014-05-15 14:40:28,14994,2,0,59.99,22.49
16644,2014-05-15 14:54:14,14995,1,1,49.99,19.49
16645,2014-05-15 15:05:48,14996,3,1,45.99,14.49
16646,2014-05-15 15:20:34,14997,1,1,49.99,19.49
16647,2014-05-15 15:20:34,14997,4,0,29.99,9.49
16648,2014-05-15 15:36:07,14998,1,1,49.99,19.49
16649,2014-05-15 15:44:04,14999,2,1,59.99,22.49
16650,2014-05-15 16:01:19,15000,1,1,49.99,19.49
16651,2014-05-15 16:02:24,15001,1,1,49.99,19.49
16652,2014-05-15 16:30:02,15002,1,1,49.99,19.49
16653,2014-05-15 16:39:45,15003,3,1,45.99,14.49
16654,2014-05-15 16:39:45,15003,4,0,29.99,9.49
16655,2014-05-15 17:21:30,15004,1,1,49.99,19.49
16656,2014-05-15 17:45:33,15005,2,1,59.99,22.49
16657,2014-05-15 17:51:19,15006,1,1,49.99,19.49
16658,2014-05-15 17:51:19,15006,4,0,29.99,9.49
16659,2014-05-15 17:54:14,15007,1,1,49.99,19.49
16660,2014-05-15 17:59:58,15008,1,1,49.99,19.49
16661,2014-05-15 18:01:05,15009,1,1,49.99,19.49
16662,2014-05-15 18:10:59,15010,1,1,49.99,19.49
16663,2014-05-15 18:34:26,15011,2,1,59.99,22.49
16664,2014-05-15 18:42:20,15012,1,1,49.99,19.49
16665,2014-05-15 18:46:21,15013,1,1,49.99,19.49
16666,2014-05-15 18:46:21,15013,3,0,45.99,14.49
16667,2014-05-15 20:09:51,15014,1,1,49.99,19.49
16668,2014-05-15 20:10:04,15015,1,1,49.99,19.49
16669,2014-05-15 20:10:04,15015,3,0,45.99,14.49
16670,2014-05-15 20:11:19,15016,1,1,49.99,19.49
16671,2014-05-15 20:11:19,15016,4,0,29.99,9.49
16672,2014-05-15 20:26:38,15017,1,1,49.99,19.49
16673,2014-05-15 20:26:38,15017,3,0,45.99,14.49
16674,2014-05-15 20:49:39,15018,1,1,49.99,19.49
16675,2014-05-15 20:54:16,15019,1,1,49.99,19.49
16676,2014-05-15 21:15:27,15020,1,1,49.99,19.49
16677,2014-05-15 21:25:28,15021,1,1,49.99,19.49
16678,2014-05-15 21:25:28,15021,3,0,45.99,14.49
16679,2014-05-15 22:15:20,15022,1,1,49.99,19.49
16680,2014-05-15 22:15:41,15023,1,1,49.99,19.49
16681,2014-05-15 22:52:49,15024,3,1,45.99,14.49
16682,2014-05-15 23:21:42,15025,3,1,45.99,14.49
16683,2014-05-16 00:46:15,15026,1,1,49.99,19.49
16684,2014-05-16 02:29:40,15027,2,1,59.99,22.49
16685,2014-05-16 02:42:37,15028,1,1,49.99,19.49
16686,2014-05-16 03:50:31,15029,1,1,49.99,19.49
16687,2014-05-16 04:22:14,15030,1,1,49.99,19.49
16688,2014-05-16 05:02:42,15031,1,1,49.99,19.49
16689,2014-05-16 06:49:25,15032,3,1,45.99,14.49
16690,2014-05-16 08:00:56,15033,3,1,45.99,14.49
16691,2014-05-16 08:17:27,15034,3,1,45.99,14.49
16692,2014-05-16 08:45:24,15035,1,1,49.99,19.49
16693,2014-05-16 08:45:24,15035,4,0,29.99,9.49
16694,2014-05-16 09:27:07,15036,2,1,59.99,22.49
16695,2014-05-16 09:55:42,15037,1,1,49.99,19.49
16696,2014-05-16 09:55:42,15037,4,0,29.99,9.49
16697,2014-05-16 10:07:10,15038,1,1,49.99,19.49
16698,2014-05-16 10:07:23,15039,1,1,49.99,19.49
16699,2014-05-16 11:00:00,15040,1,1,49.99,19.49
16700,2014-05-16 11:00:00,15040,2,0,59.99,22.49
16701,2014-05-16 11:14:57,15041,3,1,45.99,14.49
16702,2014-05-16 11:32:38,15042,3,1,45.99,14.49
16703,2014-05-16 11:32:38,15042,4,0,29.99,9.49
16704,2014-05-16 11:47:22,15043,1,1,49.99,19.49
16705,2014-05-16 11:54:29,15044,1,1,49.99,19.49
16706,2014-05-16 12:12:54,15045,1,1,49.99,19.49
16707,2014-05-16 12:12:54,15045,3,0,45.99,14.49
16708,2014-05-16 12:26:35,15046,1,1,49.99,19.49
16709,2014-05-16 12:28:55,15047,1,1,49.99,19.49
16710,2014-05-16 12:28:55,15047,3,0,45.99,14.49
16711,2014-05-16 13:02:39,15048,1,1,49.99,19.49
16712,2014-05-16 13:22:11,15049,1,1,49.99,19.49
16713,2014-05-16 13:22:11,15049,4,0,29.99,9.49
16714,2014-05-16 13:30:20,15050,1,1,49.99,19.49
16715,2014-05-16 13:30:20,15050,3,0,45.99,14.49
16716,2014-05-16 13:53:12,15051,3,1,45.99,14.49
16717,2014-05-16 13:53:12,15051,4,0,29.99,9.49
16718,2014-05-16 13:54:16,15052,1,1,49.99,19.49
16719,2014-05-16 14:23:15,15053,2,1,59.99,22.49
16720,2014-05-16 15:18:54,15054,1,1,49.99,19.49
16721,2014-05-16 15:18:54,15054,4,0,29.99,9.49
16722,2014-05-16 15:20:19,15055,1,1,49.99,19.49
16723,2014-05-16 15:47:26,15056,1,1,49.99,19.49
16724,2014-05-16 15:47:26,15056,4,0,29.99,9.49
16725,2014-05-16 15:57:19,15057,3,1,45.99,14.49
16726,2014-05-16 16:22:42,15058,1,1,49.99,19.49
16727,2014-05-16 16:44:45,15059,1,1,49.99,19.49
16728,2014-05-16 16:46:03,15060,1,1,49.99,19.49
16729,2014-05-16 17:05:02,15061,3,1,45.99,14.49
16730,2014-05-16 17:52:28,15062,2,1,59.99,22.49
16731,2014-05-16 17:52:28,15062,3,0,45.99,14.49
16732,2014-05-16 18:05:35,15063,3,1,45.99,14.49
16733,2014-05-16 18:47:33,15064,1,1,49.99,19.49
16734,2014-05-16 19:23:14,15065,1,1,49.99,19.49
16735,2014-05-16 19:23:14,15065,4,0,29.99,9.49
16736,2014-05-16 19:36:53,15066,1,1,49.99,19.49
16737,2014-05-16 19:36:53,15066,3,0,45.99,14.49
16738,2014-05-16 19:43:09,15067,3,1,45.99,14.49
16739,2014-05-16 19:44:35,15068,1,1,49.99,19.49
16740,2014-05-16 19:44:35,15068,4,0,29.99,9.49
16741,2014-05-16 20:02:19,15069,3,1,45.99,14.49
16742,2014-05-16 20:02:19,15069,4,0,29.99,9.49
16743,2014-05-16 20:33:23,15070,1,1,49.99,19.49
16744,2014-05-16 20:55:48,15071,1,1,49.99,19.49
16745,2014-05-16 20:55:48,15071,3,0,45.99,14.49
16746,2014-05-16 23:09:15,15072,1,1,49.99,19.49
16747,2014-05-16 23:16:15,15073,1,1,49.99,19.49
16748,2014-05-17 05:44:24,15074,1,1,49.99,19.49
16749,2014-05-17 05:44:24,15074,3,0,45.99,14.49
16750,2014-05-17 08:02:34,15075,1,1,49.99,19.49
16751,2014-05-17 08:02:34,15075,2,0,59.99,22.49
16752,2014-05-17 08:32:41,15076,2,1,59.99,22.49
16753,2014-05-17 08:41:57,15077,1,1,49.99,19.49
16754,2014-05-17 09:47:15,15078,1,1,49.99,19.49
16755,2014-05-17 09:47:15,15078,3,0,45.99,14.49
16756,2014-05-17 09:52:50,15079,1,1,49.99,19.49
16757,2014-05-17 09:58:13,15080,1,1,49.99,19.49
16758,2014-05-17 10:12:17,15081,3,1,45.99,14.49
16759,2014-05-17 11:05:37,15082,1,1,49.99,19.49
16760,2014-05-17 11:05:37,15082,4,0,29.99,9.49
16761,2014-05-17 11:05:48,15083,1,1,49.99,19.49
16762,2014-05-17 11:12:03,15084,1,1,49.99,19.49
16763,2014-05-17 11:12:03,15084,4,0,29.99,9.49
16764,2014-05-17 11:15:58,15085,3,1,45.99,14.49
16765,2014-05-17 13:40:50,15086,1,1,49.99,19.49
16766,2014-05-17 13:40:50,15086,4,0,29.99,9.49
16767,2014-05-17 13:55:53,15087,2,1,59.99,22.49
16768,2014-05-17 14:04:25,15088,1,1,49.99,19.49
16769,2014-05-17 14:07:35,15089,2,1,59.99,22.49
16770,2014-05-17 14:08:20,15090,1,1,49.99,19.49
16771,2014-05-17 14:22:26,15091,1,1,49.99,19.49
16772,2014-05-17 14:22:26,15091,3,0,45.99,14.49
16773,2014-05-17 15:45:31,15092,1,1,49.99,19.49
16774,2014-05-17 15:45:31,15092,4,0,29.99,9.49
16775,2014-05-17 15:46:50,15093,1,1,49.99,19.49
16776,2014-05-17 15:46:50,15093,4,0,29.99,9.49
16777,2014-05-17 17:26:06,15094,1,1,49.99,19.49
16778,2014-05-17 18:09:30,15095,1,1,49.99,19.49
16779,2014-05-17 18:09:30,15095,4,0,29.99,9.49
16780,2014-05-17 18:48:02,15096,1,1,49.99,19.49
16781,2014-05-17 20:17:52,15097,1,1,49.99,19.49
16782,2014-05-17 20:17:52,15097,2,0,59.99,22.49
16783,2014-05-17 20:56:28,15098,1,1,49.99,19.49
16784,2014-05-17 22:53:45,15099,2,1,59.99,22.49
16785,2014-05-18 02:18:49,15100,1,1,49.99,19.49
16786,2014-05-18 02:18:49,15100,2,0,59.99,22.49
16787,2014-05-18 03:26:57,15101,1,1,49.99,19.49
16788,2014-05-18 03:26:57,15101,4,0,29.99,9.49
16789,2014-05-18 04:26:32,15102,2,1,59.99,22.49
16790,2014-05-18 04:26:32,15102,3,0,45.99,14.49
16791,2014-05-18 06:35:51,15103,3,1,45.99,14.49
16792,2014-05-18 08:17:57,15104,3,1,45.99,14.49
16793,2014-05-18 08:32:46,15105,2,1,59.99,22.49
16794,2014-05-18 09:39:52,15106,1,1,49.99,19.49
16795,2014-05-18 09:39:52,15106,3,0,45.99,14.49
16796,2014-05-18 09:43:19,15107,1,1,49.99,19.49
16797,2014-05-18 09:48:52,15108,3,1,45.99,14.49
16798,2014-05-18 10:12:21,15109,1,1,49.99,19.49
16799,2014-05-18 10:20:43,15110,1,1,49.99,19.49
16800,2014-05-18 10:20:43,15110,2,0,59.99,22.49
16801,2014-05-18 11:00:02,15111,1,1,49.99,19.49
16802,2014-05-18 13:08:02,15112,1,1,49.99,19.49
16803,2014-05-18 13:08:02,15112,4,0,29.99,9.49
16804,2014-05-18 13:20:38,15113,1,1,49.99,19.49
16805,2014-05-18 13:20:38,15113,4,0,29.99,9.49
16806,2014-05-18 15:12:11,15114,1,1,49.99,19.49
16807,2014-05-18 15:43:48,15115,1,1,49.99,19.49
16808,2014-05-18 15:43:48,15115,4,0,29.99,9.49
16809,2014-05-18 16:39:44,15116,1,1,49.99,19.49
16810,2014-05-18 18:27:11,15117,1,1,49.99,19.49
16811,2014-05-18 18:31:28,15118,1,1,49.99,19.49
16812,2014-05-18 18:31:28,15118,3,0,45.99,14.49
16813,2014-05-18 19:57:50,15119,1,1,49.99,19.49
16814,2014-05-18 20:41:22,15120,1,1,49.99,19.49
16815,2014-05-18 22:32:24,15121,1,1,49.99,19.49
16816,2014-05-18 22:32:24,15121,4,0,29.99,9.49
16817,2014-05-18 22:43:16,15122,1,1,49.99,19.49
16818,2014-05-18 22:43:16,15122,4,0,29.99,9.49
16819,2014-05-18 23:45:08,15123,1,1,49.99,19.49
16820,2014-05-18 23:48:38,15124,1,1,49.99,19.49
16821,2014-05-19 00:40:24,15125,1,1,49.99,19.49
16822,2014-05-19 00:42:52,15126,3,1,45.99,14.49
16823,2014-05-19 00:57:12,15127,1,1,49.99,19.49
16824,2014-05-19 01:13:57,15128,1,1,49.99,19.49
16825,2014-05-19 01:13:57,15128,2,0,59.99,22.49
16826,2014-05-19 01:17:23,15129,1,1,49.99,19.49
16827,2014-05-19 01:25:15,15130,3,1,45.99,14.49
16828,2014-05-19 01:34:52,15131,3,1,45.99,14.49
16829,2014-05-19 02:38:10,15132,1,1,49.99,19.49
16830,2014-05-19 05:27:16,15133,1,1,49.99,19.49
16831,2014-05-19 05:34:27,15134,1,1,49.99,19.49
16832,2014-05-19 06:08:56,15135,1,1,49.99,19.49
16833,2014-05-19 06:28:26,15136,1,1,49.99,19.49
16834,2014-05-19 06:28:26,15136,3,0,45.99,14.49
16835,2014-05-19 08:01:50,15137,1,1,49.99,19.49
16836,2014-05-19 08:01:50,15137,3,0,45.99,14.49
16837,2014-05-19 08:05:09,15138,1,1,49.99,19.49
16838,2014-05-19 08:05:09,15138,3,0,45.99,14.49
16839,2014-05-19 08:42:43,15139,1,1,49.99,19.49
16840,2014-05-19 08:42:43,15139,4,0,29.99,9.49
16841,2014-05-19 09:19:14,15140,3,1,45.99,14.49
16842,2014-05-19 09:35:30,15141,1,1,49.99,19.49
16843,2014-05-19 10:26:30,15142,1,1,49.99,19.49
16844,2014-05-19 10:32:53,15143,1,1,49.99,19.49
16845,2014-05-19 10:42:59,15144,1,1,49.99,19.49
16846,2014-05-19 11:09:59,15145,1,1,49.99,19.49
16847,2014-05-19 11:25:46,15146,1,1,49.99,19.49
16848,2014-05-19 11:25:46,15146,2,0,59.99,22.49
16849,2014-05-19 11:51:51,15147,1,1,49.99,19.49
16850,2014-05-19 11:51:51,15147,4,0,29.99,9.49
16851,2014-05-19 11:57:12,15148,1,1,49.99,19.49
16852,2014-05-19 11:57:12,15148,4,0,29.99,9.49
16853,2014-05-19 12:33:58,15149,3,1,45.99,14.49
16854,2014-05-19 12:42:06,15150,1,1,49.99,19.49
16855,2014-05-19 12:54:00,15151,1,1,49.99,19.49
16856,2014-05-19 12:54:00,15151,3,0,45.99,14.49
16857,2014-05-19 13:07:52,15152,1,1,49.99,19.49
16858,2014-05-19 13:07:52,15152,2,0,59.99,22.49
16859,2014-05-19 13:34:00,15153,3,1,45.99,14.49
16860,2014-05-19 13:41:14,15154,1,1,49.99,19.49
16861,2014-05-19 13:41:14,15154,3,0,45.99,14.49
16862,2014-05-19 13:44:52,15155,3,1,45.99,14.49
16863,2014-05-19 14:18:46,15156,1,1,49.99,19.49
16864,2014-05-19 14:18:46,15156,2,0,59.99,22.49
16865,2014-05-19 15:16:51,15157,3,1,45.99,14.49
16866,2014-05-19 15:16:51,15157,1,0,49.99,19.49
16867,2014-05-19 15:19:34,15158,2,1,59.99,22.49
16868,2014-05-19 15:19:34,15158,4,0,29.99,9.49
16869,2014-05-19 16:26:11,15159,1,1,49.99,19.49
16870,2014-05-19 16:27:13,15160,1,1,49.99,19.49
16871,2014-05-19 16:27:13,15160,4,0,29.99,9.49
16872,2014-05-19 16:30:53,15161,1,1,49.99,19.49
16873,2014-05-19 16:30:53,15161,3,0,45.99,14.49
16874,2014-05-19 16:55:50,15162,1,1,49.99,19.49
16875,2014-05-19 16:55:50,15162,2,0,59.99,22.49
16876,2014-05-19 17:02:10,15163,1,1,49.99,19.49
16877,2014-05-19 17:13:30,15164,1,1,49.99,19.49
16878,2014-05-19 17:49:02,15165,1,1,49.99,19.49
16879,2014-05-19 18:30:30,15166,3,1,45.99,14.49
16880,2014-05-19 18:49:20,15167,1,1,49.99,19.49
16881,2014-05-19 18:49:20,15167,4,0,29.99,9.49
16882,2014-05-19 18:51:05,15168,1,1,49.99,19.49
16883,2014-05-19 18:53:55,15169,1,1,49.99,19.49
16884,2014-05-19 19:05:41,15170,1,1,49.99,19.49
16885,2014-05-19 19:05:41,15170,2,0,59.99,22.49
16886,2014-05-19 19:19:02,15171,1,1,49.99,19.49
16887,2014-05-19 19:31:22,15172,1,1,49.99,19.49
16888,2014-05-19 19:31:22,15172,4,0,29.99,9.49
16889,2014-05-19 20:06:16,15173,2,1,59.99,22.49
16890,2014-05-19 20:16:46,15174,2,1,59.99,22.49
16891,2014-05-19 20:33:28,15175,1,1,49.99,19.49
16892,2014-05-19 21:08:35,15176,1,1,49.99,19.49
16893,2014-05-19 21:30:59,15177,3,1,45.99,14.49
16894,2014-05-19 21:30:59,15177,4,0,29.99,9.49
16895,2014-05-19 22:23:05,15178,1,1,49.99,19.49
16896,2014-05-19 22:23:05,15178,2,0,59.99,22.49
16897,2014-05-19 22:39:43,15179,1,1,49.99,19.49
16898,2014-05-19 22:47:01,15180,1,1,49.99,19.49
16899,2014-05-19 23:06:39,15181,1,1,49.99,19.49
16900,2014-05-19 23:38:27,15182,1,1,49.99,19.49
16901,2014-05-20 01:28:26,15183,1,1,49.99,19.49
16902,2014-05-20 01:28:26,15183,4,0,29.99,9.49
16903,2014-05-20 03:17:35,15184,1,1,49.99,19.49
16904,2014-05-20 04:09:05,15185,3,1,45.99,14.49
16905,2014-05-20 04:53:55,15186,1,1,49.99,19.49
16906,2014-05-20 04:53:55,15186,2,0,59.99,22.49
16907,2014-05-20 05:01:47,15187,1,1,49.99,19.49
16908,2014-05-20 05:16:15,15188,3,1,45.99,14.49
16909,2014-05-20 06:20:32,15189,2,1,59.99,22.49
16910,2014-05-20 06:25:02,15190,2,1,59.99,22.49
16911,2014-05-20 06:26:31,15191,2,1,59.99,22.49
16912,2014-05-20 07:23:03,15192,1,1,49.99,19.49
16913,2014-05-20 07:51:53,15193,1,1,49.99,19.49
16914,2014-05-20 07:51:53,15193,4,0,29.99,9.49
16915,2014-05-20 07:57:56,15194,1,1,49.99,19.49
16916,2014-05-20 07:57:56,15194,3,0,45.99,14.49
16917,2014-05-20 08:21:38,15195,3,1,45.99,14.49
16918,2014-05-20 08:28:44,15196,1,1,49.99,19.49
16919,2014-05-20 09:23:09,15197,1,1,49.99,19.49
16920,2014-05-20 09:23:09,15197,3,0,45.99,14.49
16921,2014-05-20 09:40:23,15198,1,1,49.99,19.49
16922,2014-05-20 09:51:14,15199,1,1,49.99,19.49
16923,2014-05-20 09:51:14,15199,4,0,29.99,9.49
16924,2014-05-20 09:56:43,15200,1,1,49.99,19.49
16925,2014-05-20 09:56:43,15200,4,0,29.99,9.49
16926,2014-05-20 10:12:03,15201,3,1,45.99,14.49
16927,2014-05-20 10:38:51,15202,3,1,45.99,14.49
16928,2014-05-20 10:57:48,15203,2,1,59.99,22.49
16929,2014-05-20 11:07:03,15204,1,1,49.99,19.49
16930,2014-05-20 11:37:58,15205,1,1,49.99,19.49
16931,2014-05-20 11:37:58,15205,4,0,29.99,9.49
16932,2014-05-20 12:02:43,15206,1,1,49.99,19.49
16933,2014-05-20 12:02:43,15206,3,0,45.99,14.49
16934,2014-05-20 12:07:23,15207,1,1,49.99,19.49
16935,2014-05-20 12:11:54,15208,1,1,49.99,19.49
16936,2014-05-20 12:11:54,15208,2,0,59.99,22.49
16937,2014-05-20 12:16:28,15209,2,1,59.99,22.49
16938,2014-05-20 12:30:02,15210,1,1,49.99,19.49
16939,2014-05-20 12:35:11,15211,3,1,45.99,14.49
16940,2014-05-20 12:42:52,15212,1,1,49.99,19.49
16941,2014-05-20 12:50:35,15213,1,1,49.99,19.49
16942,2014-05-20 12:58:50,15214,3,1,45.99,14.49
16943,2014-05-20 13:40:25,15215,1,1,49.99,19.49
16944,2014-05-20 13:40:25,15215,4,0,29.99,9.49
16945,2014-05-20 13:49:44,15216,1,1,49.99,19.49
16946,2014-05-20 13:49:44,15216,3,0,45.99,14.49
16947,2014-05-20 13:51:16,15217,1,1,49.99,19.49
16948,2014-05-20 13:51:16,15217,4,0,29.99,9.49
16949,2014-05-20 13:59:40,15218,3,1,45.99,14.49
16950,2014-05-20 13:59:40,15218,1,0,49.99,19.49
16951,2014-05-20 14:39:15,15219,1,1,49.99,19.49
16952,2014-05-20 14:42:47,15220,1,1,49.99,19.49
16953,2014-05-20 14:54:59,15221,1,1,49.99,19.49
16954,2014-05-20 15:06:58,15222,1,1,49.99,19.49
16955,2014-05-20 15:48:10,15223,1,1,49.99,19.49
16956,2014-05-20 15:50:06,15224,1,1,49.99,19.49
16957,2014-05-20 17:15:54,15225,1,1,49.99,19.49
16958,2014-05-20 17:20:14,15226,1,1,49.99,19.49
16959,2014-05-20 17:53:50,15227,1,1,49.99,19.49
16960,2014-05-20 17:53:50,15227,4,0,29.99,9.49
16961,2014-05-20 17:56:27,15228,1,1,49.99,19.49
16962,2014-05-20 18:15:48,15229,1,1,49.99,19.49
16963,2014-05-20 18:43:35,15230,3,1,45.99,14.49
16964,2014-05-20 19:01:47,15231,1,1,49.99,19.49
16965,2014-05-20 19:01:47,15231,4,0,29.99,9.49
16966,2014-05-20 19:49:22,15232,1,1,49.99,19.49
16967,2014-05-20 22:03:27,15233,1,1,49.99,19.49
16968,2014-05-20 22:03:27,15233,3,0,45.99,14.49
16969,2014-05-20 22:27:51,15234,1,1,49.99,19.49
16970,2014-05-20 22:27:51,15234,4,0,29.99,9.49
16971,2014-05-20 22:28:43,15235,1,1,49.99,19.49
16972,2014-05-20 22:28:43,15235,3,0,45.99,14.49
16973,2014-05-20 23:13:56,15236,1,1,49.99,19.49
16974,2014-05-20 23:16:17,15237,1,1,49.99,19.49
16975,2014-05-20 23:16:45,15238,1,1,49.99,19.49
16976,2014-05-21 00:50:13,15239,3,1,45.99,14.49
16977,2014-05-21 01:11:14,15240,3,1,45.99,14.49
16978,2014-05-21 02:25:44,15241,1,1,49.99,19.49
16979,2014-05-21 02:25:44,15241,3,0,45.99,14.49
16980,2014-05-21 02:27:00,15242,1,1,49.99,19.49
16981,2014-05-21 03:23:07,15243,2,1,59.99,22.49
16982,2014-05-21 04:29:37,15244,3,1,45.99,14.49
16983,2014-05-21 04:46:48,15245,3,1,45.99,14.49
16984,2014-05-21 04:59:37,15246,1,1,49.99,19.49
16985,2014-05-21 06:52:04,15247,2,1,59.99,22.49
16986,2014-05-21 07:43:39,15248,1,1,49.99,19.49
16987,2014-05-21 08:29:58,15249,3,1,45.99,14.49
16988,2014-05-21 08:29:58,15249,4,0,29.99,9.49
16989,2014-05-21 09:13:30,15250,1,1,49.99,19.49
16990,2014-05-21 09:13:30,15250,4,0,29.99,9.49
16991,2014-05-21 09:36:09,15251,1,1,49.99,19.49
16992,2014-05-21 09:50:27,15252,3,1,45.99,14.49
16993,2014-05-21 09:59:53,15253,1,1,49.99,19.49
16994,2014-05-21 10:26:28,15254,1,1,49.99,19.49
16995,2014-05-21 10:26:28,15254,2,0,59.99,22.49
16996,2014-05-21 10:47:29,15255,2,1,59.99,22.49
16997,2014-05-21 10:47:29,15255,4,0,29.99,9.49
16998,2014-05-21 11:36:57,15256,1,1,49.99,19.49
16999,2014-05-21 11:36:57,15256,3,0,45.99,14.49
17000,2014-05-21 12:25:22,15257,1,1,49.99,19.49
17001,2014-05-21 12:44:28,15258,1,1,49.99,19.49
17002,2014-05-21 13:16:08,15259,1,1,49.99,19.49
17003,2014-05-21 13:49:09,15260,1,1,49.99,19.49
17004,2014-05-21 14:20:58,15261,1,1,49.99,19.49
17005,2014-05-21 14:20:58,15261,4,0,29.99,9.49
17006,2014-05-21 14:25:51,15262,3,1,45.99,14.49
17007,2014-05-21 14:37:10,15263,1,1,49.99,19.49
17008,2014-05-21 14:37:10,15263,4,0,29.99,9.49
17009,2014-05-21 14:39:11,15264,1,1,49.99,19.49
17010,2014-05-21 15:03:06,15265,3,1,45.99,14.49
17011,2014-05-21 15:18:43,15266,1,1,49.99,19.49
17012,2014-05-21 15:18:43,15266,3,0,45.99,14.49
17013,2014-05-21 15:42:23,15267,2,1,59.99,22.49
17014,2014-05-21 16:43:22,15268,1,1,49.99,19.49
17015,2014-05-21 16:43:22,15268,3,0,45.99,14.49
17016,2014-05-21 16:51:37,15269,1,1,49.99,19.49
17017,2014-05-21 16:56:00,15270,1,1,49.99,19.49
17018,2014-05-21 17:01:23,15271,1,1,49.99,19.49
17019,2014-05-21 17:01:23,15271,3,0,45.99,14.49
17020,2014-05-21 17:03:45,15272,1,1,49.99,19.49
17021,2014-05-21 17:04:44,15273,3,1,45.99,14.49
17022,2014-05-21 17:35:42,15274,2,1,59.99,22.49
17023,2014-05-21 17:53:53,15275,1,1,49.99,19.49
17024,2014-05-21 18:07:38,15276,2,1,59.99,22.49
17025,2014-05-21 18:16:59,15277,2,1,59.99,22.49
17026,2014-05-21 18:16:59,15277,4,0,29.99,9.49
17027,2014-05-21 18:42:59,15278,1,1,49.99,19.49
17028,2014-05-21 19:35:29,15279,1,1,49.99,19.49
17029,2014-05-21 19:35:29,15279,4,0,29.99,9.49
17030,2014-05-21 19:51:30,15280,1,1,49.99,19.49
17031,2014-05-21 19:53:54,15281,2,1,59.99,22.49
17032,2014-05-21 19:53:54,15281,4,0,29.99,9.49
17033,2014-05-21 20:31:48,15282,2,1,59.99,22.49
17034,2014-05-21 20:31:48,15282,4,0,29.99,9.49
17035,2014-05-21 20:56:57,15283,2,1,59.99,22.49
17036,2014-05-21 20:58:52,15284,1,1,49.99,19.49
17037,2014-05-21 21:09:18,15285,1,1,49.99,19.49
17038,2014-05-21 21:44:03,15286,2,1,59.99,22.49
17039,2014-05-21 21:44:03,15286,1,0,49.99,19.49
17040,2014-05-21 22:10:48,15287,3,1,45.99,14.49
17041,2014-05-21 22:26:14,15288,1,1,49.99,19.49
17042,2014-05-21 23:09:23,15289,1,1,49.99,19.49
17043,2014-05-21 23:14:27,15290,1,1,49.99,19.49
17044,2014-05-21 23:14:27,15290,3,0,45.99,14.49
17045,2014-05-22 00:10:43,15291,1,1,49.99,19.49
17046,2014-05-22 00:10:43,15291,4,0,29.99,9.49
17047,2014-05-22 01:01:46,15292,1,1,49.99,19.49
17048,2014-05-22 02:18:28,15293,1,1,49.99,19.49
17049,2014-05-22 03:18:52,15294,1,1,49.99,19.49
17050,2014-05-22 04:42:57,15295,1,1,49.99,19.49
17051,2014-05-22 05:41:56,15296,1,1,49.99,19.49
17052,2014-05-22 07:45:59,15297,3,1,45.99,14.49
17053,2014-05-22 07:45:59,15297,4,0,29.99,9.49
17054,2014-05-22 09:17:37,15298,1,1,49.99,19.49
17055,2014-05-22 09:44:02,15299,2,1,59.99,22.49
17056,2014-05-22 09:44:02,15299,4,0,29.99,9.49
17057,2014-05-22 09:53:49,15300,1,1,49.99,19.49
17058,2014-05-22 10:00:37,15301,2,1,59.99,22.49
17059,2014-05-22 10:00:37,15301,4,0,29.99,9.49
17060,2014-05-22 10:14:38,15302,2,1,59.99,22.49
17061,2014-05-22 10:19:33,15303,1,1,49.99,19.49
17062,2014-05-22 10:56:43,15304,1,1,49.99,19.49
17063,2014-05-22 11:38:02,15305,1,1,49.99,19.49
17064,2014-05-22 12:36:57,15306,1,1,49.99,19.49
17065,2014-05-22 12:36:57,15306,4,0,29.99,9.49
17066,2014-05-22 12:37:47,15307,2,1,59.99,22.49
17067,2014-05-22 12:37:47,15307,3,0,45.99,14.49
17068,2014-05-22 12:52:06,15308,1,1,49.99,19.49
17069,2014-05-22 12:52:06,15308,4,0,29.99,9.49
17070,2014-05-22 13:00:51,15309,2,1,59.99,22.49
17071,2014-05-22 13:00:51,15309,4,0,29.99,9.49
17072,2014-05-22 13:46:13,15310,1,1,49.99,19.49
17073,2014-05-22 13:46:38,15311,1,1,49.99,19.49
17074,2014-05-22 13:47:23,15312,1,1,49.99,19.49
17075,2014-05-22 14:02:57,15313,1,1,49.99,19.49
17076,2014-05-22 14:13:40,15314,2,1,59.99,22.49
17077,2014-05-22 14:13:40,15314,4,0,29.99,9.49
17078,2014-05-22 14:21:16,15315,1,1,49.99,19.49
17079,2014-05-22 14:27:08,15316,1,1,49.99,19.49
17080,2014-05-22 14:36:31,15317,1,1,49.99,19.49
17081,2014-05-22 14:49:28,15318,1,1,49.99,19.49
17082,2014-05-22 14:49:28,15318,4,0,29.99,9.49
17083,2014-05-22 14:59:09,15319,3,1,45.99,14.49
17084,2014-05-22 15:08:56,15320,1,1,49.99,19.49
17085,2014-05-22 15:08:56,15320,4,0,29.99,9.49
17086,2014-05-22 15:09:44,15321,1,1,49.99,19.49
17087,2014-05-22 15:11:05,15322,3,1,45.99,14.49
17088,2014-05-22 15:25:31,15323,1,1,49.99,19.49
17089,2014-05-22 15:25:31,15323,3,0,45.99,14.49
17090,2014-05-22 16:03:51,15324,1,1,49.99,19.49
17091,2014-05-22 16:03:51,15324,4,0,29.99,9.49
17092,2014-05-22 16:08:24,15325,1,1,49.99,19.49
17093,2014-05-22 16:09:54,15326,1,1,49.99,19.49
17094,2014-05-22 16:09:54,15326,4,0,29.99,9.49
17095,2014-05-22 16:12:26,15327,3,1,45.99,14.49
17096,2014-05-22 16:12:26,15327,4,0,29.99,9.49
17097,2014-05-22 17:25:48,15328,1,1,49.99,19.49
17098,2014-05-22 17:25:48,15328,3,0,45.99,14.49
17099,2014-05-22 17:43:46,15329,1,1,49.99,19.49
17100,2014-05-22 18:23:09,15330,1,1,49.99,19.49
17101,2014-05-22 18:37:20,15331,1,1,49.99,19.49
17102,2014-05-22 18:37:20,15331,3,0,45.99,14.49
17103,2014-05-22 18:46:35,15332,1,1,49.99,19.49
17104,2014-05-22 19:05:40,15333,1,1,49.99,19.49
17105,2014-05-22 19:46:11,15334,2,1,59.99,22.49
17106,2014-05-22 20:39:08,15335,1,1,49.99,19.49
17107,2014-05-22 20:39:08,15335,4,0,29.99,9.49
17108,2014-05-22 21:47:51,15336,2,1,59.99,22.49
17109,2014-05-22 22:04:35,15337,2,1,59.99,22.49
17110,2014-05-22 22:31:07,15338,1,1,49.99,19.49
17111,2014-05-22 22:31:07,15338,3,0,45.99,14.49
17112,2014-05-22 22:43:51,15339,3,1,45.99,14.49
17113,2014-05-22 23:44:26,15340,1,1,49.99,19.49
17114,2014-05-22 23:44:26,15340,2,0,59.99,22.49
17115,2014-05-23 01:17:30,15341,1,1,49.99,19.49
17116,2014-05-23 01:45:29,15342,1,1,49.99,19.49
17117,2014-05-23 02:41:44,15343,1,1,49.99,19.49
17118,2014-05-23 02:49:17,15344,1,1,49.99,19.49
17119,2014-05-23 03:00:38,15345,1,1,49.99,19.49
17120,2014-05-23 03:00:38,15345,3,0,45.99,14.49
17121,2014-05-23 03:17:20,15346,1,1,49.99,19.49
17122,2014-05-23 05:16:50,15347,1,1,49.99,19.49
17123,2014-05-23 07:19:04,15348,1,1,49.99,19.49
17124,2014-05-23 07:19:04,15348,4,0,29.99,9.49
17125,2014-05-23 07:35:05,15349,1,1,49.99,19.49
17126,2014-05-23 07:35:05,15349,2,0,59.99,22.49
17127,2014-05-23 08:12:59,15350,1,1,49.99,19.49
17128,2014-05-23 08:24:20,15351,1,1,49.99,19.49
17129,2014-05-23 08:24:20,15351,4,0,29.99,9.49
17130,2014-05-23 09:26:29,15352,3,1,45.99,14.49
17131,2014-05-23 09:36:31,15353,2,1,59.99,22.49
17132,2014-05-23 09:36:31,15353,4,0,29.99,9.49
17133,2014-05-23 10:19:53,15354,3,1,45.99,14.49
17134,2014-05-23 10:30:45,15355,1,1,49.99,19.49
17135,2014-05-23 11:00:59,15356,1,1,49.99,19.49
17136,2014-05-23 11:02:57,15357,1,1,49.99,19.49
17137,2014-05-23 11:25:18,15358,1,1,49.99,19.49
17138,2014-05-23 11:44:07,15359,1,1,49.99,19.49
17139,2014-05-23 11:44:51,15360,1,1,49.99,19.49
17140,2014-05-23 11:59:42,15361,1,1,49.99,19.49
17141,2014-05-23 11:59:42,15361,4,0,29.99,9.49
17142,2014-05-23 12:03:04,15362,1,1,49.99,19.49
17143,2014-05-23 12:05:31,15363,1,1,49.99,19.49
17144,2014-05-23 12:10:39,15364,1,1,49.99,19.49
17145,2014-05-23 12:23:27,15365,1,1,49.99,19.49
17146,2014-05-23 12:34:21,15366,1,1,49.99,19.49
17147,2014-05-23 13:30:33,15367,2,1,59.99,22.49
17148,2014-05-23 13:34:30,15368,1,1,49.99,19.49
17149,2014-05-23 13:49:13,15369,1,1,49.99,19.49
17150,2014-05-23 14:28:37,15370,2,1,59.99,22.49
17151,2014-05-23 14:35:20,15371,1,1,49.99,19.49
17152,2014-05-23 14:41:52,15372,3,1,45.99,14.49
17153,2014-05-23 15:02:40,15373,1,1,49.99,19.49
17154,2014-05-23 15:09:04,15374,1,1,49.99,19.49
17155,2014-05-23 15:27:38,15375,1,1,49.99,19.49
17156,2014-05-23 16:11:23,15376,1,1,49.99,19.49
17157,2014-05-23 16:11:23,15376,4,0,29.99,9.49
17158,2014-05-23 16:46:06,15377,3,1,45.99,14.49
17159,2014-05-23 16:46:06,15377,4,0,29.99,9.49
17160,2014-05-23 16:56:01,15378,3,1,45.99,14.49
17161,2014-05-23 18:16:58,15379,1,1,49.99,19.49
17162,2014-05-23 18:16:58,15379,4,0,29.99,9.49
17163,2014-05-23 18:18:35,15380,2,1,59.99,22.49
17164,2014-05-23 19:26:54,15381,1,1,49.99,19.49
17165,2014-05-23 19:38:17,15382,1,1,49.99,19.49
17166,2014-05-23 19:38:17,15382,4,0,29.99,9.49
17167,2014-05-23 20:12:26,15383,3,1,45.99,14.49
17168,2014-05-23 20:25:42,15384,1,1,49.99,19.49
17169,2014-05-23 20:48:05,15385,2,1,59.99,22.49
17170,2014-05-23 23:14:42,15386,1,1,49.99,19.49
17171,2014-05-23 23:14:42,15386,4,0,29.99,9.49
17172,2014-05-23 23:51:35,15387,1,1,49.99,19.49
17173,2014-05-24 00:04:33,15388,1,1,49.99,19.49
17174,2014-05-24 00:08:50,15389,3,1,45.99,14.49
17175,2014-05-24 00:08:50,15389,4,0,29.99,9.49
17176,2014-05-24 00:11:42,15390,2,1,59.99,22.49
17177,2014-05-24 00:47:50,15391,1,1,49.99,19.49
17178,2014-05-24 01:00:51,15392,1,1,49.99,19.49
17179,2014-05-24 02:15:18,15393,2,1,59.99,22.49
17180,2014-05-24 02:15:18,15393,4,0,29.99,9.49
17181,2014-05-24 03:37:51,15394,1,1,49.99,19.49
17182,2014-05-24 03:51:18,15395,1,1,49.99,19.49
17183,2014-05-24 03:51:18,15395,4,0,29.99,9.49
17184,2014-05-24 03:57:16,15396,2,1,59.99,22.49
17185,2014-05-24 07:23:03,15397,2,1,59.99,22.49
17186,2014-05-24 09:15:39,15398,1,1,49.99,19.49
17187,2014-05-24 14:37:51,15399,1,1,49.99,19.49
17188,2014-05-24 14:47:13,15400,2,1,59.99,22.49
17189,2014-05-24 15:17:49,15401,1,1,49.99,19.49
17190,2014-05-24 16:20:45,15402,1,1,49.99,19.49
17191,2014-05-24 16:43:30,15403,1,1,49.99,19.49
17192,2014-05-24 21:03:07,15404,1,1,49.99,19.49
17193,2014-05-24 22:54:59,15405,1,1,49.99,19.49
17194,2014-05-24 22:54:59,15405,3,0,45.99,14.49
17195,2014-05-24 23:54:41,15406,2,1,59.99,22.49
17196,2014-05-24 23:54:41,15406,1,0,49.99,19.49
17197,2014-05-25 00:25:41,15407,1,1,49.99,19.49
17198,2014-05-25 01:26:43,15408,1,1,49.99,19.49
17199,2014-05-25 01:26:43,15408,4,0,29.99,9.49
17200,2014-05-25 01:27:34,15409,2,1,59.99,22.49
17201,2014-05-25 01:27:34,15409,4,0,29.99,9.49
17202,2014-05-25 06:03:11,15410,1,1,49.99,19.49
17203,2014-05-25 06:03:11,15410,4,0,29.99,9.49
17204,2014-05-25 08:03:06,15411,3,1,45.99,14.49
17205,2014-05-25 08:08:02,15412,2,1,59.99,22.49
17206,2014-05-25 10:40:38,15413,1,1,49.99,19.49
17207,2014-05-25 12:40:12,15414,1,1,49.99,19.49
17208,2014-05-25 12:40:12,15414,3,0,45.99,14.49
17209,2014-05-25 13:00:27,15415,1,1,49.99,19.49
17210,2014-05-25 13:12:58,15416,1,1,49.99,19.49
17211,2014-05-25 13:12:58,15416,4,0,29.99,9.49
17212,2014-05-25 13:26:53,15417,1,1,49.99,19.49
17213,2014-05-25 17:12:39,15418,1,1,49.99,19.49
17214,2014-05-25 18:34:06,15419,2,1,59.99,22.49
17215,2014-05-25 19:04:31,15420,1,1,49.99,19.49
17216,2014-05-25 19:11:12,15421,2,1,59.99,22.49
17217,2014-05-25 19:41:51,15422,1,1,49.99,19.49
17218,2014-05-25 21:08:37,15423,2,1,59.99,22.49
17219,2014-05-25 21:08:37,15423,1,0,49.99,19.49
17220,2014-05-25 21:52:07,15424,1,1,49.99,19.49
17221,2014-05-25 22:39:32,15425,3,1,45.99,14.49
17222,2014-05-25 22:50:28,15426,1,1,49.99,19.49
17223,2014-05-25 23:13:44,15427,2,1,59.99,22.49
17224,2014-05-25 23:58:31,15428,1,1,49.99,19.49
17225,2014-05-26 00:40:55,15429,1,1,49.99,19.49
17226,2014-05-26 01:27:23,15430,2,1,59.99,22.49
17227,2014-05-26 01:27:23,15430,4,0,29.99,9.49
17228,2014-05-26 01:48:00,15431,1,1,49.99,19.49
17229,2014-05-26 01:48:00,15431,4,0,29.99,9.49
17230,2014-05-26 04:28:53,15432,1,1,49.99,19.49
17231,2014-05-26 06:26:34,15433,1,1,49.99,19.49
17232,2014-05-26 08:21:33,15434,1,1,49.99,19.49
17233,2014-05-26 09:13:47,15435,3,1,45.99,14.49
17234,2014-05-26 09:21:59,15436,2,1,59.99,22.49
17235,2014-05-26 09:59:09,15437,2,1,59.99,22.49
17236,2014-05-26 10:05:12,15438,1,1,49.99,19.49
17237,2014-05-26 10:33:18,15439,1,1,49.99,19.49
17238,2014-05-26 10:33:18,15439,3,0,45.99,14.49
17239,2014-05-26 10:34:00,15440,1,1,49.99,19.49
17240,2014-05-26 10:34:00,15440,4,0,29.99,9.49
17241,2014-05-26 11:16:44,15441,1,1,49.99,19.49
17242,2014-05-26 11:38:52,15442,1,1,49.99,19.49
17243,2014-05-26 12:38:05,15443,1,1,49.99,19.49
17244,2014-05-26 12:38:05,15443,2,0,59.99,22.49
17245,2014-05-26 12:39:04,15444,2,1,59.99,22.49
17246,2014-05-26 12:40:41,15445,3,1,45.99,14.49
17247,2014-05-26 12:48:49,15446,1,1,49.99,19.49
17248,2014-05-26 13:04:07,15447,1,1,49.99,19.49
17249,2014-05-26 13:04:07,15447,3,0,45.99,14.49
17250,2014-05-26 14:08:11,15448,1,1,49.99,19.49
17251,2014-05-26 14:08:11,15448,2,0,59.99,22.49
17252,2014-05-26 14:44:04,15449,1,1,49.99,19.49
17253,2014-05-26 14:45:02,15450,1,1,49.99,19.49
17254,2014-05-26 14:46:32,15451,1,1,49.99,19.49
17255,2014-05-26 15:18:51,15452,3,1,45.99,14.49
17256,2014-05-26 15:18:51,15452,4,0,29.99,9.49
17257,2014-05-26 15:26:04,15453,2,1,59.99,22.49
17258,2014-05-26 16:59:35,15454,1,1,49.99,19.49
17259,2014-05-26 16:59:35,15454,4,0,29.99,9.49
17260,2014-05-26 17:28:29,15455,3,1,45.99,14.49
17261,2014-05-26 17:29:26,15456,1,1,49.99,19.49
17262,2014-05-26 17:29:26,15456,2,0,59.99,22.49
17263,2014-05-26 17:31:55,15457,1,1,49.99,19.49
17264,2014-05-26 17:52:32,15458,1,1,49.99,19.49
17265,2014-05-26 17:52:32,15458,2,0,59.99,22.49
17266,2014-05-26 18:17:19,15459,1,1,49.99,19.49
17267,2014-05-26 20:44:43,15460,1,1,49.99,19.49
17268,2014-05-26 20:50:17,15461,1,1,49.99,19.49
17269,2014-05-26 20:50:17,15461,3,0,45.99,14.49
17270,2014-05-26 21:59:01,15462,1,1,49.99,19.49
17271,2014-05-26 22:28:41,15463,1,1,49.99,19.49
17272,2014-05-26 22:46:15,15464,1,1,49.99,19.49
17273,2014-05-26 22:47:16,15465,3,1,45.99,14.49
17274,2014-05-27 00:23:48,15466,1,1,49.99,19.49
17275,2014-05-27 00:23:48,15466,3,0,45.99,14.49
17276,2014-05-27 00:26:28,15467,1,1,49.99,19.49
17277,2014-05-27 02:29:49,15468,1,1,49.99,19.49
17278,2014-05-27 02:54:22,15469,1,1,49.99,19.49
17279,2014-05-27 02:54:22,15469,4,0,29.99,9.49
17280,2014-05-27 02:57:01,15470,1,1,49.99,19.49
17281,2014-05-27 03:25:28,15471,1,1,49.99,19.49
17282,2014-05-27 03:25:28,15471,4,0,29.99,9.49
17283,2014-05-27 03:40:30,15472,1,1,49.99,19.49
17284,2014-05-27 04:39:03,15473,1,1,49.99,19.49
17285,2014-05-27 04:55:58,15474,1,1,49.99,19.49
17286,2014-05-27 04:55:58,15474,2,0,59.99,22.49
17287,2014-05-27 05:40:53,15475,1,1,49.99,19.49
17288,2014-05-27 05:59:29,15476,1,1,49.99,19.49
17289,2014-05-27 07:43:53,15477,1,1,49.99,19.49
17290,2014-05-27 07:57:20,15478,1,1,49.99,19.49
17291,2014-05-27 07:57:20,15478,4,0,29.99,9.49
17292,2014-05-27 08:12:22,15479,1,1,49.99,19.49
17293,2014-05-27 08:12:22,15479,4,0,29.99,9.49
17294,2014-05-27 08:27:28,15480,1,1,49.99,19.49
17295,2014-05-27 08:38:37,15481,1,1,49.99,19.49
17296,2014-05-27 08:38:37,15481,3,0,45.99,14.49
17297,2014-05-27 08:55:17,15482,1,1,49.99,19.49
17298,2014-05-27 08:55:17,15482,4,0,29.99,9.49
17299,2014-05-27 08:55:24,15483,1,1,49.99,19.49
17300,2014-05-27 08:55:24,15483,3,0,45.99,14.49
17301,2014-05-27 09:21:10,15484,1,1,49.99,19.49
17302,2014-05-27 09:48:07,15485,1,1,49.99,19.49
17303,2014-05-27 09:48:07,15485,4,0,29.99,9.49
17304,2014-05-27 09:49:07,15486,1,1,49.99,19.49
17305,2014-05-27 11:07:20,15487,1,1,49.99,19.49
17306,2014-05-27 11:07:20,15487,4,0,29.99,9.49
17307,2014-05-27 11:22:36,15488,1,1,49.99,19.49
17308,2014-05-27 11:22:36,15488,4,0,29.99,9.49
17309,2014-05-27 11:22:53,15489,1,1,49.99,19.49
17310,2014-05-27 11:23:32,15490,1,1,49.99,19.49
17311,2014-05-27 11:58:44,15491,1,1,49.99,19.49
17312,2014-05-27 11:58:44,15491,4,0,29.99,9.49
17313,2014-05-27 12:02:39,15492,1,1,49.99,19.49
17314,2014-05-27 12:02:39,15492,4,0,29.99,9.49
17315,2014-05-27 12:07:32,15493,1,1,49.99,19.49
17316,2014-05-27 12:07:32,15493,4,0,29.99,9.49
17317,2014-05-27 12:14:56,15494,1,1,49.99,19.49
17318,2014-05-27 12:14:56,15494,4,0,29.99,9.49
17319,2014-05-27 12:43:24,15495,1,1,49.99,19.49
17320,2014-05-27 12:43:24,15495,4,0,29.99,9.49
17321,2014-05-27 12:45:48,15496,2,1,59.99,22.49
17322,2014-05-27 12:45:48,15496,3,0,45.99,14.49
17323,2014-05-27 12:53:05,15497,1,1,49.99,19.49
17324,2014-05-27 12:53:05,15497,3,0,45.99,14.49
17325,2014-05-27 12:58:21,15498,1,1,49.99,19.49
17326,2014-05-27 13:13:59,15499,1,1,49.99,19.49
17327,2014-05-27 13:24:21,15500,1,1,49.99,19.49
17328,2014-05-27 13:24:21,15500,4,0,29.99,9.49
17329,2014-05-27 13:26:59,15501,1,1,49.99,19.49
17330,2014-05-27 13:26:59,15501,4,0,29.99,9.49
17331,2014-05-27 13:46:07,15502,1,1,49.99,19.49
17332,2014-05-27 13:46:07,15502,3,0,45.99,14.49
17333,2014-05-27 14:17:49,15503,1,1,49.99,19.49
17334,2014-05-27 14:28:28,15504,1,1,49.99,19.49
17335,2014-05-27 15:18:01,15505,2,1,59.99,22.49
17336,2014-05-27 15:34:39,15506,1,1,49.99,19.49
17337,2014-05-27 15:36:46,15507,2,1,59.99,22.49
17338,2014-05-27 16:29:23,15508,1,1,49.99,19.49
17339,2014-05-27 16:29:23,15508,4,0,29.99,9.49
17340,2014-05-27 16:34:39,15509,1,1,49.99,19.49
17341,2014-05-27 16:34:39,15509,4,0,29.99,9.49
17342,2014-05-27 16:37:27,15510,1,1,49.99,19.49
17343,2014-05-27 16:47:33,15511,1,1,49.99,19.49
17344,2014-05-27 17:21:33,15512,1,1,49.99,19.49
17345,2014-05-27 17:21:33,15512,2,0,59.99,22.49
17346,2014-05-27 17:25:51,15513,3,1,45.99,14.49
17347,2014-05-27 17:25:51,15513,1,0,49.99,19.49
17348,2014-05-27 17:28:21,15514,2,1,59.99,22.49
17349,2014-05-27 17:28:21,15514,4,0,29.99,9.49
17350,2014-05-27 18:40:28,15515,1,1,49.99,19.49
17351,2014-05-27 19:13:06,15516,1,1,49.99,19.49
17352,2014-05-27 19:42:39,15517,1,1,49.99,19.49
17353,2014-05-27 19:44:01,15518,1,1,49.99,19.49
17354,2014-05-27 19:55:19,15519,1,1,49.99,19.49
17355,2014-05-27 19:55:19,15519,3,0,45.99,14.49
17356,2014-05-27 20:17:55,15520,1,1,49.99,19.49
17357,2014-05-27 20:24:54,15521,1,1,49.99,19.49
17358,2014-05-27 20:24:54,15521,3,0,45.99,14.49
17359,2014-05-27 20:57:20,15522,1,1,49.99,19.49
17360,2014-05-27 22:10:57,15523,1,1,49.99,19.49
17361,2014-05-28 00:55:47,15524,1,1,49.99,19.49
17362,2014-05-28 00:55:47,15524,4,0,29.99,9.49
17363,2014-05-28 01:11:05,15525,2,1,59.99,22.49
17364,2014-05-28 01:59:51,15526,1,1,49.99,19.49
17365,2014-05-28 01:59:51,15526,4,0,29.99,9.49
17366,2014-05-28 02:37:10,15527,1,1,49.99,19.49
17367,2014-05-28 02:37:10,15527,4,0,29.99,9.49
17368,2014-05-28 03:41:56,15528,1,1,49.99,19.49
17369,2014-05-28 03:44:54,15529,1,1,49.99,19.49
17370,2014-05-28 04:10:52,15530,1,1,49.99,19.49
17371,2014-05-28 04:10:52,15530,4,0,29.99,9.49
17372,2014-05-28 05:35:36,15531,1,1,49.99,19.49
17373,2014-05-28 05:35:36,15531,4,0,29.99,9.49
17374,2014-05-28 05:59:22,15532,1,1,49.99,19.49
17375,2014-05-28 05:59:22,15532,4,0,29.99,9.49
17376,2014-05-28 06:39:31,15533,3,1,45.99,14.49
17377,2014-05-28 07:25:03,15534,2,1,59.99,22.49
17378,2014-05-28 08:17:35,15535,1,1,49.99,19.49
17379,2014-05-28 09:35:22,15536,1,1,49.99,19.49
17380,2014-05-28 09:35:22,15536,3,0,45.99,14.49
17381,2014-05-28 10:05:14,15537,1,1,49.99,19.49
17382,2014-05-28 10:05:14,15537,4,0,29.99,9.49
17383,2014-05-28 10:09:11,15538,1,1,49.99,19.49
17384,2014-05-28 10:09:11,15538,3,0,45.99,14.49
17385,2014-05-28 10:51:17,15539,1,1,49.99,19.49
17386,2014-05-28 10:56:00,15540,1,1,49.99,19.49
17387,2014-05-28 10:56:00,15540,3,0,45.99,14.49
17388,2014-05-28 11:03:19,15541,2,1,59.99,22.49
17389,2014-05-28 11:10:24,15542,1,1,49.99,19.49
17390,2014-05-28 11:47:18,15543,1,1,49.99,19.49
17391,2014-05-28 11:47:18,15543,2,0,59.99,22.49
17392,2014-05-28 12:15:07,15544,3,1,45.99,14.49
17393,2014-05-28 12:20:05,15545,1,1,49.99,19.49
17394,2014-05-28 12:23:37,15546,3,1,45.99,14.49
17395,2014-05-28 12:27:33,15547,1,1,49.99,19.49
17396,2014-05-28 12:48:33,15548,1,1,49.99,19.49
17397,2014-05-28 12:51:27,15549,2,1,59.99,22.49
17398,2014-05-28 12:51:43,15550,3,1,45.99,14.49
17399,2014-05-28 12:57:54,15551,1,1,49.99,19.49
17400,2014-05-28 13:01:54,15552,3,1,45.99,14.49
17401,2014-05-28 13:07:26,15553,1,1,49.99,19.49
17402,2014-05-28 13:15:39,15554,1,1,49.99,19.49
17403,2014-05-28 13:34:50,15555,1,1,49.99,19.49
17404,2014-05-28 13:34:50,15555,4,0,29.99,9.49
17405,2014-05-28 14:02:17,15556,1,1,49.99,19.49
17406,2014-05-28 14:02:17,15556,3,0,45.99,14.49
17407,2014-05-28 14:09:31,15557,1,1,49.99,19.49
17408,2014-05-28 14:23:22,15558,1,1,49.99,19.49
17409,2014-05-28 14:23:22,15558,2,0,59.99,22.49
17410,2014-05-28 14:27:27,15559,1,1,49.99,19.49
17411,2014-05-28 14:57:11,15560,1,1,49.99,19.49
17412,2014-05-28 14:57:11,15560,3,0,45.99,14.49
17413,2014-05-28 15:47:56,15561,2,1,59.99,22.49
17414,2014-05-28 15:55:41,15562,1,1,49.99,19.49
17415,2014-05-28 16:26:36,15563,1,1,49.99,19.49
17416,2014-05-28 16:26:36,15563,4,0,29.99,9.49
17417,2014-05-28 16:35:54,15564,1,1,49.99,19.49
17418,2014-05-28 16:35:54,15564,4,0,29.99,9.49
17419,2014-05-28 17:47:39,15565,1,1,49.99,19.49
17420,2014-05-28 17:57:07,15566,1,1,49.99,19.49
17421,2014-05-28 17:59:59,15567,1,1,49.99,19.49
17422,2014-05-28 17:59:59,15567,3,0,45.99,14.49
17423,2014-05-28 18:14:58,15568,2,1,59.99,22.49
17424,2014-05-28 18:33:35,15569,2,1,59.99,22.49
17425,2014-05-28 18:38:32,15570,2,1,59.99,22.49
17426,2014-05-28 18:49:16,15571,1,1,49.99,19.49
17427,2014-05-28 18:49:16,15571,2,0,59.99,22.49
17428,2014-05-28 19:20:27,15572,1,1,49.99,19.49
17429,2014-05-28 19:27:12,15573,1,1,49.99,19.49
17430,2014-05-28 19:55:04,15574,1,1,49.99,19.49
17431,2014-05-28 21:01:45,15575,1,1,49.99,19.49
17432,2014-05-28 21:35:41,15576,1,1,49.99,19.49
17433,2014-05-28 22:14:37,15577,2,1,59.99,22.49
17434,2014-05-28 22:20:27,15578,1,1,49.99,19.49
17435,2014-05-28 23:30:21,15579,2,1,59.99,22.49
17436,2014-05-28 23:31:35,15580,1,1,49.99,19.49
17437,2014-05-28 23:53:21,15581,1,1,49.99,19.49
17438,2014-05-29 00:23:19,15582,1,1,49.99,19.49
17439,2014-05-29 02:45:01,15583,2,1,59.99,22.49
17440,2014-05-29 02:45:01,15583,4,0,29.99,9.49
17441,2014-05-29 03:37:40,15584,1,1,49.99,19.49
17442,2014-05-29 03:37:40,15584,4,0,29.99,9.49
17443,2014-05-29 04:16:11,15585,1,1,49.99,19.49
17444,2014-05-29 04:16:11,15585,4,0,29.99,9.49
17445,2014-05-29 04:47:50,15586,1,1,49.99,19.49
17446,2014-05-29 04:53:09,15587,2,1,59.99,22.49
17447,2014-05-29 04:53:09,15587,1,0,49.99,19.49
17448,2014-05-29 05:54:43,15588,1,1,49.99,19.49
17449,2014-05-29 05:54:43,15588,3,0,45.99,14.49
17450,2014-05-29 05:57:17,15589,1,1,49.99,19.49
17451,2014-05-29 06:00:15,15590,1,1,49.99,19.49
17452,2014-05-29 06:00:15,15590,4,0,29.99,9.49
17453,2014-05-29 07:14:15,15591,1,1,49.99,19.49
17454,2014-05-29 07:33:53,15592,1,1,49.99,19.49
17455,2014-05-29 07:59:31,15593,1,1,49.99,19.49
17456,2014-05-29 08:20:45,15594,3,1,45.99,14.49
17457,2014-05-29 08:32:34,15595,3,1,45.99,14.49
17458,2014-05-29 08:32:34,15595,1,0,49.99,19.49
17459,2014-05-29 08:41:32,15596,1,1,49.99,19.49
17460,2014-05-29 08:41:32,15596,4,0,29.99,9.49
17461,2014-05-29 08:56:37,15597,1,1,49.99,19.49
17462,2014-05-29 09:13:42,15598,1,1,49.99,19.49
17463,2014-05-29 09:47:18,15599,1,1,49.99,19.49
17464,2014-05-29 09:47:18,15599,4,0,29.99,9.49
17465,2014-05-29 09:48:26,15600,1,1,49.99,19.49
17466,2014-05-29 09:48:26,15600,3,0,45.99,14.49
17467,2014-05-29 10:17:32,15601,1,1,49.99,19.49
17468,2014-05-29 10:25:24,15602,1,1,49.99,19.49
17469,2014-05-29 10:37:29,15603,1,1,49.99,19.49
17470,2014-05-29 10:37:29,15603,2,0,59.99,22.49
17471,2014-05-29 10:43:36,15604,1,1,49.99,19.49
17472,2014-05-29 10:45:51,15605,1,1,49.99,19.49
17473,2014-05-29 11:08:29,15606,1,1,49.99,19.49
17474,2014-05-29 11:29:56,15607,1,1,49.99,19.49
17475,2014-05-29 11:29:56,15607,2,0,59.99,22.49
17476,2014-05-29 12:58:20,15608,1,1,49.99,19.49
17477,2014-05-29 13:07:55,15609,1,1,49.99,19.49
17478,2014-05-29 13:13:47,15610,2,1,59.99,22.49
17479,2014-05-29 13:13:47,15610,3,0,45.99,14.49
17480,2014-05-29 13:26:19,15611,3,1,45.99,14.49
17481,2014-05-29 13:44:10,15612,1,1,49.99,19.49
17482,2014-05-29 13:51:13,15613,1,1,49.99,19.49
17483,2014-05-29 14:16:41,15614,1,1,49.99,19.49
17484,2014-05-29 14:47:35,15615,1,1,49.99,19.49
17485,2014-05-29 14:58:07,15616,3,1,45.99,14.49
17486,2014-05-29 14:58:07,15616,1,0,49.99,19.49
17487,2014-05-29 15:02:11,15617,1,1,49.99,19.49
17488,2014-05-29 15:09:47,15618,1,1,49.99,19.49
17489,2014-05-29 15:09:47,15618,3,0,45.99,14.49
17490,2014-05-29 15:10:48,15619,1,1,49.99,19.49
17491,2014-05-29 15:13:10,15620,1,1,49.99,19.49
17492,2014-05-29 15:13:10,15620,3,0,45.99,14.49
17493,2014-05-29 15:17:14,15621,1,1,49.99,19.49
17494,2014-05-29 15:17:14,15621,4,0,29.99,9.49
17495,2014-05-29 15:54:02,15622,1,1,49.99,19.49
17496,2014-05-29 15:57:53,15623,1,1,49.99,19.49
17497,2014-05-29 15:57:59,15624,2,1,59.99,22.49
17498,2014-05-29 16:01:25,15625,1,1,49.99,19.49
17499,2014-05-29 16:05:57,15626,1,1,49.99,19.49
17500,2014-05-29 16:05:57,15626,4,0,29.99,9.49
17501,2014-05-29 16:13:06,15627,2,1,59.99,22.49
17502,2014-05-29 16:59:24,15628,1,1,49.99,19.49
17503,2014-05-29 17:24:03,15629,3,1,45.99,14.49
17504,2014-05-29 17:24:03,15629,4,0,29.99,9.49
17505,2014-05-29 17:24:15,15630,1,1,49.99,19.49
17506,2014-05-29 17:24:15,15630,4,0,29.99,9.49
17507,2014-05-29 17:46:48,15631,1,1,49.99,19.49
17508,2014-05-29 17:47:42,15632,1,1,49.99,19.49
17509,2014-05-29 18:15:36,15633,1,1,49.99,19.49
17510,2014-05-29 18:15:36,15633,3,0,45.99,14.49
17511,2014-05-29 19:34:56,15634,1,1,49.99,19.49
17512,2014-05-29 20:00:39,15635,1,1,49.99,19.49
17513,2014-05-29 20:13:11,15636,1,1,49.99,19.49
17514,2014-05-29 20:14:41,15637,2,1,59.99,22.49
17515,2014-05-29 20:24:45,15638,2,1,59.99,22.49
17516,2014-05-29 21:20:51,15639,1,1,49.99,19.49
17517,2014-05-29 22:20:36,15640,2,1,59.99,22.49
17518,2014-05-29 23:04:19,15641,1,1,49.99,19.49
17519,2014-05-30 00:18:53,15642,1,1,49.99,19.49
17520,2014-05-30 00:18:53,15642,3,0,45.99,14.49
17521,2014-05-30 03:41:37,15643,1,1,49.99,19.49
17522,2014-05-30 04:15:45,15644,1,1,49.99,19.49
17523,2014-05-30 08:21:00,15645,1,1,49.99,19.49
17524,2014-05-30 08:22:33,15646,1,1,49.99,19.49
17525,2014-05-30 08:22:33,15646,4,0,29.99,9.49
17526,2014-05-30 08:42:27,15647,1,1,49.99,19.49
17527,2014-05-30 10:37:56,15648,2,1,59.99,22.49
17528,2014-05-30 10:39:04,15649,1,1,49.99,19.49
17529,2014-05-30 10:47:25,15650,2,1,59.99,22.49
17530,2014-05-30 10:54:12,15651,1,1,49.99,19.49
17531,2014-05-30 11:14:43,15652,3,1,45.99,14.49
17532,2014-05-30 11:16:49,15653,1,1,49.99,19.49
17533,2014-05-30 11:16:49,15653,4,0,29.99,9.49
17534,2014-05-30 11:25:12,15654,2,1,59.99,22.49
17535,2014-05-30 11:25:21,15655,1,1,49.99,19.49
17536,2014-05-30 11:25:21,15655,3,0,45.99,14.49
17537,2014-05-30 11:29:53,15656,1,1,49.99,19.49
17538,2014-05-30 11:30:11,15657,1,1,49.99,19.49
17539,2014-05-30 11:30:11,15657,4,0,29.99,9.49
17540,2014-05-30 11:52:17,15658,2,1,59.99,22.49
17541,2014-05-30 12:01:00,15659,1,1,49.99,19.49
17542,2014-05-30 12:01:00,15659,4,0,29.99,9.49
17543,2014-05-30 12:11:20,15660,1,1,49.99,19.49
17544,2014-05-30 12:11:20,15660,2,0,59.99,22.49
17545,2014-05-30 12:16:49,15661,2,1,59.99,22.49
17546,2014-05-30 13:00:52,15662,2,1,59.99,22.49
17547,2014-05-30 13:14:46,15663,1,1,49.99,19.49
17548,2014-05-30 13:17:42,15664,1,1,49.99,19.49
17549,2014-05-30 13:17:42,15664,4,0,29.99,9.49
17550,2014-05-30 13:30:14,15665,2,1,59.99,22.49
17551,2014-05-30 13:37:52,15666,1,1,49.99,19.49
17552,2014-05-30 13:37:52,15666,4,0,29.99,9.49
17553,2014-05-30 13:41:49,15667,1,1,49.99,19.49
17554,2014-05-30 14:00:13,15668,1,1,49.99,19.49
17555,2014-05-30 14:00:43,15669,1,1,49.99,19.49
17556,2014-05-30 14:16:36,15670,3,1,45.99,14.49
17557,2014-05-30 14:16:36,15670,1,0,49.99,19.49
17558,2014-05-30 14:33:14,15671,3,1,45.99,14.49
17559,2014-05-30 14:48:29,15672,2,1,59.99,22.49
17560,2014-05-30 14:58:37,15673,2,1,59.99,22.49
17561,2014-05-30 15:12:55,15674,3,1,45.99,14.49
17562,2014-05-30 15:26:46,15675,1,1,49.99,19.49
17563,2014-05-30 15:26:46,15675,3,0,45.99,14.49
17564,2014-05-30 15:39:57,15676,1,1,49.99,19.49
17565,2014-05-30 15:39:57,15676,3,0,45.99,14.49
17566,2014-05-30 15:49:40,15677,1,1,49.99,19.49
17567,2014-05-30 15:49:40,15677,3,0,45.99,14.49
17568,2014-05-30 15:58:33,15678,1,1,49.99,19.49
17569,2014-05-30 15:58:33,15678,3,0,45.99,14.49
17570,2014-05-30 16:19:59,15679,2,1,59.99,22.49
17571,2014-05-30 16:45:08,15680,1,1,49.99,19.49
17572,2014-05-30 16:50:27,15681,2,1,59.99,22.49
17573,2014-05-30 17:36:38,15682,1,1,49.99,19.49
17574,2014-05-30 17:51:37,15683,2,1,59.99,22.49
17575,2014-05-30 17:51:37,15683,4,0,29.99,9.49
17576,2014-05-30 17:52:27,15684,1,1,49.99,19.49
17577,2014-05-30 17:52:27,15684,2,0,59.99,22.49
17578,2014-05-30 17:58:44,15685,1,1,49.99,19.49
17579,2014-05-30 18:51:50,15686,1,1,49.99,19.49
17580,2014-05-30 18:51:50,15686,2,0,59.99,22.49
17581,2014-05-30 19:05:13,15687,3,1,45.99,14.49
17582,2014-05-30 19:59:27,15688,2,1,59.99,22.49
17583,2014-05-30 19:59:27,15688,4,0,29.99,9.49
17584,2014-05-30 21:11:17,15689,1,1,49.99,19.49
17585,2014-05-30 22:33:22,15690,1,1,49.99,19.49
17586,2014-05-30 23:39:48,15691,1,1,49.99,19.49
17587,2014-05-30 23:39:48,15691,3,0,45.99,14.49
17588,2014-05-31 00:04:46,15692,1,1,49.99,19.49
17589,2014-05-31 00:17:52,15693,1,1,49.99,19.49
17590,2014-05-31 00:17:52,15693,2,0,59.99,22.49
17591,2014-05-31 00:31:49,15694,2,1,59.99,22.49
17592,2014-05-31 01:36:09,15695,1,1,49.99,19.49
17593,2014-05-31 01:38:35,15696,1,1,49.99,19.49
17594,2014-05-31 03:06:36,15697,2,1,59.99,22.49
17595,2014-05-31 03:06:36,15697,4,0,29.99,9.49
17596,2014-05-31 03:07:54,15698,3,1,45.99,14.49
17597,2014-05-31 03:07:54,15698,4,0,29.99,9.49
17598,2014-05-31 06:17:12,15699,3,1,45.99,14.49
17599,2014-05-31 06:43:26,15700,1,1,49.99,19.49
17600,2014-05-31 09:38:20,15701,1,1,49.99,19.49
17601,2014-05-31 11:58:59,15702,1,1,49.99,19.49
17602,2014-05-31 14:01:12,15703,2,1,59.99,22.49
17603,2014-05-31 14:01:12,15703,3,0,45.99,14.49
17604,2014-05-31 14:40:52,15704,1,1,49.99,19.49
17605,2014-05-31 17:22:27,15705,1,1,49.99,19.49
17606,2014-05-31 17:22:27,15705,4,0,29.99,9.49
17607,2014-05-31 17:34:33,15706,1,1,49.99,19.49
17608,2014-05-31 17:41:25,15707,1,1,49.99,19.49
17609,2014-05-31 17:41:25,15707,4,0,29.99,9.49
17610,2014-05-31 18:38:03,15708,1,1,49.99,19.49
17611,2014-05-31 20:17:04,15709,1,1,49.99,19.49
17612,2014-05-31 20:17:04,15709,4,0,29.99,9.49
17613,2014-05-31 21:13:21,15710,1,1,49.99,19.49
17614,2014-05-31 23:40:29,15711,3,1,45.99,14.49
17615,2014-05-31 23:40:29,15711,4,0,29.99,9.49
17616,2014-06-01 00:43:10,15712,1,1,49.99,19.49
17617,2014-06-01 01:30:22,15713,1,1,49.99,19.49
17618,2014-06-01 03:32:33,15714,1,1,49.99,19.49
17619,2014-06-01 03:32:33,15714,3,0,45.99,14.49
17620,2014-06-01 04:09:52,15715,1,1,49.99,19.49
17621,2014-06-01 04:09:52,15715,3,0,45.99,14.49
17622,2014-06-01 05:05:19,15716,1,1,49.99,19.49
17623,2014-06-01 05:05:19,15716,2,0,59.99,22.49
17624,2014-06-01 05:13:58,15717,1,1,49.99,19.49
17625,2014-06-01 08:16:19,15718,3,1,45.99,14.49
17626,2014-06-01 08:45:14,15719,1,1,49.99,19.49
17627,2014-06-01 09:28:04,15720,1,1,49.99,19.49
17628,2014-06-01 09:28:04,15720,2,0,59.99,22.49
17629,2014-06-01 11:13:23,15721,1,1,49.99,19.49
17630,2014-06-01 11:40:02,15722,1,1,49.99,19.49
17631,2014-06-01 11:46:25,15723,1,1,49.99,19.49
17632,2014-06-01 14:30:07,15724,1,1,49.99,19.49
17633,2014-06-01 15:10:39,15725,2,1,59.99,22.49
17634,2014-06-01 15:47:50,15726,1,1,49.99,19.49
17635,2014-06-01 16:00:30,15727,1,1,49.99,19.49
17636,2014-06-01 19:09:06,15728,1,1,49.99,19.49
17637,2014-06-01 19:09:06,15728,4,0,29.99,9.49
17638,2014-06-01 20:07:14,15729,3,1,45.99,14.49
17639,2014-06-01 20:07:14,15729,4,0,29.99,9.49
17640,2014-06-01 20:16:37,15730,1,1,49.99,19.49
17641,2014-06-01 21:46:07,15731,1,1,49.99,19.49
17642,2014-06-01 21:59:18,15732,1,1,49.99,19.49
17643,2014-06-01 21:59:18,15732,4,0,29.99,9.49
17644,2014-06-01 22:35:02,15733,1,1,49.99,19.49
17645,2014-06-01 23:04:15,15734,2,1,59.99,22.49
17646,2014-06-01 23:21:00,15735,2,1,59.99,22.49
17647,2014-06-01 23:21:00,15735,4,0,29.99,9.49
17648,2014-06-01 23:23:17,15736,2,1,59.99,22.49
17649,2014-06-01 23:23:17,15736,4,0,29.99,9.49
17650,2014-06-01 23:46:29,15737,1,1,49.99,19.49
17651,2014-06-01 23:46:29,15737,3,0,45.99,14.49
17652,2014-06-02 00:03:01,15738,1,1,49.99,19.49
17653,2014-06-02 01:38:56,15739,1,1,49.99,19.49
17654,2014-06-02 01:38:56,15739,3,0,45.99,14.49
17655,2014-06-02 01:50:36,15740,2,1,59.99,22.49
17656,2014-06-02 02:29:40,15741,1,1,49.99,19.49
17657,2014-06-02 02:29:40,15741,4,0,29.99,9.49
17658,2014-06-02 02:44:00,15742,2,1,59.99,22.49
17659,2014-06-02 03:59:33,15743,1,1,49.99,19.49
17660,2014-06-02 03:59:33,15743,3,0,45.99,14.49
17661,2014-06-02 04:24:33,15744,2,1,59.99,22.49
17662,2014-06-02 06:59:18,15745,1,1,49.99,19.49
17663,2014-06-02 06:59:18,15745,3,0,45.99,14.49
17664,2014-06-02 08:25:05,15746,1,1,49.99,19.49
17665,2014-06-02 08:25:05,15746,3,0,45.99,14.49
17666,2014-06-02 10:38:43,15747,3,1,45.99,14.49
17667,2014-06-02 10:56:28,15748,3,1,45.99,14.49
17668,2014-06-02 11:41:21,15749,3,1,45.99,14.49
17669,2014-06-02 12:48:08,15750,3,1,45.99,14.49
17670,2014-06-02 12:48:08,15750,2,0,59.99,22.49
17671,2014-06-02 13:12:48,15751,1,1,49.99,19.49
17672,2014-06-02 13:16:30,15752,2,1,59.99,22.49
17673,2014-06-02 13:31:24,15753,1,1,49.99,19.49
17674,2014-06-02 13:36:12,15754,1,1,49.99,19.49
17675,2014-06-02 13:55:11,15755,1,1,49.99,19.49
17676,2014-06-02 13:59:41,15756,1,1,49.99,19.49
17677,2014-06-02 13:59:41,15756,4,0,29.99,9.49
17678,2014-06-02 14:16:35,15757,1,1,49.99,19.49
17679,2014-06-02 14:19:09,15758,1,1,49.99,19.49
17680,2014-06-02 14:46:42,15759,3,1,45.99,14.49
17681,2014-06-02 14:52:59,15760,1,1,49.99,19.49
17682,2014-06-02 15:49:43,15761,1,1,49.99,19.49
17683,2014-06-02 15:49:43,15761,3,0,45.99,14.49
17684,2014-06-02 15:55:53,15762,3,1,45.99,14.49
17685,2014-06-02 15:55:53,15762,1,0,49.99,19.49
17686,2014-06-02 16:51:53,15763,1,1,49.99,19.49
17687,2014-06-02 16:51:53,15763,2,0,59.99,22.49
17688,2014-06-02 16:55:22,15764,1,1,49.99,19.49
17689,2014-06-02 16:55:22,15764,2,0,59.99,22.49
17690,2014-06-02 17:25:21,15765,1,1,49.99,19.49
17691,2014-06-02 17:25:21,15765,3,0,45.99,14.49
17692,2014-06-02 17:43:26,15766,1,1,49.99,19.49
17693,2014-06-02 17:43:26,15766,4,0,29.99,9.49
17694,2014-06-02 17:59:06,15767,1,1,49.99,19.49
17695,2014-06-02 18:01:42,15768,1,1,49.99,19.49
17696,2014-06-02 18:25:07,15769,1,1,49.99,19.49
17697,2014-06-02 18:35:37,15770,2,1,59.99,22.49
17698,2014-06-02 18:41:17,15771,3,1,45.99,14.49
17699,2014-06-02 19:20:51,15772,1,1,49.99,19.49
17700,2014-06-02 19:20:51,15772,3,0,45.99,14.49
17701,2014-06-02 20:06:46,15773,1,1,49.99,19.49
17702,2014-06-02 20:14:05,15774,3,1,45.99,14.49
17703,2014-06-02 21:35:28,15775,2,1,59.99,22.49
17704,2014-06-02 21:36:02,15776,3,1,45.99,14.49
17705,2014-06-02 22:27:19,15777,1,1,49.99,19.49
17706,2014-06-02 22:57:13,15778,1,1,49.99,19.49
17707,2014-06-02 22:57:13,15778,4,0,29.99,9.49
17708,2014-06-03 00:45:28,15779,1,1,49.99,19.49
17709,2014-06-03 01:26:25,15780,2,1,59.99,22.49
17710,2014-06-03 02:48:02,15781,2,1,59.99,22.49
17711,2014-06-03 07:22:51,15782,3,1,45.99,14.49
17712,2014-06-03 07:22:51,15782,4,0,29.99,9.49
17713,2014-06-03 07:58:50,15783,1,1,49.99,19.49
17714,2014-06-03 07:58:50,15783,4,0,29.99,9.49
17715,2014-06-03 08:03:50,15784,1,1,49.99,19.49
17716,2014-06-03 08:30:10,15785,1,1,49.99,19.49
17717,2014-06-03 08:32:21,15786,1,1,49.99,19.49
17718,2014-06-03 09:24:35,15787,1,1,49.99,19.49
17719,2014-06-03 10:02:47,15788,1,1,49.99,19.49
17720,2014-06-03 10:09:34,15789,1,1,49.99,19.49
17721,2014-06-03 10:29:39,15790,1,1,49.99,19.49
17722,2014-06-03 10:40:18,15791,1,1,49.99,19.49
17723,2014-06-03 11:05:43,15792,2,1,59.99,22.49
17724,2014-06-03 11:11:42,15793,1,1,49.99,19.49
17725,2014-06-03 11:27:15,15794,1,1,49.99,19.49
17726,2014-06-03 11:27:15,15794,4,0,29.99,9.49
17727,2014-06-03 11:41:26,15795,3,1,45.99,14.49
17728,2014-06-03 11:48:51,15796,1,1,49.99,19.49
17729,2014-06-03 11:48:51,15796,4,0,29.99,9.49
17730,2014-06-03 12:08:35,15797,1,1,49.99,19.49
17731,2014-06-03 12:08:35,15797,4,0,29.99,9.49
17732,2014-06-03 12:31:17,15798,1,1,49.99,19.49
17733,2014-06-03 12:49:21,15799,1,1,49.99,19.49
17734,2014-06-03 12:49:21,15799,4,0,29.99,9.49
17735,2014-06-03 13:14:31,15800,2,1,59.99,22.49
17736,2014-06-03 13:14:40,15801,1,1,49.99,19.49
17737,2014-06-03 13:14:40,15801,4,0,29.99,9.49
17738,2014-06-03 13:24:57,15802,1,1,49.99,19.49
17739,2014-06-03 14:20:42,15803,1,1,49.99,19.49
17740,2014-06-03 14:32:34,15804,1,1,49.99,19.49
17741,2014-06-03 14:32:34,15804,4,0,29.99,9.49
17742,2014-06-03 14:34:52,15805,1,1,49.99,19.49
17743,2014-06-03 14:34:52,15805,4,0,29.99,9.49
17744,2014-06-03 14:52:53,15806,1,1,49.99,19.49
17745,2014-06-03 16:33:31,15807,1,1,49.99,19.49
17746,2014-06-03 16:56:36,15808,1,1,49.99,19.49
17747,2014-06-03 16:56:36,15808,4,0,29.99,9.49
17748,2014-06-03 16:57:18,15809,1,1,49.99,19.49
17749,2014-06-03 17:20:58,15810,1,1,49.99,19.49
17750,2014-06-03 17:20:58,15810,2,0,59.99,22.49
17751,2014-06-03 17:40:25,15811,1,1,49.99,19.49
17752,2014-06-03 17:47:01,15812,1,1,49.99,19.49
17753,2014-06-03 17:48:23,15813,1,1,49.99,19.49
17754,2014-06-03 17:48:23,15813,3,0,45.99,14.49
17755,2014-06-03 17:57:03,15814,3,1,45.99,14.49
17756,2014-06-03 17:58:12,15815,2,1,59.99,22.49
17757,2014-06-03 18:18:56,15816,1,1,49.99,19.49
17758,2014-06-03 18:18:56,15816,3,0,45.99,14.49
17759,2014-06-03 18:19:08,15817,1,1,49.99,19.49
17760,2014-06-03 18:23:44,15818,1,1,49.99,19.49
17761,2014-06-03 18:33:06,15819,1,1,49.99,19.49
17762,2014-06-03 18:33:06,15819,4,0,29.99,9.49
17763,2014-06-03 18:47:27,15820,1,1,49.99,19.49
17764,2014-06-03 19:06:23,15821,2,1,59.99,22.49
17765,2014-06-03 19:11:14,15822,1,1,49.99,19.49
17766,2014-06-03 19:13:51,15823,1,1,49.99,19.49
17767,2014-06-03 19:18:58,15824,2,1,59.99,22.49
17768,2014-06-03 19:18:58,15824,4,0,29.99,9.49
17769,2014-06-03 19:19:47,15825,3,1,45.99,14.49
17770,2014-06-03 22:18:52,15826,1,1,49.99,19.49
17771,2014-06-03 23:18:33,15827,1,1,49.99,19.49
17772,2014-06-03 23:18:33,15827,3,0,45.99,14.49
17773,2014-06-03 23:51:48,15828,1,1,49.99,19.49
17774,2014-06-04 00:24:36,15829,3,1,45.99,14.49
17775,2014-06-04 01:01:32,15830,1,1,49.99,19.49
17776,2014-06-04 01:23:19,15831,1,1,49.99,19.49
17777,2014-06-04 01:23:19,15831,4,0,29.99,9.49
17778,2014-06-04 01:40:49,15832,1,1,49.99,19.49
17779,2014-06-04 01:55:01,15833,1,1,49.99,19.49
17780,2014-06-04 01:55:01,15833,4,0,29.99,9.49
17781,2014-06-04 02:55:06,15834,1,1,49.99,19.49
17782,2014-06-04 02:55:06,15834,4,0,29.99,9.49
17783,2014-06-04 02:55:32,15835,3,1,45.99,14.49
17784,2014-06-04 06:03:52,15836,1,1,49.99,19.49
17785,2014-06-04 08:04:29,15837,1,1,49.99,19.49
17786,2014-06-04 08:41:58,15838,3,1,45.99,14.49
17787,2014-06-04 09:08:53,15839,1,1,49.99,19.49
17788,2014-06-04 09:36:12,15840,2,1,59.99,22.49
17789,2014-06-04 09:48:58,15841,1,1,49.99,19.49
17790,2014-06-04 10:21:50,15842,2,1,59.99,22.49
17791,2014-06-04 10:22:38,15843,1,1,49.99,19.49
17792,2014-06-04 10:41:10,15844,1,1,49.99,19.49
17793,2014-06-04 10:55:37,15845,2,1,59.99,22.49
17794,2014-06-04 11:12:35,15846,1,1,49.99,19.49
17795,2014-06-04 11:12:35,15846,3,0,45.99,14.49
17796,2014-06-04 11:53:41,15847,1,1,49.99,19.49
17797,2014-06-04 11:56:02,15848,1,1,49.99,19.49
17798,2014-06-04 12:23:05,15849,1,1,49.99,19.49
17799,2014-06-04 12:52:57,15850,1,1,49.99,19.49
17800,2014-06-04 13:01:35,15851,1,1,49.99,19.49
17801,2014-06-04 13:01:35,15851,4,0,29.99,9.49
17802,2014-06-04 13:17:21,15852,1,1,49.99,19.49
17803,2014-06-04 13:18:49,15853,1,1,49.99,19.49
17804,2014-06-04 13:18:49,15853,4,0,29.99,9.49
17805,2014-06-04 13:38:47,15854,2,1,59.99,22.49
17806,2014-06-04 13:41:38,15855,1,1,49.99,19.49
17807,2014-06-04 13:41:38,15855,3,0,45.99,14.49
17808,2014-06-04 13:56:29,15856,3,1,45.99,14.49
17809,2014-06-04 13:56:29,15856,1,0,49.99,19.49
17810,2014-06-04 14:07:08,15857,1,1,49.99,19.49
17811,2014-06-04 14:25:56,15858,1,1,49.99,19.49
17812,2014-06-04 14:50:17,15859,2,1,59.99,22.49
17813,2014-06-04 14:50:17,15859,4,0,29.99,9.49
17814,2014-06-04 14:56:15,15860,1,1,49.99,19.49
17815,2014-06-04 14:56:15,15860,2,0,59.99,22.49
17816,2014-06-04 15:08:48,15861,1,1,49.99,19.49
17817,2014-06-04 15:30:11,15862,3,1,45.99,14.49
17818,2014-06-04 15:30:11,15862,1,0,49.99,19.49
17819,2014-06-04 15:35:15,15863,3,1,45.99,14.49
17820,2014-06-04 15:49:11,15864,1,1,49.99,19.49
17821,2014-06-04 15:49:11,15864,3,0,45.99,14.49
17822,2014-06-04 17:07:13,15865,1,1,49.99,19.49
17823,2014-06-04 17:08:10,15866,1,1,49.99,19.49
17824,2014-06-04 17:08:10,15866,3,0,45.99,14.49
17825,2014-06-04 17:22:37,15867,1,1,49.99,19.49
17826,2014-06-04 17:24:09,15868,1,1,49.99,19.49
17827,2014-06-04 17:52:23,15869,1,1,49.99,19.49
17828,2014-06-04 17:52:23,15869,3,0,45.99,14.49
17829,2014-06-04 18:38:15,15870,1,1,49.99,19.49
17830,2014-06-04 18:38:15,15870,3,0,45.99,14.49
17831,2014-06-04 20:19:34,15871,1,1,49.99,19.49
17832,2014-06-04 20:19:34,15871,3,0,45.99,14.49
17833,2014-06-04 21:43:17,15872,3,1,45.99,14.49
17834,2014-06-04 21:43:17,15872,4,0,29.99,9.49
17835,2014-06-04 22:13:31,15873,3,1,45.99,14.49
17836,2014-06-04 22:13:31,15873,1,0,49.99,19.49
17837,2014-06-04 23:24:02,15874,1,1,49.99,19.49
17838,2014-06-05 01:04:18,15875,1,1,49.99,19.49
17839,2014-06-05 01:04:18,15875,3,0,45.99,14.49
17840,2014-06-05 02:12:18,15876,1,1,49.99,19.49
17841,2014-06-05 02:12:18,15876,4,0,29.99,9.49
17842,2014-06-05 03:55:20,15877,1,1,49.99,19.49
17843,2014-06-05 03:55:20,15877,3,0,45.99,14.49
17844,2014-06-05 04:13:17,15878,2,1,59.99,22.49
17845,2014-06-05 06:51:09,15879,1,1,49.99,19.49
17846,2014-06-05 08:34:31,15880,2,1,59.99,22.49
17847,2014-06-05 08:59:24,15881,3,1,45.99,14.49
17848,2014-06-05 09:06:36,15882,1,1,49.99,19.49
17849,2014-06-05 09:07:33,15883,1,1,49.99,19.49
17850,2014-06-05 09:07:33,15883,4,0,29.99,9.49
17851,2014-06-05 09:32:21,15884,1,1,49.99,19.49
17852,2014-06-05 10:15:45,15885,1,1,49.99,19.49
17853,2014-06-05 10:18:14,15886,1,1,49.99,19.49
17854,2014-06-05 10:37:16,15887,1,1,49.99,19.49
17855,2014-06-05 10:41:28,15888,1,1,49.99,19.49
17856,2014-06-05 11:05:22,15889,1,1,49.99,19.49
17857,2014-06-05 11:25:57,15890,1,1,49.99,19.49
17858,2014-06-05 11:25:57,15890,4,0,29.99,9.49
17859,2014-06-05 11:31:47,15891,1,1,49.99,19.49
17860,2014-06-05 11:39:41,15892,1,1,49.99,19.49
17861,2014-06-05 11:39:41,15892,4,0,29.99,9.49
17862,2014-06-05 11:47:57,15893,1,1,49.99,19.49
17863,2014-06-05 11:57:25,15894,1,1,49.99,19.49
17864,2014-06-05 11:59:34,15895,1,1,49.99,19.49
17865,2014-06-05 12:33:46,15896,1,1,49.99,19.49
17866,2014-06-05 12:54:22,15897,1,1,49.99,19.49
17867,2014-06-05 13:04:03,15898,1,1,49.99,19.49
17868,2014-06-05 13:07:18,15899,2,1,59.99,22.49
17869,2014-06-05 13:14:04,15900,1,1,49.99,19.49
17870,2014-06-05 13:18:25,15901,1,1,49.99,19.49
17871,2014-06-05 13:27:37,15902,1,1,49.99,19.49
17872,2014-06-05 13:27:37,15902,4,0,29.99,9.49
17873,2014-06-05 13:40:37,15903,1,1,49.99,19.49
17874,2014-06-05 13:40:37,15903,3,0,45.99,14.49
17875,2014-06-05 13:44:17,15904,1,1,49.99,19.49
17876,2014-06-05 13:48:48,15905,1,1,49.99,19.49
17877,2014-06-05 14:06:59,15906,1,1,49.99,19.49
17878,2014-06-05 14:06:59,15906,4,0,29.99,9.49
17879,2014-06-05 14:21:26,15907,1,1,49.99,19.49
17880,2014-06-05 14:21:26,15907,2,0,59.99,22.49
17881,2014-06-05 14:39:54,15908,1,1,49.99,19.49
17882,2014-06-05 14:39:54,15908,4,0,29.99,9.49
17883,2014-06-05 14:45:25,15909,1,1,49.99,19.49
17884,2014-06-05 14:49:27,15910,1,1,49.99,19.49
17885,2014-06-05 15:41:35,15911,1,1,49.99,19.49
17886,2014-06-05 15:59:33,15912,1,1,49.99,19.49
17887,2014-06-05 16:22:09,15913,1,1,49.99,19.49
17888,2014-06-05 16:22:09,15913,4,0,29.99,9.49
17889,2014-06-05 16:58:55,15914,3,1,45.99,14.49
17890,2014-06-05 16:58:55,15914,1,0,49.99,19.49
17891,2014-06-05 17:01:59,15915,2,1,59.99,22.49
17892,2014-06-05 17:21:27,15916,3,1,45.99,14.49
17893,2014-06-05 17:21:27,15916,4,0,29.99,9.49
17894,2014-06-05 18:00:41,15917,1,1,49.99,19.49
17895,2014-06-05 18:00:41,15917,3,0,45.99,14.49
17896,2014-06-05 18:18:43,15918,2,1,59.99,22.49
17897,2014-06-05 18:49:26,15919,3,1,45.99,14.49
17898,2014-06-05 18:49:26,15919,4,0,29.99,9.49
17899,2014-06-05 19:03:39,15920,1,1,49.99,19.49
17900,2014-06-05 19:03:39,15920,2,0,59.99,22.49
17901,2014-06-05 19:05:40,15921,1,1,49.99,19.49
17902,2014-06-05 19:05:40,15921,4,0,29.99,9.49
17903,2014-06-05 19:06:37,15922,2,1,59.99,22.49
17904,2014-06-05 20:03:34,15923,1,1,49.99,19.49
17905,2014-06-05 21:30:19,15924,1,1,49.99,19.49
17906,2014-06-05 21:33:04,15925,1,1,49.99,19.49
17907,2014-06-05 21:33:04,15925,4,0,29.99,9.49
17908,2014-06-05 23:35:39,15926,1,1,49.99,19.49
17909,2014-06-06 00:04:56,15927,1,1,49.99,19.49
17910,2014-06-06 00:04:56,15927,3,0,45.99,14.49
17911,2014-06-06 00:13:53,15928,1,1,49.99,19.49
17912,2014-06-06 00:13:53,15928,3,0,45.99,14.49
17913,2014-06-06 01:34:08,15929,1,1,49.99,19.49
17914,2014-06-06 01:34:08,15929,4,0,29.99,9.49
17915,2014-06-06 02:53:57,15930,1,1,49.99,19.49
17916,2014-06-06 02:53:57,15930,4,0,29.99,9.49
17917,2014-06-06 03:37:15,15931,1,1,49.99,19.49
17918,2014-06-06 04:03:53,15932,1,1,49.99,19.49
17919,2014-06-06 04:08:29,15933,2,1,59.99,22.49
17920,2014-06-06 04:09:02,15934,2,1,59.99,22.49
17921,2014-06-06 04:09:02,15934,3,0,45.99,14.49
17922,2014-06-06 06:32:38,15935,1,1,49.99,19.49
17923,2014-06-06 08:08:22,15936,1,1,49.99,19.49
17924,2014-06-06 08:33:17,15937,1,1,49.99,19.49
17925,2014-06-06 08:33:17,15937,2,0,59.99,22.49
17926,2014-06-06 09:17:03,15938,3,1,45.99,14.49
17927,2014-06-06 09:29:32,15939,1,1,49.99,19.49
17928,2014-06-06 09:29:32,15939,4,0,29.99,9.49
17929,2014-06-06 09:31:44,15940,1,1,49.99,19.49
17930,2014-06-06 09:31:44,15940,2,0,59.99,22.49
17931,2014-06-06 10:05:30,15941,3,1,45.99,14.49
17932,2014-06-06 10:06:17,15942,3,1,45.99,14.49
17933,2014-06-06 10:12:44,15943,1,1,49.99,19.49
17934,2014-06-06 10:12:44,15943,2,0,59.99,22.49
17935,2014-06-06 10:20:21,15944,1,1,49.99,19.49
17936,2014-06-06 10:32:56,15945,1,1,49.99,19.49
17937,2014-06-06 10:32:56,15945,4,0,29.99,9.49
17938,2014-06-06 10:33:58,15946,1,1,49.99,19.49
17939,2014-06-06 11:07:23,15947,1,1,49.99,19.49
17940,2014-06-06 11:07:23,15947,3,0,45.99,14.49
17941,2014-06-06 11:21:04,15948,1,1,49.99,19.49
17942,2014-06-06 11:21:04,15948,4,0,29.99,9.49
17943,2014-06-06 11:42:50,15949,1,1,49.99,19.49
17944,2014-06-06 12:20:45,15950,1,1,49.99,19.49
17945,2014-06-06 12:36:24,15951,1,1,49.99,19.49
17946,2014-06-06 13:43:18,15952,1,1,49.99,19.49
17947,2014-06-06 14:33:07,15953,3,1,45.99,14.49
17948,2014-06-06 14:47:49,15954,1,1,49.99,19.49
17949,2014-06-06 14:47:49,15954,4,0,29.99,9.49
17950,2014-06-06 15:26:34,15955,1,1,49.99,19.49
17951,2014-06-06 15:38:21,15956,1,1,49.99,19.49
17952,2014-06-06 16:06:45,15957,1,1,49.99,19.49
17953,2014-06-06 16:06:45,15957,3,0,45.99,14.49
17954,2014-06-06 16:44:27,15958,1,1,49.99,19.49
17955,2014-06-06 16:44:27,15958,4,0,29.99,9.49
17956,2014-06-06 18:30:40,15959,1,1,49.99,19.49
17957,2014-06-06 18:39:17,15960,1,1,49.99,19.49
17958,2014-06-06 18:39:17,15960,3,0,45.99,14.49
17959,2014-06-06 18:59:26,15961,2,1,59.99,22.49
17960,2014-06-06 20:19:20,15962,1,1,49.99,19.49
17961,2014-06-06 20:57:46,15963,1,1,49.99,19.49
17962,2014-06-06 21:01:45,15964,1,1,49.99,19.49
17963,2014-06-06 21:01:45,15964,3,0,45.99,14.49
17964,2014-06-06 22:21:56,15965,3,1,45.99,14.49
17965,2014-06-06 22:28:13,15966,1,1,49.99,19.49
17966,2014-06-06 22:35:41,15967,1,1,49.99,19.49
17967,2014-06-06 23:32:23,15968,1,1,49.99,19.49
17968,2014-06-07 02:43:00,15969,1,1,49.99,19.49
17969,2014-06-07 03:59:28,15970,3,1,45.99,14.49
17970,2014-06-07 03:59:28,15970,1,0,49.99,19.49
17971,2014-06-07 04:07:42,15971,3,1,45.99,14.49
17972,2014-06-07 04:07:42,15971,4,0,29.99,9.49
17973,2014-06-07 06:23:41,15972,3,1,45.99,14.49
17974,2014-06-07 06:23:41,15972,1,0,49.99,19.49
17975,2014-06-07 08:05:37,15973,2,1,59.99,22.49
17976,2014-06-07 08:43:46,15974,1,1,49.99,19.49
17977,2014-06-07 10:49:14,15975,1,1,49.99,19.49
17978,2014-06-07 12:19:43,15976,1,1,49.99,19.49
17979,2014-06-07 12:19:43,15976,3,0,45.99,14.49
17980,2014-06-07 12:32:29,15977,1,1,49.99,19.49
17981,2014-06-07 13:18:56,15978,1,1,49.99,19.49
17982,2014-06-07 13:25:12,15979,3,1,45.99,14.49
17983,2014-06-07 14:30:23,15980,1,1,49.99,19.49
17984,2014-06-07 14:40:15,15981,1,1,49.99,19.49
17985,2014-06-07 14:40:15,15981,4,0,29.99,9.49
17986,2014-06-07 16:23:06,15982,3,1,45.99,14.49
17987,2014-06-07 20:20:51,15983,1,1,49.99,19.49
17988,2014-06-07 20:20:51,15983,4,0,29.99,9.49
17989,2014-06-07 21:32:17,15984,1,1,49.99,19.49
17990,2014-06-07 23:54:20,15985,3,1,45.99,14.49
17991,2014-06-08 00:53:51,15986,1,1,49.99,19.49
17992,2014-06-08 00:53:51,15986,4,0,29.99,9.49
17993,2014-06-08 02:32:14,15987,1,1,49.99,19.49
17994,2014-06-08 02:32:14,15987,4,0,29.99,9.49
17995,2014-06-08 02:32:42,15988,2,1,59.99,22.49
17996,2014-06-08 03:01:26,15989,3,1,45.99,14.49
17997,2014-06-08 08:02:50,15990,1,1,49.99,19.49
17998,2014-06-08 08:02:50,15990,4,0,29.99,9.49
17999,2014-06-08 08:15:23,15991,2,1,59.99,22.49
18000,2014-06-08 09:05:25,15992,1,1,49.99,19.49
18001,2014-06-08 09:05:25,15992,3,0,45.99,14.49
18002,2014-06-08 09:22:11,15993,1,1,49.99,19.49
18003,2014-06-08 10:35:00,15994,2,1,59.99,22.49
18004,2014-06-08 10:42:08,15995,1,1,49.99,19.49
18005,2014-06-08 12:38:04,15996,1,1,49.99,19.49
18006,2014-06-08 12:38:04,15996,4,0,29.99,9.49
18007,2014-06-08 12:53:47,15997,1,1,49.99,19.49
18008,2014-06-08 12:53:47,15997,4,0,29.99,9.49
18009,2014-06-08 13:25:40,15998,1,1,49.99,19.49
18010,2014-06-08 13:25:40,15998,4,0,29.99,9.49
18011,2014-06-08 13:44:55,15999,1,1,49.99,19.49
18012,2014-06-08 13:44:55,15999,3,0,45.99,14.49
18013,2014-06-08 13:51:41,16000,3,1,45.99,14.49
18014,2014-06-08 14:02:05,16001,2,1,59.99,22.49
18015,2014-06-08 14:02:05,16001,4,0,29.99,9.49
18016,2014-06-08 14:12:48,16002,1,1,49.99,19.49
18017,2014-06-08 14:54:18,16003,2,1,59.99,22.49
18018,2014-06-08 15:15:21,16004,2,1,59.99,22.49
18019,2014-06-08 15:36:14,16005,1,1,49.99,19.49
18020,2014-06-08 15:41:27,16006,1,1,49.99,19.49
18021,2014-06-08 15:42:59,16007,1,1,49.99,19.49
18022,2014-06-08 15:59:28,16008,1,1,49.99,19.49
18023,2014-06-08 15:59:28,16008,3,0,45.99,14.49
18024,2014-06-08 17:40:08,16009,1,1,49.99,19.49
18025,2014-06-08 17:42:59,16010,3,1,45.99,14.49
18026,2014-06-08 17:54:15,16011,1,1,49.99,19.49
18027,2014-06-08 17:54:15,16011,4,0,29.99,9.49
18028,2014-06-08 18:08:36,16012,2,1,59.99,22.49
18029,2014-06-08 18:59:24,16013,1,1,49.99,19.49
18030,2014-06-08 19:40:12,16014,3,1,45.99,14.49
18031,2014-06-08 19:40:12,16014,4,0,29.99,9.49
18032,2014-06-08 19:43:32,16015,3,1,45.99,14.49
18033,2014-06-08 22:22:14,16016,1,1,49.99,19.49
18034,2014-06-08 23:07:44,16017,1,1,49.99,19.49
18035,2014-06-08 23:21:38,16018,1,1,49.99,19.49
18036,2014-06-08 23:21:38,16018,4,0,29.99,9.49
18037,2014-06-09 00:18:12,16019,1,1,49.99,19.49
18038,2014-06-09 01:07:58,16020,2,1,59.99,22.49
18039,2014-06-09 01:18:58,16021,2,1,59.99,22.49
18040,2014-06-09 01:55:23,16022,3,1,45.99,14.49
18041,2014-06-09 01:55:23,16022,1,0,49.99,19.49
18042,2014-06-09 02:37:53,16023,1,1,49.99,19.49
18043,2014-06-09 02:58:48,16024,1,1,49.99,19.49
18044,2014-06-09 03:04:13,16025,1,1,49.99,19.49
18045,2014-06-09 06:01:55,16026,1,1,49.99,19.49
18046,2014-06-09 06:05:09,16027,3,1,45.99,14.49
18047,2014-06-09 06:05:09,16027,1,0,49.99,19.49
18048,2014-06-09 07:07:41,16028,2,1,59.99,22.49
18049,2014-06-09 07:11:36,16029,3,1,45.99,14.49
18050,2014-06-09 07:34:23,16030,1,1,49.99,19.49
18051,2014-06-09 07:36:36,16031,1,1,49.99,19.49
18052,2014-06-09 08:05:53,16032,2,1,59.99,22.49
18053,2014-06-09 09:08:43,16033,1,1,49.99,19.49
18054,2014-06-09 09:08:43,16033,4,0,29.99,9.49
18055,2014-06-09 09:55:56,16034,3,1,45.99,14.49
18056,2014-06-09 09:58:58,16035,1,1,49.99,19.49
18057,2014-06-09 10:19:16,16036,3,1,45.99,14.49
18058,2014-06-09 10:25:26,16037,3,1,45.99,14.49
18059,2014-06-09 10:47:33,16038,1,1,49.99,19.49
18060,2014-06-09 10:47:33,16038,2,0,59.99,22.49
18061,2014-06-09 10:47:35,16039,2,1,59.99,22.49
18062,2014-06-09 11:13:05,16040,1,1,49.99,19.49
18063,2014-06-09 11:13:05,16040,4,0,29.99,9.49
18064,2014-06-09 11:13:22,16041,1,1,49.99,19.49
18065,2014-06-09 11:13:22,16041,3,0,45.99,14.49
18066,2014-06-09 11:58:59,16042,1,1,49.99,19.49
18067,2014-06-09 12:04:15,16043,1,1,49.99,19.49
18068,2014-06-09 12:18:13,16044,1,1,49.99,19.49
18069,2014-06-09 12:20:38,16045,1,1,49.99,19.49
18070,2014-06-09 12:20:38,16045,4,0,29.99,9.49
18071,2014-06-09 13:11:51,16046,1,1,49.99,19.49
18072,2014-06-09 14:12:34,16047,1,1,49.99,19.49
18073,2014-06-09 14:16:59,16048,1,1,49.99,19.49
18074,2014-06-09 14:18:00,16049,1,1,49.99,19.49
18075,2014-06-09 14:44:05,16050,3,1,45.99,14.49
18076,2014-06-09 15:02:21,16051,2,1,59.99,22.49
18077,2014-06-09 15:02:21,16051,4,0,29.99,9.49
18078,2014-06-09 15:11:56,16052,1,1,49.99,19.49
18079,2014-06-09 15:11:56,16052,4,0,29.99,9.49
18080,2014-06-09 15:15:31,16053,1,1,49.99,19.49
18081,2014-06-09 15:15:31,16053,4,0,29.99,9.49
18082,2014-06-09 15:29:33,16054,1,1,49.99,19.49
18083,2014-06-09 15:47:42,16055,2,1,59.99,22.49
18084,2014-06-09 15:50:44,16056,3,1,45.99,14.49
18085,2014-06-09 15:50:44,16056,4,0,29.99,9.49
18086,2014-06-09 16:01:13,16057,1,1,49.99,19.49
18087,2014-06-09 16:07:38,16058,1,1,49.99,19.49
18088,2014-06-09 16:24:35,16059,1,1,49.99,19.49
18089,2014-06-09 16:24:35,16059,4,0,29.99,9.49
18090,2014-06-09 16:37:59,16060,2,1,59.99,22.49
18091,2014-06-09 16:37:59,16060,4,0,29.99,9.49
18092,2014-06-09 16:57:54,16061,1,1,49.99,19.49
18093,2014-06-09 17:11:22,16062,1,1,49.99,19.49
18094,2014-06-09 17:13:42,16063,1,1,49.99,19.49
18095,2014-06-09 17:13:42,16063,3,0,45.99,14.49
18096,2014-06-09 17:18:57,16064,1,1,49.99,19.49
18097,2014-06-09 17:19:42,16065,1,1,49.99,19.49
18098,2014-06-09 17:19:49,16066,3,1,45.99,14.49
18099,2014-06-09 17:19:49,16066,4,0,29.99,9.49
18100,2014-06-09 17:41:47,16067,1,1,49.99,19.49
18101,2014-06-09 17:41:47,16067,3,0,45.99,14.49
18102,2014-06-09 17:43:00,16068,1,1,49.99,19.49
18103,2014-06-09 18:16:45,16069,1,1,49.99,19.49
18104,2014-06-09 18:16:45,16069,2,0,59.99,22.49
18105,2014-06-09 18:30:49,16070,1,1,49.99,19.49
18106,2014-06-09 18:44:47,16071,1,1,49.99,19.49
18107,2014-06-09 19:01:22,16072,1,1,49.99,19.49
18108,2014-06-09 19:01:22,16072,4,0,29.99,9.49
18109,2014-06-09 19:30:33,16073,1,1,49.99,19.49
18110,2014-06-09 19:30:33,16073,4,0,29.99,9.49
18111,2014-06-09 19:55:07,16074,1,1,49.99,19.49
18112,2014-06-09 20:27:54,16075,1,1,49.99,19.49
18113,2014-06-09 20:47:40,16076,1,1,49.99,19.49
18114,2014-06-09 20:47:40,16076,3,0,45.99,14.49
18115,2014-06-09 20:52:43,16077,3,1,45.99,14.49
18116,2014-06-09 23:17:07,16078,3,1,45.99,14.49
18117,2014-06-09 23:21:42,16079,3,1,45.99,14.49
18118,2014-06-10 00:44:18,16080,1,1,49.99,19.49
18119,2014-06-10 00:56:49,16081,1,1,49.99,19.49
18120,2014-06-10 00:56:49,16081,3,0,45.99,14.49
18121,2014-06-10 02:04:39,16082,3,1,45.99,14.49
18122,2014-06-10 02:04:39,16082,4,0,29.99,9.49
18123,2014-06-10 06:19:58,16083,2,1,59.99,22.49
18124,2014-06-10 06:29:19,16084,1,1,49.99,19.49
18125,2014-06-10 06:55:12,16085,1,1,49.99,19.49
18126,2014-06-10 06:55:12,16085,2,0,59.99,22.49
18127,2014-06-10 07:58:16,16086,1,1,49.99,19.49
18128,2014-06-10 07:58:16,16086,3,0,45.99,14.49
18129,2014-06-10 08:28:02,16087,3,1,45.99,14.49
18130,2014-06-10 09:10:41,16088,1,1,49.99,19.49
18131,2014-06-10 09:10:41,16088,2,0,59.99,22.49
18132,2014-06-10 09:35:49,16089,1,1,49.99,19.49
18133,2014-06-10 09:44:53,16090,1,1,49.99,19.49
18134,2014-06-10 09:51:49,16091,1,1,49.99,19.49
18135,2014-06-10 09:56:30,16092,2,1,59.99,22.49
18136,2014-06-10 10:23:06,16093,1,1,49.99,19.49
18137,2014-06-10 10:30:41,16094,1,1,49.99,19.49
18138,2014-06-10 11:20:45,16095,1,1,49.99,19.49
18139,2014-06-10 11:24:34,16096,1,1,49.99,19.49
18140,2014-06-10 11:27:20,16097,1,1,49.99,19.49
18141,2014-06-10 11:27:20,16097,4,0,29.99,9.49
18142,2014-06-10 11:42:27,16098,1,1,49.99,19.49
18143,2014-06-10 11:45:17,16099,1,1,49.99,19.49
18144,2014-06-10 11:45:17,16099,2,0,59.99,22.49
18145,2014-06-10 11:49:00,16100,1,1,49.99,19.49
18146,2014-06-10 11:58:33,16101,1,1,49.99,19.49
18147,2014-06-10 12:12:38,16102,3,1,45.99,14.49
18148,2014-06-10 12:15:31,16103,1,1,49.99,19.49
18149,2014-06-10 12:15:31,16103,2,0,59.99,22.49
18150,2014-06-10 12:20:11,16104,1,1,49.99,19.49
18151,2014-06-10 12:20:11,16104,4,0,29.99,9.49
18152,2014-06-10 12:44:49,16105,1,1,49.99,19.49
18153,2014-06-10 13:22:40,16106,2,1,59.99,22.49
18154,2014-06-10 13:34:00,16107,1,1,49.99,19.49
18155,2014-06-10 13:34:00,16107,4,0,29.99,9.49
18156,2014-06-10 13:36:25,16108,1,1,49.99,19.49
18157,2014-06-10 13:39:05,16109,1,1,49.99,19.49
18158,2014-06-10 14:02:44,16110,1,1,49.99,19.49
18159,2014-06-10 14:17:27,16111,1,1,49.99,19.49
18160,2014-06-10 14:36:04,16112,1,1,49.99,19.49
18161,2014-06-10 14:36:04,16112,4,0,29.99,9.49
18162,2014-06-10 14:36:43,16113,1,1,49.99,19.49
18163,2014-06-10 16:10:30,16114,1,1,49.99,19.49
18164,2014-06-10 16:53:08,16115,2,1,59.99,22.49
18165,2014-06-10 16:56:34,16116,3,1,45.99,14.49
18166,2014-06-10 17:34:30,16117,3,1,45.99,14.49
18167,2014-06-10 17:34:30,16117,4,0,29.99,9.49
18168,2014-06-10 17:34:45,16118,1,1,49.99,19.49
18169,2014-06-10 17:34:45,16118,3,0,45.99,14.49
18170,2014-06-10 17:48:42,16119,1,1,49.99,19.49
18171,2014-06-10 17:48:42,16119,4,0,29.99,9.49
18172,2014-06-10 18:08:06,16120,1,1,49.99,19.49
18173,2014-06-10 18:08:06,16120,2,0,59.99,22.49
18174,2014-06-10 18:09:42,16121,3,1,45.99,14.49
18175,2014-06-10 19:58:49,16122,2,1,59.99,22.49
18176,2014-06-10 19:58:49,16122,4,0,29.99,9.49
18177,2014-06-10 20:05:56,16123,2,1,59.99,22.49
18178,2014-06-10 20:15:27,16124,2,1,59.99,22.49
18179,2014-06-10 20:15:27,16124,4,0,29.99,9.49
18180,2014-06-10 20:46:33,16125,1,1,49.99,19.49
18181,2014-06-10 20:46:33,16125,4,0,29.99,9.49
18182,2014-06-10 21:25:24,16126,1,1,49.99,19.49
18183,2014-06-10 21:25:24,16126,3,0,45.99,14.49
18184,2014-06-10 21:39:10,16127,1,1,49.99,19.49
18185,2014-06-10 21:55:41,16128,1,1,49.99,19.49
18186,2014-06-10 22:01:22,16129,3,1,45.99,14.49
18187,2014-06-10 22:54:07,16130,3,1,45.99,14.49
18188,2014-06-10 23:33:09,16131,3,1,45.99,14.49
18189,2014-06-10 23:33:09,16131,4,0,29.99,9.49
18190,2014-06-11 01:44:07,16132,1,1,49.99,19.49
18191,2014-06-11 01:44:07,16132,4,0,29.99,9.49
18192,2014-06-11 02:54:44,16133,3,1,45.99,14.49
18193,2014-06-11 02:54:44,16133,1,0,49.99,19.49
18194,2014-06-11 03:34:49,16134,1,1,49.99,19.49
18195,2014-06-11 04:11:12,16135,1,1,49.99,19.49
18196,2014-06-11 04:16:47,16136,1,1,49.99,19.49
18197,2014-06-11 06:02:06,16137,1,1,49.99,19.49
18198,2014-06-11 06:31:53,16138,1,1,49.99,19.49
18199,2014-06-11 09:20:31,16139,1,1,49.99,19.49
18200,2014-06-11 09:20:31,16139,4,0,29.99,9.49
18201,2014-06-11 09:23:34,16140,1,1,49.99,19.49
18202,2014-06-11 09:32:16,16141,1,1,49.99,19.49
18203,2014-06-11 09:38:38,16142,1,1,49.99,19.49
18204,2014-06-11 10:27:02,16143,1,1,49.99,19.49
18205,2014-06-11 10:27:02,16143,3,0,45.99,14.49
18206,2014-06-11 10:55:13,16144,2,1,59.99,22.49
18207,2014-06-11 10:55:13,16144,4,0,29.99,9.49
18208,2014-06-11 11:05:40,16145,2,1,59.99,22.49
18209,2014-06-11 11:09:11,16146,1,1,49.99,19.49
18210,2014-06-11 11:09:11,16146,2,0,59.99,22.49
18211,2014-06-11 11:44:09,16147,1,1,49.99,19.49
18212,2014-06-11 11:54:08,16148,1,1,49.99,19.49
18213,2014-06-11 11:59:36,16149,1,1,49.99,19.49
18214,2014-06-11 12:12:57,16150,1,1,49.99,19.49
18215,2014-06-11 12:46:06,16151,1,1,49.99,19.49
18216,2014-06-11 13:35:48,16152,1,1,49.99,19.49
18217,2014-06-11 13:37:37,16153,1,1,49.99,19.49
18218,2014-06-11 13:37:37,16153,3,0,45.99,14.49
18219,2014-06-11 13:46:50,16154,1,1,49.99,19.49
18220,2014-06-11 13:59:19,16155,2,1,59.99,22.49
18221,2014-06-11 14:10:20,16156,1,1,49.99,19.49
18222,2014-06-11 14:10:20,16156,4,0,29.99,9.49
18223,2014-06-11 14:27:02,16157,3,1,45.99,14.49
18224,2014-06-11 14:41:32,16158,1,1,49.99,19.49
18225,2014-06-11 15:45:24,16159,3,1,45.99,14.49
18226,2014-06-11 16:13:14,16160,3,1,45.99,14.49
18227,2014-06-11 16:26:25,16161,1,1,49.99,19.49
18228,2014-06-11 16:41:11,16162,1,1,49.99,19.49
18229,2014-06-11 16:41:11,16162,3,0,45.99,14.49
18230,2014-06-11 17:03:15,16163,1,1,49.99,19.49
18231,2014-06-11 17:03:15,16163,4,0,29.99,9.49
18232,2014-06-11 17:28:31,16164,1,1,49.99,19.49
18233,2014-06-11 18:57:11,16165,1,1,49.99,19.49
18234,2014-06-11 18:57:11,16165,3,0,45.99,14.49
18235,2014-06-11 19:04:38,16166,3,1,45.99,14.49
18236,2014-06-11 19:45:53,16167,1,1,49.99,19.49
18237,2014-06-11 19:52:02,16168,1,1,49.99,19.49
18238,2014-06-11 20:35:41,16169,1,1,49.99,19.49
18239,2014-06-11 20:35:41,16169,3,0,45.99,14.49
18240,2014-06-11 20:36:33,16170,1,1,49.99,19.49
18241,2014-06-11 20:40:57,16171,1,1,49.99,19.49
18242,2014-06-11 20:43:32,16172,1,1,49.99,19.49
18243,2014-06-11 20:43:32,16172,4,0,29.99,9.49
18244,2014-06-11 21:17:39,16173,2,1,59.99,22.49
18245,2014-06-11 21:17:39,16173,4,0,29.99,9.49
18246,2014-06-11 21:57:10,16174,3,1,45.99,14.49
18247,2014-06-11 21:57:10,16174,4,0,29.99,9.49
18248,2014-06-11 22:34:20,16175,2,1,59.99,22.49
18249,2014-06-11 23:21:40,16176,1,1,49.99,19.49
18250,2014-06-11 23:56:25,16177,1,1,49.99,19.49
18251,2014-06-11 23:56:25,16177,4,0,29.99,9.49
18252,2014-06-12 02:07:11,16178,1,1,49.99,19.49
18253,2014-06-12 02:07:11,16178,3,0,45.99,14.49
18254,2014-06-12 02:28:58,16179,1,1,49.99,19.49
18255,2014-06-12 02:28:58,16179,4,0,29.99,9.49
18256,2014-06-12 02:49:43,16180,3,1,45.99,14.49
18257,2014-06-12 03:26:59,16181,2,1,59.99,22.49
18258,2014-06-12 04:22:20,16182,2,1,59.99,22.49
18259,2014-06-12 04:33:24,16183,1,1,49.99,19.49
18260,2014-06-12 04:33:24,16183,4,0,29.99,9.49
18261,2014-06-12 06:36:30,16184,1,1,49.99,19.49
18262,2014-06-12 07:28:29,16185,1,1,49.99,19.49
18263,2014-06-12 07:45:05,16186,2,1,59.99,22.49
18264,2014-06-12 08:27:39,16187,1,1,49.99,19.49
18265,2014-06-12 08:27:39,16187,4,0,29.99,9.49
18266,2014-06-12 08:45:57,16188,2,1,59.99,22.49
18267,2014-06-12 09:15:43,16189,1,1,49.99,19.49
18268,2014-06-12 09:26:35,16190,1,1,49.99,19.49
18269,2014-06-12 11:02:04,16191,1,1,49.99,19.49
18270,2014-06-12 11:02:04,16191,3,0,45.99,14.49
18271,2014-06-12 11:08:00,16192,1,1,49.99,19.49
18272,2014-06-12 11:08:00,16192,3,0,45.99,14.49
18273,2014-06-12 11:34:49,16193,1,1,49.99,19.49
18274,2014-06-12 11:34:49,16193,4,0,29.99,9.49
18275,2014-06-12 11:42:18,16194,1,1,49.99,19.49
18276,2014-06-12 11:42:18,16194,3,0,45.99,14.49
18277,2014-06-12 12:05:17,16195,1,1,49.99,19.49
18278,2014-06-12 12:15:35,16196,1,1,49.99,19.49
18279,2014-06-12 12:15:35,16196,4,0,29.99,9.49
18280,2014-06-12 12:29:00,16197,1,1,49.99,19.49
18281,2014-06-12 12:29:00,16197,4,0,29.99,9.49
18282,2014-06-12 13:36:01,16198,2,1,59.99,22.49
18283,2014-06-12 13:43:56,16199,2,1,59.99,22.49
18284,2014-06-12 14:27:16,16200,1,1,49.99,19.49
18285,2014-06-12 15:11:29,16201,1,1,49.99,19.49
18286,2014-06-12 15:45:43,16202,3,1,45.99,14.49
18287,2014-06-12 15:51:00,16203,1,1,49.99,19.49
18288,2014-06-12 15:52:13,16204,1,1,49.99,19.49
18289,2014-06-12 15:59:59,16205,1,1,49.99,19.49
18290,2014-06-12 16:18:50,16206,2,1,59.99,22.49
18291,2014-06-12 16:20:14,16207,1,1,49.99,19.49
18292,2014-06-12 16:28:22,16208,1,1,49.99,19.49
18293,2014-06-12 16:39:32,16209,1,1,49.99,19.49
18294,2014-06-12 16:39:32,16209,4,0,29.99,9.49
18295,2014-06-12 16:56:14,16210,1,1,49.99,19.49
18296,2014-06-12 17:18:50,16211,1,1,49.99,19.49
18297,2014-06-12 17:18:50,16211,4,0,29.99,9.49
18298,2014-06-12 17:53:39,16212,1,1,49.99,19.49
18299,2014-06-12 18:27:59,16213,3,1,45.99,14.49
18300,2014-06-12 18:50:06,16214,2,1,59.99,22.49
18301,2014-06-12 18:52:06,16215,1,1,49.99,19.49
18302,2014-06-12 19:13:09,16216,1,1,49.99,19.49
18303,2014-06-12 19:36:31,16217,1,1,49.99,19.49
18304,2014-06-12 19:36:31,16217,4,0,29.99,9.49
18305,2014-06-12 19:48:30,16218,1,1,49.99,19.49
18306,2014-06-12 19:56:42,16219,1,1,49.99,19.49
18307,2014-06-12 19:56:42,16219,3,0,45.99,14.49
18308,2014-06-12 20:07:51,16220,1,1,49.99,19.49
18309,2014-06-12 20:53:23,16221,1,1,49.99,19.49
18310,2014-06-12 20:53:23,16221,2,0,59.99,22.49
18311,2014-06-12 20:54:33,16222,1,1,49.99,19.49
18312,2014-06-12 21:14:37,16223,1,1,49.99,19.49
18313,2014-06-12 21:14:37,16223,4,0,29.99,9.49
18314,2014-06-12 21:26:30,16224,1,1,49.99,19.49
18315,2014-06-12 21:57:55,16225,1,1,49.99,19.49
18316,2014-06-12 21:57:55,16225,2,0,59.99,22.49
18317,2014-06-12 22:35:21,16226,3,1,45.99,14.49
18318,2014-06-12 22:35:21,16226,4,0,29.99,9.49
18319,2014-06-12 23:19:46,16227,3,1,45.99,14.49
18320,2014-06-12 23:19:46,16227,4,0,29.99,9.49
18321,2014-06-13 02:13:10,16228,1,1,49.99,19.49
18322,2014-06-13 03:39:52,16229,2,1,59.99,22.49
18323,2014-06-13 05:47:26,16230,2,1,59.99,22.49
18324,2014-06-13 08:09:12,16231,1,1,49.99,19.49
18325,2014-06-13 08:09:12,16231,3,0,45.99,14.49
18326,2014-06-13 08:30:21,16232,1,1,49.99,19.49
18327,2014-06-13 09:09:00,16233,1,1,49.99,19.49
18328,2014-06-13 09:37:28,16234,2,1,59.99,22.49
18329,2014-06-13 09:41:44,16235,2,1,59.99,22.49
18330,2014-06-13 10:19:15,16236,1,1,49.99,19.49
18331,2014-06-13 10:19:15,16236,4,0,29.99,9.49
18332,2014-06-13 10:38:01,16237,1,1,49.99,19.49
18333,2014-06-13 10:56:15,16238,2,1,59.99,22.49
18334,2014-06-13 11:05:20,16239,1,1,49.99,19.49
18335,2014-06-13 11:06:51,16240,1,1,49.99,19.49
18336,2014-06-13 11:09:14,16241,1,1,49.99,19.49
18337,2014-06-13 11:23:45,16242,1,1,49.99,19.49
18338,2014-06-13 11:29:40,16243,3,1,45.99,14.49
18339,2014-06-13 11:29:40,16243,1,0,49.99,19.49
18340,2014-06-13 11:29:56,16244,2,1,59.99,22.49
18341,2014-06-13 11:55:52,16245,2,1,59.99,22.49
18342,2014-06-13 11:56:54,16246,2,1,59.99,22.49
18343,2014-06-13 11:56:55,16247,1,1,49.99,19.49
18344,2014-06-13 12:07:04,16248,1,1,49.99,19.49
18345,2014-06-13 12:07:04,16248,4,0,29.99,9.49
18346,2014-06-13 12:09:44,16249,1,1,49.99,19.49
18347,2014-06-13 12:23:11,16250,1,1,49.99,19.49
18348,2014-06-13 12:33:26,16251,3,1,45.99,14.49
18349,2014-06-13 12:33:26,16251,4,0,29.99,9.49
18350,2014-06-13 13:15:00,16252,1,1,49.99,19.49
18351,2014-06-13 14:27:32,16253,1,1,49.99,19.49
18352,2014-06-13 14:28:43,16254,1,1,49.99,19.49
18353,2014-06-13 14:31:40,16255,1,1,49.99,19.49
18354,2014-06-13 14:38:49,16256,1,1,49.99,19.49
18355,2014-06-13 14:52:46,16257,3,1,45.99,14.49
18356,2014-06-13 15:45:35,16258,3,1,45.99,14.49
18357,2014-06-13 15:47:09,16259,3,1,45.99,14.49
18358,2014-06-13 15:47:09,16259,4,0,29.99,9.49
18359,2014-06-13 15:52:54,16260,3,1,45.99,14.49
18360,2014-06-13 15:52:54,16260,4,0,29.99,9.49
18361,2014-06-13 15:57:33,16261,1,1,49.99,19.49
18362,2014-06-13 16:18:14,16262,1,1,49.99,19.49
18363,2014-06-13 16:33:48,16263,1,1,49.99,19.49
18364,2014-06-13 17:17:41,16264,1,1,49.99,19.49
18365,2014-06-13 17:17:41,16264,4,0,29.99,9.49
18366,2014-06-13 17:21:07,16265,2,1,59.99,22.49
18367,2014-06-13 17:24:50,16266,1,1,49.99,19.49
18368,2014-06-13 17:31:41,16267,1,1,49.99,19.49
18369,2014-06-13 17:42:21,16268,3,1,45.99,14.49
18370,2014-06-13 17:54:33,16269,1,1,49.99,19.49
18371,2014-06-13 17:57:49,16270,2,1,59.99,22.49
18372,2014-06-13 18:04:00,16271,1,1,49.99,19.49
18373,2014-06-13 18:21:20,16272,1,1,49.99,19.49
18374,2014-06-13 21:15:05,16273,1,1,49.99,19.49
18375,2014-06-13 22:33:56,16274,1,1,49.99,19.49
18376,2014-06-13 22:33:56,16274,3,0,45.99,14.49
18377,2014-06-13 23:56:03,16275,1,1,49.99,19.49
18378,2014-06-14 08:37:10,16276,1,1,49.99,19.49
18379,2014-06-14 09:21:21,16277,1,1,49.99,19.49
18380,2014-06-14 10:02:16,16278,1,1,49.99,19.49
18381,2014-06-14 10:36:36,16279,1,1,49.99,19.49
18382,2014-06-14 11:37:19,16280,1,1,49.99,19.49
18383,2014-06-14 13:40:13,16281,1,1,49.99,19.49
18384,2014-06-14 14:12:12,16282,1,1,49.99,19.49
18385,2014-06-14 14:12:12,16282,4,0,29.99,9.49
18386,2014-06-14 14:32:43,16283,1,1,49.99,19.49
18387,2014-06-14 14:32:43,16283,4,0,29.99,9.49
18388,2014-06-14 15:18:52,16284,1,1,49.99,19.49
18389,2014-06-14 15:18:52,16284,4,0,29.99,9.49
18390,2014-06-14 15:46:14,16285,1,1,49.99,19.49
18391,2014-06-14 15:50:53,16286,1,1,49.99,19.49
18392,2014-06-14 15:50:53,16286,4,0,29.99,9.49
18393,2014-06-14 17:19:45,16287,1,1,49.99,19.49
18394,2014-06-14 17:52:22,16288,1,1,49.99,19.49
18395,2014-06-14 20:46:15,16289,2,1,59.99,22.49
18396,2014-06-14 20:46:15,16289,4,0,29.99,9.49
18397,2014-06-15 00:57:29,16290,1,1,49.99,19.49
18398,2014-06-15 00:57:29,16290,4,0,29.99,9.49
18399,2014-06-15 03:05:05,16291,1,1,49.99,19.49
18400,2014-06-15 03:05:05,16291,3,0,45.99,14.49
18401,2014-06-15 03:23:07,16292,1,1,49.99,19.49
18402,2014-06-15 05:19:22,16293,1,1,49.99,19.49
18403,2014-06-15 05:19:22,16293,4,0,29.99,9.49
18404,2014-06-15 05:30:59,16294,2,1,59.99,22.49
18405,2014-06-15 10:16:47,16295,1,1,49.99,19.49
18406,2014-06-15 10:19:13,16296,1,1,49.99,19.49
18407,2014-06-15 10:19:13,16296,4,0,29.99,9.49
18408,2014-06-15 10:42:07,16297,3,1,45.99,14.49
18409,2014-06-15 11:32:19,16298,1,1,49.99,19.49
18410,2014-06-15 11:32:19,16298,4,0,29.99,9.49
18411,2014-06-15 11:39:30,16299,1,1,49.99,19.49
18412,2014-06-15 12:24:33,16300,3,1,45.99,14.49
18413,2014-06-15 13:17:03,16301,1,1,49.99,19.49
18414,2014-06-15 13:17:03,16301,3,0,45.99,14.49
18415,2014-06-15 13:26:05,16302,1,1,49.99,19.49
18416,2014-06-15 13:45:37,16303,3,1,45.99,14.49
18417,2014-06-15 13:51:28,16304,1,1,49.99,19.49
18418,2014-06-15 13:51:28,16304,2,0,59.99,22.49
18419,2014-06-15 15:18:21,16305,1,1,49.99,19.49
18420,2014-06-15 15:18:21,16305,4,0,29.99,9.49
18421,2014-06-15 15:55:37,16306,1,1,49.99,19.49
18422,2014-06-15 16:33:43,16307,3,1,45.99,14.49
18423,2014-06-15 16:33:43,16307,4,0,29.99,9.49
18424,2014-06-15 17:06:04,16308,1,1,49.99,19.49
18425,2014-06-15 19:10:45,16309,1,1,49.99,19.49
18426,2014-06-15 19:26:57,16310,1,1,49.99,19.49
18427,2014-06-15 19:26:57,16310,4,0,29.99,9.49
18428,2014-06-15 19:57:20,16311,3,1,45.99,14.49
18429,2014-06-15 20:16:23,16312,1,1,49.99,19.49
18430,2014-06-15 21:11:50,16313,1,1,49.99,19.49
18431,2014-06-15 21:22:00,16314,1,1,49.99,19.49
18432,2014-06-15 21:22:00,16314,2,0,59.99,22.49
18433,2014-06-15 21:49:29,16315,1,1,49.99,19.49
18434,2014-06-15 22:46:32,16316,1,1,49.99,19.49
18435,2014-06-15 23:40:09,16317,1,1,49.99,19.49
18436,2014-06-15 23:45:19,16318,2,1,59.99,22.49
18437,2014-06-16 00:36:00,16319,1,1,49.99,19.49
18438,2014-06-16 00:52:38,16320,2,1,59.99,22.49
18439,2014-06-16 01:02:38,16321,1,1,49.99,19.49
18440,2014-06-16 01:02:38,16321,4,0,29.99,9.49
18441,2014-06-16 01:24:21,16322,1,1,49.99,19.49
18442,2014-06-16 01:24:21,16322,3,0,45.99,14.49
18443,2014-06-16 01:42:27,16323,1,1,49.99,19.49
18444,2014-06-16 01:54:21,16324,1,1,49.99,19.49
18445,2014-06-16 01:54:21,16324,3,0,45.99,14.49
18446,2014-06-16 02:04:47,16325,1,1,49.99,19.49
18447,2014-06-16 03:11:07,16326,1,1,49.99,19.49
18448,2014-06-16 03:11:07,16326,3,0,45.99,14.49
18449,2014-06-16 04:12:43,16327,3,1,45.99,14.49
18450,2014-06-16 05:09:29,16328,1,1,49.99,19.49
18451,2014-06-16 05:41:04,16329,3,1,45.99,14.49
18452,2014-06-16 05:41:04,16329,4,0,29.99,9.49
18453,2014-06-16 06:21:40,16330,3,1,45.99,14.49
18454,2014-06-16 06:21:40,16330,2,0,59.99,22.49
18455,2014-06-16 06:43:54,16331,1,1,49.99,19.49
18456,2014-06-16 06:43:54,16331,2,0,59.99,22.49
18457,2014-06-16 07:57:37,16332,2,1,59.99,22.49
18458,2014-06-16 08:31:09,16333,1,1,49.99,19.49
18459,2014-06-16 08:56:51,16334,2,1,59.99,22.49
18460,2014-06-16 10:11:38,16335,2,1,59.99,22.49
18461,2014-06-16 10:12:06,16336,1,1,49.99,19.49
18462,2014-06-16 10:30:28,16337,1,1,49.99,19.49
18463,2014-06-16 10:30:28,16337,3,0,45.99,14.49
18464,2014-06-16 10:43:38,16338,1,1,49.99,19.49
18465,2014-06-16 11:04:50,16339,1,1,49.99,19.49
18466,2014-06-16 11:10:43,16340,2,1,59.99,22.49
18467,2014-06-16 11:38:28,16341,2,1,59.99,22.49
18468,2014-06-16 12:03:32,16342,1,1,49.99,19.49
18469,2014-06-16 12:27:28,16343,1,1,49.99,19.49
18470,2014-06-16 12:27:28,16343,4,0,29.99,9.49
18471,2014-06-16 12:28:13,16344,1,1,49.99,19.49
18472,2014-06-16 12:28:13,16344,4,0,29.99,9.49
18473,2014-06-16 12:48:05,16345,2,1,59.99,22.49
18474,2014-06-16 12:48:22,16346,1,1,49.99,19.49
18475,2014-06-16 12:50:02,16347,2,1,59.99,22.49
18476,2014-06-16 13:03:38,16348,1,1,49.99,19.49
18477,2014-06-16 13:03:38,16348,4,0,29.99,9.49
18478,2014-06-16 13:26:47,16349,1,1,49.99,19.49
18479,2014-06-16 13:30:33,16350,1,1,49.99,19.49
18480,2014-06-16 13:37:58,16351,2,1,59.99,22.49
18481,2014-06-16 14:28:13,16352,2,1,59.99,22.49
18482,2014-06-16 15:14:23,16353,3,1,45.99,14.49
18483,2014-06-16 15:14:23,16353,4,0,29.99,9.49
18484,2014-06-16 15:24:52,16354,1,1,49.99,19.49
18485,2014-06-16 15:24:52,16354,4,0,29.99,9.49
18486,2014-06-16 15:35:10,16355,1,1,49.99,19.49
18487,2014-06-16 15:35:10,16355,4,0,29.99,9.49
18488,2014-06-16 16:06:07,16356,2,1,59.99,22.49
18489,2014-06-16 16:09:49,16357,1,1,49.99,19.49
18490,2014-06-16 16:09:49,16357,2,0,59.99,22.49
18491,2014-06-16 16:22:33,16358,3,1,45.99,14.49
18492,2014-06-16 16:35:57,16359,3,1,45.99,14.49
18493,2014-06-16 17:03:34,16360,1,1,49.99,19.49
18494,2014-06-16 17:38:45,16361,2,1,59.99,22.49
18495,2014-06-16 17:54:52,16362,1,1,49.99,19.49
18496,2014-06-16 18:14:12,16363,1,1,49.99,19.49
18497,2014-06-16 18:23:42,16364,1,1,49.99,19.49
18498,2014-06-16 18:23:42,16364,4,0,29.99,9.49
18499,2014-06-16 19:46:56,16365,1,1,49.99,19.49
18500,2014-06-16 20:19:05,16366,3,1,45.99,14.49
18501,2014-06-16 20:42:33,16367,1,1,49.99,19.49
18502,2014-06-16 21:22:21,16368,1,1,49.99,19.49
18503,2014-06-16 21:22:21,16368,3,0,45.99,14.49
18504,2014-06-16 21:28:16,16369,3,1,45.99,14.49
18505,2014-06-16 21:47:05,16370,2,1,59.99,22.49
18506,2014-06-16 22:03:06,16371,3,1,45.99,14.49
18507,2014-06-16 22:44:20,16372,3,1,45.99,14.49
18508,2014-06-16 22:57:37,16373,3,1,45.99,14.49
18509,2014-06-16 22:57:37,16373,1,0,49.99,19.49
18510,2014-06-16 23:05:38,16374,1,1,49.99,19.49
18511,2014-06-16 23:26:38,16375,2,1,59.99,22.49
18512,2014-06-16 23:26:38,16375,4,0,29.99,9.49
18513,2014-06-16 23:28:06,16376,2,1,59.99,22.49
18514,2014-06-16 23:28:06,16376,4,0,29.99,9.49
18515,2014-06-17 00:00:02,16377,1,1,49.99,19.49
18516,2014-06-17 00:00:02,16377,4,0,29.99,9.49
18517,2014-06-17 00:57:53,16378,3,1,45.99,14.49
18518,2014-06-17 03:09:30,16379,1,1,49.99,19.49
18519,2014-06-17 03:36:44,16380,2,1,59.99,22.49
18520,2014-06-17 05:06:10,16381,2,1,59.99,22.49
18521,2014-06-17 06:31:48,16382,1,1,49.99,19.49
18522,2014-06-17 08:32:26,16383,1,1,49.99,19.49
18523,2014-06-17 09:12:20,16384,1,1,49.99,19.49
18524,2014-06-17 09:15:57,16385,3,1,45.99,14.49
18525,2014-06-17 09:29:21,16386,1,1,49.99,19.49
18526,2014-06-17 10:43:54,16387,2,1,59.99,22.49
18527,2014-06-17 10:44:33,16388,1,1,49.99,19.49
18528,2014-06-17 10:45:07,16389,1,1,49.99,19.49
18529,2014-06-17 10:45:07,16389,2,0,59.99,22.49
18530,2014-06-17 10:57:08,16390,1,1,49.99,19.49
18531,2014-06-17 11:06:28,16391,1,1,49.99,19.49
18532,2014-06-17 11:06:36,16392,1,1,49.99,19.49
18533,2014-06-17 11:28:24,16393,1,1,49.99,19.49
18534,2014-06-17 11:28:24,16393,4,0,29.99,9.49
18535,2014-06-17 11:39:55,16394,1,1,49.99,19.49
18536,2014-06-17 11:39:55,16394,3,0,45.99,14.49
18537,2014-06-17 11:58:20,16395,1,1,49.99,19.49
18538,2014-06-17 11:58:20,16395,4,0,29.99,9.49
18539,2014-06-17 12:13:56,16396,2,1,59.99,22.49
18540,2014-06-17 12:42:53,16397,1,1,49.99,19.49
18541,2014-06-17 12:42:53,16397,4,0,29.99,9.49
18542,2014-06-17 12:50:34,16398,1,1,49.99,19.49
18543,2014-06-17 12:50:34,16398,4,0,29.99,9.49
18544,2014-06-17 12:51:51,16399,1,1,49.99,19.49
18545,2014-06-17 12:51:51,16399,3,0,45.99,14.49
18546,2014-06-17 12:51:55,16400,1,1,49.99,19.49
18547,2014-06-17 13:30:15,16401,3,1,45.99,14.49
18548,2014-06-17 13:43:24,16402,1,1,49.99,19.49
18549,2014-06-17 13:43:35,16403,1,1,49.99,19.49
18550,2014-06-17 13:43:35,16403,3,0,45.99,14.49
18551,2014-06-17 13:56:46,16404,1,1,49.99,19.49
18552,2014-06-17 14:17:29,16405,2,1,59.99,22.49
18553,2014-06-17 14:22:42,16406,2,1,59.99,22.49
18554,2014-06-17 14:34:32,16407,1,1,49.99,19.49
18555,2014-06-17 14:35:04,16408,2,1,59.99,22.49
18556,2014-06-17 15:21:58,16409,1,1,49.99,19.49
18557,2014-06-17 15:21:58,16409,2,0,59.99,22.49
18558,2014-06-17 15:22:34,16410,1,1,49.99,19.49
18559,2014-06-17 15:22:34,16410,3,0,45.99,14.49
18560,2014-06-17 15:26:35,16411,1,1,49.99,19.49
18561,2014-06-17 15:56:57,16412,2,1,59.99,22.49
18562,2014-06-17 15:58:23,16413,1,1,49.99,19.49
18563,2014-06-17 16:16:27,16414,1,1,49.99,19.49
18564,2014-06-17 16:27:37,16415,1,1,49.99,19.49
18565,2014-06-17 16:27:37,16415,4,0,29.99,9.49
18566,2014-06-17 16:31:08,16416,1,1,49.99,19.49
18567,2014-06-17 17:25:48,16417,1,1,49.99,19.49
18568,2014-06-17 17:50:08,16418,3,1,45.99,14.49
18569,2014-06-17 18:29:25,16419,1,1,49.99,19.49
18570,2014-06-17 19:10:36,16420,1,1,49.99,19.49
18571,2014-06-17 19:10:36,16420,3,0,45.99,14.49
18572,2014-06-17 19:55:24,16421,1,1,49.99,19.49
18573,2014-06-17 20:10:41,16422,1,1,49.99,19.49
18574,2014-06-17 20:10:41,16422,3,0,45.99,14.49
18575,2014-06-17 20:55:04,16423,3,1,45.99,14.49
18576,2014-06-17 20:55:04,16423,1,0,49.99,19.49
18577,2014-06-17 20:57:45,16424,2,1,59.99,22.49
18578,2014-06-17 21:22:01,16425,1,1,49.99,19.49
18579,2014-06-17 21:42:44,16426,1,1,49.99,19.49
18580,2014-06-17 21:42:44,16426,4,0,29.99,9.49
18581,2014-06-17 21:54:13,16427,1,1,49.99,19.49
18582,2014-06-17 23:13:04,16428,3,1,45.99,14.49
18583,2014-06-18 05:18:08,16429,2,1,59.99,22.49
18584,2014-06-18 05:46:32,16430,1,1,49.99,19.49
18585,2014-06-18 05:46:32,16430,4,0,29.99,9.49
18586,2014-06-18 07:00:54,16431,1,1,49.99,19.49
18587,2014-06-18 07:00:54,16431,2,0,59.99,22.49
18588,2014-06-18 07:09:57,16432,1,1,49.99,19.49
18589,2014-06-18 07:09:57,16432,2,0,59.99,22.49
18590,2014-06-18 07:23:34,16433,1,1,49.99,19.49
18591,2014-06-18 07:23:34,16433,3,0,45.99,14.49
18592,2014-06-18 07:58:18,16434,1,1,49.99,19.49
18593,2014-06-18 07:58:18,16434,4,0,29.99,9.49
18594,2014-06-18 08:25:51,16435,2,1,59.99,22.49
18595,2014-06-18 08:30:35,16436,1,1,49.99,19.49
18596,2014-06-18 08:30:35,16436,4,0,29.99,9.49
18597,2014-06-18 08:39:27,16437,3,1,45.99,14.49
18598,2014-06-18 08:39:27,16437,1,0,49.99,19.49
18599,2014-06-18 09:57:15,16438,2,1,59.99,22.49
18600,2014-06-18 09:57:15,16438,4,0,29.99,9.49
18601,2014-06-18 10:47:08,16439,1,1,49.99,19.49
18602,2014-06-18 11:02:24,16440,2,1,59.99,22.49
18603,2014-06-18 11:51:30,16441,2,1,59.99,22.49
18604,2014-06-18 12:28:55,16442,2,1,59.99,22.49
18605,2014-06-18 12:48:49,16443,1,1,49.99,19.49
18606,2014-06-18 12:48:49,16443,4,0,29.99,9.49
18607,2014-06-18 13:49:02,16444,1,1,49.99,19.49
18608,2014-06-18 13:51:10,16445,1,1,49.99,19.49
18609,2014-06-18 13:51:10,16445,3,0,45.99,14.49
18610,2014-06-18 13:55:38,16446,3,1,45.99,14.49
18611,2014-06-18 13:55:38,16446,2,0,59.99,22.49
18612,2014-06-18 14:22:55,16447,1,1,49.99,19.49
18613,2014-06-18 14:22:55,16447,4,0,29.99,9.49
18614,2014-06-18 14:32:36,16448,2,1,59.99,22.49
18615,2014-06-18 14:33:19,16449,1,1,49.99,19.49
18616,2014-06-18 14:33:19,16449,2,0,59.99,22.49
18617,2014-06-18 14:33:50,16450,1,1,49.99,19.49
18618,2014-06-18 14:34:02,16451,3,1,45.99,14.49
18619,2014-06-18 15:01:31,16452,1,1,49.99,19.49
18620,2014-06-18 15:01:31,16452,4,0,29.99,9.49
18621,2014-06-18 15:04:35,16453,1,1,49.99,19.49
18622,2014-06-18 15:21:17,16454,2,1,59.99,22.49
18623,2014-06-18 16:04:08,16455,1,1,49.99,19.49
18624,2014-06-18 16:04:20,16456,1,1,49.99,19.49
18625,2014-06-18 16:39:26,16457,3,1,45.99,14.49
18626,2014-06-18 16:39:26,16457,4,0,29.99,9.49
18627,2014-06-18 16:55:46,16458,3,1,45.99,14.49
18628,2014-06-18 17:08:33,16459,1,1,49.99,19.49
18629,2014-06-18 17:08:33,16459,3,0,45.99,14.49
18630,2014-06-18 17:13:50,16460,1,1,49.99,19.49
18631,2014-06-18 17:13:50,16460,4,0,29.99,9.49
18632,2014-06-18 17:43:54,16461,1,1,49.99,19.49
18633,2014-06-18 17:43:54,16461,4,0,29.99,9.49
18634,2014-06-18 17:56:55,16462,2,1,59.99,22.49
18635,2014-06-18 18:00:20,16463,1,1,49.99,19.49
18636,2014-06-18 19:33:28,16464,1,1,49.99,19.49
18637,2014-06-18 19:51:31,16465,2,1,59.99,22.49
18638,2014-06-18 19:53:30,16466,1,1,49.99,19.49
18639,2014-06-18 19:53:30,16466,4,0,29.99,9.49
18640,2014-06-18 19:53:38,16467,1,1,49.99,19.49
18641,2014-06-18 20:55:40,16468,1,1,49.99,19.49
18642,2014-06-18 21:44:53,16469,2,1,59.99,22.49
18643,2014-06-18 21:44:53,16469,4,0,29.99,9.49
18644,2014-06-18 21:50:03,16470,1,1,49.99,19.49
18645,2014-06-18 22:11:33,16471,1,1,49.99,19.49
18646,2014-06-18 22:11:33,16471,4,0,29.99,9.49
18647,2014-06-18 22:44:22,16472,2,1,59.99,22.49
18648,2014-06-18 23:16:56,16473,2,1,59.99,22.49
18649,2014-06-19 01:31:53,16474,3,1,45.99,14.49
18650,2014-06-19 01:31:53,16474,1,0,49.99,19.49
18651,2014-06-19 03:55:43,16475,1,1,49.99,19.49
18652,2014-06-19 05:08:29,16476,2,1,59.99,22.49
18653,2014-06-19 05:58:43,16477,1,1,49.99,19.49
18654,2014-06-19 05:58:43,16477,3,0,45.99,14.49
18655,2014-06-19 06:29:41,16478,1,1,49.99,19.49
18656,2014-06-19 06:50:36,16479,2,1,59.99,22.49
18657,2014-06-19 06:55:50,16480,3,1,45.99,14.49
18658,2014-06-19 08:28:18,16481,1,1,49.99,19.49
18659,2014-06-19 08:28:18,16481,4,0,29.99,9.49
18660,2014-06-19 08:32:40,16482,1,1,49.99,19.49
18661,2014-06-19 09:20:36,16483,1,1,49.99,19.49
18662,2014-06-19 09:31:03,16484,2,1,59.99,22.49
18663,2014-06-19 09:49:08,16485,1,1,49.99,19.49
18664,2014-06-19 10:36:54,16486,1,1,49.99,19.49
18665,2014-06-19 10:36:54,16486,4,0,29.99,9.49
18666,2014-06-19 10:55:58,16487,3,1,45.99,14.49
18667,2014-06-19 10:59:10,16488,1,1,49.99,19.49
18668,2014-06-19 11:28:12,16489,1,1,49.99,19.49
18669,2014-06-19 11:28:12,16489,4,0,29.99,9.49
18670,2014-06-19 11:35:00,16490,1,1,49.99,19.49
18671,2014-06-19 12:00:52,16491,1,1,49.99,19.49
18672,2014-06-19 12:55:56,16492,1,1,49.99,19.49
18673,2014-06-19 13:00:49,16493,1,1,49.99,19.49
18674,2014-06-19 13:07:58,16494,1,1,49.99,19.49
18675,2014-06-19 13:09:28,16495,1,1,49.99,19.49
18676,2014-06-19 14:11:49,16496,1,1,49.99,19.49
18677,2014-06-19 16:01:36,16497,1,1,49.99,19.49
18678,2014-06-19 16:10:39,16498,1,1,49.99,19.49
18679,2014-06-19 16:10:39,16498,4,0,29.99,9.49
18680,2014-06-19 16:16:43,16499,1,1,49.99,19.49
18681,2014-06-19 16:16:43,16499,2,0,59.99,22.49
18682,2014-06-19 16:38:07,16500,1,1,49.99,19.49
18683,2014-06-19 16:38:07,16500,4,0,29.99,9.49
18684,2014-06-19 16:51:29,16501,1,1,49.99,19.49
18685,2014-06-19 17:04:55,16502,1,1,49.99,19.49
18686,2014-06-19 17:51:51,16503,1,1,49.99,19.49
18687,2014-06-19 17:51:51,16503,4,0,29.99,9.49
18688,2014-06-19 17:59:42,16504,1,1,49.99,19.49
18689,2014-06-19 18:09:02,16505,2,1,59.99,22.49
18690,2014-06-19 18:13:25,16506,3,1,45.99,14.49
18691,2014-06-19 19:00:52,16507,1,1,49.99,19.49
18692,2014-06-19 20:51:31,16508,1,1,49.99,19.49
18693,2014-06-19 21:13:23,16509,1,1,49.99,19.49
18694,2014-06-19 21:47:14,16510,1,1,49.99,19.49
18695,2014-06-19 21:49:57,16511,2,1,59.99,22.49
18696,2014-06-19 21:54:29,16512,1,1,49.99,19.49
18697,2014-06-19 22:12:58,16513,3,1,45.99,14.49
18698,2014-06-19 22:53:41,16514,1,1,49.99,19.49
18699,2014-06-19 23:04:54,16515,1,1,49.99,19.49
18700,2014-06-19 23:11:15,16516,1,1,49.99,19.49
18701,2014-06-19 23:11:15,16516,3,0,45.99,14.49
18702,2014-06-20 04:25:38,16517,1,1,49.99,19.49
18703,2014-06-20 04:52:39,16518,1,1,49.99,19.49
18704,2014-06-20 04:53:33,16519,1,1,49.99,19.49
18705,2014-06-20 05:18:44,16520,1,1,49.99,19.49
18706,2014-06-20 06:46:28,16521,1,1,49.99,19.49
18707,2014-06-20 06:49:14,16522,3,1,45.99,14.49
18708,2014-06-20 06:49:14,16522,2,0,59.99,22.49
18709,2014-06-20 08:27:47,16523,2,1,59.99,22.49
18710,2014-06-20 08:27:47,16523,4,0,29.99,9.49
18711,2014-06-20 10:11:22,16524,2,1,59.99,22.49
18712,2014-06-20 10:32:04,16525,3,1,45.99,14.49
18713,2014-06-20 10:36:56,16526,2,1,59.99,22.49
18714,2014-06-20 10:36:56,16526,4,0,29.99,9.49
18715,2014-06-20 11:00:27,16527,1,1,49.99,19.49
18716,2014-06-20 11:35:09,16528,1,1,49.99,19.49
18717,2014-06-20 11:35:09,16528,4,0,29.99,9.49
18718,2014-06-20 12:37:32,16529,3,1,45.99,14.49
18719,2014-06-20 13:14:47,16530,1,1,49.99,19.49
18720,2014-06-20 13:33:18,16531,1,1,49.99,19.49
18721,2014-06-20 14:11:36,16532,1,1,49.99,19.49
18722,2014-06-20 14:31:54,16533,1,1,49.99,19.49
18723,2014-06-20 14:38:30,16534,1,1,49.99,19.49
18724,2014-06-20 15:06:07,16535,2,1,59.99,22.49
18725,2014-06-20 15:06:07,16535,4,0,29.99,9.49
18726,2014-06-20 15:20:46,16536,1,1,49.99,19.49
18727,2014-06-20 15:46:58,16537,2,1,59.99,22.49
18728,2014-06-20 16:24:01,16538,3,1,45.99,14.49
18729,2014-06-20 16:24:01,16538,4,0,29.99,9.49
18730,2014-06-20 16:25:11,16539,1,1,49.99,19.49
18731,2014-06-20 16:25:11,16539,2,0,59.99,22.49
18732,2014-06-20 16:45:50,16540,1,1,49.99,19.49
18733,2014-06-20 18:44:00,16541,2,1,59.99,22.49
18734,2014-06-20 18:56:21,16542,1,1,49.99,19.49
18735,2014-06-20 20:08:56,16543,1,1,49.99,19.49
18736,2014-06-20 23:35:42,16544,1,1,49.99,19.49
18737,2014-06-21 01:11:46,16545,2,1,59.99,22.49
18738,2014-06-21 01:46:03,16546,1,1,49.99,19.49
18739,2014-06-21 04:56:04,16547,1,1,49.99,19.49
18740,2014-06-21 04:56:04,16547,4,0,29.99,9.49
18741,2014-06-21 07:26:35,16548,1,1,49.99,19.49
18742,2014-06-21 07:35:12,16549,1,1,49.99,19.49
18743,2014-06-21 08:43:36,16550,3,1,45.99,14.49
18744,2014-06-21 11:36:57,16551,1,1,49.99,19.49
18745,2014-06-21 13:09:40,16552,2,1,59.99,22.49
18746,2014-06-21 13:43:07,16553,3,1,45.99,14.49
18747,2014-06-21 13:44:12,16554,3,1,45.99,14.49
18748,2014-06-21 14:26:40,16555,1,1,49.99,19.49
18749,2014-06-21 14:26:40,16555,4,0,29.99,9.49
18750,2014-06-21 14:30:52,16556,1,1,49.99,19.49
18751,2014-06-21 14:30:52,16556,4,0,29.99,9.49
18752,2014-06-21 14:48:19,16557,1,1,49.99,19.49
18753,2014-06-21 16:06:53,16558,1,1,49.99,19.49
18754,2014-06-21 16:26:06,16559,1,1,49.99,19.49
18755,2014-06-21 16:30:19,16560,1,1,49.99,19.49
18756,2014-06-21 17:46:54,16561,2,1,59.99,22.49
18757,2014-06-21 17:46:54,16561,3,0,45.99,14.49
18758,2014-06-21 18:35:26,16562,1,1,49.99,19.49
18759,2014-06-21 19:10:02,16563,1,1,49.99,19.49
18760,2014-06-21 19:10:02,16563,3,0,45.99,14.49
18761,2014-06-21 19:13:17,16564,1,1,49.99,19.49
18762,2014-06-21 20:02:03,16565,1,1,49.99,19.49
18763,2014-06-21 21:43:15,16566,1,1,49.99,19.49
18764,2014-06-21 21:43:15,16566,4,0,29.99,9.49
18765,2014-06-22 00:10:30,16567,1,1,49.99,19.49
18766,2014-06-22 02:08:26,16568,1,1,49.99,19.49
18767,2014-06-22 04:04:10,16569,1,1,49.99,19.49
18768,2014-06-22 08:01:57,16570,3,1,45.99,14.49
18769,2014-06-22 08:11:49,16571,3,1,45.99,14.49
18770,2014-06-22 08:11:49,16571,4,0,29.99,9.49
18771,2014-06-22 08:16:55,16572,1,1,49.99,19.49
18772,2014-06-22 08:35:19,16573,1,1,49.99,19.49
18773,2014-06-22 08:35:19,16573,4,0,29.99,9.49
18774,2014-06-22 10:02:47,16574,1,1,49.99,19.49
18775,2014-06-22 10:06:59,16575,3,1,45.99,14.49
18776,2014-06-22 10:20:24,16576,1,1,49.99,19.49
18777,2014-06-22 11:49:16,16577,1,1,49.99,19.49
18778,2014-06-22 11:49:16,16577,4,0,29.99,9.49
18779,2014-06-22 12:06:32,16578,1,1,49.99,19.49
18780,2014-06-22 13:12:32,16579,1,1,49.99,19.49
18781,2014-06-22 13:12:32,16579,3,0,45.99,14.49
18782,2014-06-22 13:17:44,16580,1,1,49.99,19.49
18783,2014-06-22 15:39:11,16581,1,1,49.99,19.49
18784,2014-06-22 15:39:11,16581,3,0,45.99,14.49
18785,2014-06-22 16:44:35,16582,2,1,59.99,22.49
18786,2014-06-22 16:44:35,16582,3,0,45.99,14.49
18787,2014-06-22 16:46:26,16583,1,1,49.99,19.49
18788,2014-06-22 17:45:52,16584,1,1,49.99,19.49
18789,2014-06-22 17:50:59,16585,1,1,49.99,19.49
18790,2014-06-22 19:13:12,16586,3,1,45.99,14.49
18791,2014-06-22 19:28:15,16587,3,1,45.99,14.49
18792,2014-06-22 19:28:15,16587,4,0,29.99,9.49
18793,2014-06-22 19:36:37,16588,2,1,59.99,22.49
18794,2014-06-22 19:36:37,16588,4,0,29.99,9.49
18795,2014-06-22 19:47:42,16589,1,1,49.99,19.49
18796,2014-06-22 20:03:47,16590,1,1,49.99,19.49
18797,2014-06-22 20:22:09,16591,1,1,49.99,19.49
18798,2014-06-22 21:00:01,16592,2,1,59.99,22.49
18799,2014-06-22 21:00:01,16592,4,0,29.99,9.49
18800,2014-06-22 21:02:35,16593,1,1,49.99,19.49
18801,2014-06-22 21:46:42,16594,1,1,49.99,19.49
18802,2014-06-22 21:47:33,16595,3,1,45.99,14.49
18803,2014-06-22 21:47:33,16595,4,0,29.99,9.49
18804,2014-06-22 23:03:00,16596,3,1,45.99,14.49
18805,2014-06-22 23:34:24,16597,2,1,59.99,22.49
18806,2014-06-22 23:34:24,16597,1,0,49.99,19.49
18807,2014-06-22 23:56:27,16598,1,1,49.99,19.49
18808,2014-06-23 00:39:56,16599,1,1,49.99,19.49
18809,2014-06-23 01:24:39,16600,1,1,49.99,19.49
18810,2014-06-23 02:26:11,16601,1,1,49.99,19.49
18811,2014-06-23 02:26:11,16601,3,0,45.99,14.49
18812,2014-06-23 03:25:16,16602,2,1,59.99,22.49
18813,2014-06-23 04:46:49,16603,2,1,59.99,22.49
18814,2014-06-23 04:46:49,16603,4,0,29.99,9.49
18815,2014-06-23 06:00:56,16604,3,1,45.99,14.49
18816,2014-06-23 06:17:12,16605,1,1,49.99,19.49
18817,2014-06-23 06:17:12,16605,4,0,29.99,9.49
18818,2014-06-23 08:48:36,16606,1,1,49.99,19.49
18819,2014-06-23 08:50:17,16607,1,1,49.99,19.49
18820,2014-06-23 09:17:55,16608,2,1,59.99,22.49
18821,2014-06-23 09:39:48,16609,1,1,49.99,19.49
18822,2014-06-23 09:53:09,16610,1,1,49.99,19.49
18823,2014-06-23 10:08:28,16611,1,1,49.99,19.49
18824,2014-06-23 10:08:42,16612,1,1,49.99,19.49
18825,2014-06-23 10:10:37,16613,1,1,49.99,19.49
18826,2014-06-23 10:10:37,16613,2,0,59.99,22.49
18827,2014-06-23 10:39:23,16614,1,1,49.99,19.49
18828,2014-06-23 10:48:56,16615,1,1,49.99,19.49
18829,2014-06-23 10:48:56,16615,2,0,59.99,22.49
18830,2014-06-23 11:22:22,16616,1,1,49.99,19.49
18831,2014-06-23 11:22:22,16616,4,0,29.99,9.49
18832,2014-06-23 11:50:27,16617,1,1,49.99,19.49
18833,2014-06-23 12:30:20,16618,1,1,49.99,19.49
18834,2014-06-23 13:14:47,16619,2,1,59.99,22.49
18835,2014-06-23 13:33:40,16620,1,1,49.99,19.49
18836,2014-06-23 13:36:51,16621,1,1,49.99,19.49
18837,2014-06-23 13:49:31,16622,1,1,49.99,19.49
18838,2014-06-23 13:49:31,16622,4,0,29.99,9.49
18839,2014-06-23 13:50:30,16623,1,1,49.99,19.49
18840,2014-06-23 14:18:56,16624,2,1,59.99,22.49
18841,2014-06-23 14:26:26,16625,1,1,49.99,19.49
18842,2014-06-23 14:26:26,16625,4,0,29.99,9.49
18843,2014-06-23 14:43:14,16626,1,1,49.99,19.49
18844,2014-06-23 14:43:14,16626,4,0,29.99,9.49
18845,2014-06-23 15:12:04,16627,1,1,49.99,19.49
18846,2014-06-23 15:20:36,16628,1,1,49.99,19.49
18847,2014-06-23 15:20:36,16628,3,0,45.99,14.49
18848,2014-06-23 15:32:33,16629,1,1,49.99,19.49
18849,2014-06-23 16:22:30,16630,1,1,49.99,19.49
18850,2014-06-23 16:22:30,16630,4,0,29.99,9.49
18851,2014-06-23 16:36:00,16631,3,1,45.99,14.49
18852,2014-06-23 17:23:40,16632,1,1,49.99,19.49
18853,2014-06-23 17:23:40,16632,4,0,29.99,9.49
18854,2014-06-23 17:51:30,16633,1,1,49.99,19.49
18855,2014-06-23 18:07:28,16634,1,1,49.99,19.49
18856,2014-06-23 18:49:00,16635,1,1,49.99,19.49
18857,2014-06-23 19:02:22,16636,1,1,49.99,19.49
18858,2014-06-23 19:57:42,16637,1,1,49.99,19.49
18859,2014-06-23 20:17:48,16638,3,1,45.99,14.49
18860,2014-06-23 21:22:21,16639,1,1,49.99,19.49
18861,2014-06-23 21:46:25,16640,1,1,49.99,19.49
18862,2014-06-23 21:46:25,16640,3,0,45.99,14.49
18863,2014-06-23 21:58:31,16641,1,1,49.99,19.49
18864,2014-06-23 22:36:36,16642,1,1,49.99,19.49
18865,2014-06-23 22:36:36,16642,4,0,29.99,9.49
18866,2014-06-23 23:37:31,16643,1,1,49.99,19.49
18867,2014-06-23 23:37:31,16643,2,0,59.99,22.49
18868,2014-06-23 23:38:12,16644,1,1,49.99,19.49
18869,2014-06-24 00:03:02,16645,3,1,45.99,14.49
18870,2014-06-24 02:45:52,16646,3,1,45.99,14.49
18871,2014-06-24 03:02:20,16647,1,1,49.99,19.49
18872,2014-06-24 04:18:38,16648,1,1,49.99,19.49
18873,2014-06-24 04:18:38,16648,2,0,59.99,22.49
18874,2014-06-24 05:18:50,16649,3,1,45.99,14.49
18875,2014-06-24 05:18:50,16649,1,0,49.99,19.49
18876,2014-06-24 05:40:44,16650,1,1,49.99,19.49
18877,2014-06-24 06:48:43,16651,1,1,49.99,19.49
18878,2014-06-24 07:31:27,16652,1,1,49.99,19.49
18879,2014-06-24 09:31:01,16653,1,1,49.99,19.49
18880,2014-06-24 09:37:37,16654,1,1,49.99,19.49
18881,2014-06-24 09:47:35,16655,2,1,59.99,22.49
18882,2014-06-24 09:47:46,16656,2,1,59.99,22.49
18883,2014-06-24 09:47:46,16656,1,0,49.99,19.49
18884,2014-06-24 09:56:12,16657,1,1,49.99,19.49
18885,2014-06-24 09:56:12,16657,4,0,29.99,9.49
18886,2014-06-24 10:13:14,16658,1,1,49.99,19.49
18887,2014-06-24 10:13:14,16658,3,0,45.99,14.49
18888,2014-06-24 10:15:07,16659,1,1,49.99,19.49
18889,2014-06-24 10:52:53,16660,1,1,49.99,19.49
18890,2014-06-24 11:11:30,16661,1,1,49.99,19.49
18891,2014-06-24 11:20:33,16662,1,1,49.99,19.49
18892,2014-06-24 11:22:19,16663,1,1,49.99,19.49
18893,2014-06-24 12:11:00,16664,1,1,49.99,19.49
18894,2014-06-24 12:14:27,16665,2,1,59.99,22.49
18895,2014-06-24 12:24:12,16666,1,1,49.99,19.49
18896,2014-06-24 12:24:12,16666,3,0,45.99,14.49
18897,2014-06-24 12:25:56,16667,1,1,49.99,19.49
18898,2014-06-24 12:25:56,16667,2,0,59.99,22.49
18899,2014-06-24 12:48:56,16668,1,1,49.99,19.49
18900,2014-06-24 13:10:53,16669,1,1,49.99,19.49
18901,2014-06-24 13:26:09,16670,1,1,49.99,19.49
18902,2014-06-24 14:18:18,16671,1,1,49.99,19.49
18903,2014-06-24 14:18:18,16671,3,0,45.99,14.49
18904,2014-06-24 14:27:32,16672,2,1,59.99,22.49
18905,2014-06-24 14:30:06,16673,2,1,59.99,22.49
18906,2014-06-24 14:30:06,16673,4,0,29.99,9.49
18907,2014-06-24 14:35:59,16674,1,1,49.99,19.49
18908,2014-06-24 14:35:59,16674,3,0,45.99,14.49
18909,2014-06-24 14:36:18,16675,1,1,49.99,19.49
18910,2014-06-24 14:36:18,16675,2,0,59.99,22.49
18911,2014-06-24 14:55:05,16676,2,1,59.99,22.49
18912,2014-06-24 15:13:20,16677,1,1,49.99,19.49
18913,2014-06-24 16:00:53,16678,1,1,49.99,19.49
18914,2014-06-24 16:00:53,16678,2,0,59.99,22.49
18915,2014-06-24 16:24:59,16679,1,1,49.99,19.49
18916,2014-06-24 16:32:44,16680,1,1,49.99,19.49
18917,2014-06-24 16:32:44,16680,4,0,29.99,9.49
18918,2014-06-24 16:35:44,16681,1,1,49.99,19.49
18919,2014-06-24 16:35:44,16681,3,0,45.99,14.49
18920,2014-06-24 16:56:57,16682,2,1,59.99,22.49
18921,2014-06-24 17:05:07,16683,1,1,49.99,19.49
18922,2014-06-24 17:12:38,16684,3,1,45.99,14.49
18923,2014-06-24 17:12:38,16684,1,0,49.99,19.49
18924,2014-06-24 17:42:00,16685,1,1,49.99,19.49
18925,2014-06-24 17:54:07,16686,1,1,49.99,19.49
18926,2014-06-24 17:54:07,16686,4,0,29.99,9.49
18927,2014-06-24 18:00:06,16687,2,1,59.99,22.49
18928,2014-06-24 18:27:19,16688,1,1,49.99,19.49
18929,2014-06-24 18:49:13,16689,1,1,49.99,19.49
18930,2014-06-24 18:49:13,16689,3,0,45.99,14.49
18931,2014-06-24 18:55:15,16690,1,1,49.99,19.49
18932,2014-06-24 18:55:15,16690,3,0,45.99,14.49
18933,2014-06-24 20:01:53,16691,3,1,45.99,14.49
18934,2014-06-24 20:01:53,16691,4,0,29.99,9.49
18935,2014-06-24 21:10:22,16692,1,1,49.99,19.49
18936,2014-06-24 21:10:22,16692,2,0,59.99,22.49
18937,2014-06-24 21:13:47,16693,1,1,49.99,19.49
18938,2014-06-24 21:13:47,16693,4,0,29.99,9.49
18939,2014-06-25 01:47:23,16694,1,1,49.99,19.49
18940,2014-06-25 01:47:23,16694,4,0,29.99,9.49
18941,2014-06-25 02:23:25,16695,1,1,49.99,19.49
18942,2014-06-25 02:23:25,16695,4,0,29.99,9.49
18943,2014-06-25 02:35:27,16696,1,1,49.99,19.49
18944,2014-06-25 03:45:34,16697,1,1,49.99,19.49
18945,2014-06-25 05:06:11,16698,1,1,49.99,19.49
18946,2014-06-25 05:06:11,16698,3,0,45.99,14.49
18947,2014-06-25 08:51:27,16699,1,1,49.99,19.49
18948,2014-06-25 09:53:55,16700,3,1,45.99,14.49
18949,2014-06-25 09:53:55,16700,2,0,59.99,22.49
18950,2014-06-25 10:33:47,16701,1,1,49.99,19.49
18951,2014-06-25 10:35:41,16702,2,1,59.99,22.49
18952,2014-06-25 11:14:37,16703,1,1,49.99,19.49
18953,2014-06-25 11:14:37,16703,4,0,29.99,9.49
18954,2014-06-25 11:55:22,16704,1,1,49.99,19.49
18955,2014-06-25 11:55:22,16704,4,0,29.99,9.49
18956,2014-06-25 12:06:50,16705,1,1,49.99,19.49
18957,2014-06-25 12:11:15,16706,1,1,49.99,19.49
18958,2014-06-25 13:07:07,16707,3,1,45.99,14.49
18959,2014-06-25 13:08:50,16708,2,1,59.99,22.49
18960,2014-06-25 13:19:28,16709,1,1,49.99,19.49
18961,2014-06-25 13:24:48,16710,2,1,59.99,22.49
18962,2014-06-25 13:34:27,16711,1,1,49.99,19.49
18963,2014-06-25 13:55:21,16712,1,1,49.99,19.49
18964,2014-06-25 14:57:39,16713,1,1,49.99,19.49
18965,2014-06-25 15:09:44,16714,1,1,49.99,19.49
18966,2014-06-25 15:33:47,16715,1,1,49.99,19.49
18967,2014-06-25 15:33:47,16715,4,0,29.99,9.49
18968,2014-06-25 16:17:24,16716,1,1,49.99,19.49
18969,2014-06-25 16:17:24,16716,4,0,29.99,9.49
18970,2014-06-25 16:25:27,16717,2,1,59.99,22.49
18971,2014-06-25 16:28:11,16718,3,1,45.99,14.49
18972,2014-06-25 16:33:30,16719,1,1,49.99,19.49
18973,2014-06-25 17:09:58,16720,2,1,59.99,22.49
18974,2014-06-25 17:31:26,16721,2,1,59.99,22.49
18975,2014-06-25 17:36:30,16722,1,1,49.99,19.49
18976,2014-06-25 17:55:04,16723,2,1,59.99,22.49
18977,2014-06-25 18:06:04,16724,1,1,49.99,19.49
18978,2014-06-25 18:13:54,16725,2,1,59.99,22.49
18979,2014-06-25 18:44:01,16726,1,1,49.99,19.49
18980,2014-06-25 18:59:02,16727,1,1,49.99,19.49
18981,2014-06-25 19:55:00,16728,1,1,49.99,19.49
18982,2014-06-25 19:55:00,16728,4,0,29.99,9.49
18983,2014-06-25 20:45:02,16729,1,1,49.99,19.49
18984,2014-06-25 21:13:48,16730,1,1,49.99,19.49
18985,2014-06-25 21:57:33,16731,1,1,49.99,19.49
18986,2014-06-25 21:57:33,16731,3,0,45.99,14.49
18987,2014-06-25 22:09:01,16732,1,1,49.99,19.49
18988,2014-06-25 22:18:37,16733,1,1,49.99,19.49
18989,2014-06-25 22:32:01,16734,1,1,49.99,19.49
18990,2014-06-25 22:52:12,16735,1,1,49.99,19.49
18991,2014-06-25 23:04:25,16736,1,1,49.99,19.49
18992,2014-06-25 23:05:48,16737,1,1,49.99,19.49
18993,2014-06-25 23:44:50,16738,1,1,49.99,19.49
18994,2014-06-25 23:44:50,16738,3,0,45.99,14.49
18995,2014-06-26 00:08:46,16739,2,1,59.99,22.49
18996,2014-06-26 00:15:19,16740,1,1,49.99,19.49
18997,2014-06-26 00:43:24,16741,1,1,49.99,19.49
18998,2014-06-26 00:43:24,16741,3,0,45.99,14.49
18999,2014-06-26 00:51:39,16742,3,1,45.99,14.49
19000,2014-06-26 03:16:09,16743,1,1,49.99,19.49
19001,2014-06-26 03:16:09,16743,2,0,59.99,22.49
19002,2014-06-26 05:44:20,16744,2,1,59.99,22.49
19003,2014-06-26 05:44:20,16744,4,0,29.99,9.49
19004,2014-06-26 06:06:58,16745,1,1,49.99,19.49
19005,2014-06-26 06:06:58,16745,2,0,59.99,22.49
19006,2014-06-26 07:36:23,16746,1,1,49.99,19.49
19007,2014-06-26 08:17:59,16747,1,1,49.99,19.49
19008,2014-06-26 08:17:59,16747,4,0,29.99,9.49
19009,2014-06-26 08:20:26,16748,3,1,45.99,14.49
19010,2014-06-26 08:25:54,16749,2,1,59.99,22.49
19011,2014-06-26 08:37:43,16750,3,1,45.99,14.49
19012,2014-06-26 09:22:30,16751,2,1,59.99,22.49
19013,2014-06-26 09:32:09,16752,1,1,49.99,19.49
19014,2014-06-26 10:25:09,16753,1,1,49.99,19.49
19015,2014-06-26 10:36:50,16754,3,1,45.99,14.49
19016,2014-06-26 10:43:12,16755,1,1,49.99,19.49
19017,2014-06-26 10:43:12,16755,4,0,29.99,9.49
19018,2014-06-26 11:51:28,16756,3,1,45.99,14.49
19019,2014-06-26 11:51:28,16756,4,0,29.99,9.49
19020,2014-06-26 11:58:10,16757,3,1,45.99,14.49
19021,2014-06-26 12:09:00,16758,1,1,49.99,19.49
19022,2014-06-26 12:09:00,16758,3,0,45.99,14.49
19023,2014-06-26 12:26:08,16759,2,1,59.99,22.49
19024,2014-06-26 12:36:08,16760,3,1,45.99,14.49
19025,2014-06-26 12:46:59,16761,1,1,49.99,19.49
19026,2014-06-26 13:24:50,16762,3,1,45.99,14.49
19027,2014-06-26 13:41:36,16763,1,1,49.99,19.49
19028,2014-06-26 13:41:36,16763,2,0,59.99,22.49
19029,2014-06-26 14:01:05,16764,1,1,49.99,19.49
19030,2014-06-26 14:01:05,16764,4,0,29.99,9.49
19031,2014-06-26 14:04:25,16765,2,1,59.99,22.49
19032,2014-06-26 14:40:44,16766,3,1,45.99,14.49
19033,2014-06-26 15:21:36,16767,1,1,49.99,19.49
19034,2014-06-26 15:57:21,16768,1,1,49.99,19.49
19035,2014-06-26 16:02:33,16769,2,1,59.99,22.49
19036,2014-06-26 16:02:33,16769,4,0,29.99,9.49
19037,2014-06-26 16:11:12,16770,1,1,49.99,19.49
19038,2014-06-26 16:11:12,16770,2,0,59.99,22.49
19039,2014-06-26 16:18:59,16771,1,1,49.99,19.49
19040,2014-06-26 16:25:15,16772,1,1,49.99,19.49
19041,2014-06-26 16:32:01,16773,1,1,49.99,19.49
19042,2014-06-26 16:44:30,16774,1,1,49.99,19.49
19043,2014-06-26 17:02:13,16775,1,1,49.99,19.49
19044,2014-06-26 17:21:16,16776,1,1,49.99,19.49
19045,2014-06-26 17:33:05,16777,1,1,49.99,19.49
19046,2014-06-26 17:33:05,16777,3,0,45.99,14.49
19047,2014-06-26 17:38:45,16778,1,1,49.99,19.49
19048,2014-06-26 17:38:45,16778,3,0,45.99,14.49
19049,2014-06-26 17:44:17,16779,1,1,49.99,19.49
19050,2014-06-26 17:44:17,16779,4,0,29.99,9.49
19051,2014-06-26 17:45:52,16780,2,1,59.99,22.49
19052,2014-06-26 17:49:14,16781,1,1,49.99,19.49
19053,2014-06-26 17:49:14,16781,4,0,29.99,9.49
19054,2014-06-26 18:08:51,16782,3,1,45.99,14.49
19055,2014-06-26 18:16:19,16783,1,1,49.99,19.49
19056,2014-06-26 18:16:19,16783,3,0,45.99,14.49
19057,2014-06-26 18:19:26,16784,1,1,49.99,19.49
19058,2014-06-26 18:19:26,16784,2,0,59.99,22.49
19059,2014-06-26 18:39:45,16785,1,1,49.99,19.49
19060,2014-06-26 19:35:32,16786,1,1,49.99,19.49
19061,2014-06-26 19:35:32,16786,4,0,29.99,9.49
19062,2014-06-26 19:49:01,16787,3,1,45.99,14.49
19063,2014-06-26 19:49:01,16787,4,0,29.99,9.49
19064,2014-06-26 21:17:56,16788,2,1,59.99,22.49
19065,2014-06-26 21:19:10,16789,1,1,49.99,19.49
19066,2014-06-26 21:19:10,16789,4,0,29.99,9.49
19067,2014-06-26 21:21:45,16790,1,1,49.99,19.49
19068,2014-06-26 22:18:00,16791,1,1,49.99,19.49
19069,2014-06-26 22:18:00,16791,4,0,29.99,9.49
19070,2014-06-26 22:33:45,16792,1,1,49.99,19.49
19071,2014-06-26 22:33:45,16792,4,0,29.99,9.49
19072,2014-06-26 22:42:18,16793,3,1,45.99,14.49
19073,2014-06-26 23:04:19,16794,1,1,49.99,19.49
19074,2014-06-26 23:15:50,16795,1,1,49.99,19.49
19075,2014-06-26 23:18:40,16796,2,1,59.99,22.49
19076,2014-06-26 23:18:40,16796,4,0,29.99,9.49
19077,2014-06-26 23:57:43,16797,1,1,49.99,19.49
19078,2014-06-27 00:49:06,16798,1,1,49.99,19.49
19079,2014-06-27 02:22:57,16799,3,1,45.99,14.49
19080,2014-06-27 02:22:57,16799,2,0,59.99,22.49
19081,2014-06-27 02:56:52,16800,1,1,49.99,19.49
19082,2014-06-27 02:56:52,16800,4,0,29.99,9.49
19083,2014-06-27 03:50:44,16801,1,1,49.99,19.49
19084,2014-06-27 06:22:33,16802,2,1,59.99,22.49
19085,2014-06-27 06:43:48,16803,1,1,49.99,19.49
19086,2014-06-27 06:47:17,16804,1,1,49.99,19.49
19087,2014-06-27 06:47:17,16804,2,0,59.99,22.49
19088,2014-06-27 07:18:53,16805,1,1,49.99,19.49
19089,2014-06-27 07:18:53,16805,4,0,29.99,9.49
19090,2014-06-27 08:15:28,16806,1,1,49.99,19.49
19091,2014-06-27 08:57:22,16807,1,1,49.99,19.49
19092,2014-06-27 08:57:22,16807,3,0,45.99,14.49
19093,2014-06-27 08:59:19,16808,3,1,45.99,14.49
19094,2014-06-27 08:59:19,16808,4,0,29.99,9.49
19095,2014-06-27 09:35:19,16809,3,1,45.99,14.49
19096,2014-06-27 09:51:50,16810,2,1,59.99,22.49
19097,2014-06-27 10:13:02,16811,2,1,59.99,22.49
19098,2014-06-27 10:16:31,16812,3,1,45.99,14.49
19099,2014-06-27 10:34:50,16813,3,1,45.99,14.49
19100,2014-06-27 10:38:33,16814,1,1,49.99,19.49
19101,2014-06-27 10:38:33,16814,3,0,45.99,14.49
19102,2014-06-27 10:42:34,16815,2,1,59.99,22.49
19103,2014-06-27 10:44:31,16816,1,1,49.99,19.49
19104,2014-06-27 10:44:31,16816,4,0,29.99,9.49
19105,2014-06-27 10:47:47,16817,1,1,49.99,19.49
19106,2014-06-27 10:47:47,16817,4,0,29.99,9.49
19107,2014-06-27 11:27:22,16818,3,1,45.99,14.49
19108,2014-06-27 11:41:26,16819,1,1,49.99,19.49
19109,2014-06-27 11:41:26,16819,4,0,29.99,9.49
19110,2014-06-27 11:53:53,16820,2,1,59.99,22.49
19111,2014-06-27 11:53:53,16820,4,0,29.99,9.49
19112,2014-06-27 12:31:24,16821,1,1,49.99,19.49
19113,2014-06-27 13:04:53,16822,2,1,59.99,22.49
19114,2014-06-27 13:04:53,16822,4,0,29.99,9.49
19115,2014-06-27 13:53:16,16823,1,1,49.99,19.49
19116,2014-06-27 13:53:16,16823,3,0,45.99,14.49
19117,2014-06-27 14:14:43,16824,1,1,49.99,19.49
19118,2014-06-27 14:14:43,16824,3,0,45.99,14.49
19119,2014-06-27 14:32:50,16825,1,1,49.99,19.49
19120,2014-06-27 14:32:50,16825,4,0,29.99,9.49
19121,2014-06-27 14:51:25,16826,1,1,49.99,19.49
19122,2014-06-27 14:51:25,16826,4,0,29.99,9.49
19123,2014-06-27 14:59:10,16827,1,1,49.99,19.49
19124,2014-06-27 15:11:13,16828,3,1,45.99,14.49
19125,2014-06-27 15:23:58,16829,1,1,49.99,19.49
19126,2014-06-27 15:23:58,16829,4,0,29.99,9.49
19127,2014-06-27 15:28:00,16830,1,1,49.99,19.49
19128,2014-06-27 15:28:00,16830,2,0,59.99,22.49
19129,2014-06-27 16:47:50,16831,1,1,49.99,19.49
19130,2014-06-27 16:47:50,16831,4,0,29.99,9.49
19131,2014-06-27 17:04:03,16832,1,1,49.99,19.49
19132,2014-06-27 17:04:03,16832,4,0,29.99,9.49
19133,2014-06-27 17:22:57,16833,1,1,49.99,19.49
19134,2014-06-27 17:26:58,16834,2,1,59.99,22.49
19135,2014-06-27 17:26:58,16834,4,0,29.99,9.49
19136,2014-06-27 17:56:21,16835,1,1,49.99,19.49
19137,2014-06-27 17:56:21,16835,3,0,45.99,14.49
19138,2014-06-27 18:40:30,16836,3,1,45.99,14.49
19139,2014-06-27 19:53:52,16837,3,1,45.99,14.49
19140,2014-06-27 20:28:02,16838,1,1,49.99,19.49
19141,2014-06-27 21:14:26,16839,2,1,59.99,22.49
19142,2014-06-27 21:25:04,16840,1,1,49.99,19.49
19143,2014-06-27 21:57:32,16841,1,1,49.99,19.49
19144,2014-06-27 22:12:23,16842,2,1,59.99,22.49
19145,2014-06-27 22:12:23,16842,4,0,29.99,9.49
19146,2014-06-27 22:53:23,16843,2,1,59.99,22.49
19147,2014-06-27 23:03:34,16844,1,1,49.99,19.49
19148,2014-06-27 23:54:06,16845,2,1,59.99,22.49
19149,2014-06-28 01:01:55,16846,3,1,45.99,14.49
19150,2014-06-28 03:03:02,16847,2,1,59.99,22.49
19151,2014-06-28 03:03:02,16847,4,0,29.99,9.49
19152,2014-06-28 06:20:18,16848,1,1,49.99,19.49
19153,2014-06-28 06:20:18,16848,3,0,45.99,14.49
19154,2014-06-28 06:50:55,16849,3,1,45.99,14.49
19155,2014-06-28 06:54:56,16850,2,1,59.99,22.49
19156,2014-06-28 09:23:49,16851,1,1,49.99,19.49
19157,2014-06-28 09:33:56,16852,3,1,45.99,14.49
19158,2014-06-28 09:33:56,16852,4,0,29.99,9.49
19159,2014-06-28 10:04:57,16853,3,1,45.99,14.49
19160,2014-06-28 10:04:57,16853,1,0,49.99,19.49
19161,2014-06-28 10:32:32,16854,1,1,49.99,19.49
19162,2014-06-28 11:02:29,16855,1,1,49.99,19.49
19163,2014-06-28 11:25:22,16856,1,1,49.99,19.49
19164,2014-06-28 11:32:32,16857,3,1,45.99,14.49
19165,2014-06-28 11:32:32,16857,4,0,29.99,9.49
19166,2014-06-28 11:55:21,16858,1,1,49.99,19.49
19167,2014-06-28 11:55:21,16858,2,0,59.99,22.49
19168,2014-06-28 12:01:47,16859,1,1,49.99,19.49
19169,2014-06-28 12:01:47,16859,3,0,45.99,14.49
19170,2014-06-28 12:23:00,16860,1,1,49.99,19.49
19171,2014-06-28 12:23:00,16860,4,0,29.99,9.49
19172,2014-06-28 12:23:19,16861,1,1,49.99,19.49
19173,2014-06-28 12:23:19,16861,4,0,29.99,9.49
19174,2014-06-28 12:35:29,16862,1,1,49.99,19.49
19175,2014-06-28 12:40:06,16863,1,1,49.99,19.49
19176,2014-06-28 12:43:50,16864,1,1,49.99,19.49
19177,2014-06-28 14:05:11,16865,1,1,49.99,19.49
19178,2014-06-28 14:33:58,16866,1,1,49.99,19.49
19179,2014-06-28 14:47:26,16867,1,1,49.99,19.49
19180,2014-06-28 14:47:26,16867,3,0,45.99,14.49
19181,2014-06-28 15:31:30,16868,3,1,45.99,14.49
19182,2014-06-28 15:31:30,16868,2,0,59.99,22.49
19183,2014-06-28 17:07:58,16869,1,1,49.99,19.49
19184,2014-06-28 17:07:58,16869,4,0,29.99,9.49
19185,2014-06-28 17:09:11,16870,1,1,49.99,19.49
19186,2014-06-28 18:01:38,16871,1,1,49.99,19.49
19187,2014-06-28 18:01:38,16871,4,0,29.99,9.49
19188,2014-06-28 18:08:06,16872,1,1,49.99,19.49
19189,2014-06-28 18:52:22,16873,3,1,45.99,14.49
19190,2014-06-28 18:52:22,16873,4,0,29.99,9.49
19191,2014-06-28 19:08:25,16874,3,1,45.99,14.49
19192,2014-06-28 19:08:25,16874,4,0,29.99,9.49
19193,2014-06-28 20:00:37,16875,1,1,49.99,19.49
19194,2014-06-28 20:43:50,16876,1,1,49.99,19.49
19195,2014-06-28 21:29:01,16877,1,1,49.99,19.49
19196,2014-06-28 23:28:44,16878,2,1,59.99,22.49
19197,2014-06-28 23:28:44,16878,3,0,45.99,14.49
19198,2014-06-28 23:35:17,16879,1,1,49.99,19.49
19199,2014-06-28 23:35:17,16879,4,0,29.99,9.49
19200,2014-06-28 23:58:13,16880,1,1,49.99,19.49
19201,2014-06-28 23:58:13,16880,4,0,29.99,9.49
19202,2014-06-29 00:54:17,16881,1,1,49.99,19.49
19203,2014-06-29 01:33:55,16882,3,1,45.99,14.49
19204,2014-06-29 03:33:06,16883,1,1,49.99,19.49
19205,2014-06-29 05:11:11,16884,1,1,49.99,19.49
19206,2014-06-29 06:34:30,16885,3,1,45.99,14.49
19207,2014-06-29 11:13:14,16886,1,1,49.99,19.49
19208,2014-06-29 11:32:07,16887,2,1,59.99,22.49
19209,2014-06-29 13:19:32,16888,1,1,49.99,19.49
19210,2014-06-29 13:19:32,16888,3,0,45.99,14.49
19211,2014-06-29 13:50:19,16889,2,1,59.99,22.49
19212,2014-06-29 14:55:26,16890,1,1,49.99,19.49
19213,2014-06-29 14:55:26,16890,4,0,29.99,9.49
19214,2014-06-29 15:02:57,16891,1,1,49.99,19.49
19215,2014-06-29 16:06:42,16892,1,1,49.99,19.49
19216,2014-06-29 17:51:20,16893,1,1,49.99,19.49
19217,2014-06-29 20:46:04,16894,3,1,45.99,14.49
19218,2014-06-29 20:46:04,16894,2,0,59.99,22.49
19219,2014-06-29 22:10:40,16895,1,1,49.99,19.49
19220,2014-06-29 23:06:50,16896,1,1,49.99,19.49
19221,2014-06-29 23:06:50,16896,4,0,29.99,9.49
19222,2014-06-29 23:21:23,16897,1,1,49.99,19.49
19223,2014-06-29 23:21:23,16897,4,0,29.99,9.49
19224,2014-06-30 00:00:02,16898,2,1,59.99,22.49
19225,2014-06-30 00:00:02,16898,4,0,29.99,9.49
