order_id,created_at,website_session_id,user_id,primary_product_id,items_purchased,price_usd,cogs_usd
10034,2014-01-01 00:46:30,175255,124354,1,1,49.99,19.49
10035,2014-01-01 02:17:23,175268,138766,1,1,49.99,19.49
10036,2014-01-01 03:22:54,175279,152849,2,1,59.99,22.49
10037,2014-01-01 05:20:50,175292,152860,1,1,49.99,19.49
10038,2014-01-01 07:06:48,175306,152869,3,1,45.99,14.49
10039,2014-01-01 07:28:40,175311,152874,1,1,49.99,19.49
10040,2014-01-01 08:03:54,175320,143338,2,1,59.99,22.49
10041,2014-01-01 08:13:21,175323,151185,3,1,45.99,14.49
10042,2014-01-01 08:28:42,175327,152885,1,1,49.99,19.49
10043,2014-01-01 09:31:20,175342,152896,1,1,49.99,19.49
10044,2014-01-01 09:57:43,175353,152905,1,1,49.99,19.49
10045,2014-01-01 10:10:14,175359,152911,1,1,49.99,19.49
10046,2014-01-01 10:27:32,175368,138460,1,1,49.99,19.49
10047,2014-01-01 10:27:45,175367,152917,1,1,49.99,19.49
10048,2014-01-01 10:38:39,175379,152925,1,1,49.99,19.49
10049,2014-01-01 10:40:10,175383,152929,1,1,49.99,19.49
10050,2014-01-01 11:41:28,175422,152960,1,1,49.99,19.49
10051,2014-01-01 11:48:06,175434,152971,3,2,95.98,33.98
10052,2014-01-01 12:51:33,175475,141741,1,1,49.99,19.49
10053,2014-01-01 13:00:59,175483,153003,1,1,49.99,19.49
10054,2014-01-01 13:02:21,175479,131029,2,1,59.99,22.49
10055,2014-01-01 14:50:02,175529,153042,1,2,95.98,33.98
10056,2014-01-01 15:28:49,175546,150369,1,2,95.98,33.98
10057,2014-01-01 15:30:05,175554,153062,2,1,59.99,22.49
10058,2014-01-01 15:40:42,175558,153065,2,1,59.99,22.49
10059,2014-01-01 15:51:00,175560,140133,1,2,109.98,41.98
10060,2014-01-01 16:05:52,175566,153069,1,1,49.99,19.49
10061,2014-01-01 16:26:09,175581,126960,2,1,59.99,22.49
10062,2014-01-01 17:39:45,175616,130678,1,1,49.99,19.49
10063,2014-01-01 18:12:11,175622,153110,1,1,49.99,19.49
10064,2014-01-01 19:00:05,175639,153121,1,2,95.98,33.98
10065,2014-01-01 19:05:10,175638,153120,1,1,49.99,19.49
10066,2014-01-01 19:16:36,175641,153123,3,1,45.99,14.49
10067,2014-01-01 20:52:12,175674,153145,1,1,49.99,19.49
10068,2014-01-01 21:08:38,175683,153151,1,1,49.99,19.49
10069,2014-01-01 21:34:47,175694,153161,1,1,49.99,19.49
10070,2014-01-01 22:52:12,175719,153183,1,1,49.99,19.49
10071,2014-01-01 23:21:46,175728,153192,1,1,49.99,19.49
10072,2014-01-01 23:24:56,175732,153195,2,1,59.99,22.49
10073,2014-01-01 23:35:42,175735,153198,1,1,49.99,19.49
10074,2014-01-02 03:28:05,175782,153237,3,1,45.99,14.49
10075,2014-01-02 06:16:23,175802,153253,1,1,49.99,19.49
10076,2014-01-02 07:26:35,175812,153262,1,1,49.99,19.49
10077,2014-01-02 08:05:14,175820,148469,1,2,109.98,41.98
10078,2014-01-02 08:24:33,175823,153271,2,1,59.99,22.49
10079,2014-01-02 09:21:06,175851,153294,1,1,49.99,19.49
10080,2014-01-02 09:21:51,175853,153296,3,2,95.98,33.98
10081,2014-01-02 11:02:37,175896,153333,3,1,45.99,14.49
10082,2014-01-02 11:38:25,175915,153345,1,1,49.99,19.49
10083,2014-01-02 12:29:53,175934,146718,1,1,49.99,19.49
10084,2014-01-02 12:36:44,175947,153371,1,2,95.98,33.98
10085,2014-01-02 12:51:15,175954,153378,1,1,49.99,19.49
10086,2014-01-02 12:51:53,175957,153380,1,1,49.99,19.49
10087,2014-01-02 14:04:02,175994,153407,1,1,49.99,19.49
10088,2014-01-02 15:02:05,176020,153429,2,1,59.99,22.49
10089,2014-01-02 15:19:50,176029,153438,1,1,49.99,19.49
10090,2014-01-02 16:31:56,176063,153468,3,1,45.99,14.49
10091,2014-01-02 16:49:43,176072,153475,1,1,49.99,19.49
10092,2014-01-02 17:06:07,176081,153481,1,1,49.99,19.49
10093,2014-01-02 17:12:27,176086,153485,1,2,95.98,33.98
10094,2014-01-02 17:57:54,176103,118933,1,1,49.99,19.49
10095,2014-01-02 18:12:36,176112,153504,1,1,49.99,19.49
10096,2014-01-02 18:26:52,176118,153509,3,1,45.99,14.49
10097,2014-01-02 18:52:04,176130,153521,1,2,95.98,33.98
10098,2014-01-02 20:30:53,176158,153541,1,1,49.99,19.49
10099,2014-01-02 20:42:27,176164,153547,1,1,49.99,19.49
10100,2014-01-02 21:08:51,176170,153551,3,1,45.99,14.49
10101,2014-01-03 01:04:38,176215,153586,1,1,49.99,19.49
10102,2014-01-03 01:18:06,176218,153589,1,1,49.99,19.49
10103,2014-01-03 02:03:31,176226,153597,1,1,49.99,19.49
10104,2014-01-03 07:17:23,176266,153632,1,1,49.99,19.49
10105,2014-01-03 08:12:22,176276,153642,1,1,49.99,19.49
10106,2014-01-03 08:35:17,176282,153647,3,1,45.99,14.49
10107,2014-01-03 10:02:59,176322,153678,1,1,49.99,19.49
10108,2014-01-03 10:30:27,176333,153686,1,1,49.99,19.49
10109,2014-01-03 11:28:31,176361,153711,1,1,49.99,19.49
10110,2014-01-03 11:29:13,176359,138380,1,1,49.99,19.49
10111,2014-01-03 12:30:09,176392,153736,1,1,49.99,19.49
10112,2014-01-03 12:51:59,176404,153747,3,1,45.99,14.49
10113,2014-01-03 14:40:20,176451,153783,1,1,49.99,19.49
10114,2014-01-03 14:44:41,176453,153785,1,1,49.99,19.49
10115,2014-01-03 15:03:07,176463,153794,3,1,45.99,14.49
10116,2014-01-03 15:10:53,176468,153799,1,1,49.99,19.49
10117,2014-01-03 15:25:22,176478,153808,1,1,49.99,19.49
10118,2014-01-03 16:13:54,176498,153823,1,1,49.99,19.49
10119,2014-01-03 16:47:51,176508,153829,3,1,45.99,14.49
10120,2014-01-03 17:01:54,176516,153837,3,2,95.98,33.98
10121,2014-01-03 17:02:08,176515,153836,3,1,45.99,14.49
10122,2014-01-03 17:16:41,176524,153844,1,1,49.99,19.49
10123,2014-01-03 18:15:00,176542,153860,3,1,45.99,14.49
10124,2014-01-03 18:59:35,176556,153870,1,1,49.99,19.49
10125,2014-01-03 19:27:10,176566,153879,1,1,49.99,19.49
10126,2014-01-03 19:35:07,176570,143001,3,1,45.99,14.49
10127,2014-01-03 20:32:02,176589,153896,1,1,49.99,19.49
10128,2014-01-03 20:34:13,176592,153898,2,1,59.99,22.49
10129,2014-01-03 21:02:32,176599,153904,1,1,49.99,19.49
10130,2014-01-03 21:34:25,176605,148050,1,1,49.99,19.49
10131,2014-01-03 22:13:19,176614,153912,1,1,49.99,19.49
10132,2014-01-04 01:35:15,176638,153934,1,2,95.98,33.98
10133,2014-01-04 11:08:25,176713,132141,1,1,49.99,19.49
10134,2014-01-04 11:37:54,176718,154001,1,1,49.99,19.49
10135,2014-01-04 12:42:17,176727,146761,1,1,49.99,19.49
10136,2014-01-04 16:46:28,176778,154048,1,1,49.99,19.49
10137,2014-01-04 18:11:29,176794,154062,1,1,49.99,19.49
10138,2014-01-04 19:08:38,176804,154071,1,1,49.99,19.49
10139,2014-01-04 21:00:23,176830,154093,1,1,49.99,19.49
10140,2014-01-04 22:21:23,176841,154101,1,1,49.99,19.49
10141,2014-01-04 22:28:47,176843,130714,1,1,49.99,19.49
10142,2014-01-05 00:43:03,176868,154121,1,1,49.99,19.49
10143,2014-01-05 01:15:45,176873,154126,2,2,105.98,36.98
10144,2014-01-05 02:16:24,176881,154132,1,1,49.99,19.49
10145,2014-01-05 04:46:30,176908,154155,1,1,49.99,19.49
10146,2014-01-05 04:58:06,176911,118185,1,1,49.99,19.49
10147,2014-01-05 09:54:02,176940,154184,2,1,59.99,22.49
10148,2014-01-05 10:09:13,176944,154188,2,1,59.99,22.49
10149,2014-01-05 13:38:47,176993,128274,3,1,45.99,14.49
10150,2014-01-05 14:03:25,176998,154226,1,1,49.99,19.49
10151,2014-01-05 14:06:48,177001,154229,3,1,45.99,14.49
10152,2014-01-05 14:12:14,177005,154232,2,1,59.99,22.49
10153,2014-01-05 14:52:39,177019,154246,1,1,49.99,19.49
10154,2014-01-05 16:06:55,177038,154263,1,1,49.99,19.49
10155,2014-01-05 16:53:48,177052,154276,1,1,49.99,19.49
10156,2014-01-05 17:25:41,177058,154282,1,1,49.99,19.49
10157,2014-01-05 17:32:34,177060,154284,1,1,49.99,19.49
10158,2014-01-05 18:51:36,177078,154298,1,2,95.98,33.98
10159,2014-01-05 19:48:06,177091,154310,1,1,49.99,19.49
10160,2014-01-06 01:25:24,177160,154369,1,1,49.99,19.49
10161,2014-01-06 01:46:27,177165,119151,1,1,49.99,19.49
10162,2014-01-06 06:25:24,177200,154403,1,1,49.99,19.49
10163,2014-01-06 06:46:23,177202,145754,2,1,59.99,22.49
10164,2014-01-06 09:56:23,177242,154435,1,1,49.99,19.49
10165,2014-01-06 10:01:26,177248,154438,1,1,49.99,19.49
10166,2014-01-06 10:54:37,177278,154461,3,1,45.99,14.49
10167,2014-01-06 11:04:13,177283,154466,1,1,49.99,19.49
10168,2014-01-06 11:17:32,177291,154471,2,1,59.99,22.49
10169,2014-01-06 12:44:00,177330,129782,1,1,49.99,19.49
10170,2014-01-06 13:00:49,177340,154510,1,1,49.99,19.49
10171,2014-01-06 13:11:21,177343,154513,2,1,59.99,22.49
10172,2014-01-06 13:26:58,177358,140333,2,1,59.99,22.49
10173,2014-01-06 13:51:46,177373,154538,1,1,49.99,19.49
10174,2014-01-06 14:43:30,177406,154563,3,1,45.99,14.49
10175,2014-01-06 16:17:39,177454,154606,1,1,49.99,19.49
10176,2014-01-06 16:53:36,177474,139463,1,1,49.99,19.49
10177,2014-01-06 17:12:46,177483,154631,1,1,49.99,19.49
10178,2014-01-06 17:25:24,177495,135952,1,2,95.98,33.98
10179,2014-01-06 17:37:43,177505,154648,1,1,49.99,19.49
10180,2014-01-06 18:01:17,177516,154659,3,1,45.99,14.49
10181,2014-01-06 18:56:44,177537,136867,1,1,49.99,19.49
10182,2014-01-06 19:50:29,177555,154695,1,1,49.99,19.49
10183,2014-01-06 20:14:42,177571,145078,1,1,49.99,19.49
10184,2014-01-06 20:34:39,177575,154712,1,1,49.99,19.49
10185,2014-01-06 22:00:29,177605,154734,1,1,49.99,19.49
10186,2014-01-06 23:19:02,177622,154749,2,1,59.99,22.49
10187,2014-01-07 00:54:57,177640,154763,3,1,45.99,14.49
10188,2014-01-07 01:16:08,177643,154765,1,2,109.98,41.98
10189,2014-01-07 02:28:21,177657,154775,2,1,59.99,22.49
10190,2014-01-07 04:03:10,177663,154780,1,1,49.99,19.49
10191,2014-01-07 06:13:53,177672,154788,1,1,49.99,19.49
10192,2014-01-07 06:42:22,177675,154791,1,1,49.99,19.49
10193,2014-01-07 07:01:14,177680,154795,1,1,49.99,19.49
10194,2014-01-07 10:05:19,177726,154834,1,1,49.99,19.49
10195,2014-01-07 10:42:37,177745,154849,1,1,49.99,19.49
10196,2014-01-07 10:54:52,177753,154856,1,1,49.99,19.49
10197,2014-01-07 11:19:41,177768,136594,1,1,49.99,19.49
10198,2014-01-07 11:21:55,177773,154874,1,1,49.99,19.49
10199,2014-01-07 11:36:06,177781,154880,1,1,49.99,19.49
10200,2014-01-07 12:07:01,177789,154887,1,1,49.99,19.49
10201,2014-01-07 12:11:02,177792,127624,1,1,49.99,19.49
10202,2014-01-07 12:47:11,177810,154905,2,2,105.98,36.98
10203,2014-01-07 14:17:46,177854,154939,1,1,49.99,19.49
10204,2014-01-07 15:12:38,177878,154960,2,1,59.99,22.49
10205,2014-01-07 15:35:56,177897,154973,1,1,49.99,19.49
10206,2014-01-07 15:37:24,177895,131433,2,2,109.98,41.98
10207,2014-01-07 15:43:40,177905,154981,1,1,49.99,19.49
10208,2014-01-07 15:47:00,177906,136951,1,1,49.99,19.49
10209,2014-01-07 16:32:46,177923,128970,1,2,95.98,33.98
10210,2014-01-07 17:30:43,177956,155020,1,1,49.99,19.49
10211,2014-01-07 17:56:30,177972,155034,1,2,95.98,33.98
10212,2014-01-07 18:00:32,177968,140049,1,2,95.98,33.98
10213,2014-01-07 18:21:56,177980,155042,1,1,49.99,19.49
10214,2014-01-07 20:41:26,178033,140076,1,1,49.99,19.49
10215,2014-01-07 20:55:14,178032,155083,1,1,49.99,19.49
10216,2014-01-07 21:24:51,178044,155092,1,1,49.99,19.49
10217,2014-01-07 21:59:42,178057,129760,1,2,109.98,41.98
10218,2014-01-07 22:48:00,178074,155117,1,1,49.99,19.49
10219,2014-01-08 01:45:53,178097,155137,1,1,49.99,19.49
10220,2014-01-08 03:18:11,178107,155143,1,1,49.99,19.49
10221,2014-01-08 03:27:16,178110,128693,1,1,49.99,19.49
10222,2014-01-08 03:27:59,178111,130898,1,1,49.99,19.49
10223,2014-01-08 05:22:04,178127,131011,3,1,45.99,14.49
10224,2014-01-08 07:23:17,178151,153419,1,1,49.99,19.49
10225,2014-01-08 07:48:26,178160,155181,1,1,49.99,19.49
10226,2014-01-08 08:32:50,178173,155193,2,1,59.99,22.49
10227,2014-01-08 09:09:01,178185,130188,2,1,59.99,22.49
10228,2014-01-08 09:53:57,178212,119790,1,1,49.99,19.49
10229,2014-01-08 10:40:55,178229,155238,1,1,49.99,19.49
10230,2014-01-08 10:43:08,178228,149356,1,1,49.99,19.49
10231,2014-01-08 11:01:59,178243,155250,2,1,59.99,22.49
10232,2014-01-08 12:06:54,178277,155278,1,1,49.99,19.49
10233,2014-01-08 12:22:05,178281,117878,1,1,49.99,19.49
10234,2014-01-08 12:22:44,178284,155282,3,1,45.99,14.49
10235,2014-01-08 12:47:45,178298,155296,1,1,49.99,19.49
10236,2014-01-08 13:01:14,178306,155304,1,1,49.99,19.49
10237,2014-01-08 13:20:59,178319,155313,1,2,109.98,41.98
10238,2014-01-08 14:13:05,178352,155342,1,1,49.99,19.49
10239,2014-01-08 14:58:05,178381,155364,3,1,45.99,14.49
10240,2014-01-08 17:16:48,178445,155417,3,1,45.99,14.49
10241,2014-01-08 17:40:53,178460,138842,2,1,59.99,22.49
10242,2014-01-08 18:02:59,178472,155437,2,1,59.99,22.49
10243,2014-01-08 18:27:21,178481,122511,1,1,49.99,19.49
10244,2014-01-08 19:24:34,178512,155467,1,1,49.99,19.49
10245,2014-01-08 19:45:45,178523,155476,3,1,45.99,14.49
10246,2014-01-08 20:02:19,178524,153273,1,1,49.99,19.49
10247,2014-01-08 22:55:02,178578,155520,3,1,45.99,14.49
10248,2014-01-08 23:11:14,178583,155524,1,1,49.99,19.49
10249,2014-01-09 00:57:31,178597,155538,1,1,49.99,19.49
10250,2014-01-09 06:32:05,178651,127018,1,1,49.99,19.49
10251,2014-01-09 09:05:30,178692,155611,1,1,49.99,19.49
10252,2014-01-09 09:15:45,178696,155614,3,1,45.99,14.49
10253,2014-01-09 10:27:50,178715,155627,1,1,49.99,19.49
10254,2014-01-09 12:21:35,178768,155671,1,2,95.98,33.98
10255,2014-01-09 12:55:03,178792,155688,2,2,109.98,41.98
10256,2014-01-09 13:52:59,178820,155708,1,1,49.99,19.49
10257,2014-01-09 13:59:10,178818,135417,1,1,49.99,19.49
10258,2014-01-09 14:23:49,178839,155724,1,1,49.99,19.49
10259,2014-01-09 14:46:48,178849,155733,1,1,49.99,19.49
10260,2014-01-09 15:01:32,178856,155738,3,1,45.99,14.49
10261,2014-01-09 15:23:22,178865,155745,3,1,45.99,14.49
10262,2014-01-09 15:24:06,178868,155748,3,1,45.99,14.49
10263,2014-01-09 15:44:56,178879,155758,1,1,49.99,19.49
10264,2014-01-09 16:08:51,178887,155765,2,1,59.99,22.49
10265,2014-01-09 16:30:43,178902,155776,3,2,95.98,33.98
10266,2014-01-09 16:33:15,178909,155783,1,1,49.99,19.49
10267,2014-01-09 16:54:51,178917,155791,1,1,49.99,19.49
10268,2014-01-09 17:14:01,178930,155802,1,1,49.99,19.49
10269,2014-01-09 17:50:51,178942,155813,1,1,49.99,19.49
10270,2014-01-09 17:57:58,178944,155815,1,1,49.99,19.49
10271,2014-01-09 18:39:52,178966,155834,1,1,49.99,19.49
10272,2014-01-09 19:02:17,178975,155843,1,1,49.99,19.49
10273,2014-01-09 19:22:04,178979,155845,1,1,49.99,19.49
10274,2014-01-09 22:59:36,179033,155886,1,2,109.98,41.98
10275,2014-01-09 23:04:51,179035,155888,1,1,49.99,19.49
10276,2014-01-09 23:39:19,179043,138769,1,1,49.99,19.49
10277,2014-01-10 00:11:51,179051,140431,1,1,49.99,19.49
10278,2014-01-10 00:14:46,179048,155897,1,1,49.99,19.49
10279,2014-01-10 00:50:07,179060,155907,1,1,49.99,19.49
10280,2014-01-10 01:15:40,179064,133771,2,1,59.99,22.49
10281,2014-01-10 02:54:43,179081,155922,1,1,49.99,19.49
10282,2014-01-10 03:10:03,179083,155923,3,1,45.99,14.49
10283,2014-01-10 07:15:41,179114,155947,1,1,49.99,19.49
10284,2014-01-10 08:01:49,179119,155951,1,1,49.99,19.49
10285,2014-01-10 08:18:00,179125,155956,2,1,59.99,22.49
10286,2014-01-10 09:47:10,179143,148197,1,1,49.99,19.49
10287,2014-01-10 10:06:03,179156,155981,1,1,49.99,19.49
10288,2014-01-10 10:09:55,179160,155984,1,1,49.99,19.49
10289,2014-01-10 10:12:46,179167,155989,1,1,49.99,19.49
10290,2014-01-10 10:16:56,179168,148726,1,2,95.98,33.98
10291,2014-01-10 11:07:30,179197,156014,1,2,95.98,33.98
10292,2014-01-10 11:37:12,179215,156031,2,1,59.99,22.49
10293,2014-01-10 12:10:36,179234,156043,1,1,49.99,19.49
10294,2014-01-10 12:23:30,179246,156054,1,2,95.98,33.98
10295,2014-01-10 12:38:44,179256,156062,1,1,49.99,19.49
10296,2014-01-10 13:06:43,179270,156074,1,1,49.99,19.49
10297,2014-01-10 13:28:38,179289,156088,1,1,49.99,19.49
10298,2014-01-10 14:31:47,179332,156124,1,2,95.98,33.98
10299,2014-01-10 14:33:49,179331,156123,2,1,59.99,22.49
10300,2014-01-10 14:56:51,179339,156129,1,2,109.98,41.98
10301,2014-01-10 14:59:04,179340,156130,2,2,109.98,41.98
10302,2014-01-10 15:19:01,179351,156138,3,1,45.99,14.49
10303,2014-01-10 15:34:32,179358,132965,1,1,49.99,19.49
10304,2014-01-10 15:43:13,179365,156146,1,1,49.99,19.49
10305,2014-01-10 15:57:07,179373,156150,1,2,109.98,41.98
10306,2014-01-10 15:58:25,179374,156151,1,1,49.99,19.49
10307,2014-01-10 16:05:23,179382,156158,1,1,49.99,19.49
10308,2014-01-10 16:15:08,179389,156162,1,1,49.99,19.49
10309,2014-01-10 16:19:27,179391,144018,3,2,95.98,33.98
10310,2014-01-10 16:49:13,179407,156174,1,1,49.99,19.49
10311,2014-01-10 17:26:19,179428,156193,1,1,49.99,19.49
10312,2014-01-10 17:50:22,179436,156201,1,1,49.99,19.49
10313,2014-01-10 17:53:11,179443,156208,1,1,49.99,19.49
10314,2014-01-10 21:23:37,179492,142315,1,1,49.99,19.49
10315,2014-01-11 00:11:29,179516,156265,1,1,49.99,19.49
10316,2014-01-11 00:33:21,179524,156272,3,1,45.99,14.49
10317,2014-01-11 01:01:53,179532,156278,2,2,105.98,36.98
10318,2014-01-11 02:45:09,179545,156290,1,1,49.99,19.49
10319,2014-01-11 06:53:28,179568,156311,1,2,95.98,33.98
10320,2014-01-11 07:37:07,179576,156319,1,1,49.99,19.49
10321,2014-01-11 10:55:08,179605,156344,1,1,49.99,19.49
10322,2014-01-11 11:10:06,179610,156348,1,1,49.99,19.49
10323,2014-01-11 11:17:42,179612,156350,1,1,49.99,19.49
10324,2014-01-11 11:20:44,179615,156352,2,1,59.99,22.49
10325,2014-01-11 11:34:14,179617,156354,1,1,49.99,19.49
10326,2014-01-11 12:28:32,179630,139602,1,1,49.99,19.49
10327,2014-01-11 13:59:27,179651,146227,2,1,59.99,22.49
10328,2014-01-11 14:18:33,179657,156384,1,1,49.99,19.49
10329,2014-01-11 14:31:27,179662,156386,1,1,49.99,19.49
10330,2014-01-11 14:39:27,179665,123087,1,1,49.99,19.49
10331,2014-01-11 16:53:46,179686,156406,1,1,49.99,19.49
10332,2014-01-11 17:54:45,179697,145788,1,1,49.99,19.49
10333,2014-01-11 19:52:29,179714,156429,1,1,49.99,19.49
10334,2014-01-11 20:23:51,179723,135831,1,2,95.98,33.98
10335,2014-01-11 20:59:14,179728,156440,1,2,95.98,33.98
10336,2014-01-11 23:21:53,179752,156457,1,1,49.99,19.49
10337,2014-01-12 02:35:17,179771,149198,3,1,45.99,14.49
10338,2014-01-12 06:19:33,179791,156491,1,1,49.99,19.49
10339,2014-01-12 07:35:18,179802,156499,1,1,49.99,19.49
10340,2014-01-12 08:26:46,179809,151267,1,1,49.99,19.49
10341,2014-01-12 08:55:43,179813,147158,1,1,49.99,19.49
10342,2014-01-12 10:07:12,179825,156517,1,1,49.99,19.49
10343,2014-01-12 12:01:28,179852,134002,1,1,49.99,19.49
10344,2014-01-12 15:14:26,179882,156563,1,1,49.99,19.49
10345,2014-01-12 15:54:49,179897,156576,1,1,49.99,19.49
10346,2014-01-12 15:55:00,179898,156577,1,1,49.99,19.49
10347,2014-01-12 16:06:25,179903,156582,1,1,49.99,19.49
10348,2014-01-12 16:12:08,179907,156583,3,1,45.99,14.49
10349,2014-01-12 20:12:24,179964,156627,1,1,49.99,19.49
10350,2014-01-12 22:17:20,179992,129986,1,1,49.99,19.49
10351,2014-01-12 22:44:40,179999,148949,1,1,49.99,19.49
10352,2014-01-13 00:36:12,180036,156679,1,1,49.99,19.49
10353,2014-01-13 01:45:48,180055,156693,1,1,49.99,19.49
10354,2014-01-13 02:20:04,180062,156700,1,1,49.99,19.49
10355,2014-01-13 02:22:24,180063,135447,2,1,59.99,22.49
10356,2014-01-13 03:30:55,180067,156703,1,1,49.99,19.49
10357,2014-01-13 04:24:59,180078,143787,1,1,49.99,19.49
10358,2014-01-13 04:31:28,180080,138477,1,1,49.99,19.49
10359,2014-01-13 05:56:44,180096,156727,1,1,49.99,19.49
10360,2014-01-13 07:12:26,180113,156742,1,1,49.99,19.49
10361,2014-01-13 07:27:49,180118,156746,2,1,59.99,22.49
10362,2014-01-13 07:51:39,180124,156751,1,2,109.98,41.98
10363,2014-01-13 08:46:04,180137,156762,2,1,59.99,22.49
10364,2014-01-13 09:12:52,180145,156768,1,1,49.99,19.49
10365,2014-01-13 09:46:43,180164,156784,1,1,49.99,19.49
10366,2014-01-13 10:47:44,180195,120825,1,1,49.99,19.49
10367,2014-01-13 11:13:12,180206,138721,1,1,49.99,19.49
10368,2014-01-13 11:43:19,180230,156838,3,1,45.99,14.49
10369,2014-01-13 12:14:51,180245,156850,1,1,49.99,19.49
10370,2014-01-13 12:35:44,180256,120074,1,1,49.99,19.49
10371,2014-01-13 12:39:07,180260,156862,1,1,49.99,19.49
10372,2014-01-13 13:07:29,180274,156873,1,2,95.98,33.98
10373,2014-01-13 13:43:06,180304,149996,1,1,49.99,19.49
10374,2014-01-13 14:17:18,180329,156922,1,1,49.99,19.49
10375,2014-01-13 14:20:48,180332,130108,1,1,49.99,19.49
10376,2014-01-13 14:35:15,180338,155657,1,1,49.99,19.49
10377,2014-01-13 14:37:42,180343,156933,1,1,49.99,19.49
10378,2014-01-13 14:56:33,180360,156947,1,1,49.99,19.49
10379,2014-01-13 15:12:40,180373,139755,1,1,49.99,19.49
10380,2014-01-13 15:22:22,180375,144562,1,2,95.98,33.98
10381,2014-01-13 16:04:19,180402,156984,1,1,49.99,19.49
10382,2014-01-13 16:30:17,180423,157002,1,1,49.99,19.49
10383,2014-01-13 17:30:03,180456,157028,1,1,49.99,19.49
10384,2014-01-13 17:36:30,180458,152190,1,1,49.99,19.49
10385,2014-01-13 17:56:08,180463,157032,1,1,49.99,19.49
10386,2014-01-13 18:01:38,180471,157039,1,1,49.99,19.49
10387,2014-01-13 18:03:04,180475,157042,1,1,49.99,19.49
10388,2014-01-13 19:46:35,180514,157072,1,1,49.99,19.49
10389,2014-01-13 19:55:20,180517,157075,1,2,109.98,41.98
10390,2014-01-13 20:15:11,180527,157084,2,1,59.99,22.49
10391,2014-01-13 20:28:46,180531,138766,1,1,49.99,19.49
10392,2014-01-13 21:30:25,180551,136720,1,1,49.99,19.49
10393,2014-01-13 21:44:40,180556,157108,1,1,49.99,19.49
10394,2014-01-13 22:34:22,180567,157116,3,1,45.99,14.49
10395,2014-01-14 00:14:22,180589,146326,3,1,45.99,14.49
10396,2014-01-14 02:14:00,180609,157151,1,1,49.99,19.49
10397,2014-01-14 04:30:04,180629,157168,1,1,49.99,19.49
10398,2014-01-14 07:22:12,180654,157191,1,1,49.99,19.49
10399,2014-01-14 09:19:43,180698,157229,2,1,59.99,22.49
10400,2014-01-14 09:22:20,180696,157227,2,1,59.99,22.49
10401,2014-01-14 09:43:50,180709,157237,1,2,95.98,33.98
10402,2014-01-14 10:51:29,180746,157266,1,1,49.99,19.49
10403,2014-01-14 11:05:01,180758,157275,1,1,49.99,19.49
10404,2014-01-14 11:55:39,180797,157309,1,1,49.99,19.49
10405,2014-01-14 12:03:33,180803,157314,1,1,49.99,19.49
10406,2014-01-14 12:35:10,180818,157326,1,1,49.99,19.49
10407,2014-01-14 12:36:52,180823,157330,1,1,49.99,19.49
10408,2014-01-14 12:46:03,180824,157331,2,1,59.99,22.49
10409,2014-01-14 13:03:51,180838,157342,3,1,45.99,14.49
10410,2014-01-14 13:31:58,180851,157353,1,2,95.98,33.98
10411,2014-01-14 13:52:55,180863,157363,1,1,49.99,19.49
10412,2014-01-14 14:01:28,180866,157366,2,1,59.99,22.49
10413,2014-01-14 14:06:18,180870,157369,1,2,109.98,41.98
10414,2014-01-14 14:21:03,180877,157375,1,1,49.99,19.49
10415,2014-01-14 14:51:50,180890,157387,1,1,49.99,19.49
10416,2014-01-14 15:02:48,180903,157400,1,1,49.99,19.49
10417,2014-01-14 15:29:14,180914,157409,2,1,59.99,22.49
10418,2014-01-14 15:46:23,180924,157418,2,1,59.99,22.49
10419,2014-01-14 16:38:38,180965,145411,2,1,59.99,22.49
10420,2014-01-14 16:46:57,180967,157456,2,1,59.99,22.49
10421,2014-01-14 16:57:48,180976,157463,1,1,49.99,19.49
10422,2014-01-14 16:58:01,180973,157460,1,1,49.99,19.49
10423,2014-01-14 17:42:39,180996,157480,2,1,59.99,22.49
10424,2014-01-14 18:39:54,181019,157501,1,1,49.99,19.49
10425,2014-01-14 19:12:18,181034,157515,3,2,95.98,33.98
10426,2014-01-14 19:22:34,181037,157518,1,1,49.99,19.49
10427,2014-01-14 19:40:15,181045,157524,1,1,49.99,19.49
10428,2014-01-14 19:50:08,181053,155617,1,1,49.99,19.49
10429,2014-01-14 19:57:17,181057,157535,1,1,49.99,19.49
10430,2014-01-14 21:54:21,181092,157565,1,1,49.99,19.49
10431,2014-01-14 22:36:57,181108,157576,1,1,49.99,19.49
10432,2014-01-15 00:21:14,181142,157604,1,1,49.99,19.49
10433,2014-01-15 08:58:18,181264,157707,1,1,49.99,19.49
10434,2014-01-15 09:06:23,181266,157708,3,1,45.99,14.49
10435,2014-01-15 09:32:38,181280,157721,2,1,59.99,22.49
10436,2014-01-15 11:18:33,181330,157758,1,2,109.98,41.98
10437,2014-01-15 11:39:36,181352,157776,2,1,59.99,22.49
10438,2014-01-15 11:53:51,181368,157789,1,1,49.99,19.49
10439,2014-01-15 12:24:39,181379,157800,1,1,49.99,19.49
10440,2014-01-15 12:56:55,181397,157815,1,2,109.98,41.98
10441,2014-01-15 13:09:34,181403,157819,1,1,49.99,19.49
10442,2014-01-15 13:15:22,181405,157821,1,2,109.98,41.98
10443,2014-01-15 14:24:03,181455,144960,1,1,49.99,19.49
10444,2014-01-15 14:51:33,181470,157874,2,1,59.99,22.49
10445,2014-01-15 15:15:10,181497,157895,1,1,49.99,19.49
10446,2014-01-15 16:13:03,181531,157923,1,1,49.99,19.49
10447,2014-01-15 16:20:27,181536,157926,1,1,49.99,19.49
10448,2014-01-15 16:32:44,181548,134079,1,1,49.99,19.49
10449,2014-01-15 16:45:50,181552,157939,2,1,59.99,22.49
10450,2014-01-15 17:10:32,181564,157949,1,1,49.99,19.49
10451,2014-01-15 17:47:54,181596,157976,1,1,49.99,19.49
10452,2014-01-15 18:16:01,181615,157993,3,1,45.99,14.49
10453,2014-01-15 18:59:12,181626,154719,1,2,95.98,33.98
10454,2014-01-15 19:10:13,181635,158007,1,1,49.99,19.49
10455,2014-01-15 19:11:10,181632,158005,1,1,49.99,19.49
10456,2014-01-15 19:22:23,181640,158010,1,1,49.99,19.49
10457,2014-01-15 19:53:21,181646,158015,1,1,49.99,19.49
10458,2014-01-15 20:25:19,181656,158025,1,2,109.98,41.98
10459,2014-01-15 20:44:41,181666,158032,1,1,49.99,19.49
10460,2014-01-15 20:54:05,181671,158037,1,1,49.99,19.49
10461,2014-01-15 21:43:59,181689,158053,1,1,49.99,19.49
10462,2014-01-15 23:08:20,181724,158085,1,2,95.98,33.98
10463,2014-01-16 06:14:52,181808,158148,1,1,49.99,19.49
10464,2014-01-16 07:28:26,181822,158157,1,1,49.99,19.49
10465,2014-01-16 09:14:37,181852,158180,1,1,49.99,19.49
10466,2014-01-16 10:08:53,181876,158200,3,1,45.99,14.49
10467,2014-01-16 11:48:49,181941,158259,1,1,49.99,19.49
10468,2014-01-16 11:55:05,181948,158266,1,2,95.98,33.98
10469,2014-01-16 12:07:20,181957,133628,2,1,59.99,22.49
10470,2014-01-16 12:08:12,181951,158268,2,1,59.99,22.49
10471,2014-01-16 12:46:18,181979,139891,1,1,49.99,19.49
10472,2014-01-16 13:32:09,182002,158307,3,1,45.99,14.49
10473,2014-01-16 13:39:26,182006,158311,2,1,59.99,22.49
10474,2014-01-16 13:57:19,182019,138041,1,1,49.99,19.49
10475,2014-01-16 15:05:14,182046,158344,3,1,45.99,14.49
10476,2014-01-16 16:02:25,182086,158375,1,1,49.99,19.49
10477,2014-01-16 17:11:58,182126,124859,1,1,49.99,19.49
10478,2014-01-16 17:22:15,182129,158410,1,2,95.98,33.98
10479,2014-01-16 17:26:42,182136,158416,3,1,45.99,14.49
10480,2014-01-16 17:48:14,182142,149845,3,1,45.99,14.49
10481,2014-01-16 17:48:27,182144,158423,1,1,49.99,19.49
10482,2014-01-16 18:04:27,182156,148534,1,1,49.99,19.49
10483,2014-01-16 18:15:02,182166,158443,2,1,59.99,22.49
10484,2014-01-16 18:15:47,182165,158442,1,1,49.99,19.49
10485,2014-01-16 18:25:35,182170,158446,2,1,59.99,22.49
10486,2014-01-16 18:37:42,182181,158454,1,2,109.98,41.98
10487,2014-01-16 19:47:56,182216,158484,1,2,109.98,41.98
10488,2014-01-16 22:19:19,182277,142321,3,2,95.98,33.98
10489,2014-01-16 23:08:17,182292,158545,1,1,49.99,19.49
10490,2014-01-16 23:19:03,182293,136072,3,1,45.99,14.49
10491,2014-01-16 23:47:53,182300,158551,1,1,49.99,19.49
10492,2014-01-17 00:12:28,182308,120043,1,1,49.99,19.49
10493,2014-01-17 00:13:31,182306,158555,3,1,45.99,14.49
10494,2014-01-17 00:52:57,182317,158564,2,1,59.99,22.49
10495,2014-01-17 01:11:38,182318,125841,1,1,49.99,19.49
10496,2014-01-17 03:22:46,182343,158585,1,1,49.99,19.49
10497,2014-01-17 05:22:00,182365,158605,1,1,49.99,19.49
10498,2014-01-17 05:41:43,182369,158609,1,1,49.99,19.49
10499,2014-01-17 06:24:21,182382,158617,1,2,109.98,41.98
10500,2014-01-17 07:08:45,182392,158625,2,1,59.99,22.49
10501,2014-01-17 09:30:48,182436,158660,1,1,49.99,19.49
10502,2014-01-17 09:33:45,182439,158663,1,1,49.99,19.49
10503,2014-01-17 10:01:45,182457,158677,2,1,59.99,22.49
10504,2014-01-17 12:12:49,182554,158758,2,1,59.99,22.49
10505,2014-01-17 12:12:50,182562,158766,2,1,59.99,22.49
10506,2014-01-17 12:55:47,182587,158788,1,1,49.99,19.49
10507,2014-01-17 12:56:22,182589,158790,1,1,49.99,19.49
10508,2014-01-17 13:56:25,182614,146944,3,1,45.99,14.49
10509,2014-01-17 14:06:56,182619,133020,1,1,49.99,19.49
10510,2014-01-17 14:28:01,182629,158822,3,1,45.99,14.49
10511,2014-01-17 14:29:09,182633,158826,1,1,49.99,19.49
10512,2014-01-17 14:37:17,182635,158828,2,1,59.99,22.49
10513,2014-01-17 14:38:16,182636,158829,2,1,59.99,22.49
10514,2014-01-17 15:20:44,182666,158854,1,1,49.99,19.49
10515,2014-01-17 16:05:43,182690,141782,2,1,59.99,22.49
10516,2014-01-17 16:08:50,182692,158876,1,2,95.98,33.98
10517,2014-01-17 16:12:03,182693,158877,1,2,95.98,33.98
10518,2014-01-17 16:13:51,182694,158878,1,1,49.99,19.49
10519,2014-01-17 16:30:50,182704,158886,1,1,49.99,19.49
10520,2014-01-17 16:56:30,182720,158901,1,1,49.99,19.49
10521,2014-01-17 17:04:55,182722,158903,2,1,59.99,22.49
10522,2014-01-17 17:56:52,182750,120478,2,1,59.99,22.49
10523,2014-01-17 18:02:29,182757,148642,3,1,45.99,14.49
10524,2014-01-17 18:54:39,182777,140473,1,1,49.99,19.49
10525,2014-01-17 18:56:33,182783,129914,2,1,59.99,22.49
10526,2014-01-17 19:03:40,182785,158953,3,1,45.99,14.49
10527,2014-01-17 21:41:39,182825,158986,1,1,49.99,19.49
10528,2014-01-17 21:58:25,182831,158991,1,2,109.98,41.98
10529,2014-01-17 22:02:58,182837,158997,1,2,95.98,33.98
10530,2014-01-17 23:53:34,182858,159009,1,1,49.99,19.49
10531,2014-01-18 08:17:35,182922,159057,1,2,95.98,33.98
10532,2014-01-18 08:35:04,182925,159059,1,1,49.99,19.49
10533,2014-01-18 09:04:38,182931,159064,2,1,59.99,22.49
10534,2014-01-18 09:11:48,182937,159069,1,1,49.99,19.49
10535,2014-01-18 10:11:03,182947,141464,1,1,49.99,19.49
10536,2014-01-18 11:29:45,182965,152256,1,2,109.98,41.98
10537,2014-01-18 11:54:35,182969,159097,1,1,49.99,19.49
10538,2014-01-18 13:04:02,182991,159116,1,1,49.99,19.49
10539,2014-01-18 13:56:56,183003,159126,1,1,49.99,19.49
10540,2014-01-18 14:04:47,183008,159131,1,1,49.99,19.49
10541,2014-01-18 15:27:09,183034,159155,1,1,49.99,19.49
10542,2014-01-18 15:52:53,183039,159160,1,1,49.99,19.49
10543,2014-01-18 17:00:45,183058,159176,3,1,45.99,14.49
10544,2014-01-18 19:43:07,183092,159199,1,1,49.99,19.49
10545,2014-01-18 19:48:12,183093,159200,3,1,45.99,14.49
10546,2014-01-18 21:31:12,183114,159216,1,2,95.98,33.98
10547,2014-01-18 22:05:41,183125,159226,3,1,45.99,14.49
10548,2014-01-19 01:02:06,183157,159252,1,2,109.98,41.98
10549,2014-01-19 02:46:23,183170,159263,1,1,49.99,19.49
10550,2014-01-19 03:41:41,183175,159268,1,1,49.99,19.49
10551,2014-01-19 06:04:06,183190,142071,1,1,49.99,19.49
10552,2014-01-19 06:53:49,183198,134350,1,1,49.99,19.49
10553,2014-01-19 08:38:23,183207,159293,1,2,109.98,41.98
10554,2014-01-19 11:07:44,183235,136738,1,1,49.99,19.49
10555,2014-01-19 11:08:12,183234,132620,1,1,49.99,19.49
10556,2014-01-19 14:14:28,183290,159360,1,1,49.99,19.49
10557,2014-01-19 14:53:41,183305,159373,2,1,59.99,22.49
10558,2014-01-19 15:08:27,183311,159377,1,1,49.99,19.49
10559,2014-01-19 15:18:21,183312,132753,1,1,49.99,19.49
10560,2014-01-19 16:33:16,183333,159394,1,1,49.99,19.49
10561,2014-01-19 20:48:10,183386,159437,1,1,49.99,19.49
10562,2014-01-19 21:38:52,183404,159453,2,1,59.99,22.49
10563,2014-01-19 23:36:53,183431,159474,2,1,59.99,22.49
10564,2014-01-20 00:22:00,183442,158657,1,1,49.99,19.49
10565,2014-01-20 02:13:28,183465,159496,3,1,45.99,14.49
10566,2014-01-20 02:43:12,183473,159504,1,2,95.98,33.98
10567,2014-01-20 03:40:35,183486,131665,2,1,59.99,22.49
10568,2014-01-20 04:16:49,183491,159519,1,1,49.99,19.49
10569,2014-01-20 06:32:25,183511,159534,1,1,49.99,19.49
10570,2014-01-20 07:16:48,183521,159541,2,1,59.99,22.49
10571,2014-01-20 07:51:49,183527,159546,1,2,109.98,41.98
10572,2014-01-20 08:13:55,183534,144243,1,1,49.99,19.49
10573,2014-01-20 08:34:47,183538,153615,2,1,59.99,22.49
10574,2014-01-20 09:47:15,183565,159576,1,1,49.99,19.49
10575,2014-01-20 09:55:39,183562,159573,1,1,49.99,19.49
10576,2014-01-20 11:03:42,183591,159599,1,1,49.99,19.49
10577,2014-01-20 11:26:20,183606,159611,1,1,49.99,19.49
10578,2014-01-20 11:42:15,183616,159620,3,1,45.99,14.49
10579,2014-01-20 12:14:50,183632,159632,2,1,59.99,22.49
10580,2014-01-20 12:36:35,183651,159651,1,2,95.98,33.98
10581,2014-01-20 12:50:00,183658,159657,1,1,49.99,19.49
10582,2014-01-20 13:11:43,183678,156344,1,2,95.98,33.98
10583,2014-01-20 13:19:18,183679,159676,3,1,45.99,14.49
10584,2014-01-20 13:52:06,183697,159693,1,1,49.99,19.49
10585,2014-01-20 13:54:28,183699,159695,1,1,49.99,19.49
10586,2014-01-20 14:21:26,183716,159710,1,1,49.99,19.49
10587,2014-01-20 14:22:31,183715,159709,1,2,95.98,33.98
10588,2014-01-20 14:28:35,183724,148403,2,2,105.98,36.98
10589,2014-01-20 14:55:00,183736,159728,1,1,49.99,19.49
10590,2014-01-20 14:57:36,183746,136572,3,1,45.99,14.49
10591,2014-01-20 15:00:07,183750,159740,1,2,109.98,41.98
10592,2014-01-20 15:09:23,183757,159746,2,1,59.99,22.49
10593,2014-01-20 15:24:19,183772,159759,1,1,49.99,19.49
10594,2014-01-20 15:35:31,183780,159767,1,1,49.99,19.49
10595,2014-01-20 16:03:49,183796,159779,3,2,95.98,33.98
10596,2014-01-20 16:10:47,183802,137259,2,1,59.99,22.49
10597,2014-01-20 16:26:53,183808,159787,1,2,95.98,33.98
10598,2014-01-20 16:29:54,183812,159790,1,2,95.98,33.98
10599,2014-01-20 17:08:18,183828,159804,1,1,49.99,19.49
10600,2014-01-20 17:14:06,183842,159814,1,1,49.99,19.49
10601,2014-01-20 17:31:17,183851,159823,1,1,49.99,19.49
10602,2014-01-20 18:00:36,183869,159838,1,1,49.99,19.49
10603,2014-01-20 23:07:18,183975,159928,1,1,49.99,19.49
10604,2014-01-21 03:28:30,184005,159951,1,1,49.99,19.49
10605,2014-01-21 03:32:50,184006,159952,1,1,49.99,19.49
10606,2014-01-21 04:17:09,184016,152641,1,1,49.99,19.49
10607,2014-01-21 05:01:59,184025,159968,1,1,49.99,19.49
10608,2014-01-21 06:38:17,184039,156335,1,1,49.99,19.49
10609,2014-01-21 08:31:23,184058,159998,1,1,49.99,19.49
10610,2014-01-21 08:50:24,184062,137771,3,1,45.99,14.49
10611,2014-01-21 09:10:14,184073,129872,1,1,49.99,19.49
10612,2014-01-21 09:52:28,184091,136390,1,1,49.99,19.49
10613,2014-01-21 10:27:29,184113,160041,1,1,49.99,19.49
10614,2014-01-21 10:41:54,184127,160052,1,1,49.99,19.49
10615,2014-01-21 11:37:12,184167,160078,1,1,49.99,19.49
10616,2014-01-21 11:59:44,184177,160086,2,1,59.99,22.49
10617,2014-01-21 12:26:26,184199,160104,1,1,49.99,19.49
10618,2014-01-21 12:33:00,184203,160106,1,1,49.99,19.49
10619,2014-01-21 12:36:33,184197,160103,1,2,109.98,41.98
10620,2014-01-21 12:48:31,184218,160116,1,2,95.98,33.98
10621,2014-01-21 12:53:15,184222,160119,1,1,49.99,19.49
10622,2014-01-21 12:59:07,184227,160124,3,1,45.99,14.49
10623,2014-01-21 13:30:13,184245,160141,1,2,95.98,33.98
10624,2014-01-21 14:24:24,184270,150118,1,2,95.98,33.98
10625,2014-01-21 14:26:52,184267,142794,1,2,109.98,41.98
10626,2014-01-21 14:32:59,184275,160163,3,1,45.99,14.49
10627,2014-01-21 14:42:32,184279,160166,1,1,49.99,19.49
10628,2014-01-21 15:01:08,184291,160176,1,1,49.99,19.49
10629,2014-01-21 15:28:39,184303,127069,1,1,49.99,19.49
10630,2014-01-21 16:03:43,184327,160203,1,1,49.99,19.49
10631,2014-01-21 16:17:17,184336,160212,1,1,49.99,19.49
10632,2014-01-21 17:07:16,184376,148849,1,1,49.99,19.49
10633,2014-01-21 18:02:23,184398,160256,3,1,45.99,14.49
10634,2014-01-21 18:04:10,184401,160259,1,2,95.98,33.98
10635,2014-01-21 18:10:39,184406,160262,2,1,59.99,22.49
10636,2014-01-21 18:11:34,184407,160263,1,1,49.99,19.49
10637,2014-01-21 19:02:04,184426,138122,1,1,49.99,19.49
10638,2014-01-21 19:18:28,184432,160284,3,1,45.99,14.49
10639,2014-01-21 19:18:51,184430,160282,1,1,49.99,19.49
10640,2014-01-21 19:34:23,184438,142974,1,1,49.99,19.49
10641,2014-01-21 20:07:26,184458,160307,1,2,109.98,41.98
10642,2014-01-21 20:24:51,184467,140343,3,1,45.99,14.49
10643,2014-01-21 20:31:59,184469,160317,1,1,49.99,19.49
10644,2014-01-21 21:15:41,184505,141672,1,1,49.99,19.49
10645,2014-01-21 22:18:10,184520,160363,1,1,49.99,19.49
10646,2014-01-21 22:27:23,184522,160365,1,1,49.99,19.49
10647,2014-01-21 23:01:50,184536,160372,1,1,49.99,19.49
10648,2014-01-22 00:01:06,184553,160387,1,2,95.98,33.98
10649,2014-01-22 01:09:19,184565,160398,1,2,95.98,33.98
10650,2014-01-22 05:41:24,184606,160432,1,1,49.99,19.49
10651,2014-01-22 05:57:11,184609,160434,1,1,49.99,19.49
10652,2014-01-22 07:26:16,184628,160451,1,1,49.99,19.49
10653,2014-01-22 08:14:17,184641,160460,2,1,59.99,22.49
10654,2014-01-22 09:06:49,184664,149166,1,1,49.99,19.49
10655,2014-01-22 09:36:41,184684,156046,1,1,49.99,19.49
10656,2014-01-22 09:40:48,184687,136521,1,1,49.99,19.49
10657,2014-01-22 09:50:41,184693,160502,1,2,109.98,41.98
10658,2014-01-22 10:35:15,184714,160521,3,1,45.99,14.49
10659,2014-01-22 10:37:26,184718,160525,1,1,49.99,19.49
10660,2014-01-22 10:59:17,184734,160536,1,1,49.99,19.49
10661,2014-01-22 11:06:16,184738,137991,2,1,59.99,22.49
10662,2014-01-22 11:45:26,184764,160560,2,1,59.99,22.49
10663,2014-01-22 11:59:28,184771,160566,1,1,49.99,19.49
10664,2014-01-22 12:26:54,184795,160586,1,1,49.99,19.49
10665,2014-01-22 12:27:41,184796,160587,1,1,49.99,19.49
10666,2014-01-22 12:55:21,184814,160601,1,1,49.99,19.49
10667,2014-01-22 13:29:13,184839,144220,1,1,49.99,19.49
10668,2014-01-22 13:41:26,184847,126876,1,1,49.99,19.49
10669,2014-01-22 14:04:59,184869,160642,1,2,95.98,33.98
10670,2014-01-22 14:59:54,184896,136353,1,1,49.99,19.49
10671,2014-01-22 15:49:45,184921,160687,1,1,49.99,19.49
10672,2014-01-22 16:07:47,184938,131031,3,1,45.99,14.49
10673,2014-01-22 16:52:09,184967,147185,1,1,49.99,19.49
10674,2014-01-22 16:55:50,184969,160726,1,1,49.99,19.49
10675,2014-01-22 17:40:28,184999,152765,1,1,49.99,19.49
10676,2014-01-22 18:13:33,185019,160764,1,2,109.98,41.98
10677,2014-01-22 18:48:27,185038,160779,1,1,49.99,19.49
10678,2014-01-22 19:05:09,185043,160784,3,1,45.99,14.49
10679,2014-01-22 19:23:55,185050,160789,1,1,49.99,19.49
10680,2014-01-22 20:06:00,185074,160809,1,1,49.99,19.49
10681,2014-01-22 21:26:11,185108,160838,1,1,49.99,19.49
10682,2014-01-22 21:52:31,185117,160845,1,1,49.99,19.49
10683,2014-01-23 00:05:33,185154,160880,1,1,49.99,19.49
10684,2014-01-23 02:10:35,185170,145424,1,1,49.99,19.49
10685,2014-01-23 05:30:23,185195,160914,1,1,49.99,19.49
10686,2014-01-23 06:00:31,185202,160921,3,1,45.99,14.49
10687,2014-01-23 06:19:47,185203,160922,3,1,45.99,14.49
10688,2014-01-23 07:21:40,185213,160932,1,1,49.99,19.49
10689,2014-01-23 07:27:04,185215,160933,2,1,59.99,22.49
10690,2014-01-23 09:37:55,185258,158490,1,1,49.99,19.49
10691,2014-01-23 10:04:43,185274,160981,1,1,49.99,19.49
10692,2014-01-23 10:07:22,185276,151545,1,1,49.99,19.49
10693,2014-01-23 10:25:06,185286,160990,1,1,49.99,19.49
10694,2014-01-23 11:06:13,185310,156582,3,1,45.99,14.49
10695,2014-01-23 11:10:37,185311,161012,2,1,59.99,22.49
10696,2014-01-23 11:28:43,185323,161024,1,1,49.99,19.49
10697,2014-01-23 11:49:03,185342,161041,1,1,49.99,19.49
10698,2014-01-23 12:36:22,185370,161066,1,1,49.99,19.49
10699,2014-01-23 12:55:24,185386,161081,2,1,59.99,22.49
10700,2014-01-23 13:21:03,185400,143001,1,2,109.98,41.98
10701,2014-01-23 13:39:46,185415,157924,1,1,49.99,19.49
10702,2014-01-23 13:52:02,185427,161111,1,1,49.99,19.49
10703,2014-01-23 14:02:22,185429,161112,1,1,49.99,19.49
10704,2014-01-23 14:04:14,185432,161115,1,2,95.98,33.98
10705,2014-01-23 14:04:21,185435,161118,1,1,49.99,19.49
10706,2014-01-23 14:07:57,185436,161119,1,1,49.99,19.49
10707,2014-01-23 14:19:05,185444,161126,1,1,49.99,19.49
10708,2014-01-23 14:56:11,185463,134390,1,1,49.99,19.49
10709,2014-01-23 15:07:05,185479,151766,1,1,49.99,19.49
10710,2014-01-23 15:24:55,185483,161155,2,1,59.99,22.49
10711,2014-01-23 16:11:21,185510,161178,1,1,49.99,19.49
10712,2014-01-23 16:20:09,185522,161188,2,1,59.99,22.49
10713,2014-01-23 16:35:52,185529,161192,1,1,49.99,19.49
10714,2014-01-23 16:37:18,185534,161197,3,1,45.99,14.49
10715,2014-01-23 17:03:11,185543,133831,1,1,49.99,19.49
10716,2014-01-23 17:08:54,185545,161206,2,1,59.99,22.49
10717,2014-01-23 17:10:35,185546,161207,1,1,49.99,19.49
10718,2014-01-23 17:22:35,185552,161212,1,1,49.99,19.49
10719,2014-01-23 17:57:24,185575,161232,1,1,49.99,19.49
10720,2014-01-23 18:17:33,185590,161243,1,1,49.99,19.49
10721,2014-01-23 18:48:38,185603,161252,1,1,49.99,19.49
10722,2014-01-23 18:52:19,185604,161253,1,1,49.99,19.49
10723,2014-01-23 18:59:27,185611,161259,1,1,49.99,19.49
10724,2014-01-23 19:00:08,185612,161260,1,1,49.99,19.49
10725,2014-01-23 20:58:07,185661,161299,3,1,45.99,14.49
10726,2014-01-23 21:07:21,185665,161303,1,1,49.99,19.49
10727,2014-01-23 23:03:47,185704,161333,1,1,49.99,19.49
10728,2014-01-23 23:27:50,185710,153848,2,1,59.99,22.49
10729,2014-01-23 23:56:39,185720,139741,1,1,49.99,19.49
10730,2014-01-24 01:40:16,185740,161362,3,1,45.99,14.49
10731,2014-01-24 02:30:43,185756,161374,1,1,49.99,19.49
10732,2014-01-24 04:48:09,185776,161387,1,1,49.99,19.49
10733,2014-01-24 06:16:37,185795,134544,1,1,49.99,19.49
10734,2014-01-24 07:47:38,185823,161424,3,1,45.99,14.49
10735,2014-01-24 08:20:03,185830,161430,1,1,49.99,19.49
10736,2014-01-24 08:36:33,185841,155101,1,2,95.98,33.98
10737,2014-01-24 09:16:14,185853,161447,1,1,49.99,19.49
10738,2014-01-24 09:18:36,185856,161450,1,1,49.99,19.49
10739,2014-01-24 09:45:13,185874,161459,1,1,49.99,19.49
10740,2014-01-24 09:50:29,185877,161462,1,1,49.99,19.49
10741,2014-01-24 10:33:17,185908,161484,2,1,59.99,22.49
10742,2014-01-24 10:38:37,185914,155150,1,1,49.99,19.49
10743,2014-01-24 11:17:25,185936,136972,1,1,49.99,19.49
10744,2014-01-24 11:25:19,185941,132382,1,1,49.99,19.49
10745,2014-01-24 11:36:23,185947,161514,1,1,49.99,19.49
10746,2014-01-24 12:00:36,185967,161533,1,1,49.99,19.49
10747,2014-01-24 12:29:52,185989,148144,1,1,49.99,19.49
10748,2014-01-24 12:46:50,185997,152851,2,1,59.99,22.49
10749,2014-01-24 13:57:15,186035,142539,1,1,49.99,19.49
10750,2014-01-24 14:30:48,186057,161611,2,1,59.99,22.49
10751,2014-01-24 15:03:26,186076,161627,1,1,49.99,19.49
10752,2014-01-24 15:08:16,186079,161630,1,1,49.99,19.49
10753,2014-01-24 15:16:34,186083,161634,3,2,95.98,33.98
10754,2014-01-24 15:24:31,186095,127245,1,1,49.99,19.49
10755,2014-01-24 15:35:21,186108,161654,1,1,49.99,19.49
10756,2014-01-24 16:26:39,186125,161669,1,1,49.99,19.49
10757,2014-01-24 17:09:12,186161,161698,1,1,49.99,19.49
10758,2014-01-24 17:32:22,186168,152000,1,1,49.99,19.49
10759,2014-01-24 17:44:06,186171,161706,3,1,45.99,14.49
10760,2014-01-24 18:04:31,186177,161711,2,1,59.99,22.49
10761,2014-01-24 19:19:25,186205,155456,1,1,49.99,19.49
10762,2014-01-24 21:12:41,186230,145393,1,1,49.99,19.49
10763,2014-01-24 23:19:22,186250,156814,1,1,49.99,19.49
10764,2014-01-24 23:45:45,186255,143048,1,1,49.99,19.49
10765,2014-01-25 00:25:06,186265,161781,2,1,59.99,22.49
10766,2014-01-25 09:14:30,186322,161827,1,1,49.99,19.49
10767,2014-01-25 09:32:56,186332,161835,1,2,95.98,33.98
10768,2014-01-25 11:04:04,186348,161846,1,1,49.99,19.49
10769,2014-01-25 11:15:01,186352,161849,1,1,49.99,19.49
10770,2014-01-25 11:28:46,186356,161853,1,1,49.99,19.49
10771,2014-01-25 11:39:38,186361,161857,1,1,49.99,19.49
10772,2014-01-25 12:40:38,186382,161875,1,1,49.99,19.49
10773,2014-01-25 13:11:54,186391,161883,1,1,49.99,19.49
10774,2014-01-25 13:15:28,186398,150212,1,1,49.99,19.49
10775,2014-01-25 13:52:28,186408,161896,2,1,59.99,22.49
10776,2014-01-25 14:50:31,186421,161904,2,1,59.99,22.49
10777,2014-01-25 14:54:06,186419,159236,1,1,49.99,19.49
10778,2014-01-25 14:58:27,186420,161903,1,1,49.99,19.49
10779,2014-01-25 15:34:20,186427,161910,2,1,59.99,22.49
10780,2014-01-25 15:47:07,186432,147580,2,1,59.99,22.49
10781,2014-01-25 15:52:46,186434,161916,3,1,45.99,14.49
10782,2014-01-25 15:54:10,186433,161915,1,1,49.99,19.49
10783,2014-01-25 16:41:33,186443,150495,1,1,49.99,19.49
10784,2014-01-25 17:01:39,186446,161926,1,1,49.99,19.49
10785,2014-01-25 19:19:34,186467,161940,1,1,49.99,19.49
10786,2014-01-25 20:50:58,186486,161954,1,1,49.99,19.49
10787,2014-01-26 00:23:46,186526,142145,1,2,109.98,41.98
10788,2014-01-26 01:32:52,186537,139147,2,1,59.99,22.49
10789,2014-01-26 05:29:55,186556,162017,1,1,49.99,19.49
10790,2014-01-26 09:01:29,186586,162044,2,1,59.99,22.49
10791,2014-01-26 10:36:52,186603,162058,2,1,59.99,22.49
10792,2014-01-26 11:32:08,186609,162063,1,1,49.99,19.49
10793,2014-01-26 11:32:18,186611,162065,3,1,45.99,14.49
10794,2014-01-26 13:33:59,186632,162084,2,1,59.99,22.49
10795,2014-01-26 15:09:26,186656,155266,3,1,45.99,14.49
10796,2014-01-26 15:51:56,186668,162109,3,1,45.99,14.49
10797,2014-01-26 15:58:47,186671,162111,1,1,49.99,19.49
10798,2014-01-26 16:58:57,186690,162128,1,1,49.99,19.49
10799,2014-01-26 17:40:09,186703,162140,2,1,59.99,22.49
10800,2014-01-26 17:47:02,186705,162142,1,1,49.99,19.49
10801,2014-01-26 17:59:16,186707,162143,3,1,45.99,14.49
10802,2014-01-26 19:22:05,186728,162161,3,1,45.99,14.49
10803,2014-01-26 21:06:13,186756,162185,1,1,49.99,19.49
10804,2014-01-26 21:13:09,186758,162187,2,1,59.99,22.49
10805,2014-01-26 22:17:42,186787,162214,3,1,45.99,14.49
10806,2014-01-26 23:36:47,186817,162239,1,1,49.99,19.49
10807,2014-01-26 23:51:24,186822,145956,1,2,95.98,33.98
10808,2014-01-26 23:52:10,186819,136252,1,1,49.99,19.49
10809,2014-01-26 23:53:25,186820,162241,1,1,49.99,19.49
10810,2014-01-27 00:27:08,186838,162256,1,1,49.99,19.49
10811,2014-01-27 02:32:02,186864,162278,1,2,95.98,33.98
10812,2014-01-27 03:59:59,186880,162289,1,2,95.98,33.98
10813,2014-01-27 05:27:29,186897,162304,1,1,49.99,19.49
10814,2014-01-27 06:25:43,186903,140272,2,1,59.99,22.49
10815,2014-01-27 07:18:51,186917,162321,1,2,109.98,41.98
10816,2014-01-27 07:20:55,186915,162319,3,2,105.98,36.98
10817,2014-01-27 07:36:42,186924,162328,1,1,49.99,19.49
10818,2014-01-27 07:41:44,186926,162329,1,1,49.99,19.49
10819,2014-01-27 07:43:37,186929,162332,1,2,95.98,33.98
10820,2014-01-27 07:44:28,186930,162333,1,1,49.99,19.49
10821,2014-01-27 08:06:10,186938,162341,2,1,59.99,22.49
10822,2014-01-27 08:49:58,186949,162351,1,1,49.99,19.49
10823,2014-01-27 09:05:19,186954,162355,1,1,49.99,19.49
10824,2014-01-27 09:52:41,186981,162376,1,1,49.99,19.49
10825,2014-01-27 09:53:21,186980,145927,2,2,109.98,41.98
10826,2014-01-27 10:24:08,186996,151851,1,1,49.99,19.49
10827,2014-01-27 11:12:52,187031,162418,1,2,95.98,33.98
10828,2014-01-27 11:54:52,187051,162435,1,1,49.99,19.49
10829,2014-01-27 12:03:45,187058,147379,1,1,49.99,19.49
10830,2014-01-27 12:40:03,187079,148958,1,2,95.98,33.98
10831,2014-01-27 12:49:23,187101,137228,3,1,45.99,14.49
10832,2014-01-27 12:53:32,187102,162480,1,1,49.99,19.49
10833,2014-01-27 12:54:42,187100,162479,2,1,59.99,22.49
10834,2014-01-27 13:21:50,187118,162494,2,1,59.99,22.49
10835,2014-01-27 13:22:00,187119,162495,1,1,49.99,19.49
10836,2014-01-27 13:31:52,187128,162503,1,1,49.99,19.49
10837,2014-01-27 13:33:37,187134,162507,2,1,59.99,22.49
10838,2014-01-27 13:36:17,187129,162504,3,1,45.99,14.49
10839,2014-01-27 13:50:09,187141,162514,3,1,45.99,14.49
10840,2014-01-27 14:40:04,187177,162545,1,1,49.99,19.49
10841,2014-01-27 14:51:58,187185,162550,1,1,49.99,19.49
10842,2014-01-27 14:58:27,187190,162554,1,1,49.99,19.49
10843,2014-01-27 15:05:03,187192,162555,1,1,49.99,19.49
10844,2014-01-27 15:17:18,187203,162563,1,1,49.99,19.49
10845,2014-01-27 15:31:57,187217,162575,1,1,49.99,19.49
10846,2014-01-27 15:34:18,187218,162576,1,1,49.99,19.49
10847,2014-01-27 16:55:34,187272,155163,2,1,59.99,22.49
10848,2014-01-27 17:44:25,187301,162642,1,2,95.98,33.98
10849,2014-01-27 18:07:06,187315,162654,1,1,49.99,19.49
10850,2014-01-27 18:40:55,187336,162673,3,1,45.99,14.49
10851,2014-01-27 19:05:52,187350,162684,1,2,95.98,33.98
10852,2014-01-27 19:16:37,187356,162690,1,1,49.99,19.49
10853,2014-01-27 20:21:18,187387,156575,1,1,49.99,19.49
10854,2014-01-27 20:34:06,187392,162720,1,1,49.99,19.49
10855,2014-01-27 20:50:20,187399,162725,1,1,49.99,19.49
10856,2014-01-27 20:50:40,187396,144263,1,1,49.99,19.49
10857,2014-01-27 21:28:46,187408,162733,3,1,45.99,14.49
10858,2014-01-27 22:11:38,187420,162742,1,1,49.99,19.49
10859,2014-01-28 00:08:44,187449,143651,1,1,49.99,19.49
10860,2014-01-28 01:16:16,187468,162779,1,1,49.99,19.49
10861,2014-01-28 05:16:39,187505,162807,1,1,49.99,19.49
10862,2014-01-28 05:35:44,187509,162811,2,2,105.98,36.98
10863,2014-01-28 06:11:06,187513,146116,1,1,49.99,19.49
10864,2014-01-28 07:35:42,187529,145344,1,1,49.99,19.49
10865,2014-01-28 09:18:49,187560,162856,2,1,59.99,22.49
10866,2014-01-28 09:26:17,187558,162855,1,2,109.98,41.98
10867,2014-01-28 09:58:55,187575,162871,1,1,49.99,19.49
10868,2014-01-28 10:15:25,187585,157684,3,1,45.99,14.49
10869,2014-01-28 10:32:14,187590,135586,3,1,45.99,14.49
10870,2014-01-28 10:34:45,187599,162890,3,1,45.99,14.49
10871,2014-01-28 11:14:47,187627,161302,1,2,95.98,33.98
10872,2014-01-28 11:41:08,187648,162925,1,1,49.99,19.49
10873,2014-01-28 11:54:05,187653,162928,3,1,45.99,14.49
10874,2014-01-28 12:16:24,187678,162952,3,1,45.99,14.49
10875,2014-01-28 12:23:21,187682,162955,1,1,49.99,19.49
10876,2014-01-28 12:48:05,187710,162982,1,1,49.99,19.49
10877,2014-01-28 13:42:05,187751,163018,1,2,95.98,33.98
10878,2014-01-28 14:23:27,187783,163041,1,1,49.99,19.49
10879,2014-01-28 14:24:40,187779,163038,1,1,49.99,19.49
10880,2014-01-28 14:26:15,187784,163042,1,1,49.99,19.49
10881,2014-01-28 14:43:26,187793,148645,3,1,45.99,14.49
10882,2014-01-28 15:00:51,187799,163051,1,1,49.99,19.49
10883,2014-01-28 15:05:59,187807,163057,1,1,49.99,19.49
10884,2014-01-28 15:33:32,187826,163073,1,1,49.99,19.49
10885,2014-01-28 15:56:12,187841,163086,1,1,49.99,19.49
10886,2014-01-28 15:58:36,187848,163092,2,1,59.99,22.49
10887,2014-01-28 16:09:57,187853,163096,1,2,109.98,41.98
10888,2014-01-28 16:43:01,187865,163107,3,1,45.99,14.49
10889,2014-01-28 17:45:15,187926,163165,1,2,109.98,41.98
10890,2014-01-28 17:50:05,187922,163162,3,1,45.99,14.49
10891,2014-01-28 19:38:21,187986,163219,1,1,49.99,19.49
10892,2014-01-28 20:22:37,188006,163235,1,1,49.99,19.49
10893,2014-01-28 20:34:03,188007,163236,1,1,49.99,19.49
10894,2014-01-28 21:03:55,188021,163248,3,1,45.99,14.49
10895,2014-01-28 22:25:22,188060,163281,1,1,49.99,19.49
10896,2014-01-28 22:51:36,188063,163284,3,1,45.99,14.49
10897,2014-01-28 23:15:54,188075,163292,2,1,59.99,22.49
10898,2014-01-29 02:05:32,188112,163328,1,1,49.99,19.49
10899,2014-01-29 04:28:52,188139,163350,1,1,49.99,19.49
10900,2014-01-29 07:15:18,188175,163376,1,2,109.98,41.98
10901,2014-01-29 07:51:43,188184,163385,1,1,49.99,19.49
10902,2014-01-29 09:59:07,188235,163429,2,1,59.99,22.49
10903,2014-01-29 10:16:30,188256,148116,2,1,59.99,22.49
10904,2014-01-29 10:29:42,188269,163457,1,1,49.99,19.49
10905,2014-01-29 10:36:16,188278,163466,1,2,95.98,33.98
10906,2014-01-29 11:04:29,188289,163473,1,1,49.99,19.49
10907,2014-01-29 11:36:12,188309,163490,1,1,49.99,19.49
10908,2014-01-29 11:58:49,188332,163508,1,1,49.99,19.49
10909,2014-01-29 12:03:17,188336,163512,2,1,59.99,22.49
10910,2014-01-29 12:07:14,188340,151217,3,2,105.98,36.98
10911,2014-01-29 12:41:19,188363,161111,1,1,49.99,19.49
10912,2014-01-29 12:44:48,188367,163539,1,1,49.99,19.49
10913,2014-01-29 12:55:50,188381,163550,1,1,49.99,19.49
10914,2014-01-29 13:47:19,188419,163583,1,1,49.99,19.49
10915,2014-01-29 13:54:24,188431,163592,1,1,49.99,19.49
10916,2014-01-29 13:59:54,188441,163600,3,1,45.99,14.49
10917,2014-01-29 14:08:43,188448,163605,3,1,45.99,14.49
10918,2014-01-29 14:43:32,188470,163624,1,1,49.99,19.49
10919,2014-01-29 14:45:25,188471,163625,2,1,59.99,22.49
10920,2014-01-29 15:10:16,188490,157274,2,1,59.99,22.49
10921,2014-01-29 15:16:24,188503,163654,1,1,49.99,19.49
10922,2014-01-29 16:28:28,188554,163693,3,1,45.99,14.49
10923,2014-01-29 17:07:34,188591,136079,1,1,49.99,19.49
10924,2014-01-29 17:13:01,188590,163724,3,1,45.99,14.49
10925,2014-01-29 17:15:08,188600,145082,1,1,49.99,19.49
10926,2014-01-29 18:17:34,188630,163756,3,2,105.98,36.98
10927,2014-01-29 19:09:27,188657,163780,1,1,49.99,19.49
10928,2014-01-29 19:09:44,188659,163781,2,1,59.99,22.49
10929,2014-01-29 19:56:10,188689,149027,2,1,59.99,22.49
10930,2014-01-29 20:33:28,188704,163818,1,1,49.99,19.49
10931,2014-01-29 21:35:35,188725,163835,1,1,49.99,19.49
10932,2014-01-29 22:58:26,188770,163874,1,1,49.99,19.49
10933,2014-01-30 00:57:39,188804,163902,3,1,45.99,14.49
10934,2014-01-30 03:26:34,188829,163923,1,1,49.99,19.49
10935,2014-01-30 03:50:50,188834,163927,2,1,59.99,22.49
10936,2014-01-30 05:16:54,188851,163942,1,1,49.99,19.49
10937,2014-01-30 05:25:50,188856,145496,1,1,49.99,19.49
10938,2014-01-30 05:33:27,188859,157451,1,1,49.99,19.49
10939,2014-01-30 05:52:40,188867,163954,3,1,45.99,14.49
10940,2014-01-30 07:50:15,188898,145308,1,1,49.99,19.49
10941,2014-01-30 08:35:29,188920,164001,1,1,49.99,19.49
10942,2014-01-30 09:35:54,188956,145809,3,1,45.99,14.49
10943,2014-01-30 09:38:55,188959,164035,3,1,45.99,14.49
10944,2014-01-30 09:44:22,188962,164038,1,1,49.99,19.49
10945,2014-01-30 09:48:33,188966,164040,3,1,45.99,14.49
10946,2014-01-30 09:56:43,188967,164041,1,2,109.98,41.98
10947,2014-01-30 10:07:18,188974,164047,1,1,49.99,19.49
10948,2014-01-30 10:08:00,188977,164049,1,1,49.99,19.49
10949,2014-01-30 10:29:55,188993,164064,1,1,49.99,19.49
10950,2014-01-30 10:57:17,189010,164076,2,1,59.99,22.49
10951,2014-01-30 11:08:40,189016,137644,1,1,49.99,19.49
10952,2014-01-30 11:14:12,189020,164084,1,1,49.99,19.49
10953,2014-01-30 11:14:18,189023,161826,2,1,59.99,22.49
10954,2014-01-30 11:15:23,189026,164089,1,1,49.99,19.49
10955,2014-01-30 13:09:42,189102,164146,1,1,49.99,19.49
10956,2014-01-30 13:13:02,189105,125774,2,1,59.99,22.49
10957,2014-01-30 13:23:19,189116,164157,1,1,49.99,19.49
10958,2014-01-30 13:27:49,189110,164152,1,1,49.99,19.49
10959,2014-01-30 13:30:20,189113,135773,1,1,49.99,19.49
10960,2014-01-30 13:51:18,189136,164175,1,2,95.98,33.98
10961,2014-01-30 13:58:43,189142,164180,1,1,49.99,19.49
10962,2014-01-30 14:29:46,189163,164196,3,1,45.99,14.49
10963,2014-01-30 14:59:47,189182,140862,1,1,49.99,19.49
10964,2014-01-30 15:04:09,189183,164211,2,1,59.99,22.49
10965,2014-01-30 16:36:37,189245,164263,1,1,49.99,19.49
10966,2014-01-30 16:55:56,189259,164275,2,1,59.99,22.49
10967,2014-01-30 17:01:16,189266,164282,3,2,95.98,33.98
10968,2014-01-30 17:03:49,189269,164285,1,1,49.99,19.49
10969,2014-01-30 18:47:11,189327,164326,1,1,49.99,19.49
10970,2014-01-30 20:21:29,189362,164358,3,1,45.99,14.49
10971,2014-01-30 20:31:00,189367,164363,1,1,49.99,19.49
10972,2014-01-30 21:18:11,189389,164381,1,1,49.99,19.49
10973,2014-01-30 21:29:23,189393,160287,1,1,49.99,19.49
10974,2014-01-30 21:33:39,189397,164387,1,2,95.98,33.98
10975,2014-01-30 22:11:36,189419,164407,1,1,49.99,19.49
10976,2014-01-31 00:42:14,189457,164441,1,2,95.98,33.98
10977,2014-01-31 01:17:04,189462,164446,1,1,49.99,19.49
10978,2014-01-31 01:20:47,189463,164447,1,2,95.98,33.98
10979,2014-01-31 02:28:52,189480,136221,3,1,45.99,14.49
10980,2014-01-31 02:48:19,189483,143914,1,1,49.99,19.49
10981,2014-01-31 03:32:12,189495,154137,1,1,49.99,19.49
10982,2014-01-31 03:37:20,189496,164471,1,1,49.99,19.49
10983,2014-01-31 04:13:35,189499,164473,1,2,95.98,33.98
10984,2014-01-31 07:12:15,189523,164496,2,1,59.99,22.49
10985,2014-01-31 07:46:03,189532,145090,1,2,109.98,41.98
10986,2014-01-31 08:11:49,189545,164515,2,1,59.99,22.49
10987,2014-01-31 08:25:42,189549,164519,2,1,59.99,22.49
10988,2014-01-31 08:44:26,189560,137635,1,2,95.98,33.98
10989,2014-01-31 08:44:27,189558,164525,1,1,49.99,19.49
10990,2014-01-31 09:04:55,189569,164533,1,1,49.99,19.49
10991,2014-01-31 09:10:39,189571,164535,1,1,49.99,19.49
10992,2014-01-31 09:28:16,189588,164546,1,1,49.99,19.49
10993,2014-01-31 09:45:24,189597,164551,2,1,59.99,22.49
10994,2014-01-31 09:59:22,189603,153580,1,1,49.99,19.49
10995,2014-01-31 10:09:20,189610,164560,1,1,49.99,19.49
10996,2014-01-31 10:42:49,189635,164581,2,1,59.99,22.49
10997,2014-01-31 11:31:36,189665,164609,1,1,49.99,19.49
10998,2014-01-31 11:51:22,189690,164631,3,1,45.99,14.49
10999,2014-01-31 11:55:09,189691,134997,1,1,49.99,19.49
11000,2014-01-31 11:56:20,189704,164644,1,1,49.99,19.49
11001,2014-01-31 12:05:11,189701,164641,1,1,49.99,19.49
11002,2014-01-31 12:06:26,189706,164646,2,1,59.99,22.49
11003,2014-01-31 13:31:02,189759,136690,2,1,59.99,22.49
11004,2014-01-31 13:33:39,189763,164688,1,1,49.99,19.49
11005,2014-01-31 13:36:13,189765,161474,3,1,45.99,14.49
11006,2014-01-31 14:00:13,189778,164699,2,1,59.99,22.49
11007,2014-01-31 14:22:54,189788,164708,1,1,49.99,19.49
11008,2014-01-31 14:34:08,189804,164721,1,1,49.99,19.49
11009,2014-01-31 15:31:11,189849,157301,1,2,95.98,33.98
11010,2014-01-31 15:52:47,189859,138183,2,1,59.99,22.49
11011,2014-01-31 16:35:49,189890,152953,1,1,49.99,19.49
11012,2014-01-31 18:24:22,189954,150491,1,1,49.99,19.49
11013,2014-01-31 20:44:18,190022,164902,1,1,49.99,19.49
11014,2014-01-31 22:17:36,190053,164929,1,2,95.98,33.98
11015,2014-01-31 22:48:29,190063,135234,3,2,95.98,33.98
11016,2014-02-01 00:08:14,190076,164949,2,1,59.99,22.49
11017,2014-02-01 03:23:16,190109,139119,1,1,49.99,19.49
11018,2014-02-01 04:08:28,190115,164980,1,2,95.98,33.98
11019,2014-02-01 04:17:11,190118,164982,1,2,109.98,41.98
11020,2014-02-01 06:53:07,190133,148462,3,1,45.99,14.49
11021,2014-02-01 07:45:17,190139,164999,1,1,49.99,19.49
11022,2014-02-01 09:03:30,190154,165012,3,1,45.99,14.49
11023,2014-02-01 10:07:32,190169,155998,1,2,95.98,33.98
11024,2014-02-01 11:34:57,190193,147671,1,2,109.98,41.98
11025,2014-02-01 14:37:57,190238,165079,2,1,59.99,22.49
11026,2014-02-01 15:30:08,190254,165092,1,1,49.99,19.49
11027,2014-02-01 15:57:50,190264,165099,2,1,59.99,22.49
11028,2014-02-01 16:36:24,190274,165108,1,1,49.99,19.49
11029,2014-02-01 16:58:48,190281,165113,1,2,109.98,41.98
11030,2014-02-01 17:03:24,190283,165115,3,1,45.99,14.49
11031,2014-02-01 18:07:36,190299,165131,3,1,45.99,14.49
11032,2014-02-01 18:09:16,190300,165132,1,1,49.99,19.49
11033,2014-02-01 20:36:24,190332,165158,2,1,59.99,22.49
11034,2014-02-01 23:03:19,190353,165174,1,1,49.99,19.49
11035,2014-02-02 00:15:34,190364,165184,1,1,49.99,19.49
11036,2014-02-02 01:06:57,190369,165189,1,2,109.98,41.98
11037,2014-02-02 02:27:23,190381,165198,1,1,49.99,19.49
11038,2014-02-02 05:14:26,190405,165214,1,1,49.99,19.49
11039,2014-02-02 08:41:20,190441,165249,2,1,59.99,22.49
11040,2014-02-02 09:27:14,190446,165253,1,1,49.99,19.49
11041,2014-02-02 09:50:26,190454,165259,3,1,45.99,14.49
11042,2014-02-02 10:32:43,190459,165263,1,1,49.99,19.49
11043,2014-02-02 12:09:00,190477,165279,1,1,49.99,19.49
11044,2014-02-02 12:14:42,190479,165281,3,1,45.99,14.49
11045,2014-02-02 12:35:22,190486,165288,1,1,49.99,19.49
11046,2014-02-02 15:59:51,190523,165319,1,1,49.99,19.49
11047,2014-02-02 16:28:16,190533,165328,1,1,49.99,19.49
11048,2014-02-02 18:28:33,190569,165361,1,2,109.98,41.98
11049,2014-02-02 19:11:23,190576,165367,1,2,95.98,33.98
11050,2014-02-02 20:07:45,190584,165374,1,1,49.99,19.49
11051,2014-02-02 21:43:21,190603,165390,3,2,105.98,36.98
11052,2014-02-03 01:12:07,190666,165444,1,1,49.99,19.49
11053,2014-02-03 01:28:12,190669,165446,2,1,59.99,22.49
11054,2014-02-03 01:40:11,190676,165450,3,2,95.98,33.98
11055,2014-02-03 02:21:34,190684,165458,1,1,49.99,19.49
11056,2014-02-03 02:38:00,190687,165460,1,1,49.99,19.49
11057,2014-02-03 02:44:28,190690,145609,1,1,49.99,19.49
11058,2014-02-03 05:09:38,190710,156954,1,1,49.99,19.49
11059,2014-02-03 06:20:10,190730,165496,3,2,105.98,36.98
11060,2014-02-03 07:18:08,190741,165506,1,1,49.99,19.49
11061,2014-02-03 08:37:41,190765,165525,1,1,49.99,19.49
11062,2014-02-03 10:23:28,190812,142713,1,1,49.99,19.49
11063,2014-02-03 12:23:11,190896,165634,2,1,59.99,22.49
11064,2014-02-03 13:52:39,190949,165681,1,1,49.99,19.49
11065,2014-02-03 14:36:35,190972,165701,1,1,49.99,19.49
11066,2014-02-03 15:10:50,191002,150698,1,1,49.99,19.49
11067,2014-02-03 15:13:23,191004,165727,1,1,49.99,19.49
11068,2014-02-03 15:17:09,191010,165732,1,1,49.99,19.49
11069,2014-02-03 15:20:30,191015,165737,3,1,45.99,14.49
11070,2014-02-03 15:45:22,191026,165747,3,1,45.99,14.49
11071,2014-02-03 16:09:53,191040,165758,1,1,49.99,19.49
11072,2014-02-03 16:28:44,191054,139550,3,1,45.99,14.49
11073,2014-02-03 16:33:35,191055,148125,1,1,49.99,19.49
11074,2014-02-03 16:47:24,191064,165778,3,1,45.99,14.49
11075,2014-02-03 17:46:10,191092,165803,1,2,95.98,33.98
11076,2014-02-03 17:54:38,191099,149996,1,1,49.99,19.49
11077,2014-02-03 18:19:13,191109,165816,1,1,49.99,19.49
11078,2014-02-03 18:31:03,191117,153615,3,1,45.99,14.49
11079,2014-02-03 19:20:33,191135,165836,2,1,59.99,22.49
11080,2014-02-03 19:49:08,191149,154377,1,1,49.99,19.49
11081,2014-02-03 19:59:53,191152,165851,1,1,49.99,19.49
11082,2014-02-03 20:06:02,191155,165854,1,2,95.98,33.98
11083,2014-02-03 20:50:11,191175,165871,3,1,45.99,14.49
11084,2014-02-03 21:28:45,191188,165881,1,2,95.98,33.98
11085,2014-02-03 22:32:13,191208,165899,2,1,59.99,22.49
11086,2014-02-03 23:19:27,191225,149480,1,1,49.99,19.49
11087,2014-02-03 23:33:13,191233,165921,1,1,49.99,19.49
11088,2014-02-04 00:44:19,191252,165937,1,1,49.99,19.49
11089,2014-02-04 01:06:49,191264,165946,2,1,59.99,22.49
11090,2014-02-04 01:18:25,191266,165948,2,2,109.98,41.98
11091,2014-02-04 03:20:27,191289,141619,2,1,59.99,22.49
11092,2014-02-04 04:48:50,191303,165977,2,1,59.99,22.49
11093,2014-02-04 07:09:40,191329,165998,1,1,49.99,19.49
11094,2014-02-04 07:12:25,191325,144766,1,2,109.98,41.98
11095,2014-02-04 07:41:36,191339,166006,1,1,49.99,19.49
11096,2014-02-04 08:00:13,191342,140664,1,1,49.99,19.49
11097,2014-02-04 08:17:01,191346,153642,3,1,45.99,14.49
11098,2014-02-04 08:23:32,191348,166012,1,1,49.99,19.49
11099,2014-02-04 08:25:32,191350,142410,1,2,109.98,41.98
11100,2014-02-04 09:13:45,191371,166028,1,1,49.99,19.49
11101,2014-02-04 09:17:37,191369,140858,2,1,59.99,22.49
11102,2014-02-04 09:48:24,191387,136916,3,1,45.99,14.49
11103,2014-02-04 10:14:22,191401,166052,3,1,45.99,14.49
11104,2014-02-04 10:23:38,191404,156743,1,1,49.99,19.49
11105,2014-02-04 10:31:17,191416,132741,1,1,49.99,19.49
11106,2014-02-04 10:50:49,191429,166073,1,1,49.99,19.49
11107,2014-02-04 11:06:52,191451,146516,1,1,49.99,19.49
11108,2014-02-04 11:37:05,191473,139059,2,1,59.99,22.49
11109,2014-02-04 11:42:49,191481,164563,1,1,49.99,19.49
11110,2014-02-04 11:45:37,191482,166116,3,2,95.98,33.98
11111,2014-02-04 12:02:48,191495,166126,2,1,59.99,22.49
11112,2014-02-04 12:34:31,191513,166143,1,1,49.99,19.49
11113,2014-02-04 12:51:19,191518,166147,1,1,49.99,19.49
11114,2014-02-04 13:00:27,191533,156245,1,1,49.99,19.49
11115,2014-02-04 13:20:39,191547,166173,3,1,45.99,14.49
11116,2014-02-04 13:25:48,191548,166174,2,1,59.99,22.49
11117,2014-02-04 14:14:40,191585,166206,1,2,95.98,33.98
11118,2014-02-04 14:34:39,191599,166217,1,2,109.98,41.98
11119,2014-02-04 14:40:31,191596,166214,2,1,59.99,22.49
11120,2014-02-04 15:17:29,191624,166238,1,1,49.99,19.49
11121,2014-02-04 16:01:11,191663,134641,1,1,49.99,19.49
11122,2014-02-04 16:02:16,191660,128159,2,1,59.99,22.49
11123,2014-02-04 16:30:17,191687,152251,2,1,59.99,22.49
11124,2014-02-04 16:38:13,191696,166294,1,1,49.99,19.49
11125,2014-02-04 16:50:16,191703,166300,1,1,49.99,19.49
11126,2014-02-04 17:00:45,191708,161792,2,1,59.99,22.49
11127,2014-02-04 17:28:14,191725,145599,1,1,49.99,19.49
11128,2014-02-04 17:28:41,191726,150828,1,1,49.99,19.49
11129,2014-02-04 17:29:23,191724,166314,3,1,45.99,14.49
11130,2014-02-04 17:31:04,191730,166318,3,1,45.99,14.49
11131,2014-02-04 17:41:33,191735,166323,1,1,49.99,19.49
11132,2014-02-04 19:27:07,191786,163220,1,1,49.99,19.49
11133,2014-02-04 19:49:47,191797,166373,1,1,49.99,19.49
11134,2014-02-04 20:02:58,191807,166380,1,1,49.99,19.49
11135,2014-02-04 20:47:21,191828,166399,1,1,49.99,19.49
11136,2014-02-04 22:16:21,191857,166422,3,1,45.99,14.49
11137,2014-02-04 22:21:17,191858,166423,1,2,95.98,33.98
11138,2014-02-05 01:20:31,191920,166478,2,1,59.99,22.49
11139,2014-02-05 03:35:46,191940,163313,1,1,49.99,19.49
11140,2014-02-05 04:13:02,191948,166503,1,1,49.99,19.49
11141,2014-02-05 05:27:32,191966,166518,1,1,49.99,19.49
11142,2014-02-05 05:52:27,191968,166520,1,2,95.98,33.98
11143,2014-02-05 08:00:05,191994,166541,3,1,45.99,14.49
11144,2014-02-05 08:08:12,191996,166542,2,1,59.99,22.49
11145,2014-02-05 08:45:45,192013,149269,1,1,49.99,19.49
11146,2014-02-05 09:33:02,192045,138112,1,1,49.99,19.49
11147,2014-02-05 09:55:28,192059,166592,1,1,49.99,19.49
11148,2014-02-05 11:02:39,192112,166638,2,2,89.98,31.98
11149,2014-02-05 12:15:56,192175,166694,1,2,79.98,28.98
11150,2014-02-05 13:07:28,192214,166729,3,2,75.98,23.98
11151,2014-02-05 13:28:50,192234,166744,3,1,45.99,14.49
11152,2014-02-05 13:32:46,192239,166749,1,2,79.98,28.98
11153,2014-02-05 13:45:17,192254,132665,3,2,75.98,23.98
11154,2014-02-05 14:22:14,192276,166780,1,2,79.98,28.98
11155,2014-02-05 14:39:15,192297,166799,1,1,49.99,19.49
11156,2014-02-05 16:03:03,192346,166840,1,2,79.98,28.98
11157,2014-02-05 16:10:25,192350,166842,1,2,95.98,33.98
11158,2014-02-05 16:37:58,192379,166865,1,1,49.99,19.49
11159,2014-02-05 16:39:48,192380,166866,1,1,49.99,19.49
11160,2014-02-05 17:36:49,192413,166896,2,1,59.99,22.49
11161,2014-02-05 19:07:55,192464,166940,1,1,49.99,19.49
11162,2014-02-05 19:19:09,192465,166941,1,2,79.98,28.98
11163,2014-02-05 20:44:53,192499,141657,1,2,79.98,28.98
11164,2014-02-05 20:57:33,192503,166974,3,1,45.99,14.49
11165,2014-02-05 23:42:45,192555,167022,2,2,89.98,31.98
11166,2014-02-06 00:15:49,192568,167031,1,1,49.99,19.49
11167,2014-02-06 00:30:23,192570,167033,1,1,49.99,19.49
11168,2014-02-06 00:42:59,192574,167036,1,1,49.99,19.49
11169,2014-02-06 00:44:00,192575,167037,2,2,89.98,31.98
11170,2014-02-06 01:14:37,192579,167041,3,2,75.98,23.98
11171,2014-02-06 03:39:46,192594,167055,3,1,45.99,14.49
11172,2014-02-06 04:27:53,192601,167062,3,2,95.98,33.98
11173,2014-02-06 04:43:33,192607,167068,3,2,75.98,23.98
11174,2014-02-06 06:23:50,192633,167091,1,1,49.99,19.49
11175,2014-02-06 07:14:23,192646,133822,2,1,59.99,22.49
11176,2014-02-06 08:00:48,192661,123445,2,1,59.99,22.49
11177,2014-02-06 08:48:26,192678,167127,3,2,75.98,23.98
11178,2014-02-06 09:04:06,192686,167135,1,1,49.99,19.49
11179,2014-02-06 09:42:05,192705,167151,1,1,49.99,19.49
11180,2014-02-06 09:55:19,192708,140024,1,2,79.98,28.98
11181,2014-02-06 09:57:26,192710,167155,2,1,59.99,22.49
11182,2014-02-06 10:25:59,192735,167179,1,1,49.99,19.49
11183,2014-02-06 11:01:13,192754,167197,2,2,89.98,31.98
11184,2014-02-06 12:02:54,192799,145369,2,2,105.98,36.98
11185,2014-02-06 12:15:14,192810,167245,2,1,59.99,22.49
11186,2014-02-06 12:23:24,192816,167251,3,2,75.98,23.98
11187,2014-02-06 12:31:14,192824,167259,1,1,49.99,19.49
11188,2014-02-06 12:50:25,192840,141586,1,1,49.99,19.49
11189,2014-02-06 12:52:28,192835,167268,1,1,49.99,19.49
11190,2014-02-06 12:59:38,192852,167283,1,2,79.98,28.98
11191,2014-02-06 13:04:03,192861,167291,3,1,45.99,14.49
11192,2014-02-06 13:42:37,192896,167322,1,1,49.99,19.49
11193,2014-02-06 14:11:22,192921,167343,1,2,95.98,33.98
11194,2014-02-06 14:16:44,192926,167347,1,1,49.99,19.49
11195,2014-02-06 15:43:39,192984,167397,1,1,49.99,19.49
11196,2014-02-06 16:01:58,192995,167406,2,1,59.99,22.49
11197,2014-02-06 16:54:23,193034,167443,1,1,49.99,19.49
11198,2014-02-06 17:28:27,193052,167459,1,2,95.98,33.98
11199,2014-02-06 17:42:59,193066,160190,1,1,49.99,19.49
11200,2014-02-06 17:46:03,193071,167474,2,2,89.98,31.98
11201,2014-02-06 18:02:04,193082,167484,1,2,95.98,33.98
11202,2014-02-06 18:07:43,193085,167486,1,2,95.98,33.98
11203,2014-02-06 18:33:58,193097,167496,3,1,45.99,14.49
11204,2014-02-06 18:57:28,193114,167510,1,2,109.98,41.98
11205,2014-02-06 20:54:26,193155,167544,1,1,49.99,19.49
11206,2014-02-06 21:12:54,193160,167549,3,2,75.98,23.98
11207,2014-02-06 21:22:09,193165,167553,1,1,49.99,19.49
11208,2014-02-06 23:01:23,193197,167579,1,2,95.98,33.98
11209,2014-02-06 23:19:06,193203,167585,1,1,49.99,19.49
11210,2014-02-06 23:58:28,193211,167593,1,1,49.99,19.49
11211,2014-02-07 03:53:19,193252,151939,1,1,49.99,19.49
11212,2014-02-07 04:42:35,193259,167628,2,1,59.99,22.49
11213,2014-02-07 07:16:55,193290,164226,1,1,49.99,19.49
11214,2014-02-07 10:07:19,193357,167713,1,2,79.98,28.98
11215,2014-02-07 10:11:18,193369,146979,2,1,59.99,22.49
11216,2014-02-07 10:28:37,193382,167734,3,1,45.99,14.49
11217,2014-02-07 11:42:09,193422,167770,1,1,49.99,19.49
11218,2014-02-07 12:07:43,193439,167785,1,1,49.99,19.49
11219,2014-02-07 12:32:28,193461,141111,3,2,75.98,23.98
11220,2014-02-07 12:46:35,193470,167808,1,1,49.99,19.49
11221,2014-02-07 13:58:30,193530,165162,1,2,95.98,33.98
11222,2014-02-07 14:22:18,193543,167864,1,1,49.99,19.49
11223,2014-02-07 14:35:13,193554,167874,1,2,109.98,41.98
11224,2014-02-07 15:29:37,193584,167899,1,2,79.98,28.98
11225,2014-02-07 16:21:09,193618,167928,1,1,49.99,19.49
11226,2014-02-07 17:21:39,193655,167958,1,2,95.98,33.98
11227,2014-02-07 17:25:59,193656,128617,1,1,49.99,19.49
11228,2014-02-07 17:45:34,193672,167970,2,2,109.98,41.98
11229,2014-02-07 19:15:32,193703,167999,1,1,49.99,19.49
11230,2014-02-07 19:19:45,193708,168003,1,1,49.99,19.49
11231,2014-02-07 22:19:06,193746,168035,1,1,49.99,19.49
11232,2014-02-07 22:50:03,193750,168039,1,1,49.99,19.49
11233,2014-02-07 23:13:10,193761,168047,1,1,49.99,19.49
11234,2014-02-08 00:44:53,193787,168069,1,1,49.99,19.49
11235,2014-02-08 03:08:42,193807,149161,1,1,49.99,19.49
11236,2014-02-08 03:19:09,193811,168085,1,1,49.99,19.49
11237,2014-02-08 05:05:18,193822,168094,1,1,49.99,19.49
11238,2014-02-08 05:06:51,193821,168093,1,1,49.99,19.49
11239,2014-02-08 06:37:51,193829,168101,1,1,49.99,19.49
11240,2014-02-08 06:54:05,193832,168104,1,2,79.98,28.98
11241,2014-02-08 10:19:06,193882,142690,2,2,105.98,36.98
11242,2014-02-08 11:47:45,193903,168161,1,2,79.98,28.98
11243,2014-02-08 12:38:11,193918,129986,3,1,45.99,14.49
11244,2014-02-08 12:54:10,193927,168179,1,2,109.98,41.98
11245,2014-02-08 13:52:41,193939,168189,1,2,79.98,28.98
11246,2014-02-08 14:37:48,193949,168199,1,2,79.98,28.98
11247,2014-02-08 15:06:24,193961,168209,1,2,79.98,28.98
11248,2014-02-08 15:20:39,193968,168216,1,1,49.99,19.49
11249,2014-02-08 16:16:22,193983,168230,1,1,49.99,19.49
11250,2014-02-08 16:43:11,193988,168235,1,1,49.99,19.49
11251,2014-02-08 18:00:32,194006,168251,3,1,45.99,14.49
11252,2014-02-08 21:21:02,194050,168287,1,1,49.99,19.49
11253,2014-02-08 22:33:20,194069,142935,1,1,49.99,19.49
11254,2014-02-09 00:15:39,194095,140454,1,2,79.98,28.98
11255,2014-02-09 00:31:04,194098,149793,2,2,89.98,31.98
11256,2014-02-09 00:38:51,194100,168328,2,1,59.99,22.49
11257,2014-02-09 03:31:00,194121,168345,2,2,89.98,31.98
11258,2014-02-09 03:34:38,194123,168347,2,1,59.99,22.49
11259,2014-02-09 04:17:21,194127,168351,2,1,59.99,22.49
11260,2014-02-09 04:43:17,194128,168352,3,1,45.99,14.49
11261,2014-02-09 06:24:16,194140,168363,3,1,45.99,14.49
11262,2014-02-09 11:49:35,194211,168425,1,2,95.98,33.98
11263,2014-02-09 12:53:52,194226,168437,2,1,59.99,22.49
11264,2014-02-09 14:49:26,194255,168464,2,1,59.99,22.49
11265,2014-02-09 15:02:12,194257,168466,2,1,59.99,22.49
11266,2014-02-09 15:11:09,194267,168474,1,1,49.99,19.49
11267,2014-02-09 17:32:58,194325,168522,1,2,79.98,28.98
11268,2014-02-09 18:09:09,194333,168530,2,1,59.99,22.49
11269,2014-02-09 18:54:15,194344,168540,1,1,49.99,19.49
11270,2014-02-09 20:07:21,194362,168553,2,1,59.99,22.49
11271,2014-02-09 20:17:45,194368,168559,2,1,59.99,22.49
11272,2014-02-09 22:24:15,194426,168613,1,1,49.99,19.49
11273,2014-02-09 22:58:13,194439,168624,2,1,59.99,22.49
11274,2014-02-10 00:09:18,194465,168648,2,1,59.99,22.49
11275,2014-02-10 00:21:20,194470,168653,2,2,89.98,31.98
11276,2014-02-10 03:42:24,194520,168696,2,1,59.99,22.49
11277,2014-02-10 06:20:00,194553,168726,2,1,59.99,22.49
11278,2014-02-10 06:23:54,194557,168730,2,1,59.99,22.49
11279,2014-02-10 06:28:03,194561,168733,2,1,59.99,22.49
11280,2014-02-10 06:59:10,194571,168742,2,1,59.99,22.49
11281,2014-02-10 07:48:45,194587,168755,1,1,49.99,19.49
11282,2014-02-10 08:10:36,194596,160543,3,1,45.99,14.49
11283,2014-02-10 08:29:54,194611,168776,2,1,59.99,22.49
11284,2014-02-10 08:44:40,194620,168785,3,1,45.99,14.49
11285,2014-02-10 09:07:25,194625,168790,2,1,59.99,22.49
11286,2014-02-10 09:14:06,194630,168794,2,1,59.99,22.49
11287,2014-02-10 09:50:17,194661,168821,2,1,59.99,22.49
11288,2014-02-10 10:08:36,194676,168833,3,2,75.98,23.98
11289,2014-02-10 10:09:10,194672,168829,2,1,59.99,22.49
11290,2014-02-10 10:10:39,194680,168837,2,1,59.99,22.49
11291,2014-02-10 10:17:38,194686,168842,3,2,75.98,23.98
11292,2014-02-10 10:32:35,194702,166766,2,1,59.99,22.49
11293,2014-02-10 10:37:25,194697,168851,2,2,89.98,31.98
11294,2014-02-10 10:43:21,194707,168859,2,1,59.99,22.49
11295,2014-02-10 10:52:01,194717,168867,2,2,89.98,31.98
11296,2014-02-10 11:27:33,194752,168901,2,1,59.99,22.49
11297,2014-02-10 11:37:04,194763,168910,2,1,59.99,22.49
11298,2014-02-10 11:37:55,194764,152005,2,2,89.98,31.98
11299,2014-02-10 11:49:40,194769,148667,2,1,59.99,22.49
11300,2014-02-10 12:10:59,194789,168929,3,1,45.99,14.49
11301,2014-02-10 12:28:45,194808,130559,2,1,59.99,22.49
11302,2014-02-10 12:31:50,194813,168951,2,1,59.99,22.49
11303,2014-02-10 12:56:07,194832,168964,2,2,89.98,31.98
11304,2014-02-10 13:47:55,194869,168999,2,1,59.99,22.49
11305,2014-02-10 14:02:11,194890,169020,1,1,49.99,19.49
11306,2014-02-10 14:22:49,194908,163003,2,1,59.99,22.49
11307,2014-02-10 14:33:34,194922,169045,1,2,79.98,28.98
11308,2014-02-10 14:43:16,194927,157433,2,2,89.98,31.98
11309,2014-02-10 15:50:42,194988,169102,3,1,45.99,14.49
11310,2014-02-10 16:17:46,195008,169121,2,1,59.99,22.49
11311,2014-02-10 16:18:51,195009,169122,2,1,59.99,22.49
11312,2014-02-10 16:19:16,195010,169123,2,2,89.98,31.98
11313,2014-02-10 16:46:02,195030,169143,1,1,49.99,19.49
11314,2014-02-10 17:01:51,195051,169163,2,1,59.99,22.49
11315,2014-02-10 17:27:07,195072,169182,2,1,59.99,22.49
11316,2014-02-10 17:53:35,195091,169199,3,1,45.99,14.49
11317,2014-02-10 17:55:26,195099,169206,1,2,79.98,28.98
11318,2014-02-10 17:57:23,195096,169203,1,2,95.98,33.98
11319,2014-02-10 18:02:23,195103,169210,2,1,59.99,22.49
11320,2014-02-10 18:09:04,195107,169214,2,1,59.99,22.49
11321,2014-02-10 18:35:01,195130,169233,2,1,59.99,22.49
11322,2014-02-10 19:23:03,195148,169248,2,1,59.99,22.49
11323,2014-02-10 19:45:01,195163,169260,2,1,59.99,22.49
11324,2014-02-10 19:56:16,195170,160849,2,2,89.98,31.98
11325,2014-02-10 20:11:24,195178,169273,2,1,59.99,22.49
11326,2014-02-10 20:52:08,195201,169287,2,2,105.98,36.98
11327,2014-02-10 20:55:45,195210,169295,2,1,59.99,22.49
11328,2014-02-10 21:09:56,195212,169296,2,1,59.99,22.49
11329,2014-02-10 21:41:38,195228,169309,1,1,49.99,19.49
11330,2014-02-10 22:01:28,195245,169323,2,2,89.98,31.98
11331,2014-02-10 22:18:51,195256,169333,2,2,89.98,31.98
11332,2014-02-10 22:37:06,195263,169340,2,1,59.99,22.49
11333,2014-02-10 23:42:43,195290,169366,2,2,89.98,31.98
11334,2014-02-10 23:45:37,195293,169369,2,2,105.98,36.98
11335,2014-02-11 00:11:08,195302,169377,1,1,49.99,19.49
11336,2014-02-11 00:19:55,195306,169381,2,1,59.99,22.49
11337,2014-02-11 01:59:03,195341,169410,2,1,59.99,22.49
11338,2014-02-11 02:03:08,195343,160400,2,1,59.99,22.49
11339,2014-02-11 02:08:17,195346,169414,2,1,59.99,22.49
11340,2014-02-11 03:08:16,195355,169421,2,1,59.99,22.49
11341,2014-02-11 05:29:53,195386,169450,3,2,75.98,23.98
11342,2014-02-11 05:48:11,195389,169452,2,2,105.98,36.98
11343,2014-02-11 05:48:56,195388,158756,2,1,59.99,22.49
11344,2014-02-11 07:55:25,195421,169482,1,1,49.99,19.49
11345,2014-02-11 08:34:13,195435,169494,2,1,59.99,22.49
11346,2014-02-11 09:18:18,195451,169508,3,1,45.99,14.49
11347,2014-02-11 09:38:38,195467,128758,3,2,95.98,33.98
11348,2014-02-11 09:46:08,195474,169529,2,2,105.98,36.98
11349,2014-02-11 10:12:48,195481,142064,2,1,59.99,22.49
11350,2014-02-11 10:13:14,195483,169535,1,1,49.99,19.49
11351,2014-02-11 10:55:04,195514,169561,1,1,49.99,19.49
11352,2014-02-11 10:59:44,195521,169568,2,1,59.99,22.49
11353,2014-02-11 11:00:39,195526,156094,2,1,59.99,22.49
11354,2014-02-11 11:20:52,195547,143911,1,2,95.98,33.98
11355,2014-02-11 11:25:20,195556,169596,1,1,49.99,19.49
11356,2014-02-11 11:34:04,195562,169601,3,1,45.99,14.49
11357,2014-02-11 11:57:41,195583,169619,1,1,49.99,19.49
11358,2014-02-11 12:09:54,195589,169624,2,1,59.99,22.49
11359,2014-02-11 12:15:28,195600,169634,2,1,59.99,22.49
11360,2014-02-11 12:16:44,195597,169632,2,1,59.99,22.49
11361,2014-02-11 12:32:53,195617,169650,2,1,59.99,22.49
11362,2014-02-11 12:55:23,195635,169666,2,1,59.99,22.49
11363,2014-02-11 13:00:45,195642,143724,2,2,89.98,31.98
11364,2014-02-11 13:12:47,195654,169681,1,1,49.99,19.49
11365,2014-02-11 13:19:39,195658,169685,2,2,89.98,31.98
11366,2014-02-11 14:02:11,195696,169718,2,2,89.98,31.98
11367,2014-02-11 14:13:20,195715,169731,2,1,59.99,22.49
11368,2014-02-11 14:29:57,195727,169741,3,2,75.98,23.98
11369,2014-02-11 14:35:05,195734,169747,1,1,49.99,19.49
11370,2014-02-11 14:47:40,195741,169753,2,1,59.99,22.49
11371,2014-02-11 14:58:57,195757,169767,2,1,59.99,22.49
11372,2014-02-11 15:19:57,195770,169779,2,1,59.99,22.49
11373,2014-02-11 15:54:50,195785,165210,1,1,49.99,19.49
11374,2014-02-11 16:11:13,195794,148023,2,1,59.99,22.49
11375,2014-02-11 16:27:05,195812,169816,2,1,59.99,22.49
11376,2014-02-11 16:34:34,195813,145087,1,2,95.98,33.98
11377,2014-02-11 16:40:55,195823,169824,1,2,79.98,28.98
11378,2014-02-11 16:59:43,195853,169847,1,1,49.99,19.49
11379,2014-02-11 17:22:28,195880,169868,1,2,95.98,33.98
11380,2014-02-11 17:45:30,195903,155097,1,2,79.98,28.98
11381,2014-02-11 18:12:14,195921,169906,2,1,59.99,22.49
11382,2014-02-11 18:36:40,195935,169918,2,1,59.99,22.49
11383,2014-02-11 19:23:33,195958,169936,2,1,59.99,22.49
11384,2014-02-11 19:51:34,195980,155393,2,2,109.98,41.98
11385,2014-02-11 20:21:33,195995,169968,2,1,59.99,22.49
11386,2014-02-11 20:37:11,196005,169977,2,1,59.99,22.49
11387,2014-02-11 21:26:49,196032,170001,2,1,59.99,22.49
11388,2014-02-11 22:05:44,196055,170021,1,2,79.98,28.98
11389,2014-02-11 22:28:12,196063,170027,2,1,59.99,22.49
11390,2014-02-11 22:59:23,196071,170033,3,1,45.99,14.49
11391,2014-02-11 23:04:53,196076,170038,2,1,59.99,22.49
11392,2014-02-12 01:21:49,196124,170078,2,1,59.99,22.49
11393,2014-02-12 01:59:16,196136,170089,1,2,79.98,28.98
11394,2014-02-12 03:46:45,196161,170112,1,2,95.98,33.98
11395,2014-02-12 05:27:40,196180,170129,2,1,59.99,22.49
11396,2014-02-12 06:25:08,196198,170145,2,2,105.98,36.98
11397,2014-02-12 07:00:29,196207,170152,2,2,89.98,31.98
11398,2014-02-12 08:08:51,196232,170172,2,1,59.99,22.49
11399,2014-02-12 08:32:32,196239,170177,3,2,75.98,23.98
11400,2014-02-12 08:32:46,196240,170178,2,1,59.99,22.49
11401,2014-02-12 08:57:45,196253,151868,1,1,49.99,19.49
11402,2014-02-12 09:06:02,196256,170192,2,1,59.99,22.49
11403,2014-02-12 10:06:37,196305,170236,1,1,49.99,19.49
11404,2014-02-12 10:10:14,196307,170238,2,2,89.98,31.98
11405,2014-02-12 10:15:49,196303,170234,3,1,45.99,14.49
11406,2014-02-12 10:38:38,196342,170265,2,1,59.99,22.49
11407,2014-02-12 10:41:22,196340,130125,3,1,45.99,14.49
11408,2014-02-12 10:55:09,196348,170271,2,1,59.99,22.49
11409,2014-02-12 11:03:54,196360,155068,2,2,105.98,36.98
11410,2014-02-12 11:12:02,196369,170289,2,1,59.99,22.49
11411,2014-02-12 11:13:07,196368,170288,2,1,59.99,22.49
11412,2014-02-12 11:38:44,196394,170312,2,1,59.99,22.49
11413,2014-02-12 11:40:34,196397,170315,2,1,59.99,22.49
11414,2014-02-12 11:40:48,196395,170313,3,1,45.99,14.49
11415,2014-02-12 11:47:45,196398,170316,2,1,59.99,22.49
11416,2014-02-12 11:53:55,196409,170326,2,1,59.99,22.49
11417,2014-02-12 12:11:43,196429,170345,2,2,89.98,31.98
11418,2014-02-12 12:16:11,196430,170346,1,1,49.99,19.49
11419,2014-02-12 12:18:13,196433,170348,2,1,59.99,22.49
11420,2014-02-12 12:35:03,196457,170369,1,1,49.99,19.49
11421,2014-02-12 12:38:35,196455,150139,2,2,89.98,31.98
11422,2014-02-12 12:52:30,196466,170377,1,2,109.98,41.98
11423,2014-02-12 12:57:04,196465,170376,1,1,49.99,19.49
11424,2014-02-12 13:01:48,196477,170385,1,1,49.99,19.49
11425,2014-02-12 13:04:38,196479,170386,2,1,59.99,22.49
11426,2014-02-12 13:09:59,196481,170387,2,1,59.99,22.49
11427,2014-02-12 13:15:14,196485,170391,1,2,79.98,28.98
11428,2014-02-12 13:22:48,196495,170399,2,1,59.99,22.49
11429,2014-02-12 13:32:24,196501,170405,1,1,49.99,19.49
11430,2014-02-12 13:57:00,196533,170433,2,2,89.98,31.98
11431,2014-02-12 14:00:33,196538,164504,2,1,59.99,22.49
11432,2014-02-12 14:26:02,196570,152648,2,2,89.98,31.98
11433,2014-02-12 14:31:00,196568,170464,1,2,95.98,33.98
11434,2014-02-12 14:56:16,196593,170486,3,1,45.99,14.49
11435,2014-02-12 15:01:08,196597,170490,2,1,59.99,22.49
11436,2014-02-12 15:10:52,196602,170494,3,1,45.99,14.49
11437,2014-02-12 15:27:10,196622,170512,2,2,89.98,31.98
11438,2014-02-12 15:55:28,196648,170533,2,1,59.99,22.49
11439,2014-02-12 16:12:11,196667,170547,3,1,45.99,14.49
11440,2014-02-12 16:18:04,196677,170555,1,1,49.99,19.49
11441,2014-02-12 16:36:59,196690,161125,2,1,59.99,22.49
11442,2014-02-12 16:47:18,196706,170580,1,2,79.98,28.98
11443,2014-02-12 17:31:02,196741,170612,2,1,59.99,22.49
11444,2014-02-12 17:32:10,196742,138962,2,1,59.99,22.49
11445,2014-02-12 18:05:24,196767,170635,1,1,49.99,19.49
11446,2014-02-12 18:08:00,196765,170633,2,2,89.98,31.98
11447,2014-02-12 18:09:02,196769,144293,2,1,59.99,22.49
11448,2014-02-12 18:24:38,196778,166824,2,2,89.98,31.98
11449,2014-02-12 18:34:44,196786,170651,2,1,59.99,22.49
11450,2014-02-12 18:38:59,196789,170654,2,2,89.98,31.98
11451,2014-02-12 18:44:55,196792,155783,1,1,49.99,19.49
11452,2014-02-12 19:31:39,196820,170681,2,2,105.98,36.98
11453,2014-02-12 20:09:36,196845,170701,2,1,59.99,22.49
11454,2014-02-12 20:15:09,196847,170703,2,2,105.98,36.98
11455,2014-02-12 20:35:47,196861,160892,2,1,59.99,22.49
11456,2014-02-12 20:38:37,196866,154672,1,2,79.98,28.98
11457,2014-02-12 20:41:05,196868,170720,2,1,59.99,22.49
11458,2014-02-12 20:54:21,196871,170723,2,1,59.99,22.49
11459,2014-02-12 21:06:12,196877,170728,2,1,59.99,22.49
11460,2014-02-12 21:27:17,196880,170730,2,1,59.99,22.49
11461,2014-02-12 21:53:38,196896,170745,2,1,59.99,22.49
11462,2014-02-12 23:18:40,196939,170784,2,1,59.99,22.49
11463,2014-02-12 23:22:46,196946,170791,3,1,45.99,14.49
11464,2014-02-12 23:49:28,196959,170802,2,1,59.99,22.49
11465,2014-02-12 23:56:54,196963,170806,3,1,45.99,14.49
11466,2014-02-13 00:09:15,196968,170811,2,1,59.99,22.49
11467,2014-02-13 00:43:06,196976,170818,2,1,59.99,22.49
11468,2014-02-13 01:33:05,196996,170836,2,1,59.99,22.49
11469,2014-02-13 02:54:14,197013,170853,2,1,59.99,22.49
11470,2014-02-13 04:03:12,197028,170866,2,2,105.98,36.98
11471,2014-02-13 06:56:36,197076,170905,2,1,59.99,22.49
11472,2014-02-13 07:12:16,197079,170908,3,1,45.99,14.49
11473,2014-02-13 07:52:48,197093,170921,1,1,49.99,19.49
11474,2014-02-13 08:05:25,197096,170924,2,1,59.99,22.49
11475,2014-02-13 08:45:42,197121,170946,2,1,59.99,22.49
11476,2014-02-13 08:56:41,197128,170952,2,1,59.99,22.49
11477,2014-02-13 09:40:45,197168,170987,2,1,59.99,22.49
11478,2014-02-13 09:42:32,197169,170988,2,1,59.99,22.49
11479,2014-02-13 09:47:26,197170,170989,2,2,89.98,31.98
11480,2014-02-13 09:49:05,197174,170993,2,1,59.99,22.49
11481,2014-02-13 10:08:41,197189,171005,2,1,59.99,22.49
11482,2014-02-13 10:49:18,197227,171040,1,1,49.99,19.49
11483,2014-02-13 11:00:44,197240,171052,2,1,59.99,22.49
11484,2014-02-13 11:27:35,197264,171073,1,2,79.98,28.98
11485,2014-02-13 11:44:22,197280,171086,2,2,89.98,31.98
11486,2014-02-13 12:12:42,197307,171112,2,1,59.99,22.49
11487,2014-02-13 12:23:09,197308,171113,2,2,89.98,31.98
11488,2014-02-13 13:00:20,197351,171148,2,1,59.99,22.49
11489,2014-02-13 13:00:50,197361,171157,2,2,89.98,31.98
11490,2014-02-13 13:20:12,197377,155270,1,1,49.99,19.49
11491,2014-02-13 13:25:28,197384,127443,2,1,59.99,22.49
11492,2014-02-13 13:38:50,197396,171182,2,1,59.99,22.49
11493,2014-02-13 14:09:24,197433,171216,1,1,49.99,19.49
11494,2014-02-13 14:10:49,197426,171209,2,2,105.98,36.98
11495,2014-02-13 14:13:28,197434,171217,3,1,45.99,14.49
11496,2014-02-13 14:18:20,197435,171218,1,2,79.98,28.98
11497,2014-02-13 14:52:37,197469,171250,2,1,59.99,22.49
11498,2014-02-13 15:14:49,197483,171264,2,2,89.98,31.98
11499,2014-02-13 15:46:07,197512,171289,2,1,59.99,22.49
11500,2014-02-13 16:03:41,197529,171300,2,1,59.99,22.49
11501,2014-02-13 16:10:13,197531,167824,2,1,59.99,22.49
11502,2014-02-13 16:13:18,197537,171305,2,1,59.99,22.49
11503,2014-02-13 16:50:42,197558,164932,2,2,89.98,31.98
11504,2014-02-13 17:17:55,197573,171335,2,2,89.98,31.98
11505,2014-02-13 17:49:09,197612,171372,2,1,59.99,22.49
11506,2014-02-13 17:53:46,197626,171384,1,1,49.99,19.49
11507,2014-02-13 18:02:24,197624,171382,2,2,89.98,31.98
11508,2014-02-13 18:03:52,197628,171386,2,1,59.99,22.49
11509,2014-02-13 19:02:56,197666,171417,2,1,59.99,22.49
11510,2014-02-13 20:04:30,197694,171442,2,1,59.99,22.49
11511,2014-02-13 20:42:45,197710,171455,2,2,105.98,36.98
11512,2014-02-13 21:35:04,197732,144714,2,1,59.99,22.49
11513,2014-02-13 22:14:48,197747,171487,1,1,49.99,19.49
11514,2014-02-14 00:08:55,197795,163736,2,1,59.99,22.49
11515,2014-02-14 00:12:45,197797,171530,2,1,59.99,22.49
11516,2014-02-14 01:29:40,197826,171555,1,1,49.99,19.49
11517,2014-02-14 06:51:12,197878,171604,2,1,59.99,22.49
11518,2014-02-14 06:52:31,197882,171608,1,1,49.99,19.49
11519,2014-02-14 07:05:49,197886,171612,2,1,59.99,22.49
11520,2014-02-14 07:17:34,197888,171614,2,1,59.99,22.49
11521,2014-02-14 07:51:26,197894,171619,2,1,59.99,22.49
11522,2014-02-14 07:55:31,197895,157415,2,2,105.98,36.98
11523,2014-02-14 08:20:31,197903,156030,2,2,89.98,31.98
11524,2014-02-14 09:22:09,197936,171654,1,1,49.99,19.49
11525,2014-02-14 09:25:34,197940,171657,3,1,45.99,14.49
11526,2014-02-14 09:31:29,197942,171659,1,1,49.99,19.49
11527,2014-02-14 09:56:17,197960,171672,2,2,89.98,31.98
11528,2014-02-14 10:06:25,197978,171686,2,1,59.99,22.49
11529,2014-02-14 10:36:10,198002,171707,2,2,89.98,31.98
11530,2014-02-14 10:43:23,198014,171716,2,2,109.98,41.98
11531,2014-02-14 10:56:08,198034,171735,1,1,49.99,19.49
11532,2014-02-14 11:14:02,198047,171748,2,1,59.99,22.49
11533,2014-02-14 11:21:07,198043,171744,2,2,89.98,31.98
11534,2014-02-14 11:44:08,198061,171759,2,1,59.99,22.49
11535,2014-02-14 11:59:50,198080,171777,2,1,59.99,22.49
11536,2014-02-14 12:10:41,198086,171783,3,2,95.98,33.98
11537,2014-02-14 13:08:03,198149,171842,2,1,59.99,22.49
11538,2014-02-14 13:38:06,198167,171858,1,2,79.98,28.98
11539,2014-02-14 13:44:24,198170,171861,1,1,49.99,19.49
11540,2014-02-14 13:48:59,198174,171865,3,1,45.99,14.49
11541,2014-02-14 14:10:23,198188,171876,1,1,49.99,19.49
11542,2014-02-14 14:14:30,198189,171877,2,1,59.99,22.49
11543,2014-02-14 15:43:52,198270,171945,2,1,59.99,22.49
11544,2014-02-14 16:08:15,198292,171964,2,1,59.99,22.49
11545,2014-02-14 16:30:48,198309,159365,2,2,89.98,31.98
11546,2014-02-14 16:52:19,198323,171992,2,1,59.99,22.49
11547,2014-02-14 17:00:43,198333,172002,2,2,89.98,31.98
11548,2014-02-14 17:12:35,198341,172010,2,1,59.99,22.49
11549,2014-02-14 17:17:19,198340,172009,2,2,89.98,31.98
11550,2014-02-14 17:27:30,198352,172019,2,1,59.99,22.49
11551,2014-02-14 18:25:40,198379,172043,2,1,59.99,22.49
11552,2014-02-14 18:43:16,198389,172051,2,2,89.98,31.98
11553,2014-02-14 18:49:44,198396,172057,2,1,59.99,22.49
11554,2014-02-14 19:02:53,198397,172058,2,2,89.98,31.98
11555,2014-02-14 20:03:55,198430,172085,3,2,75.98,23.98
11556,2014-02-14 20:36:43,198444,172098,2,1,59.99,22.49
11557,2014-02-14 21:01:40,198455,172108,2,1,59.99,22.49
11558,2014-02-14 21:08:22,198458,150366,1,1,49.99,19.49
11559,2014-02-14 21:10:33,198462,172114,3,2,75.98,23.98
11560,2014-02-14 21:33:33,198466,172118,2,1,59.99,22.49
11561,2014-02-14 21:47:16,198471,142410,2,1,59.99,22.49
11562,2014-02-14 22:43:17,198497,172145,2,1,59.99,22.49
11563,2014-02-14 22:52:46,198498,172146,3,1,45.99,14.49
11564,2014-02-15 03:00:49,198550,172195,2,1,59.99,22.49
11565,2014-02-15 05:14:08,198574,172217,1,2,79.98,28.98
11566,2014-02-15 05:44:07,198581,172224,2,2,89.98,31.98
11567,2014-02-15 06:50:08,198593,172235,2,1,59.99,22.49
11568,2014-02-15 09:23:33,198623,172263,2,2,89.98,31.98
11569,2014-02-15 09:34:18,198627,172267,2,1,59.99,22.49
11570,2014-02-15 09:39:32,198630,172270,1,1,49.99,19.49
11571,2014-02-15 10:26:46,198640,172280,3,1,45.99,14.49
11572,2014-02-15 10:59:53,198648,172286,2,1,59.99,22.49
11573,2014-02-15 11:13:44,198656,172294,1,1,49.99,19.49
11574,2014-02-15 13:20:13,198705,172340,3,1,45.99,14.49
11575,2014-02-15 13:28:30,198709,149809,1,1,49.99,19.49
11576,2014-02-15 14:50:53,198731,172362,1,1,49.99,19.49
11577,2014-02-15 15:03:14,198734,172365,1,1,49.99,19.49
11578,2014-02-15 18:14:42,198803,172425,1,2,109.98,41.98
11579,2014-02-15 18:15:40,198802,172424,2,2,89.98,31.98
11580,2014-02-15 20:19:03,198837,172456,1,1,49.99,19.49
11581,2014-02-15 20:43:26,198849,166947,1,1,49.99,19.49
11582,2014-02-15 22:18:21,198874,172491,1,2,79.98,28.98
11583,2014-02-15 22:48:04,198880,172496,3,2,95.98,33.98
11584,2014-02-15 23:59:45,198897,172512,1,1,49.99,19.49
11585,2014-02-16 06:19:37,198938,172543,1,2,79.98,28.98
11586,2014-02-16 10:02:57,198972,172574,2,1,59.99,22.49
11587,2014-02-16 11:44:25,198995,172594,1,1,49.99,19.49
11588,2014-02-16 14:26:09,199034,172630,1,1,49.99,19.49
11589,2014-02-16 16:09:33,199061,172655,1,1,49.99,19.49
11590,2014-02-16 16:47:01,199079,172669,2,1,59.99,22.49
11591,2014-02-16 17:13:00,199088,172677,1,2,95.98,33.98
11592,2014-02-16 17:14:07,199084,172673,1,1,49.99,19.49
11593,2014-02-16 19:35:32,199123,172705,1,2,79.98,28.98
11594,2014-02-16 23:34:39,199183,172757,1,2,95.98,33.98
11595,2014-02-16 23:50:16,199189,172763,1,2,95.98,33.98
11596,2014-02-17 03:05:24,199243,154536,1,1,49.99,19.49
11597,2014-02-17 06:53:14,199291,172850,1,2,79.98,28.98
11598,2014-02-17 08:02:11,199311,172866,1,2,79.98,28.98
11599,2014-02-17 08:02:17,199309,147864,1,2,109.98,41.98
11600,2014-02-17 08:48:15,199326,172880,1,2,79.98,28.98
11601,2014-02-17 10:42:43,199380,172923,1,2,79.98,28.98
11602,2014-02-17 10:56:40,199388,172930,3,1,45.99,14.49
11603,2014-02-17 11:45:29,199417,131217,1,2,79.98,28.98
11604,2014-02-17 12:06:56,199429,172964,1,1,49.99,19.49
11605,2014-02-17 12:14:06,199436,165192,1,1,49.99,19.49
11606,2014-02-17 12:34:39,199452,172982,1,1,49.99,19.49
11607,2014-02-17 12:36:59,199447,153301,1,1,49.99,19.49
11608,2014-02-17 12:57:06,199466,172996,1,1,49.99,19.49
11609,2014-02-17 13:11:06,199475,173004,1,1,49.99,19.49
11610,2014-02-17 14:38:56,199531,173057,1,2,95.98,33.98
11611,2014-02-17 15:30:05,199565,173086,1,1,49.99,19.49
11612,2014-02-17 16:50:12,199613,173128,2,2,105.98,36.98
11613,2014-02-17 17:29:27,199643,173154,2,1,59.99,22.49
11614,2014-02-17 17:34:37,199646,173157,1,1,49.99,19.49
11615,2014-02-17 17:34:48,199649,173160,1,1,49.99,19.49
11616,2014-02-17 17:58:15,199662,173171,2,1,59.99,22.49
11617,2014-02-17 18:05:23,199659,173168,1,2,79.98,28.98
11618,2014-02-17 18:05:37,199664,173173,1,1,49.99,19.49
11619,2014-02-17 18:24:34,199677,173183,1,1,49.99,19.49
11620,2014-02-17 18:31:37,199680,154501,1,2,79.98,28.98
11621,2014-02-17 20:31:47,199728,132882,1,1,49.99,19.49
11622,2014-02-17 21:47:28,199760,173252,1,1,49.99,19.49
11623,2014-02-17 22:26:29,199778,173268,1,2,79.98,28.98
11624,2014-02-17 22:59:20,199787,158032,1,1,49.99,19.49
11625,2014-02-17 23:00:23,199788,173277,2,1,59.99,22.49
11626,2014-02-18 01:13:39,199828,173311,1,1,49.99,19.49
11627,2014-02-18 03:27:11,199851,157036,1,1,49.99,19.49
11628,2014-02-18 06:04:20,199879,173354,1,2,95.98,33.98
11629,2014-02-18 06:30:08,199881,173356,3,2,95.98,33.98
11630,2014-02-18 06:45:29,199885,173360,1,1,49.99,19.49
11631,2014-02-18 08:31:19,199914,173385,1,1,49.99,19.49
11632,2014-02-18 08:39:46,199913,173384,2,2,89.98,31.98
11633,2014-02-18 08:55:36,199919,173390,1,2,109.98,41.98
11634,2014-02-18 08:59:13,199920,173391,2,1,59.99,22.49
11635,2014-02-18 11:04:08,199994,173444,1,2,109.98,41.98
11636,2014-02-18 11:38:45,200018,173464,1,2,79.98,28.98
11637,2014-02-18 12:02:28,200039,173483,2,1,59.99,22.49
11638,2014-02-18 12:04:47,200034,173478,1,2,95.98,33.98
11639,2014-02-18 12:09:55,200049,148239,1,1,49.99,19.49
11640,2014-02-18 12:11:27,200044,173487,1,1,49.99,19.49
11641,2014-02-18 12:53:24,200077,173515,1,2,95.98,33.98
11642,2014-02-18 12:59:41,200087,173524,1,1,49.99,19.49
11643,2014-02-18 13:21:04,200105,173538,3,1,45.99,14.49
11644,2014-02-18 13:47:39,200123,173554,1,1,49.99,19.49
11645,2014-02-18 13:48:54,200122,173553,1,2,109.98,41.98
11646,2014-02-18 14:11:07,200143,173570,1,2,79.98,28.98
11647,2014-02-18 14:13:04,200144,173571,1,1,49.99,19.49
11648,2014-02-18 14:22:14,200147,173574,1,2,109.98,41.98
11649,2014-02-18 14:45:11,200157,173581,1,1,49.99,19.49
11650,2014-02-18 14:52:07,200171,158948,3,1,45.99,14.49
11651,2014-02-18 15:33:12,200189,173609,1,2,95.98,33.98
11652,2014-02-18 15:49:12,200197,173617,1,2,79.98,28.98
11653,2014-02-18 16:37:53,200227,151052,3,2,75.98,23.98
11654,2014-02-18 17:29:30,200263,166953,1,2,109.98,41.98
11655,2014-02-18 18:25:42,200290,173692,1,1,49.99,19.49
11656,2014-02-18 18:32:08,200294,159758,1,1,49.99,19.49
11657,2014-02-18 18:41:17,200298,173696,1,1,49.99,19.49
11658,2014-02-18 18:50:13,200308,173706,1,1,49.99,19.49
11659,2014-02-18 18:51:33,200307,173705,1,2,79.98,28.98
11660,2014-02-18 19:11:45,200317,172124,1,2,79.98,28.98
11661,2014-02-18 19:21:39,200319,173715,2,1,59.99,22.49
11662,2014-02-18 19:36:50,200327,148050,2,1,59.99,22.49
11663,2014-02-18 22:21:20,200411,173792,1,1,49.99,19.49
11664,2014-02-18 22:27:07,200413,173794,1,1,49.99,19.49
11665,2014-02-18 22:43:50,200421,173802,1,1,49.99,19.49
11666,2014-02-18 22:46:43,200423,173803,3,2,105.98,36.98
11667,2014-02-18 23:01:49,200431,173808,1,1,49.99,19.49
11668,2014-02-18 23:11:09,200433,145384,1,2,95.98,33.98
11669,2014-02-19 00:09:58,200455,173829,1,2,79.98,28.98
11670,2014-02-19 01:06:28,200470,173843,2,1,59.99,22.49
11671,2014-02-19 01:42:28,200477,173849,1,1,49.99,19.49
11672,2014-02-19 02:04:01,200482,173854,1,2,79.98,28.98
11673,2014-02-19 03:44:48,200502,173873,1,1,49.99,19.49
11674,2014-02-19 08:00:36,200562,173927,1,1,49.99,19.49
11675,2014-02-19 09:13:08,200595,173952,1,2,79.98,28.98
11676,2014-02-19 09:17:53,200596,173953,3,1,45.99,14.49
11677,2014-02-19 10:27:31,200649,174000,1,1,49.99,19.49
11678,2014-02-19 10:44:30,200661,142877,1,2,79.98,28.98
11679,2014-02-19 11:04:06,200685,174033,1,1,49.99,19.49
11680,2014-02-19 11:11:02,200689,163579,1,1,49.99,19.49
11681,2014-02-19 11:34:45,200707,174052,3,1,45.99,14.49
11682,2014-02-19 11:43:31,200713,174058,3,1,45.99,14.49
11683,2014-02-19 12:22:25,200738,174080,1,1,49.99,19.49
11684,2014-02-19 12:22:50,200741,174082,1,2,95.98,33.98
11685,2014-02-19 12:33:50,200746,174087,1,1,49.99,19.49
11686,2014-02-19 12:38:51,200749,174090,1,1,49.99,19.49
11687,2014-02-19 12:44:35,200753,174094,1,1,49.99,19.49
11688,2014-02-19 13:07:58,200773,174110,1,2,79.98,28.98
11689,2014-02-19 13:21:56,200781,174117,2,1,59.99,22.49
11690,2014-02-19 13:21:57,200787,174122,1,1,49.99,19.49
11691,2014-02-19 13:25:28,200790,174124,1,1,49.99,19.49
11692,2014-02-19 13:29:31,200795,174129,1,1,49.99,19.49
11693,2014-02-19 13:59:11,200811,153523,1,1,49.99,19.49
11694,2014-02-19 14:11:53,200821,171672,1,1,49.99,19.49
11695,2014-02-19 14:40:53,200840,174165,1,1,49.99,19.49
11696,2014-02-19 14:52:39,200855,174176,2,1,59.99,22.49
11697,2014-02-19 15:00:48,200851,129650,1,2,79.98,28.98
11698,2014-02-19 15:52:43,200912,174220,1,1,49.99,19.49
11699,2014-02-19 16:05:22,200917,174225,1,2,79.98,28.98
11700,2014-02-19 17:09:48,200962,174260,1,2,79.98,28.98
11701,2014-02-19 17:30:55,200975,174272,2,2,105.98,36.98
11702,2014-02-19 17:56:41,200994,174286,1,2,79.98,28.98
11703,2014-02-19 18:06:30,201007,174297,1,2,79.98,28.98
11704,2014-02-19 18:22:25,201023,152891,3,1,45.99,14.49
11705,2014-02-19 19:20:30,201054,148585,1,1,49.99,19.49
11706,2014-02-19 19:33:24,201062,162278,1,1,49.99,19.49
11707,2014-02-19 19:44:35,201067,174344,1,2,95.98,33.98
11708,2014-02-19 19:47:13,201069,174346,1,1,49.99,19.49
11709,2014-02-19 21:40:41,201114,158958,2,1,59.99,22.49
11710,2014-02-19 21:49:00,201117,174387,2,1,59.99,22.49
11711,2014-02-19 22:21:10,201131,174399,1,1,49.99,19.49
11712,2014-02-19 22:21:23,201130,174398,1,2,79.98,28.98
11713,2014-02-19 23:14:09,201152,162816,3,1,45.99,14.49
11714,2014-02-20 00:17:14,201188,147862,1,1,49.99,19.49
11715,2014-02-20 02:14:21,201209,174465,1,1,49.99,19.49
11716,2014-02-20 02:16:13,201210,174466,2,1,59.99,22.49
11717,2014-02-20 03:34:01,201224,174478,1,2,79.98,28.98
11718,2014-02-20 04:01:20,201230,174482,1,1,49.99,19.49
11719,2014-02-20 04:04:16,201229,174481,3,1,45.99,14.49
11720,2014-02-20 04:12:59,201232,174484,1,2,79.98,28.98
11721,2014-02-20 06:34:26,201253,174501,3,1,45.99,14.49
11722,2014-02-20 08:21:34,201276,174522,1,1,49.99,19.49
11723,2014-02-20 09:07:54,201300,174539,1,2,95.98,33.98
11724,2014-02-20 09:13:34,201304,174542,2,2,89.98,31.98
11725,2014-02-20 10:27:54,201344,174574,1,1,49.99,19.49
11726,2014-02-20 10:46:39,201356,174584,1,2,109.98,41.98
11727,2014-02-20 10:53:40,201362,174590,3,1,45.99,14.49
11728,2014-02-20 11:17:54,201388,174609,1,2,95.98,33.98
11729,2014-02-20 11:21:07,201391,153426,3,1,45.99,14.49
11730,2014-02-20 11:26:19,201398,174616,3,2,75.98,23.98
11731,2014-02-20 11:33:13,201404,154355,1,1,49.99,19.49
11732,2014-02-20 11:35:08,201405,161515,1,1,49.99,19.49
11733,2014-02-20 11:41:19,201411,174627,2,2,89.98,31.98
11734,2014-02-20 11:42:16,201415,160462,1,1,49.99,19.49
11735,2014-02-20 11:55:28,201417,174632,1,2,95.98,33.98
11736,2014-02-20 12:33:05,201453,174662,1,2,109.98,41.98
11737,2014-02-20 12:35:17,201448,163249,2,1,59.99,22.49
11738,2014-02-20 12:35:30,201447,174658,2,2,89.98,31.98
11739,2014-02-20 12:36:30,201450,145121,1,2,95.98,33.98
11740,2014-02-20 12:40:45,201460,174668,1,2,95.98,33.98
11741,2014-02-20 12:41:08,201459,174667,1,1,49.99,19.49
11742,2014-02-20 12:41:29,201455,174664,1,2,79.98,28.98
11743,2014-02-20 12:47:54,201463,174671,1,1,49.99,19.49
11744,2014-02-20 12:55:41,201470,174678,1,2,79.98,28.98
11745,2014-02-20 13:53:39,201510,154464,3,2,105.98,36.98
11746,2014-02-20 14:18:43,201533,174726,2,2,89.98,31.98
11747,2014-02-20 14:23:00,201544,174736,2,1,59.99,22.49
11748,2014-02-20 14:23:28,201539,174732,1,1,49.99,19.49
11749,2014-02-20 14:38:12,201554,146722,1,1,49.99,19.49
11750,2014-02-20 15:27:52,201579,174765,1,1,49.99,19.49
11751,2014-02-20 15:34:35,201590,174775,1,2,95.98,33.98
11752,2014-02-20 15:35:18,201585,174771,1,2,79.98,28.98
11753,2014-02-20 15:39:41,201591,174776,1,2,79.98,28.98
11754,2014-02-20 15:54:27,201602,174786,2,1,59.99,22.49
11755,2014-02-20 17:46:15,201680,174848,1,1,49.99,19.49
11756,2014-02-20 18:48:28,201712,174879,1,1,49.99,19.49
11757,2014-02-20 20:13:10,201744,171677,3,2,75.98,23.98
11758,2014-02-20 20:13:23,201748,174911,1,2,95.98,33.98
11759,2014-02-20 21:15:56,201772,174932,1,2,95.98,33.98
11760,2014-02-20 21:59:19,201792,174949,3,2,75.98,23.98
11761,2014-02-20 23:09:01,201814,174966,1,2,79.98,28.98
11762,2014-02-20 23:19:14,201819,174970,1,1,49.99,19.49
11763,2014-02-20 23:44:25,201830,171055,1,2,79.98,28.98
11764,2014-02-21 00:39:28,201849,174995,3,1,45.99,14.49
11765,2014-02-21 01:01:15,201852,174998,1,2,95.98,33.98
11766,2014-02-21 01:39:55,201862,137390,1,2,79.98,28.98
11767,2014-02-21 05:40:30,201919,175051,1,1,49.99,19.49
11768,2014-02-21 05:58:57,201924,175056,1,2,79.98,28.98
11769,2014-02-21 06:12:04,201933,175064,1,2,79.98,28.98
11770,2014-02-21 06:14:37,201928,175059,1,2,95.98,33.98
11771,2014-02-21 06:49:57,201939,175069,2,2,89.98,31.98
11772,2014-02-21 06:55:23,201940,150086,1,1,49.99,19.49
11773,2014-02-21 07:02:14,201942,175071,1,1,49.99,19.49
11774,2014-02-21 08:02:20,201956,175083,1,2,79.98,28.98
11775,2014-02-21 08:32:38,201970,175092,1,1,49.99,19.49
11776,2014-02-21 09:03:59,201988,175108,1,2,109.98,41.98
11777,2014-02-21 09:11:01,201990,175110,1,1,49.99,19.49
11778,2014-02-21 09:22:23,201995,175115,1,2,79.98,28.98
11779,2014-02-21 09:25:38,201998,175118,1,2,109.98,41.98
11780,2014-02-21 11:19:09,202082,175186,3,1,45.99,14.49
11781,2014-02-21 11:23:10,202088,175192,1,1,49.99,19.49
11782,2014-02-21 11:36:35,202099,172309,2,1,59.99,22.49
11783,2014-02-21 11:52:41,202108,150477,1,1,49.99,19.49
11784,2014-02-21 12:17:52,202129,163749,1,2,79.98,28.98
11785,2014-02-21 12:58:01,202152,165612,1,2,95.98,33.98
11786,2014-02-21 13:07:23,202155,175250,1,2,79.98,28.98
11787,2014-02-21 13:08:03,202161,147535,3,1,45.99,14.49
11788,2014-02-21 13:10:08,202159,136648,3,2,95.98,33.98
11789,2014-02-21 13:22:43,202174,175264,2,1,59.99,22.49
11790,2014-02-21 13:26:11,202171,143926,1,1,49.99,19.49
11791,2014-02-21 14:24:27,202212,175297,1,1,49.99,19.49
11792,2014-02-21 14:30:36,202217,175302,2,1,59.99,22.49
11793,2014-02-21 14:32:01,202220,175304,2,1,59.99,22.49
11794,2014-02-21 14:40:25,202229,175310,1,1,49.99,19.49
11795,2014-02-21 14:50:56,202232,175313,1,1,49.99,19.49
11796,2014-02-21 14:52:55,202240,157299,3,1,45.99,14.49
11797,2014-02-21 14:54:02,202238,151141,1,2,79.98,28.98
11798,2014-02-21 15:36:25,202270,175344,2,1,59.99,22.49
11799,2014-02-21 15:39:23,202272,150726,1,2,79.98,28.98
11800,2014-02-21 15:49:09,202279,175352,1,1,49.99,19.49
11801,2014-02-21 16:01:17,202294,175367,2,1,59.99,22.49
11802,2014-02-21 16:34:54,202320,164832,1,2,79.98,28.98
11803,2014-02-21 16:40:26,202324,175392,2,1,59.99,22.49
11804,2014-02-21 17:11:19,202341,175406,2,1,59.99,22.49
11805,2014-02-21 17:17:04,202349,148672,1,1,49.99,19.49
11806,2014-02-21 18:04:29,202371,170266,1,1,49.99,19.49
11807,2014-02-21 18:22:07,202375,166165,3,1,45.99,14.49
11808,2014-02-21 18:30:22,202378,175432,1,1,49.99,19.49
11809,2014-02-21 21:05:30,202430,153404,3,1,45.99,14.49
11810,2014-02-21 22:04:02,202442,175484,1,1,49.99,19.49
11811,2014-02-22 07:08:24,202516,158188,1,2,95.98,33.98
11812,2014-02-22 11:04:15,202558,175581,1,1,49.99,19.49
11813,2014-02-22 12:13:21,202579,175600,1,1,49.99,19.49
11814,2014-02-22 12:20:17,202580,175601,1,2,79.98,28.98
11815,2014-02-22 12:43:15,202589,148318,1,2,79.98,28.98
11816,2014-02-22 12:44:43,202588,175609,1,1,49.99,19.49
11817,2014-02-22 13:48:25,202606,164644,3,1,45.99,14.49
11818,2014-02-22 14:24:54,202618,175634,1,1,49.99,19.49
11819,2014-02-22 15:49:35,202641,175653,1,1,49.99,19.49
11820,2014-02-22 15:55:45,202646,175656,1,1,49.99,19.49
11821,2014-02-22 16:08:14,202652,175662,1,2,95.98,33.98
11822,2014-02-22 16:31:09,202659,175668,1,1,49.99,19.49
11823,2014-02-22 16:41:43,202667,175676,2,1,59.99,22.49
11824,2014-02-22 17:37:56,202680,175687,1,2,79.98,28.98
11825,2014-02-22 18:04:19,202692,166699,1,2,109.98,41.98
11826,2014-02-22 18:16:27,202696,175697,3,1,45.99,14.49
11827,2014-02-22 18:51:55,202708,165982,3,1,45.99,14.49
11828,2014-02-22 22:19:27,202735,175727,2,1,59.99,22.49
11829,2014-02-22 22:26:26,202740,175731,2,1,59.99,22.49
11830,2014-02-23 00:10:49,202759,160347,1,1,49.99,19.49
11831,2014-02-23 00:37:47,202762,175747,1,1,49.99,19.49
11832,2014-02-23 01:15:31,202773,162678,1,2,79.98,28.98
11833,2014-02-23 03:54:57,202792,175771,1,1,49.99,19.49
11834,2014-02-23 04:25:07,202795,175774,1,1,49.99,19.49
11835,2014-02-23 07:03:20,202822,175796,1,2,79.98,28.98
11836,2014-02-23 09:15:06,202837,175811,2,1,59.99,22.49
11837,2014-02-23 12:02:01,202869,159127,1,1,49.99,19.49
11838,2014-02-23 12:02:07,202868,150688,1,1,49.99,19.49
11839,2014-02-23 13:17:18,202892,175856,1,1,49.99,19.49
11840,2014-02-23 14:14:57,202902,175865,3,1,45.99,14.49
11841,2014-02-23 15:00:29,202918,175880,1,2,79.98,28.98
11842,2014-02-23 15:38:20,202939,175897,1,2,95.98,33.98
11843,2014-02-23 16:28:14,202956,175912,1,1,49.99,19.49
11844,2014-02-23 18:03:00,202975,140722,3,2,75.98,23.98
11845,2014-02-23 21:52:47,203030,171905,1,1,49.99,19.49
11846,2014-02-24 00:58:41,203092,176021,1,1,49.99,19.49
11847,2014-02-24 02:27:28,203119,166829,1,1,49.99,19.49
11848,2014-02-24 04:33:35,203144,155097,1,2,79.98,28.98
11849,2014-02-24 07:22:30,203177,149716,2,1,59.99,22.49
11850,2014-02-24 09:23:53,203219,176122,2,1,59.99,22.49
11851,2014-02-24 09:39:47,203225,176126,1,1,49.99,19.49
11852,2014-02-24 10:08:10,203247,148382,1,1,49.99,19.49
11853,2014-02-24 10:10:43,203252,176151,1,1,49.99,19.49
11854,2014-02-24 10:17:28,203253,176152,1,2,109.98,41.98
11855,2014-02-24 11:30:23,203302,176196,1,1,49.99,19.49
11856,2014-02-24 12:10:23,203334,176225,1,1,49.99,19.49
11857,2014-02-24 12:21:37,203340,176230,2,1,59.99,22.49
11858,2014-02-24 12:37:50,203357,176243,1,1,49.99,19.49
11859,2014-02-24 12:42:31,203366,176252,3,1,45.99,14.49
11860,2014-02-24 12:47:40,203364,176250,2,2,105.98,36.98
11861,2014-02-24 12:52:23,203370,164740,1,1,49.99,19.49
11862,2014-02-24 13:19:42,203398,176275,1,1,49.99,19.49
11863,2014-02-24 13:22:22,203389,176268,1,1,49.99,19.49
11864,2014-02-24 13:22:31,203393,176271,1,2,95.98,33.98
11865,2014-02-24 14:24:56,203437,165862,1,2,79.98,28.98
11866,2014-02-24 15:14:03,203475,176335,1,2,79.98,28.98
11867,2014-02-24 16:12:23,203526,162414,1,1,49.99,19.49
11868,2014-02-24 16:40:09,203544,176391,1,1,49.99,19.49
11869,2014-02-24 17:37:45,203581,176423,1,2,95.98,33.98
11870,2014-02-24 18:40:04,203609,176448,1,1,49.99,19.49
11871,2014-02-24 19:06:27,203618,176457,1,1,49.99,19.49
11872,2014-02-24 19:12:51,203621,176460,2,1,59.99,22.49
11873,2014-02-24 20:22:50,203653,152797,3,2,75.98,23.98
11874,2014-02-24 20:31:53,203660,176494,2,1,59.99,22.49
11875,2014-02-24 20:46:58,203661,161367,2,1,59.99,22.49
11876,2014-02-24 21:13:16,203669,176501,1,2,95.98,33.98
11877,2014-02-24 21:25:50,203674,176506,1,1,49.99,19.49
11878,2014-02-24 21:28:39,203676,176508,1,1,49.99,19.49
11879,2014-02-24 22:04:22,203694,176524,1,1,49.99,19.49
11880,2014-02-24 22:12:12,203696,176526,1,1,49.99,19.49
11881,2014-02-24 22:42:09,203705,176535,1,1,49.99,19.49
11882,2014-02-24 23:34:45,203723,176552,1,1,49.99,19.49
11883,2014-02-25 01:02:29,203746,176571,1,1,49.99,19.49
11884,2014-02-25 01:56:05,203761,176581,1,2,79.98,28.98
11885,2014-02-25 03:00:28,203779,159972,3,1,45.99,14.49
11886,2014-02-25 03:44:26,203784,157901,1,1,49.99,19.49
11887,2014-02-25 04:29:17,203790,176602,1,1,49.99,19.49
11888,2014-02-25 08:06:06,203835,176642,1,2,79.98,28.98
11889,2014-02-25 08:18:06,203843,135126,1,2,79.98,28.98
11890,2014-02-25 08:18:15,203842,164017,1,1,49.99,19.49
11891,2014-02-25 10:25:52,203895,176693,1,1,49.99,19.49
11892,2014-02-25 11:05:20,203925,176715,2,1,59.99,22.49
11893,2014-02-25 11:28:39,203940,176727,1,2,79.98,28.98
11894,2014-02-25 11:51:09,203953,176736,3,2,75.98,23.98
11895,2014-02-25 12:40:54,204002,176777,3,2,75.98,23.98
11896,2014-02-25 12:46:20,204004,176779,1,1,49.99,19.49
11897,2014-02-25 12:46:54,204010,176785,1,2,79.98,28.98
11898,2014-02-25 13:29:55,204045,176814,1,2,79.98,28.98
11899,2014-02-25 13:44:36,204057,166454,1,2,109.98,41.98
11900,2014-02-25 14:00:17,204066,176831,1,2,79.98,28.98
11901,2014-02-25 14:51:47,204102,176859,1,1,49.99,19.49
11902,2014-02-25 16:51:42,204192,150783,1,1,49.99,19.49
11903,2014-02-25 17:07:25,204209,176950,1,2,95.98,33.98
11904,2014-02-25 17:14:04,204218,176956,1,1,49.99,19.49
11905,2014-02-25 17:39:08,204234,176970,1,2,79.98,28.98
11906,2014-02-25 19:37:50,204294,177019,1,1,49.99,19.49
11907,2014-02-25 22:13:21,204358,177071,1,1,49.99,19.49
11908,2014-02-25 22:55:21,204367,177079,3,1,45.99,14.49
11909,2014-02-25 23:03:37,204373,177084,1,1,49.99,19.49
11910,2014-02-25 23:07:24,204372,164719,3,2,75.98,23.98
11911,2014-02-26 00:43:01,204399,177107,3,1,45.99,14.49
11912,2014-02-26 03:36:51,204436,177139,1,1,49.99,19.49
11913,2014-02-26 04:32:28,204451,177150,1,2,79.98,28.98
11914,2014-02-26 05:22:42,204453,177152,1,1,49.99,19.49
11915,2014-02-26 05:25:22,204454,177153,1,1,49.99,19.49
11916,2014-02-26 06:39:24,204471,177168,2,2,89.98,31.98
11917,2014-02-26 07:24:51,204480,177174,1,2,79.98,28.98
11918,2014-02-26 08:23:21,204492,155655,1,1,49.99,19.49
11919,2014-02-26 09:12:24,204514,163277,1,2,79.98,28.98
11920,2014-02-26 09:30:42,204525,160666,1,1,49.99,19.49
11921,2014-02-26 09:33:18,204522,140099,1,1,49.99,19.49
11922,2014-02-26 09:50:36,204540,177220,1,1,49.99,19.49
11923,2014-02-26 10:12:37,204552,162738,3,1,45.99,14.49
11924,2014-02-26 10:23:38,204564,177240,1,1,49.99,19.49
11925,2014-02-26 10:32:50,204566,177241,1,1,49.99,19.49
11926,2014-02-26 11:20:41,204610,174290,3,1,45.99,14.49
11927,2014-02-26 11:28:37,204621,177284,3,1,45.99,14.49
11928,2014-02-26 11:44:23,204637,177298,1,2,79.98,28.98
11929,2014-02-26 11:52:20,204635,177296,1,1,49.99,19.49
11930,2014-02-26 11:55:25,204650,177308,1,1,49.99,19.49
11931,2014-02-26 12:01:27,204647,142935,1,1,49.99,19.49
11932,2014-02-26 12:17:19,204660,177318,2,2,109.98,41.98
11933,2014-02-26 12:20:35,204666,143048,1,1,49.99,19.49
11934,2014-02-26 12:42:51,204694,177345,1,2,79.98,28.98
11935,2014-02-26 12:50:11,204689,177341,3,1,45.99,14.49
11936,2014-02-26 12:51:16,204698,158864,1,1,49.99,19.49
11937,2014-02-26 13:28:37,204724,158345,1,1,49.99,19.49
11938,2014-02-26 13:41:02,204731,177374,1,2,79.98,28.98
11939,2014-02-26 14:30:03,204768,177408,1,2,79.98,28.98
11940,2014-02-26 16:22:51,204841,177474,1,2,79.98,28.98
11941,2014-02-26 16:40:05,204853,177484,1,1,49.99,19.49
11942,2014-02-26 17:06:44,204869,177498,1,1,49.99,19.49
11943,2014-02-26 17:15:05,204873,177502,1,1,49.99,19.49
11944,2014-02-26 17:18:46,204878,177506,1,1,49.99,19.49
11945,2014-02-26 17:28:17,204884,177512,1,2,79.98,28.98
11946,2014-02-26 18:29:02,204916,177543,1,2,95.98,33.98
11947,2014-02-26 19:43:35,204962,177583,1,2,79.98,28.98
11948,2014-02-26 20:06:17,204971,159910,2,1,59.99,22.49
11949,2014-02-26 20:11:32,204972,177591,1,1,49.99,19.49
11950,2014-02-26 20:14:45,204976,177595,1,1,49.99,19.49
11951,2014-02-26 20:25:17,204983,177602,1,1,49.99,19.49
11952,2014-02-26 21:00:26,204995,173773,1,1,49.99,19.49
11953,2014-02-26 21:35:49,205011,177624,3,2,75.98,23.98
11954,2014-02-26 22:03:14,205022,177633,3,1,45.99,14.49
11955,2014-02-26 22:19:27,205036,177643,1,1,49.99,19.49
11956,2014-02-26 22:45:33,205041,177646,2,1,59.99,22.49
11957,2014-02-26 23:18:05,205051,177656,1,1,49.99,19.49
11958,2014-02-26 23:41:44,205065,177669,1,1,49.99,19.49
11959,2014-02-26 23:50:51,205068,177672,1,1,49.99,19.49
11960,2014-02-27 00:06:05,205072,177674,1,1,49.99,19.49
11961,2014-02-27 05:14:38,205130,177726,1,2,79.98,28.98
11962,2014-02-27 05:22:13,205133,177727,1,2,79.98,28.98
11963,2014-02-27 08:22:56,205176,177757,3,1,45.99,14.49
11964,2014-02-27 08:28:06,205179,177760,3,2,75.98,23.98
11965,2014-02-27 08:52:08,205199,177780,1,2,79.98,28.98
11966,2014-02-27 09:17:19,205206,177786,2,1,59.99,22.49
11967,2014-02-27 10:20:07,205238,177814,1,1,49.99,19.49
11968,2014-02-27 10:23:10,205237,177813,1,1,49.99,19.49
11969,2014-02-27 10:46:41,205254,177830,1,1,49.99,19.49
11970,2014-02-27 11:10:36,205276,177849,1,2,109.98,41.98
11971,2014-02-27 11:31:03,205291,177863,1,2,79.98,28.98
11972,2014-02-27 11:56:52,205313,177884,1,1,49.99,19.49
11973,2014-02-27 12:23:48,205344,177912,3,1,45.99,14.49
11974,2014-02-27 12:27:44,205343,177911,1,1,49.99,19.49
11975,2014-02-27 12:29:17,205349,177916,2,1,59.99,22.49
11976,2014-02-27 12:31:47,205347,177915,1,1,49.99,19.49
11977,2014-02-27 13:22:14,205400,132720,1,1,49.99,19.49
11978,2014-02-27 13:48:25,205421,177976,2,1,59.99,22.49
11979,2014-02-27 14:24:20,205445,177997,1,1,49.99,19.49
11980,2014-02-27 14:39:59,205459,178007,2,1,59.99,22.49
11981,2014-02-27 14:51:53,205470,178016,1,2,95.98,33.98
11982,2014-02-27 14:52:56,205471,178017,1,2,95.98,33.98
11983,2014-02-27 15:11:28,205488,178033,1,2,95.98,33.98
11984,2014-02-27 15:12:51,205489,178034,3,1,45.99,14.49
11985,2014-02-27 15:19:58,205493,178036,1,1,49.99,19.49
11986,2014-02-27 15:38:51,205516,178058,1,2,79.98,28.98
11987,2014-02-27 16:24:53,205545,178083,1,1,49.99,19.49
11988,2014-02-27 17:14:39,205581,178111,1,2,79.98,28.98
11989,2014-02-27 17:20:11,205588,178117,2,2,89.98,31.98
11990,2014-02-27 17:23:32,205578,178110,2,1,59.99,22.49
11991,2014-02-27 17:35:52,205593,159604,1,1,49.99,19.49
11992,2014-02-27 18:14:24,205617,178141,1,1,49.99,19.49
11993,2014-02-27 19:41:54,205657,178175,1,1,49.99,19.49
11994,2014-02-27 21:00:51,205694,168976,3,2,75.98,23.98
11995,2014-02-27 21:15:21,205703,178215,1,2,95.98,33.98
11996,2014-02-27 22:11:23,205718,178228,1,1,49.99,19.49
11997,2014-02-27 23:34:29,205754,178260,1,2,95.98,33.98
11998,2014-02-27 23:53:16,205759,178265,1,1,49.99,19.49
11999,2014-02-28 00:49:54,205775,178278,1,2,95.98,33.98
12000,2014-02-28 01:00:04,205779,178282,1,2,95.98,33.98
12001,2014-02-28 02:35:05,205791,178292,1,1,49.99,19.49
12002,2014-02-28 05:09:16,205826,178322,1,1,49.99,19.49
12003,2014-02-28 06:41:40,205840,178334,1,1,49.99,19.49
12004,2014-02-28 07:55:44,205856,165707,1,1,49.99,19.49
12005,2014-02-28 09:40:29,205890,172858,2,1,59.99,22.49
12006,2014-02-28 10:12:43,205913,156168,1,2,79.98,28.98
12007,2014-02-28 10:22:05,205919,142838,1,1,49.99,19.49
12008,2014-02-28 10:28:29,205923,156680,1,1,49.99,19.49
12009,2014-02-28 11:45:28,205968,166877,1,1,49.99,19.49
12010,2014-02-28 11:56:33,205972,178445,1,1,49.99,19.49
12011,2014-02-28 11:58:19,205973,178446,3,1,45.99,14.49
12012,2014-02-28 12:05:30,205977,178450,1,1,49.99,19.49
12013,2014-02-28 12:33:57,206009,178478,1,1,49.99,19.49
12014,2014-02-28 13:42:41,206052,178514,3,1,45.99,14.49
12015,2014-02-28 14:03:21,206080,152206,1,2,79.98,28.98
12016,2014-02-28 14:13:49,206087,145734,1,2,95.98,33.98
12017,2014-02-28 14:59:20,206117,178571,2,1,59.99,22.49
12018,2014-02-28 15:21:05,206134,178586,1,2,79.98,28.98
12019,2014-02-28 15:31:52,206140,178590,3,1,45.99,14.49
12020,2014-02-28 16:05:45,206168,178615,1,1,49.99,19.49
12021,2014-02-28 16:06:54,206170,164903,2,1,59.99,22.49
12022,2014-02-28 16:20:59,206175,178620,1,1,49.99,19.49
12023,2014-02-28 16:31:27,206182,178626,1,2,79.98,28.98
12024,2014-02-28 17:37:22,206218,142333,1,2,79.98,28.98
12025,2014-02-28 17:43:36,206225,178662,1,1,49.99,19.49
12026,2014-02-28 18:17:16,206241,178675,1,1,49.99,19.49
12027,2014-02-28 18:17:26,206242,178676,1,2,95.98,33.98
12028,2014-02-28 18:21:05,206245,178678,3,1,45.99,14.49
12029,2014-02-28 18:50:08,206263,178695,1,1,49.99,19.49
12030,2014-02-28 18:50:54,206262,178694,1,2,79.98,28.98
12031,2014-02-28 19:41:09,206284,178711,1,2,79.98,28.98
12032,2014-02-28 20:26:14,206299,178726,1,1,49.99,19.49
12033,2014-02-28 20:34:51,206303,178729,1,1,49.99,19.49
12034,2014-02-28 21:19:05,206317,178740,1,1,49.99,19.49
12035,2014-02-28 22:43:38,206336,178759,1,2,79.98,28.98
12036,2014-02-28 23:40:45,206358,151707,1,2,95.98,33.98
12037,2014-03-01 00:01:17,206360,178782,1,2,79.98,28.98
12038,2014-03-01 00:58:29,206371,178792,3,1,45.99,14.49
12039,2014-03-01 01:24:13,206379,155246,3,1,45.99,14.49
12040,2014-03-01 02:04:37,206384,178802,1,1,49.99,19.49
12041,2014-03-01 02:33:12,206389,178806,1,1,49.99,19.49
12042,2014-03-01 05:47:45,206412,147365,1,2,79.98,28.98
12043,2014-03-01 08:42:11,206435,178844,1,2,95.98,33.98
12044,2014-03-01 09:15:19,206443,178852,1,1,49.99,19.49
12045,2014-03-01 09:26:40,206446,178855,1,1,49.99,19.49
12046,2014-03-01 10:31:15,206470,163208,1,2,79.98,28.98
12047,2014-03-01 11:00:56,206483,178884,1,1,49.99,19.49
12048,2014-03-01 11:40:05,206506,178907,1,1,49.99,19.49
12049,2014-03-01 12:18:21,206510,178911,2,2,89.98,31.98
12050,2014-03-01 16:26:03,206573,146504,1,1,49.99,19.49
12051,2014-03-01 18:47:27,206605,178994,1,2,79.98,28.98
12052,2014-03-01 18:56:02,206606,178995,1,1,49.99,19.49
12053,2014-03-01 19:47:46,206620,179004,3,2,105.98,36.98
12054,2014-03-01 20:34:42,206626,179008,2,1,59.99,22.49
12055,2014-03-01 20:36:00,206625,179007,1,2,95.98,33.98
12056,2014-03-01 23:03:06,206649,179028,3,1,45.99,14.49
12057,2014-03-02 00:06:51,206657,179034,2,1,59.99,22.49
12058,2014-03-02 00:27:01,206660,179036,1,2,95.98,33.98
12059,2014-03-02 01:10:25,206666,179042,1,2,109.98,41.98
12060,2014-03-02 04:41:20,206688,179062,1,1,49.99,19.49
12061,2014-03-02 11:02:59,206757,179112,3,1,45.99,14.49
12062,2014-03-02 11:48:28,206770,179124,1,1,49.99,19.49
12063,2014-03-02 13:01:07,206786,161085,3,1,45.99,14.49
12064,2014-03-02 14:17:27,206807,178803,1,1,49.99,19.49
12065,2014-03-02 14:35:21,206815,179161,1,2,79.98,28.98
12066,2014-03-02 15:19:40,206835,166588,3,1,45.99,14.49
12067,2014-03-02 18:01:50,206882,179215,1,1,49.99,19.49
12068,2014-03-02 18:04:26,206880,179214,1,2,79.98,28.98
12069,2014-03-02 18:39:19,206888,179220,1,1,49.99,19.49
12070,2014-03-02 19:56:21,206911,179238,1,1,49.99,19.49
12071,2014-03-02 20:12:51,206912,179239,2,1,59.99,22.49
12072,2014-03-02 22:30:13,206949,179270,1,2,95.98,33.98
12073,2014-03-02 22:51:00,206955,179276,1,1,49.99,19.49
12074,2014-03-02 23:48:30,206979,172309,1,2,79.98,28.98
12075,2014-03-03 00:02:30,206981,179296,1,1,49.99,19.49
12076,2014-03-03 00:09:25,206987,179301,3,2,95.98,33.98
12077,2014-03-03 00:12:54,206988,179302,2,1,59.99,22.49
12078,2014-03-03 00:44:45,206998,166725,1,1,49.99,19.49
12079,2014-03-03 01:22:15,207005,179316,1,2,79.98,28.98
12080,2014-03-03 03:16:35,207022,179330,2,1,59.99,22.49
12081,2014-03-03 08:16:21,207080,179381,1,1,49.99,19.49
12082,2014-03-03 09:19:50,207098,179395,1,2,109.98,41.98
12083,2014-03-03 09:36:06,207104,179401,1,1,49.99,19.49
12084,2014-03-03 10:04:02,207121,179415,1,1,49.99,19.49
12085,2014-03-03 10:27:47,207132,179423,1,1,49.99,19.49
12086,2014-03-03 10:28:39,207131,179422,3,2,95.98,33.98
12087,2014-03-03 10:36:08,207133,179424,1,2,95.98,33.98
12088,2014-03-03 11:37:54,207170,179449,2,1,59.99,22.49
12089,2014-03-03 12:10:06,207199,179475,3,1,45.99,14.49
12090,2014-03-03 12:17:25,207200,179476,1,1,49.99,19.49
12091,2014-03-03 12:21:00,207201,175402,1,1,49.99,19.49
12092,2014-03-03 12:22:35,207205,179479,1,2,109.98,41.98
12093,2014-03-03 12:48:35,207227,179494,1,1,49.99,19.49
12094,2014-03-03 13:13:32,207242,167079,1,1,49.99,19.49
12095,2014-03-03 13:13:49,207238,179505,1,1,49.99,19.49
12096,2014-03-03 13:26:11,207243,179509,1,1,49.99,19.49
12097,2014-03-03 13:48:42,207250,157200,2,1,59.99,22.49
12098,2014-03-03 14:13:12,207264,166484,1,1,49.99,19.49
12099,2014-03-03 14:25:34,207277,179538,1,2,95.98,33.98
12100,2014-03-03 14:32:35,207279,134692,2,1,59.99,22.49
12101,2014-03-03 14:37:01,207291,179550,1,1,49.99,19.49
12102,2014-03-03 14:40:46,207294,166104,2,1,59.99,22.49
12103,2014-03-03 15:59:03,207335,179589,1,1,49.99,19.49
12104,2014-03-03 17:01:21,207369,179617,1,1,49.99,19.49
12105,2014-03-03 17:48:12,207409,179653,1,1,49.99,19.49
12106,2014-03-03 18:16:14,207431,179669,1,2,79.98,28.98
12107,2014-03-03 18:30:01,207439,179677,1,1,49.99,19.49
12108,2014-03-03 18:58:07,207454,179691,3,2,95.98,33.98
12109,2014-03-03 19:45:56,207481,179717,1,1,49.99,19.49
12110,2014-03-03 19:46:48,207482,179718,3,1,45.99,14.49
12111,2014-03-03 19:48:25,207480,179716,1,1,49.99,19.49
12112,2014-03-03 19:53:44,207483,179719,1,1,49.99,19.49
12113,2014-03-03 21:11:29,207510,179743,1,2,79.98,28.98
12114,2014-03-03 22:31:39,207533,179763,2,1,59.99,22.49
12115,2014-03-03 23:12:32,207542,179770,3,1,45.99,14.49
12116,2014-03-04 01:32:01,207577,179803,1,2,95.98,33.98
12117,2014-03-04 01:45:13,207579,179805,2,1,59.99,22.49
12118,2014-03-04 01:53:13,207585,179811,1,2,79.98,28.98
12119,2014-03-04 02:48:19,207593,179818,1,1,49.99,19.49
12120,2014-03-04 03:57:02,207600,179825,1,1,49.99,19.49
12121,2014-03-04 07:02:06,207624,167903,3,1,45.99,14.49
12122,2014-03-04 07:45:38,207637,152494,2,2,109.98,41.98
12123,2014-03-04 08:04:16,207638,179855,1,1,49.99,19.49
12124,2014-03-04 08:13:12,207640,179857,1,1,49.99,19.49
12125,2014-03-04 08:33:24,207643,156554,2,1,59.99,22.49
12126,2014-03-04 08:54:00,207659,179873,1,2,109.98,41.98
12127,2014-03-04 09:36:17,207674,179887,1,1,49.99,19.49
12128,2014-03-04 09:56:52,207691,179899,1,1,49.99,19.49
12129,2014-03-04 10:27:15,207712,167633,1,1,49.99,19.49
12130,2014-03-04 11:27:47,207757,179952,1,2,79.98,28.98
12131,2014-03-04 12:35:08,207801,179986,2,2,89.98,31.98
12132,2014-03-04 12:47:46,207813,179994,1,2,79.98,28.98
12133,2014-03-04 12:51:31,207812,172991,2,1,59.99,22.49
12134,2014-03-04 13:07:08,207828,171622,1,1,49.99,19.49
12135,2014-03-04 13:11:32,207838,180014,3,2,105.98,36.98
12136,2014-03-04 13:12:31,207839,180015,1,2,79.98,28.98
12137,2014-03-04 13:47:23,207861,180036,1,1,49.99,19.49
12138,2014-03-04 15:27:32,207945,157074,1,1,49.99,19.49
12139,2014-03-04 15:36:58,207953,180111,1,1,49.99,19.49
12140,2014-03-04 16:01:46,207987,180141,1,1,49.99,19.49
12141,2014-03-04 16:51:31,208013,180165,2,1,59.99,22.49
12142,2014-03-04 16:55:36,208022,174708,1,1,49.99,19.49
12143,2014-03-04 17:21:23,208042,180188,1,1,49.99,19.49
12144,2014-03-04 17:32:02,208053,180197,3,1,45.99,14.49
12145,2014-03-04 17:36:06,208052,180196,1,2,79.98,28.98
12146,2014-03-04 17:54:05,208060,155011,3,1,45.99,14.49
12147,2014-03-04 18:08:16,208069,180211,2,2,89.98,31.98
12148,2014-03-04 19:39:56,208127,168463,1,2,79.98,28.98
12149,2014-03-04 19:40:52,208128,173464,1,1,49.99,19.49
12150,2014-03-04 20:13:36,208148,180276,1,2,109.98,41.98
12151,2014-03-04 20:21:22,208150,155668,1,1,49.99,19.49
12152,2014-03-04 21:08:15,208173,180294,3,1,45.99,14.49
12153,2014-03-04 21:12:34,208180,180300,3,1,45.99,14.49
12154,2014-03-04 21:17:46,208182,180302,2,1,59.99,22.49
12155,2014-03-04 21:40:45,208190,180309,1,2,109.98,41.98
12156,2014-03-04 22:33:28,208204,180320,2,2,89.98,31.98
12157,2014-03-05 00:19:43,208239,180352,1,1,49.99,19.49
12158,2014-03-05 00:50:52,208249,180361,3,1,45.99,14.49
12159,2014-03-05 01:52:55,208259,180368,1,1,49.99,19.49
12160,2014-03-05 02:43:06,208271,180380,1,1,49.99,19.49
12161,2014-03-05 08:41:13,208336,152890,1,1,49.99,19.49
12162,2014-03-05 09:50:24,208363,172691,2,1,59.99,22.49
12163,2014-03-05 09:53:57,208373,162812,1,1,49.99,19.49
12164,2014-03-05 10:53:07,208421,159385,1,1,49.99,19.49
12165,2014-03-05 11:02:34,208433,180513,1,1,49.99,19.49
12166,2014-03-05 11:28:46,208449,180527,1,1,49.99,19.49
12167,2014-03-05 11:42:51,208461,170457,1,2,95.98,33.98
12168,2014-03-05 11:51:02,208469,180540,1,2,95.98,33.98
12169,2014-03-05 12:11:02,208483,162485,1,1,49.99,19.49
12170,2014-03-05 12:26:48,208501,180566,3,1,45.99,14.49
12171,2014-03-05 12:27:35,208504,180568,1,1,49.99,19.49
12172,2014-03-05 12:39:42,208513,149327,3,1,45.99,14.49
12173,2014-03-05 12:43:27,208526,180583,1,1,49.99,19.49
12174,2014-03-05 13:05:35,208545,180600,2,1,59.99,22.49
12175,2014-03-05 13:06:19,208538,180594,1,2,109.98,41.98
12176,2014-03-05 13:11:35,208544,180599,1,1,49.99,19.49
12177,2014-03-05 13:27:16,208563,180616,1,1,49.99,19.49
12178,2014-03-05 13:41:07,208573,180624,1,2,79.98,28.98
12179,2014-03-05 14:24:21,208601,180645,2,1,59.99,22.49
12180,2014-03-05 14:51:40,208635,147169,1,2,95.98,33.98
12181,2014-03-05 15:00:16,208644,180681,1,2,79.98,28.98
12182,2014-03-05 15:05:56,208647,180684,1,1,49.99,19.49
12183,2014-03-05 15:08:02,208648,180685,3,1,45.99,14.49
12184,2014-03-05 15:19:37,208663,180698,1,1,49.99,19.49
12185,2014-03-05 15:30:51,208672,180707,1,1,49.99,19.49
12186,2014-03-05 15:58:17,208693,180727,1,1,49.99,19.49
12187,2014-03-05 16:50:22,208738,180765,1,2,79.98,28.98
12188,2014-03-05 17:16:59,208772,156093,1,2,95.98,33.98
12189,2014-03-05 17:50:18,208786,180805,1,1,49.99,19.49
12190,2014-03-05 18:15:44,208800,180817,1,1,49.99,19.49
12191,2014-03-05 18:55:54,208820,180834,3,1,45.99,14.49
12192,2014-03-05 19:16:20,208831,180844,1,1,49.99,19.49
12193,2014-03-05 19:30:16,208839,175785,1,1,49.99,19.49
12194,2014-03-05 20:53:39,208880,180882,1,1,49.99,19.49
12195,2014-03-05 21:08:30,208890,180891,1,2,79.98,28.98
12196,2014-03-05 21:22:20,208899,180898,3,2,95.98,33.98
12197,2014-03-05 22:10:52,208918,180914,1,1,49.99,19.49
12198,2014-03-05 23:09:23,208937,180929,1,1,49.99,19.49
12199,2014-03-06 00:20:29,208963,180953,1,1,49.99,19.49
12200,2014-03-06 00:46:00,208969,180957,1,1,49.99,19.49
12201,2014-03-06 02:27:30,208987,180974,3,2,95.98,33.98
12202,2014-03-06 02:48:05,208991,165437,2,1,59.99,22.49
12203,2014-03-06 03:08:59,208997,180981,3,1,45.99,14.49
12204,2014-03-06 03:18:05,209001,180984,3,2,75.98,23.98
12205,2014-03-06 04:49:02,209013,180995,3,1,45.99,14.49
12206,2014-03-06 08:10:02,209053,172449,2,1,59.99,22.49
12207,2014-03-06 08:56:07,209085,135126,2,1,59.99,22.49
12208,2014-03-06 08:59:35,209080,181047,2,1,59.99,22.49
12209,2014-03-06 09:13:59,209090,146733,1,2,95.98,33.98
12210,2014-03-06 09:39:25,209105,159689,1,1,49.99,19.49
12211,2014-03-06 09:51:03,209115,181069,1,1,49.99,19.49
12212,2014-03-06 09:56:45,209123,181075,1,1,49.99,19.49
12213,2014-03-06 10:15:08,209133,181083,1,2,79.98,28.98
12214,2014-03-06 10:45:07,209156,164977,1,1,49.99,19.49
12215,2014-03-06 11:17:50,209174,181115,1,1,49.99,19.49
12216,2014-03-06 11:25:05,209181,181121,1,1,49.99,19.49
12217,2014-03-06 11:38:28,209191,181131,3,1,45.99,14.49
12218,2014-03-06 11:44:01,209194,181134,2,1,59.99,22.49
12219,2014-03-06 12:10:53,209217,181155,1,2,95.98,33.98
12220,2014-03-06 13:10:44,209248,181182,1,1,49.99,19.49
12221,2014-03-06 13:22:48,209261,181193,3,1,45.99,14.49
12222,2014-03-06 13:27:04,209267,181199,1,1,49.99,19.49
12223,2014-03-06 13:43:59,209273,181205,1,2,95.98,33.98
12224,2014-03-06 13:46:16,209284,181215,1,1,49.99,19.49
12225,2014-03-06 13:58:10,209288,181219,3,2,95.98,33.98
12226,2014-03-06 14:46:32,209335,172492,1,2,79.98,28.98
12227,2014-03-06 14:52:44,209345,161653,1,1,49.99,19.49
12228,2014-03-06 15:21:38,209361,181279,1,2,79.98,28.98
12229,2014-03-06 15:43:16,209372,181289,1,1,49.99,19.49
12230,2014-03-06 16:39:23,209422,181325,1,1,49.99,19.49
12231,2014-03-06 16:50:21,209428,181331,3,1,45.99,14.49
12232,2014-03-06 17:23:36,209449,181347,1,2,79.98,28.98
12233,2014-03-06 17:30:32,209456,181353,2,1,59.99,22.49
12234,2014-03-06 19:47:13,209516,181401,1,1,49.99,19.49
12235,2014-03-06 20:04:53,209521,136221,1,1,49.99,19.49
12236,2014-03-06 20:31:00,209536,181417,1,1,49.99,19.49
12237,2014-03-06 21:46:55,209574,181450,1,1,49.99,19.49
12238,2014-03-06 22:54:21,209603,181472,1,1,49.99,19.49
12239,2014-03-07 02:19:10,209644,155457,1,1,49.99,19.49
12240,2014-03-07 06:41:43,209693,161153,1,2,79.98,28.98
12241,2014-03-07 07:08:47,209701,181555,3,2,75.98,23.98
12242,2014-03-07 07:09:07,209700,181554,3,2,75.98,23.98
12243,2014-03-07 07:29:52,209711,181564,1,1,49.99,19.49
12244,2014-03-07 08:49:00,209738,169854,1,1,49.99,19.49
12245,2014-03-07 09:48:29,209771,181615,1,2,79.98,28.98
12246,2014-03-07 09:51:25,209774,181618,1,2,79.98,28.98
12247,2014-03-07 10:18:38,209790,181631,1,2,95.98,33.98
12248,2014-03-07 10:54:15,209804,181643,1,1,49.99,19.49
12249,2014-03-07 11:29:41,209839,181673,2,2,89.98,31.98
12250,2014-03-07 11:31:36,209846,151371,1,1,49.99,19.49
12251,2014-03-07 11:34:54,209844,181676,1,1,49.99,19.49
12252,2014-03-07 11:38:48,209852,181683,1,1,49.99,19.49
12253,2014-03-07 13:39:57,209924,181744,1,1,49.99,19.49
12254,2014-03-07 13:43:22,209930,161978,1,1,49.99,19.49
12255,2014-03-07 14:53:12,209979,181790,1,1,49.99,19.49
12256,2014-03-07 15:13:14,209987,181795,1,1,49.99,19.49
12257,2014-03-07 15:44:02,210004,181811,1,2,79.98,28.98
12258,2014-03-07 16:39:34,210038,181837,3,2,75.98,23.98
12259,2014-03-07 17:43:34,210079,181870,3,1,45.99,14.49
12260,2014-03-07 18:47:54,210112,169907,3,1,45.99,14.49
12261,2014-03-07 19:08:09,210127,150701,2,2,89.98,31.98
12262,2014-03-07 19:15:07,210129,181914,3,2,95.98,33.98
12263,2014-03-07 20:04:10,210147,181926,1,1,49.99,19.49
12264,2014-03-07 20:58:39,210171,181947,1,2,79.98,28.98
12265,2014-03-07 23:59:34,210208,181974,1,1,49.99,19.49
12266,2014-03-08 00:25:29,210215,181981,1,1,49.99,19.49
12267,2014-03-08 01:10:19,210224,181986,3,1,45.99,14.49
12268,2014-03-08 01:32:02,210228,181990,1,2,79.98,28.98
12269,2014-03-08 07:36:18,210264,182023,1,2,79.98,28.98
12270,2014-03-08 07:43:16,210266,173516,1,1,49.99,19.49
12271,2014-03-08 09:09:45,210284,182040,1,2,79.98,28.98
12272,2014-03-08 09:58:07,210298,182050,1,1,49.99,19.49
12273,2014-03-08 10:50:10,210314,172867,1,2,95.98,33.98
12274,2014-03-08 11:12:04,210324,182072,1,1,49.99,19.49
12275,2014-03-08 12:05:47,210340,177973,1,2,79.98,28.98
12276,2014-03-08 13:11:40,210354,172600,1,1,49.99,19.49
12277,2014-03-08 13:44:35,210368,182106,1,2,79.98,28.98
12278,2014-03-08 14:04:11,210374,182109,1,2,79.98,28.98
12279,2014-03-08 15:07:51,210387,182119,1,2,109.98,41.98
12280,2014-03-08 15:53:29,210400,182128,1,2,95.98,33.98
12281,2014-03-08 17:59:24,210439,182162,1,2,79.98,28.98
12282,2014-03-08 18:12:57,210441,182164,3,1,45.99,14.49
12283,2014-03-08 18:24:18,210444,177177,1,2,95.98,33.98
12284,2014-03-08 19:31:33,210458,182179,1,1,49.99,19.49
12285,2014-03-08 21:33:45,210487,170465,1,1,49.99,19.49
12286,2014-03-08 23:25:39,210516,182230,3,2,95.98,33.98
12287,2014-03-08 23:27:07,210518,182232,1,1,49.99,19.49
12288,2014-03-09 00:22:00,210530,182241,2,1,59.99,22.49
12289,2014-03-09 05:38:30,210564,160843,1,1,49.99,19.49
12290,2014-03-09 08:25:09,210580,182278,1,1,49.99,19.49
12291,2014-03-09 08:37:29,210587,180298,2,2,89.98,31.98
12292,2014-03-09 08:51:56,210590,182284,1,2,79.98,28.98
12293,2014-03-09 09:33:17,210595,182288,3,1,45.99,14.49
12294,2014-03-09 13:09:02,210648,182335,1,2,95.98,33.98
12295,2014-03-09 14:06:22,210657,182343,1,2,79.98,28.98
12296,2014-03-09 14:41:31,210670,182354,2,1,59.99,22.49
12297,2014-03-09 15:21:14,210677,182361,1,1,49.99,19.49
12298,2014-03-09 16:13:33,210691,182374,1,2,109.98,41.98
12299,2014-03-09 16:25:17,210693,182376,1,1,49.99,19.49
12300,2014-03-09 17:03:11,210706,182388,1,1,49.99,19.49
12301,2014-03-09 18:08:00,210725,182404,1,1,49.99,19.49
12302,2014-03-09 19:44:20,210745,182424,3,2,75.98,23.98
12303,2014-03-09 19:59:08,210747,182426,1,1,49.99,19.49
12304,2014-03-09 20:47:00,210763,182440,1,1,49.99,19.49
12305,2014-03-09 21:32:29,210774,182448,1,1,49.99,19.49
12306,2014-03-09 22:16:59,210791,140875,1,1,49.99,19.49
12307,2014-03-09 22:23:31,210793,182465,1,1,49.99,19.49
12308,2014-03-09 23:09:09,210808,182480,1,1,49.99,19.49
12309,2014-03-10 00:12:55,210826,182497,1,1,49.99,19.49
12310,2014-03-10 01:13:39,210851,182517,1,1,49.99,19.49
12311,2014-03-10 01:33:05,210855,182520,2,1,59.99,22.49
12312,2014-03-10 01:48:13,210858,182523,1,1,49.99,19.49
12313,2014-03-10 02:06:45,210860,182525,1,1,49.99,19.49
12314,2014-03-10 02:53:49,210874,182537,2,1,59.99,22.49
12315,2014-03-10 03:25:50,210877,182540,1,1,49.99,19.49
12316,2014-03-10 05:33:58,210901,182561,1,1,49.99,19.49
12317,2014-03-10 07:00:54,210920,182576,1,1,49.99,19.49
12318,2014-03-10 07:31:53,210929,182583,3,1,45.99,14.49
12319,2014-03-10 07:53:10,210936,140781,3,2,75.98,23.98
12320,2014-03-10 08:21:50,210948,155080,1,2,95.98,33.98
12321,2014-03-10 08:29:52,210954,182605,1,2,95.98,33.98
12322,2014-03-10 09:00:32,210967,156952,1,2,79.98,28.98
12323,2014-03-10 09:02:48,210970,182619,1,2,95.98,33.98
12324,2014-03-10 09:40:26,210989,182635,1,1,49.99,19.49
12325,2014-03-10 10:01:31,211001,182646,2,2,109.98,41.98
12326,2014-03-10 10:06:50,211003,182647,1,1,49.99,19.49
12327,2014-03-10 11:41:51,211059,182690,1,2,79.98,28.98
12328,2014-03-10 11:52:50,211067,165488,1,1,49.99,19.49
12329,2014-03-10 12:05:21,211074,182700,1,2,95.98,33.98
12330,2014-03-10 12:11:48,211077,182703,3,1,45.99,14.49
12331,2014-03-10 12:14:28,211079,182705,3,2,95.98,33.98
12332,2014-03-10 12:22:47,211086,182711,2,1,59.99,22.49
12333,2014-03-10 12:49:52,211110,158790,2,1,59.99,22.49
12334,2014-03-10 12:52:05,211111,182732,1,1,49.99,19.49
12335,2014-03-10 13:08:25,211129,161978,1,1,49.99,19.49
12336,2014-03-10 13:30:08,211147,182760,2,1,59.99,22.49
12337,2014-03-10 13:35:25,211141,182756,1,1,49.99,19.49
12338,2014-03-10 13:44:25,211148,182761,1,1,49.99,19.49
12339,2014-03-10 14:03:13,211167,182776,3,1,45.99,14.49
12340,2014-03-10 14:10:11,211168,182777,1,1,49.99,19.49
12341,2014-03-10 14:17:02,211175,173531,2,1,59.99,22.49
12342,2014-03-10 15:50:31,211228,182828,1,1,49.99,19.49
12343,2014-03-10 16:22:11,211257,179268,2,1,59.99,22.49
12344,2014-03-10 16:38:32,211263,182857,1,2,79.98,28.98
12345,2014-03-10 17:18:35,211282,182873,1,1,49.99,19.49
12346,2014-03-10 17:35:05,211292,182883,2,1,59.99,22.49
12347,2014-03-10 17:36:06,211295,182886,1,2,95.98,33.98
12348,2014-03-10 17:45:19,211303,176234,1,1,49.99,19.49
12349,2014-03-10 17:48:30,211314,182901,1,1,49.99,19.49
12350,2014-03-10 18:05:22,211322,182909,1,1,49.99,19.49
12351,2014-03-10 18:20:42,211328,182915,1,1,49.99,19.49
12352,2014-03-10 18:58:33,211342,182927,3,1,45.99,14.49
12353,2014-03-10 19:46:19,211366,182943,3,1,45.99,14.49
12354,2014-03-10 20:07:58,211375,182952,1,1,49.99,19.49
12355,2014-03-10 20:09:33,211382,182958,1,1,49.99,19.49
12356,2014-03-10 21:42:36,211412,154755,1,1,49.99,19.49
12357,2014-03-10 23:31:01,211451,183018,3,1,45.99,14.49
12358,2014-03-11 04:13:49,211509,183064,2,2,105.98,36.98
12359,2014-03-11 05:16:31,211520,183074,1,2,95.98,33.98
12360,2014-03-11 06:02:54,211524,183078,1,1,49.99,19.49
12361,2014-03-11 06:29:59,211532,183084,1,1,49.99,19.49
12362,2014-03-11 07:05:30,211541,183093,1,1,49.99,19.49
12363,2014-03-11 07:41:26,211553,171069,3,2,95.98,33.98
12364,2014-03-11 08:23:07,211562,183111,1,1,49.99,19.49
12365,2014-03-11 09:08:09,211581,183128,1,1,49.99,19.49
12366,2014-03-11 09:29:13,211588,183135,2,2,105.98,36.98
12367,2014-03-11 09:48:46,211601,180054,1,2,79.98,28.98
12368,2014-03-11 09:50:00,211603,183146,3,1,45.99,14.49
12369,2014-03-11 09:52:22,211605,183148,1,1,49.99,19.49
12370,2014-03-11 09:54:52,211611,181342,1,2,79.98,28.98
12371,2014-03-11 09:57:08,211610,183153,1,1,49.99,19.49
12372,2014-03-11 10:14:58,211615,183156,2,1,59.99,22.49
12373,2014-03-11 10:26:53,211629,183167,1,2,79.98,28.98
12374,2014-03-11 11:08:01,211658,183194,1,2,79.98,28.98
12375,2014-03-11 11:30:19,211678,135832,1,2,79.98,28.98
12376,2014-03-11 12:28:34,211726,180262,1,1,49.99,19.49
12377,2014-03-11 12:33:06,211725,183251,1,1,49.99,19.49
12378,2014-03-11 12:39:57,211733,183258,1,1,49.99,19.49
12379,2014-03-11 13:29:36,211758,183278,1,1,49.99,19.49
12380,2014-03-11 13:39:55,211764,183281,1,1,49.99,19.49
12381,2014-03-11 14:25:14,211797,183311,3,1,45.99,14.49
12382,2014-03-11 14:39:28,211809,183321,1,2,95.98,33.98
12383,2014-03-11 14:39:45,211806,183319,1,1,49.99,19.49
12384,2014-03-11 15:06:51,211827,151852,1,1,49.99,19.49
12385,2014-03-11 15:18:23,211832,177550,1,1,49.99,19.49
12386,2014-03-11 15:25:47,211842,183345,1,1,49.99,19.49
12387,2014-03-11 15:42:45,211848,183350,2,1,59.99,22.49
12388,2014-03-11 15:48:56,211850,183352,1,2,109.98,41.98
12389,2014-03-11 16:01:47,211863,183365,1,1,49.99,19.49
12390,2014-03-11 16:08:24,211864,183366,3,1,45.99,14.49
12391,2014-03-11 16:20:06,211872,183373,1,1,49.99,19.49
12392,2014-03-11 16:35:59,211879,183377,3,2,105.98,36.98
12393,2014-03-11 16:38:20,211882,183380,1,1,49.99,19.49
12394,2014-03-11 16:54:59,211896,183392,1,2,95.98,33.98
12395,2014-03-11 17:19:01,211908,183400,2,1,59.99,22.49
12396,2014-03-11 17:56:42,211929,183418,2,1,59.99,22.49
12397,2014-03-11 18:39:49,211941,169669,1,1,49.99,19.49
12398,2014-03-11 18:40:55,211944,183429,1,1,49.99,19.49
12399,2014-03-11 18:48:38,211953,183438,1,1,49.99,19.49
12400,2014-03-11 19:17:20,211964,183448,1,1,49.99,19.49
12401,2014-03-11 19:33:15,211975,183456,2,1,59.99,22.49
12402,2014-03-11 20:27:28,211998,183474,1,1,49.99,19.49
12403,2014-03-11 21:13:25,212027,183501,2,1,59.99,22.49
12404,2014-03-11 22:39:28,212065,183530,1,1,49.99,19.49
12405,2014-03-11 23:07:10,212076,183540,1,1,49.99,19.49
12406,2014-03-12 00:29:03,212105,183563,1,1,49.99,19.49
12407,2014-03-12 00:32:25,212104,183562,1,1,49.99,19.49
12408,2014-03-12 01:08:58,212113,183569,1,2,95.98,33.98
12409,2014-03-12 01:42:02,212122,183577,1,1,49.99,19.49
12410,2014-03-12 02:03:13,212126,183581,2,1,59.99,22.49
12411,2014-03-12 02:12:09,212130,183585,1,1,49.99,19.49
12412,2014-03-12 06:24:14,212185,183627,1,1,49.99,19.49
12413,2014-03-12 07:02:43,212199,154993,1,1,49.99,19.49
12414,2014-03-12 07:40:28,212207,183643,1,2,109.98,41.98
12415,2014-03-12 07:58:43,212215,183649,2,1,59.99,22.49
12416,2014-03-12 08:22:04,212222,183655,3,1,45.99,14.49
12417,2014-03-12 08:30:51,212226,169404,1,1,49.99,19.49
12418,2014-03-12 09:29:40,212256,154160,1,1,49.99,19.49
12419,2014-03-12 09:41:09,212266,183690,1,1,49.99,19.49
12420,2014-03-12 09:47:16,212273,183697,1,1,49.99,19.49
12421,2014-03-12 09:50:05,212275,183699,2,1,59.99,22.49
12422,2014-03-12 10:09:13,212291,180023,1,1,49.99,19.49
12423,2014-03-12 11:13:46,212346,183758,1,1,49.99,19.49
12424,2014-03-12 11:16:36,212342,134344,1,1,49.99,19.49
12425,2014-03-12 12:31:05,212410,151479,1,1,49.99,19.49
12426,2014-03-12 12:32:55,212414,183811,1,1,49.99,19.49
12427,2014-03-12 12:33:06,212412,183809,1,1,49.99,19.49
12428,2014-03-12 13:27:33,212459,183848,1,1,49.99,19.49
12429,2014-03-12 13:49:52,212478,148738,1,1,49.99,19.49
12430,2014-03-12 14:35:13,212513,169827,1,1,49.99,19.49
12431,2014-03-12 15:06:31,212529,183901,1,2,109.98,41.98
12432,2014-03-12 15:19:34,212551,183922,1,1,49.99,19.49
12433,2014-03-12 15:46:49,212577,183944,1,1,49.99,19.49
12434,2014-03-12 15:52:51,212579,183945,2,1,59.99,22.49
12435,2014-03-12 16:10:36,212597,162096,2,2,89.98,31.98
12436,2014-03-12 16:16:38,212603,183967,1,1,49.99,19.49
12437,2014-03-12 16:31:08,212616,183977,1,2,79.98,28.98
12438,2014-03-12 16:44:26,212627,183986,1,1,49.99,19.49
12439,2014-03-12 17:04:08,212653,184006,1,2,95.98,33.98
12440,2014-03-12 18:06:28,212686,184031,2,1,59.99,22.49
12441,2014-03-12 18:08:53,212692,184037,1,2,79.98,28.98
12442,2014-03-12 18:49:32,212712,184052,3,1,45.99,14.49
12443,2014-03-12 19:21:16,212728,184065,1,1,49.99,19.49
12444,2014-03-12 19:38:12,212737,184074,1,2,79.98,28.98
12445,2014-03-12 19:44:02,212741,168576,1,2,79.98,28.98
12446,2014-03-12 20:39:42,212760,184094,1,1,49.99,19.49
12447,2014-03-12 20:48:20,212767,174340,1,2,79.98,28.98
12448,2014-03-12 20:51:26,212768,154958,1,2,79.98,28.98
12449,2014-03-12 20:51:37,212771,184102,1,2,79.98,28.98
12450,2014-03-12 23:28:48,212824,158032,1,1,49.99,19.49
12451,2014-03-12 23:55:42,212837,184158,1,2,79.98,28.98
12452,2014-03-13 00:06:37,212840,184161,1,2,79.98,28.98
12453,2014-03-13 00:15:31,212842,184163,3,2,75.98,23.98
12454,2014-03-13 01:07:39,212858,184176,1,1,49.99,19.49
12455,2014-03-13 01:14:21,212859,184177,3,1,45.99,14.49
12456,2014-03-13 02:16:24,212876,184192,1,1,49.99,19.49
12457,2014-03-13 02:19:20,212875,166953,1,2,79.98,28.98
12458,2014-03-13 03:15:54,212886,184202,3,2,75.98,23.98
12459,2014-03-13 04:34:03,212900,184216,1,2,79.98,28.98
12460,2014-03-13 05:55:32,212923,179037,1,1,49.99,19.49
12461,2014-03-13 06:02:26,212922,184236,2,1,59.99,22.49
12462,2014-03-13 06:46:50,212933,184245,2,1,59.99,22.49
12463,2014-03-13 07:12:25,212937,184249,1,1,49.99,19.49
12464,2014-03-13 07:32:17,212945,184256,1,1,49.99,19.49
12465,2014-03-13 08:16:10,212964,184273,1,1,49.99,19.49
12466,2014-03-13 08:55:56,212980,184288,1,2,95.98,33.98
12467,2014-03-13 09:06:42,212983,184291,1,1,49.99,19.49
12468,2014-03-13 09:46:48,212999,184303,1,1,49.99,19.49
12469,2014-03-13 10:24:41,213023,184323,1,1,49.99,19.49
12470,2014-03-13 10:34:45,213037,184335,1,1,49.99,19.49
12471,2014-03-13 11:22:25,213071,184363,1,1,49.99,19.49
12472,2014-03-13 11:26:44,213077,184369,3,1,45.99,14.49
12473,2014-03-13 11:29:46,213081,184372,1,2,109.98,41.98
12474,2014-03-13 11:40:12,213089,174879,2,2,89.98,31.98
12475,2014-03-13 11:46:53,213097,184385,1,1,49.99,19.49
12476,2014-03-13 11:51:14,213099,184387,1,1,49.99,19.49
12477,2014-03-13 11:56:37,213100,184388,1,1,49.99,19.49
12478,2014-03-13 11:56:43,213111,184399,1,1,49.99,19.49
12479,2014-03-13 11:59:49,213108,184396,1,1,49.99,19.49
12480,2014-03-13 12:04:26,213121,184407,2,1,59.99,22.49
12481,2014-03-13 12:10:59,213126,184411,1,2,95.98,33.98
12482,2014-03-13 12:13:10,213117,184404,1,1,49.99,19.49
12483,2014-03-13 13:11:57,213162,184441,1,2,79.98,28.98
12484,2014-03-13 13:20:49,213163,184442,1,2,79.98,28.98
12485,2014-03-13 13:38:01,213180,184456,3,1,45.99,14.49
12486,2014-03-13 13:45:23,213189,184463,1,1,49.99,19.49
12487,2014-03-13 14:34:08,213218,184488,2,1,59.99,22.49
12488,2014-03-13 14:42:35,213227,184495,1,1,49.99,19.49
12489,2014-03-13 14:55:04,213235,184501,1,1,49.99,19.49
12490,2014-03-13 15:27:31,213254,184517,1,2,79.98,28.98
12491,2014-03-13 16:20:59,213300,178739,3,2,75.98,23.98
12492,2014-03-13 16:50:34,213320,184574,1,1,49.99,19.49
12493,2014-03-13 17:30:21,213341,184590,1,1,49.99,19.49
12494,2014-03-13 17:30:33,213347,184596,1,1,49.99,19.49
12495,2014-03-13 18:35:16,213387,184630,3,2,75.98,23.98
12496,2014-03-13 18:59:08,213393,184636,2,1,59.99,22.49
12497,2014-03-13 19:15:46,213404,184645,3,1,45.99,14.49
12498,2014-03-13 19:57:59,213418,184657,2,1,59.99,22.49
12499,2014-03-13 20:40:16,213434,184669,3,1,45.99,14.49
12500,2014-03-13 21:57:39,213471,181815,1,1,49.99,19.49
12501,2014-03-13 22:28:16,213493,184719,1,1,49.99,19.49
12502,2014-03-13 23:42:28,213518,173500,3,2,95.98,33.98
12503,2014-03-13 23:53:56,213519,153233,1,2,95.98,33.98
12504,2014-03-14 00:30:31,213531,184750,1,1,49.99,19.49
12505,2014-03-14 01:22:12,213542,184758,1,2,79.98,28.98
12506,2014-03-14 01:24:03,213546,184761,1,2,95.98,33.98
12507,2014-03-14 02:13:28,213561,162986,1,1,49.99,19.49
12508,2014-03-14 04:32:03,213586,184795,1,2,95.98,33.98
12509,2014-03-14 06:45:44,213605,184811,1,2,79.98,28.98
12510,2014-03-14 06:46:15,213602,184808,1,1,49.99,19.49
12511,2014-03-14 10:01:00,213692,184882,1,2,79.98,28.98
12512,2014-03-14 10:03:31,213696,158059,1,1,49.99,19.49
12513,2014-03-14 10:13:17,213697,156980,1,1,49.99,19.49
12514,2014-03-14 10:52:21,213727,180145,1,1,49.99,19.49
12515,2014-03-14 11:10:14,213735,184911,3,1,45.99,14.49
12516,2014-03-14 11:43:18,213758,167835,3,1,45.99,14.49
12517,2014-03-14 11:51:05,213771,184941,1,2,79.98,28.98
12518,2014-03-14 12:03:40,213776,172107,1,1,49.99,19.49
12519,2014-03-14 12:11:34,213786,162674,1,2,79.98,28.98
12520,2014-03-14 13:22:18,213818,184975,2,2,89.98,31.98
12521,2014-03-14 14:10:12,213838,184994,3,1,45.99,14.49
12522,2014-03-14 14:18:29,213846,177000,1,2,79.98,28.98
12523,2014-03-14 14:30:24,213853,185007,3,2,105.98,36.98
12524,2014-03-14 14:34:14,213857,185010,1,1,49.99,19.49
12525,2014-03-14 14:56:26,213866,185018,1,2,95.98,33.98
12526,2014-03-14 14:56:49,213864,185016,1,1,49.99,19.49
12527,2014-03-14 15:12:33,213884,157893,2,1,59.99,22.49
12528,2014-03-14 15:36:10,213902,185044,1,2,95.98,33.98
12529,2014-03-14 16:20:55,213950,161084,1,2,79.98,28.98
12530,2014-03-14 17:22:12,213982,178905,3,1,45.99,14.49
12531,2014-03-14 17:26:27,213987,163105,2,1,59.99,22.49
12532,2014-03-14 18:04:00,214011,185130,1,1,49.99,19.49
12533,2014-03-14 18:11:32,214006,185126,1,1,49.99,19.49
12534,2014-03-14 18:45:29,214030,185145,1,2,109.98,41.98
12535,2014-03-14 19:13:01,214048,185161,1,2,79.98,28.98
12536,2014-03-14 19:55:26,214059,185170,1,2,79.98,28.98
12537,2014-03-14 21:26:52,214089,185197,1,2,109.98,41.98
12538,2014-03-14 21:27:30,214088,185196,2,2,105.98,36.98
12539,2014-03-14 21:45:03,214093,171165,3,2,105.98,36.98
12540,2014-03-15 03:44:06,214169,185263,2,1,59.99,22.49
12541,2014-03-15 05:24:56,214178,185270,2,1,59.99,22.49
12542,2014-03-15 07:18:35,214193,185281,1,2,79.98,28.98
12543,2014-03-15 09:25:13,214211,185296,1,2,95.98,33.98
12544,2014-03-15 09:48:49,214218,185303,1,2,79.98,28.98
12545,2014-03-15 09:52:25,214219,185304,1,2,95.98,33.98
12546,2014-03-15 10:43:18,214237,185320,2,1,59.99,22.49
12547,2014-03-15 10:52:01,214238,185321,1,1,49.99,19.49
12548,2014-03-15 10:55:08,214241,170342,1,2,95.98,33.98
12549,2014-03-15 10:58:07,214242,185323,1,1,49.99,19.49
12550,2014-03-15 11:05:59,214245,185326,1,2,95.98,33.98
12551,2014-03-15 11:15:04,214248,185329,1,1,49.99,19.49
12552,2014-03-15 11:25:08,214253,185334,2,1,59.99,22.49
12553,2014-03-15 11:38:52,214258,185338,1,2,109.98,41.98
12554,2014-03-15 12:38:11,214277,185353,3,1,45.99,14.49
12555,2014-03-15 12:46:56,214284,172336,1,1,49.99,19.49
12556,2014-03-15 13:26:30,214300,185372,1,1,49.99,19.49
12557,2014-03-15 14:14:31,214317,185388,3,1,45.99,14.49
12558,2014-03-15 14:50:37,214330,185399,2,2,89.98,31.98
12559,2014-03-15 15:52:23,214349,185415,2,1,59.99,22.49
12560,2014-03-15 16:13:00,214353,175076,1,1,49.99,19.49
12561,2014-03-15 21:27:23,214433,185479,1,2,79.98,28.98
12562,2014-03-15 22:45:32,214443,185486,3,1,45.99,14.49
12563,2014-03-15 23:25:34,214454,185496,1,2,79.98,28.98
12564,2014-03-15 23:25:54,214455,180320,1,1,49.99,19.49
12565,2014-03-16 00:42:37,214475,185513,3,1,45.99,14.49
12566,2014-03-16 02:42:59,214488,185525,1,1,49.99,19.49
12567,2014-03-16 03:13:23,214493,185528,1,1,49.99,19.49
12568,2014-03-16 09:05:59,214538,184826,1,1,49.99,19.49
12569,2014-03-16 11:25:11,214558,185576,1,2,79.98,28.98
12570,2014-03-16 11:37:42,214563,185580,1,1,49.99,19.49
12571,2014-03-16 12:29:19,214578,185593,1,2,95.98,33.98
12572,2014-03-16 13:48:26,214591,178410,1,1,49.99,19.49
12573,2014-03-16 13:59:53,214597,185608,2,1,59.99,22.49
12574,2014-03-16 14:40:12,214609,185619,2,2,89.98,31.98
12575,2014-03-16 14:52:30,214610,185620,1,1,49.99,19.49
12576,2014-03-16 16:17:16,214635,185640,1,1,49.99,19.49
12577,2014-03-16 17:30:47,214648,185651,1,1,49.99,19.49
12578,2014-03-16 19:24:41,214670,179169,1,2,79.98,28.98
12579,2014-03-16 19:57:13,214678,169206,1,1,49.99,19.49
12580,2014-03-16 20:56:00,214687,185678,1,1,49.99,19.49
12581,2014-03-16 22:11:20,214709,185695,1,1,49.99,19.49
12582,2014-03-16 22:19:55,214713,185699,1,1,49.99,19.49
12583,2014-03-16 22:27:19,214715,185701,1,1,49.99,19.49
12584,2014-03-16 22:42:09,214721,185704,1,2,95.98,33.98
12585,2014-03-16 22:42:27,214719,185702,1,1,49.99,19.49
12586,2014-03-16 23:34:56,214738,185719,1,2,109.98,41.98
12587,2014-03-16 23:57:11,214748,185728,3,1,45.99,14.49
12588,2014-03-17 00:46:13,214762,185737,1,1,49.99,19.49
12589,2014-03-17 00:47:23,214764,185738,1,2,109.98,41.98
12590,2014-03-17 00:56:21,214766,160541,1,2,79.98,28.98
12591,2014-03-17 01:03:26,214767,167206,1,1,49.99,19.49
12592,2014-03-17 03:04:31,214789,185755,3,2,105.98,36.98
12593,2014-03-17 04:44:30,214806,185765,1,2,79.98,28.98
12594,2014-03-17 05:51:02,214817,185775,1,1,49.99,19.49
12595,2014-03-17 06:43:11,214828,185784,3,2,105.98,36.98
12596,2014-03-17 09:07:30,214859,185810,1,1,49.99,19.49
12597,2014-03-17 09:30:19,214868,185818,1,1,49.99,19.49
12598,2014-03-17 10:04:49,214889,171514,1,1,49.99,19.49
12599,2014-03-17 10:06:53,214887,185833,2,1,59.99,22.49
12600,2014-03-17 10:41:19,214911,185851,2,1,59.99,22.49
12601,2014-03-17 11:37:19,214943,185879,1,2,95.98,33.98
12602,2014-03-17 12:02:55,214958,185887,3,1,45.99,14.49
12603,2014-03-17 12:14:00,214963,185890,1,1,49.99,19.49
12604,2014-03-17 12:29:03,214976,160512,1,1,49.99,19.49
12605,2014-03-17 12:35:08,214980,185903,1,1,49.99,19.49
12606,2014-03-17 12:45:08,214986,185909,1,1,49.99,19.49
12607,2014-03-17 12:57:16,214994,185914,1,2,95.98,33.98
12608,2014-03-17 13:12:55,215002,172467,1,1,49.99,19.49
12609,2014-03-17 13:34:24,215012,185928,1,2,79.98,28.98
12610,2014-03-17 13:43:34,215020,174685,1,1,49.99,19.49
12611,2014-03-17 13:54:01,215028,185942,1,1,49.99,19.49
12612,2014-03-17 14:03:02,215032,185946,1,1,49.99,19.49
12613,2014-03-17 14:29:45,215057,185967,1,2,95.98,33.98
12614,2014-03-17 14:47:06,215064,159030,1,1,49.99,19.49
12615,2014-03-17 14:49:43,215069,183633,1,1,49.99,19.49
12616,2014-03-17 14:54:05,215071,185979,1,1,49.99,19.49
12617,2014-03-17 15:22:40,215083,166013,1,2,79.98,28.98
12618,2014-03-17 16:13:31,215121,186017,1,2,79.98,28.98
12619,2014-03-17 16:17:00,215123,186019,1,1,49.99,19.49
12620,2014-03-17 16:25:06,215124,171894,2,1,59.99,22.49
12621,2014-03-17 17:25:16,215143,172608,1,2,79.98,28.98
12622,2014-03-17 17:48:46,215154,186045,3,1,45.99,14.49
12623,2014-03-17 18:01:26,215158,172121,3,1,45.99,14.49
12624,2014-03-17 18:18:13,215173,186060,1,1,49.99,19.49
12625,2014-03-17 18:18:51,215175,186062,3,2,75.98,23.98
12626,2014-03-17 19:21:44,215207,186093,3,1,45.99,14.49
12627,2014-03-17 19:34:24,215209,186095,1,1,49.99,19.49
12628,2014-03-17 21:16:10,215236,186115,1,2,79.98,28.98
12629,2014-03-17 21:21:39,215244,186123,1,2,95.98,33.98
12630,2014-03-17 23:37:08,215286,186157,2,1,59.99,22.49
12631,2014-03-17 23:40:11,215285,186156,1,1,49.99,19.49
12632,2014-03-18 00:10:24,215292,186161,1,1,49.99,19.49
12633,2014-03-18 00:41:04,215302,186168,3,1,45.99,14.49
12634,2014-03-18 01:22:06,215306,186171,1,2,79.98,28.98
12635,2014-03-18 05:35:42,215339,186199,1,1,49.99,19.49
12636,2014-03-18 06:15:05,215349,186208,2,1,59.99,22.49
12637,2014-03-18 07:35:06,215363,169506,1,2,79.98,28.98
12638,2014-03-18 09:25:23,215399,164961,1,2,79.98,28.98
12639,2014-03-18 09:39:20,215403,162002,1,2,95.98,33.98
12640,2014-03-18 09:48:52,215408,186256,1,1,49.99,19.49
12641,2014-03-18 10:11:56,215414,186261,1,1,49.99,19.49
12642,2014-03-18 10:27:58,215423,186269,1,2,79.98,28.98
12643,2014-03-18 10:59:28,215444,186287,3,1,45.99,14.49
12644,2014-03-18 11:16:25,215453,186296,1,2,79.98,28.98
12645,2014-03-18 11:30:03,215466,186307,1,1,49.99,19.49
12646,2014-03-18 11:50:10,215487,186323,3,2,95.98,33.98
12647,2014-03-18 11:50:47,215482,167533,1,2,95.98,33.98
12648,2014-03-18 11:50:58,215486,186322,1,2,79.98,28.98
12649,2014-03-18 12:09:29,215504,186338,1,1,49.99,19.49
12650,2014-03-18 12:28:58,215517,186349,1,1,49.99,19.49
12651,2014-03-18 12:33:47,215524,186354,2,1,59.99,22.49
12652,2014-03-18 12:37:35,215527,186355,2,1,59.99,22.49
12653,2014-03-18 12:56:02,215542,186365,2,1,59.99,22.49
12654,2014-03-18 13:17:40,215564,186383,1,1,49.99,19.49
12655,2014-03-18 13:18:18,215565,186384,1,2,79.98,28.98
12656,2014-03-18 13:20:42,215567,170930,1,1,49.99,19.49
12657,2014-03-18 13:45:12,215580,186396,1,1,49.99,19.49
12658,2014-03-18 14:10:30,215598,186409,3,1,45.99,14.49
12659,2014-03-18 14:22:13,215614,186421,1,2,79.98,28.98
12660,2014-03-18 14:33:54,215621,186425,1,2,79.98,28.98
12661,2014-03-18 15:45:01,215674,166889,1,2,95.98,33.98
12662,2014-03-18 16:06:29,215687,169884,1,1,49.99,19.49
12663,2014-03-18 16:30:45,215698,186492,1,2,95.98,33.98
12664,2014-03-18 17:30:59,215732,186518,1,1,49.99,19.49
12665,2014-03-18 17:46:17,215740,186524,1,1,49.99,19.49
12666,2014-03-18 18:16:04,215758,186536,1,1,49.99,19.49
12667,2014-03-18 18:29:57,215765,186542,3,2,75.98,23.98
12668,2014-03-18 19:25:51,215790,186562,1,1,49.99,19.49
12669,2014-03-18 20:10:27,215806,186573,1,1,49.99,19.49
12670,2014-03-18 20:32:14,215812,186579,1,1,49.99,19.49
12671,2014-03-18 21:31:58,215832,186593,1,2,95.98,33.98
12672,2014-03-18 22:56:45,215847,172761,1,2,109.98,41.98
12673,2014-03-18 23:56:27,215870,186621,1,1,49.99,19.49
12674,2014-03-19 00:01:44,215873,186624,1,1,49.99,19.49
12675,2014-03-19 03:49:42,215912,186653,1,1,49.99,19.49
12676,2014-03-19 07:21:41,215960,186694,1,1,49.99,19.49
12677,2014-03-19 07:46:45,215963,186697,3,1,45.99,14.49
12678,2014-03-19 08:37:25,215978,186710,2,1,59.99,22.49
12679,2014-03-19 08:52:35,215990,158979,3,1,45.99,14.49
12680,2014-03-19 08:55:11,215988,186719,3,1,45.99,14.49
12681,2014-03-19 09:25:28,216004,186730,2,1,59.99,22.49
12682,2014-03-19 09:28:26,216012,186735,1,2,79.98,28.98
12683,2014-03-19 10:06:55,216041,186760,1,1,49.99,19.49
12684,2014-03-19 10:21:13,216052,186769,1,1,49.99,19.49
12685,2014-03-19 10:26:15,216057,186774,1,1,49.99,19.49
12686,2014-03-19 10:59:58,216085,186800,1,1,49.99,19.49
12687,2014-03-19 11:12:25,216096,186809,1,2,79.98,28.98
12688,2014-03-19 11:27:23,216107,186816,3,1,45.99,14.49
12689,2014-03-19 11:42:23,216119,186826,1,2,109.98,41.98
12690,2014-03-19 11:46:08,216120,186827,1,1,49.99,19.49
12691,2014-03-19 11:46:47,216123,186829,1,1,49.99,19.49
12692,2014-03-19 12:56:03,216167,186867,2,2,89.98,31.98
12693,2014-03-19 13:05:22,216175,186874,1,2,79.98,28.98
12694,2014-03-19 13:17:45,216184,185232,3,1,45.99,14.49
12695,2014-03-19 13:57:37,216217,186906,1,1,49.99,19.49
12696,2014-03-19 14:00:52,216221,186909,1,2,95.98,33.98
12697,2014-03-19 14:15:43,216225,186913,1,1,49.99,19.49
12698,2014-03-19 14:24:39,216237,186923,1,1,49.99,19.49
12699,2014-03-19 14:24:44,216231,186918,2,1,59.99,22.49
12700,2014-03-19 14:28:00,216233,186920,1,1,49.99,19.49
12701,2014-03-19 14:45:06,216246,161316,1,2,95.98,33.98
12702,2014-03-19 14:46:00,216249,186931,1,1,49.99,19.49
12703,2014-03-19 14:51:58,216253,156585,1,1,49.99,19.49
12704,2014-03-19 14:52:51,216252,186934,1,1,49.99,19.49
12705,2014-03-19 15:50:10,216293,186968,1,1,49.99,19.49
12706,2014-03-19 15:52:02,216302,186975,2,1,59.99,22.49
12707,2014-03-19 15:52:20,216297,186972,1,2,95.98,33.98
12708,2014-03-19 15:56:48,216299,169384,3,2,95.98,33.98
12709,2014-03-19 16:23:14,216320,170464,2,2,89.98,31.98
12710,2014-03-19 16:42:24,216331,187000,1,1,49.99,19.49
12711,2014-03-19 16:45:46,216337,187005,2,1,59.99,22.49
12712,2014-03-19 16:54:36,216349,187015,1,2,95.98,33.98
12713,2014-03-19 17:07:48,216359,187024,1,1,49.99,19.49
12714,2014-03-19 17:15:45,216360,187025,1,1,49.99,19.49
12715,2014-03-19 17:46:55,216377,187037,1,2,95.98,33.98
12716,2014-03-19 18:13:16,216390,187048,2,2,89.98,31.98
12717,2014-03-19 18:45:48,216407,187062,1,1,49.99,19.49
12718,2014-03-19 18:46:08,216410,187064,1,2,79.98,28.98
12719,2014-03-19 18:49:20,216415,168009,1,1,49.99,19.49
12720,2014-03-19 19:05:15,216424,187075,1,1,49.99,19.49
12721,2014-03-19 20:08:35,216448,187092,1,1,49.99,19.49
12722,2014-03-19 20:23:49,216454,187096,1,2,79.98,28.98
12723,2014-03-19 20:36:55,216461,187099,1,2,79.98,28.98
12724,2014-03-19 21:08:11,216473,176192,1,2,95.98,33.98
12725,2014-03-19 22:23:23,216502,187127,2,2,89.98,31.98
12726,2014-03-19 22:37:21,216505,159061,2,1,59.99,22.49
12727,2014-03-19 22:43:18,216508,187131,1,2,95.98,33.98
12728,2014-03-19 23:52:44,216535,187153,1,1,49.99,19.49
12729,2014-03-20 00:44:01,216546,187162,1,1,49.99,19.49
12730,2014-03-20 02:36:59,216566,156859,1,2,79.98,28.98
12731,2014-03-20 03:11:21,216572,187183,1,1,49.99,19.49
12732,2014-03-20 05:19:22,216584,187192,1,1,49.99,19.49
12733,2014-03-20 06:44:36,216593,166263,1,1,49.99,19.49
12734,2014-03-20 07:37:44,216607,187211,1,1,49.99,19.49
12735,2014-03-20 08:36:25,216619,187221,1,2,79.98,28.98
12736,2014-03-20 09:16:08,216631,187231,1,1,49.99,19.49
12737,2014-03-20 09:30:56,216641,150156,2,1,59.99,22.49
12738,2014-03-20 09:44:33,216653,187249,1,1,49.99,19.49
12739,2014-03-20 10:33:32,216680,187269,3,2,75.98,23.98
12740,2014-03-20 10:33:34,216682,187270,1,2,95.98,33.98
12741,2014-03-20 10:58:49,216701,187285,1,1,49.99,19.49
12742,2014-03-20 11:00:50,216708,167642,1,1,49.99,19.49
12743,2014-03-20 11:24:32,216717,187295,1,1,49.99,19.49
12744,2014-03-20 11:30:41,216723,159899,1,2,95.98,33.98
12745,2014-03-20 11:31:03,216718,187296,1,2,79.98,28.98
12746,2014-03-20 12:21:30,216749,158895,3,2,75.98,23.98
12747,2014-03-20 12:36:20,216766,187331,2,1,59.99,22.49
12748,2014-03-20 13:05:03,216786,187349,1,1,49.99,19.49
12749,2014-03-20 13:16:37,216792,185032,3,1,45.99,14.49
12750,2014-03-20 13:24:03,216796,176173,1,2,79.98,28.98
12751,2014-03-20 13:43:51,216812,155918,2,1,59.99,22.49
12752,2014-03-20 14:05:49,216828,187379,1,1,49.99,19.49
12753,2014-03-20 14:11:44,216832,187382,1,1,49.99,19.49
12754,2014-03-20 14:14:10,216835,187385,2,1,59.99,22.49
12755,2014-03-20 14:22:15,216842,187390,1,1,49.99,19.49
12756,2014-03-20 14:40:19,216851,187399,1,2,95.98,33.98
12757,2014-03-20 15:22:28,216882,187423,1,2,95.98,33.98
12758,2014-03-20 15:41:23,216900,187437,3,1,45.99,14.49
12759,2014-03-20 15:53:10,216903,187439,2,2,109.98,41.98
12760,2014-03-20 16:07:33,216917,187449,1,1,49.99,19.49
12761,2014-03-20 16:26:36,216928,187459,1,1,49.99,19.49
12762,2014-03-20 16:38:42,216935,187465,2,1,59.99,22.49
12763,2014-03-20 16:52:03,216940,187469,1,2,95.98,33.98
12764,2014-03-20 16:57:25,216950,187477,3,2,75.98,23.98
12765,2014-03-20 17:09:20,216952,187478,1,1,49.99,19.49
12766,2014-03-20 17:41:17,216974,187497,2,1,59.99,22.49
12767,2014-03-20 18:16:48,216990,171914,1,2,79.98,28.98
12768,2014-03-20 19:42:11,217017,187530,1,2,79.98,28.98
12769,2014-03-20 19:45:29,217018,187531,1,1,49.99,19.49
12770,2014-03-20 20:38:20,217034,187543,1,1,49.99,19.49
12771,2014-03-20 20:44:03,217037,187546,1,2,95.98,33.98
12772,2014-03-20 21:21:20,217046,187555,2,1,59.99,22.49
12773,2014-03-20 21:27:11,217047,187556,1,1,49.99,19.49
12774,2014-03-20 22:19:58,217064,187569,2,2,89.98,31.98
12775,2014-03-20 23:02:51,217078,187578,1,1,49.99,19.49
12776,2014-03-21 01:05:59,217109,187601,1,1,49.99,19.49
12777,2014-03-21 01:36:34,217111,187603,3,2,105.98,36.98
12778,2014-03-21 06:52:52,217172,187650,1,1,49.99,19.49
12779,2014-03-21 07:01:19,217179,187655,1,1,49.99,19.49
12780,2014-03-21 08:30:45,217201,187672,1,1,49.99,19.49
12781,2014-03-21 08:45:06,217204,169244,1,1,49.99,19.49
12782,2014-03-21 09:28:14,217217,187686,2,1,59.99,22.49
12783,2014-03-21 09:46:08,217231,171329,1,2,95.98,33.98
12784,2014-03-21 10:11:40,217240,187704,1,2,79.98,28.98
12785,2014-03-21 10:24:44,217253,187713,2,1,59.99,22.49
12786,2014-03-21 10:57:59,217279,187733,1,1,49.99,19.49
12787,2014-03-21 10:58:00,217280,160959,3,2,95.98,33.98
12788,2014-03-21 10:59:19,217277,187731,1,1,49.99,19.49
12789,2014-03-21 11:14:52,217286,157480,1,1,49.99,19.49
12790,2014-03-21 11:22:19,217287,174132,3,1,45.99,14.49
12791,2014-03-21 11:27:07,217290,159592,1,1,49.99,19.49
12792,2014-03-21 11:59:53,217308,187753,2,1,59.99,22.49
12793,2014-03-21 12:23:25,217323,187766,1,1,49.99,19.49
12794,2014-03-21 12:53:19,217337,187779,1,1,49.99,19.49
12795,2014-03-21 13:26:15,217360,187796,3,1,45.99,14.49
12796,2014-03-21 13:47:45,217367,187801,3,1,45.99,14.49
12797,2014-03-21 15:08:55,217405,187830,1,1,49.99,19.49
12798,2014-03-21 15:11:53,217411,187836,1,1,49.99,19.49
12799,2014-03-21 16:34:59,217460,187873,1,2,79.98,28.98
12800,2014-03-21 16:43:39,217466,187878,2,2,89.98,31.98
12801,2014-03-21 17:46:17,217484,187893,1,2,79.98,28.98
12802,2014-03-21 17:47:07,217483,187892,2,2,105.98,36.98
12803,2014-03-21 17:47:26,217485,174451,1,2,79.98,28.98
12804,2014-03-21 18:08:29,217504,187908,1,2,79.98,28.98
12805,2014-03-21 20:07:59,217539,178833,1,1,49.99,19.49
12806,2014-03-22 01:10:59,217603,157912,2,1,59.99,22.49
12807,2014-03-22 01:56:14,217610,187992,1,2,79.98,28.98
12808,2014-03-22 01:59:43,217609,175307,3,1,45.99,14.49
12809,2014-03-22 02:14:08,217615,187997,1,1,49.99,19.49
12810,2014-03-22 04:09:34,217621,164973,1,1,49.99,19.49
12811,2014-03-22 10:13:19,217671,188045,1,1,49.99,19.49
12812,2014-03-22 10:15:08,217669,188043,3,2,75.98,23.98
12813,2014-03-22 11:39:48,217691,188062,2,1,59.99,22.49
12814,2014-03-22 12:58:36,217707,188070,1,2,95.98,33.98
12815,2014-03-22 14:42:58,217734,188091,1,1,49.99,19.49
12816,2014-03-22 15:09:15,217738,188094,1,2,79.98,28.98
12817,2014-03-22 16:12:18,217759,188112,3,1,45.99,14.49
12818,2014-03-22 17:50:37,217784,184680,1,1,49.99,19.49
12819,2014-03-22 18:58:47,217795,188141,1,1,49.99,19.49
12820,2014-03-22 22:53:57,217827,188167,1,1,49.99,19.49
12821,2014-03-23 02:40:04,217855,156331,1,1,49.99,19.49
12822,2014-03-23 06:29:05,217872,188204,1,1,49.99,19.49
12823,2014-03-23 07:31:26,217878,188209,2,2,105.98,36.98
12824,2014-03-23 08:19:04,217881,188211,1,1,49.99,19.49
12825,2014-03-23 12:45:09,217932,188252,3,2,75.98,23.98
12826,2014-03-23 12:57:14,217935,188255,1,1,49.99,19.49
12827,2014-03-23 13:22:48,217942,188262,1,1,49.99,19.49
12828,2014-03-23 14:55:16,217963,188279,1,1,49.99,19.49
12829,2014-03-23 15:43:17,217975,188288,1,1,49.99,19.49
12830,2014-03-23 16:49:47,217991,188300,1,2,95.98,33.98
12831,2014-03-23 19:20:46,218019,188325,1,2,79.98,28.98
12832,2014-03-23 19:39:01,218023,188329,1,1,49.99,19.49
12833,2014-03-23 19:54:21,218027,159402,1,2,95.98,33.98
12834,2014-03-23 19:58:26,218029,188334,2,2,105.98,36.98
12835,2014-03-23 21:09:29,218045,188344,1,1,49.99,19.49
12836,2014-03-23 22:22:07,218066,188361,1,1,49.99,19.49
12837,2014-03-24 00:27:46,218107,188393,1,1,49.99,19.49
12838,2014-03-24 00:51:08,218111,188397,2,1,59.99,22.49
12839,2014-03-24 02:04:39,218123,188406,1,1,49.99,19.49
12840,2014-03-24 02:15:03,218127,188410,2,1,59.99,22.49
12841,2014-03-24 02:42:40,218133,188415,3,2,95.98,33.98
12842,2014-03-24 03:03:58,218137,178738,1,2,79.98,28.98
12843,2014-03-24 05:37:55,218161,188433,3,1,45.99,14.49
12844,2014-03-24 06:16:54,218169,158521,1,2,79.98,28.98
12845,2014-03-24 08:35:32,218199,188463,1,2,79.98,28.98
12846,2014-03-24 09:36:30,218233,188491,1,1,49.99,19.49
12847,2014-03-24 09:59:49,218243,188498,1,1,49.99,19.49
12848,2014-03-24 10:21:46,218251,173069,2,2,89.98,31.98
12849,2014-03-24 10:54:19,218269,167634,2,2,89.98,31.98
12850,2014-03-24 11:04:16,218277,188524,1,2,95.98,33.98
12851,2014-03-24 11:05:55,218282,188528,3,2,75.98,23.98
12852,2014-03-24 11:08:12,218284,188530,1,1,49.99,19.49
12853,2014-03-24 11:12:09,218283,188529,2,1,59.99,22.49
12854,2014-03-24 11:23:30,218297,188542,1,2,109.98,41.98
12855,2014-03-24 11:29:00,218303,188547,1,2,95.98,33.98
12856,2014-03-24 12:54:16,218351,188581,1,1,49.99,19.49
12857,2014-03-24 13:03:20,218360,188587,3,2,75.98,23.98
12858,2014-03-24 13:11:34,218363,188590,1,1,49.99,19.49
12859,2014-03-24 13:49:15,218385,182122,1,1,49.99,19.49
12860,2014-03-24 14:46:35,218418,161980,1,1,49.99,19.49
12861,2014-03-24 15:05:17,218424,188639,2,1,59.99,22.49
12862,2014-03-24 15:47:46,218448,188660,3,2,75.98,23.98
12863,2014-03-24 16:13:55,218462,179539,1,2,79.98,28.98
12864,2014-03-24 16:17:44,218466,188675,3,1,45.99,14.49
12865,2014-03-24 16:37:05,218469,188678,1,1,49.99,19.49
12866,2014-03-24 16:48:41,218478,188686,1,2,79.98,28.98
12867,2014-03-24 17:10:08,218485,177894,2,1,59.99,22.49
12868,2014-03-24 17:25:42,218492,188696,3,1,45.99,14.49
12869,2014-03-24 17:52:01,218502,171063,2,1,59.99,22.49
12870,2014-03-24 18:41:14,218526,188721,1,2,95.98,33.98
12871,2014-03-24 18:55:32,218535,188730,2,1,59.99,22.49
12872,2014-03-24 22:55:38,218612,188788,2,1,59.99,22.49
12873,2014-03-24 23:52:27,218629,188802,1,2,79.98,28.98
12874,2014-03-25 01:28:48,218648,163796,1,2,95.98,33.98
12875,2014-03-25 04:13:56,218673,176453,1,1,49.99,19.49
12876,2014-03-25 05:36:18,218687,188849,1,1,49.99,19.49
12877,2014-03-25 06:32:35,218701,188859,1,1,49.99,19.49
12878,2014-03-25 07:37:05,218713,188868,1,1,49.99,19.49
12879,2014-03-25 07:40:26,218711,173461,1,2,109.98,41.98
12880,2014-03-25 07:58:05,218717,188870,1,1,49.99,19.49
12881,2014-03-25 08:22:19,218725,172766,1,1,49.99,19.49
12882,2014-03-25 08:22:25,218727,188876,2,1,59.99,22.49
12883,2014-03-25 08:39:48,218731,188880,1,1,49.99,19.49
12884,2014-03-25 09:08:20,218745,188892,1,1,49.99,19.49
12885,2014-03-25 10:08:49,218766,188910,1,1,49.99,19.49
12886,2014-03-25 10:13:10,218767,188911,1,1,49.99,19.49
12887,2014-03-25 10:36:18,218774,175332,1,2,79.98,28.98
12888,2014-03-25 10:59:02,218793,171880,1,1,49.99,19.49
12889,2014-03-25 11:17:12,218806,177990,3,1,45.99,14.49
12890,2014-03-25 11:20:09,218808,188942,1,2,79.98,28.98
12891,2014-03-25 11:59:51,218827,188957,3,2,75.98,23.98
12892,2014-03-25 12:05:03,218837,188964,1,2,79.98,28.98
12893,2014-03-25 12:09:24,218843,188970,2,1,59.99,22.49
12894,2014-03-25 12:16:19,218849,164735,1,1,49.99,19.49
12895,2014-03-25 13:12:56,218880,188999,1,1,49.99,19.49
12896,2014-03-25 13:40:11,218894,189011,1,1,49.99,19.49
12897,2014-03-25 14:42:44,218938,189044,1,2,79.98,28.98
12898,2014-03-25 14:50:02,218947,163847,1,1,49.99,19.49
12899,2014-03-25 16:01:22,218988,189084,1,1,49.99,19.49
12900,2014-03-25 16:15:09,218993,189088,1,1,49.99,19.49
12901,2014-03-25 16:36:31,219014,189103,1,1,49.99,19.49
12902,2014-03-25 16:42:36,219017,189106,2,2,89.98,31.98
12903,2014-03-25 16:44:17,219015,189104,1,1,49.99,19.49
12904,2014-03-25 17:31:43,219049,171242,2,2,89.98,31.98
12905,2014-03-25 18:27:31,219071,189146,1,1,49.99,19.49
12906,2014-03-25 18:39:12,219081,189154,1,1,49.99,19.49
12907,2014-03-25 18:56:19,219088,189161,2,1,59.99,22.49
12908,2014-03-25 18:56:35,219085,189158,1,1,49.99,19.49
12909,2014-03-25 20:21:21,219127,189193,3,1,45.99,14.49
12910,2014-03-25 20:41:35,219133,189196,1,2,79.98,28.98
12911,2014-03-25 22:19:42,219168,170618,3,1,45.99,14.49
12912,2014-03-25 22:36:15,219175,189226,1,2,109.98,41.98
12913,2014-03-25 22:37:20,219173,160601,3,2,95.98,33.98
12914,2014-03-25 22:54:42,219182,189232,2,1,59.99,22.49
12915,2014-03-26 00:10:20,219208,152405,1,1,49.99,19.49
12916,2014-03-26 01:59:35,219232,189268,1,1,49.99,19.49
12917,2014-03-26 04:41:55,219263,189294,1,1,49.99,19.49
12918,2014-03-26 06:51:27,219281,189310,1,2,95.98,33.98
12919,2014-03-26 09:14:02,219321,189343,1,1,49.99,19.49
12920,2014-03-26 09:58:36,219349,189366,1,1,49.99,19.49
12921,2014-03-26 11:06:11,219395,189403,2,1,59.99,22.49
12922,2014-03-26 12:22:27,219442,185888,1,2,79.98,28.98
12923,2014-03-26 12:33:36,219452,189451,3,1,45.99,14.49
12924,2014-03-26 12:36:22,219443,189442,1,1,49.99,19.49
12925,2014-03-26 12:39:35,219451,189450,1,1,49.99,19.49
12926,2014-03-26 12:51:52,219463,189461,1,2,95.98,33.98
12927,2014-03-26 13:41:19,219502,189491,1,2,95.98,33.98
12928,2014-03-26 13:57:47,219510,189498,1,2,79.98,28.98
12929,2014-03-26 14:57:44,219550,189533,1,2,109.98,41.98
12930,2014-03-26 15:21:37,219570,159051,1,2,79.98,28.98
12931,2014-03-26 15:36:38,219594,189566,1,2,79.98,28.98
12932,2014-03-26 16:14:15,219614,189582,3,1,45.99,14.49
12933,2014-03-26 17:39:08,219663,189622,1,2,79.98,28.98
12934,2014-03-26 18:02:05,219680,189636,1,2,79.98,28.98
12935,2014-03-26 18:11:52,219684,189640,1,1,49.99,19.49
12936,2014-03-26 19:37:41,219722,176933,1,1,49.99,19.49
12937,2014-03-26 21:31:53,219758,180741,2,2,105.98,36.98
12938,2014-03-26 22:43:49,219792,189725,1,2,95.98,33.98
12939,2014-03-26 22:52:32,219797,181864,1,2,79.98,28.98
12940,2014-03-27 01:52:14,219841,189759,1,2,79.98,28.98
12941,2014-03-27 01:54:37,219842,182047,3,1,45.99,14.49
12942,2014-03-27 03:16:13,219854,189771,2,1,59.99,22.49
12943,2014-03-27 04:51:15,219866,189782,1,1,49.99,19.49
12944,2014-03-27 06:36:27,219885,176857,1,1,49.99,19.49
12945,2014-03-27 06:58:10,219891,189798,2,1,59.99,22.49
12946,2014-03-27 07:34:32,219902,189807,1,2,79.98,28.98
12947,2014-03-27 08:58:49,219931,189829,2,1,59.99,22.49
12948,2014-03-27 11:24:06,220005,189890,1,2,79.98,28.98
12949,2014-03-27 11:32:17,220013,189896,1,1,49.99,19.49
12950,2014-03-27 11:34:42,220011,189894,1,1,49.99,19.49
12951,2014-03-27 11:40:00,220019,189901,1,2,109.98,41.98
12952,2014-03-27 11:52:52,220027,189908,1,2,79.98,28.98
12953,2014-03-27 12:02:56,220029,180364,1,1,49.99,19.49
12954,2014-03-27 12:10:05,220038,189916,1,2,79.98,28.98
12955,2014-03-27 12:26:20,220044,153610,1,1,49.99,19.49
12956,2014-03-27 12:30:01,220047,189923,2,1,59.99,22.49
12957,2014-03-27 12:36:39,220054,189930,1,1,49.99,19.49
12958,2014-03-27 13:31:25,220083,189951,1,2,109.98,41.98
12959,2014-03-27 13:39:09,220091,189958,1,1,49.99,19.49
12960,2014-03-27 13:46:07,220094,189959,2,1,59.99,22.49
12961,2014-03-27 14:53:58,220141,189998,1,1,49.99,19.49
12962,2014-03-27 15:26:56,220150,190005,1,1,49.99,19.49
12963,2014-03-27 15:48:12,220168,190017,2,1,59.99,22.49
12964,2014-03-27 15:49:21,220162,183890,3,2,75.98,23.98
12965,2014-03-27 16:07:13,220174,190023,1,1,49.99,19.49
12966,2014-03-27 16:12:46,220176,190024,1,1,49.99,19.49
12967,2014-03-27 16:14:44,220179,190026,3,1,45.99,14.49
12968,2014-03-27 16:44:28,220196,190039,3,1,45.99,14.49
12969,2014-03-27 16:46:53,220203,190046,1,1,49.99,19.49
12970,2014-03-27 17:15:44,220222,169183,1,1,49.99,19.49
12971,2014-03-27 18:36:03,220254,190087,2,1,59.99,22.49
12972,2014-03-27 18:38:31,220258,190089,1,1,49.99,19.49
12973,2014-03-27 18:49:57,220265,190094,1,2,95.98,33.98
12974,2014-03-27 19:10:41,220277,190103,2,2,89.98,31.98
12975,2014-03-27 19:35:39,220288,190113,1,2,79.98,28.98
12976,2014-03-27 20:01:55,220295,190119,2,1,59.99,22.49
12977,2014-03-27 20:45:45,220310,190130,1,1,49.99,19.49
12978,2014-03-27 22:00:54,220340,190155,2,1,59.99,22.49
12979,2014-03-27 23:30:06,220364,190173,1,2,79.98,28.98
12980,2014-03-28 00:29:57,220387,190188,1,1,49.99,19.49
12981,2014-03-28 00:37:18,220388,190189,1,2,95.98,33.98
12982,2014-03-28 02:23:58,220403,190200,3,1,45.99,14.49
12983,2014-03-28 02:50:43,220407,190204,1,2,79.98,28.98
12984,2014-03-28 02:59:13,220409,190206,1,2,79.98,28.98
12985,2014-03-28 04:16:16,220428,190221,2,2,89.98,31.98
12986,2014-03-28 04:33:56,220432,190225,1,1,49.99,19.49
12987,2014-03-28 05:16:50,220438,190230,1,2,79.98,28.98
12988,2014-03-28 05:31:46,220443,161867,1,1,49.99,19.49
12989,2014-03-28 06:13:40,220451,190240,1,1,49.99,19.49
12990,2014-03-28 07:11:21,220461,164333,2,1,59.99,22.49
12991,2014-03-28 07:26:23,220463,190251,1,1,49.99,19.49
12992,2014-03-28 08:08:04,220476,190263,1,1,49.99,19.49
12993,2014-03-28 09:24:16,220511,190290,1,1,49.99,19.49
12994,2014-03-28 10:00:31,220516,190295,1,2,79.98,28.98
12995,2014-03-28 10:12:27,220522,190300,3,1,45.99,14.49
12996,2014-03-28 10:26:13,220525,190302,1,1,49.99,19.49
12997,2014-03-28 11:57:19,220586,190351,1,1,49.99,19.49
12998,2014-03-28 11:58:58,220587,190352,1,2,79.98,28.98
12999,2014-03-28 12:03:06,220585,190350,1,1,49.99,19.49
13000,2014-03-28 12:10:13,220588,178260,3,2,95.98,33.98
13001,2014-03-28 12:54:29,220616,190372,1,1,49.99,19.49
13002,2014-03-28 13:35:26,220632,190385,1,2,79.98,28.98
13003,2014-03-28 13:42:37,220638,168064,1,1,49.99,19.49
13004,2014-03-28 14:41:48,220661,184129,2,1,59.99,22.49
13005,2014-03-28 15:06:23,220674,163018,1,2,79.98,28.98
13006,2014-03-28 15:08:31,220675,190417,3,1,45.99,14.49
13007,2014-03-28 16:32:41,220730,190461,2,1,59.99,22.49
13008,2014-03-28 16:55:35,220746,190471,1,1,49.99,19.49
13009,2014-03-28 17:05:08,220759,183492,1,2,79.98,28.98
13010,2014-03-28 17:10:59,220760,176247,1,1,49.99,19.49
13011,2014-03-28 17:16:24,220762,190483,1,2,95.98,33.98
13012,2014-03-28 17:30:50,220771,190491,1,1,49.99,19.49
13013,2014-03-28 18:28:41,220799,159134,1,1,49.99,19.49
13014,2014-03-28 19:06:36,220814,190525,3,1,45.99,14.49
13015,2014-03-28 19:43:01,220824,190535,1,1,49.99,19.49
13016,2014-03-28 21:58:39,220849,190553,1,2,95.98,33.98
13017,2014-03-29 01:00:17,220879,190579,3,1,45.99,14.49
13018,2014-03-29 01:17:37,220882,190582,1,2,95.98,33.98
13019,2014-03-29 01:33:44,220885,159880,1,1,49.99,19.49
13020,2014-03-29 02:13:20,220891,174889,1,1,49.99,19.49
13021,2014-03-29 04:44:27,220902,190598,1,1,49.99,19.49
13022,2014-03-29 06:20:41,220914,159596,1,1,49.99,19.49
13023,2014-03-29 08:04:31,220925,190616,2,2,105.98,36.98
13024,2014-03-29 08:21:12,220930,190620,3,1,45.99,14.49
13025,2014-03-29 11:02:59,220962,190645,1,1,49.99,19.49
13026,2014-03-29 11:11:56,220963,190646,1,1,49.99,19.49
13027,2014-03-29 12:08:32,220972,190651,2,1,59.99,22.49
13028,2014-03-29 13:11:16,220988,182344,3,2,95.98,33.98
13029,2014-03-29 14:02:26,220996,179365,1,1,49.99,19.49
13030,2014-03-29 14:04:47,220997,190672,2,1,59.99,22.49
13031,2014-03-29 14:40:55,221000,190674,1,1,49.99,19.49
13032,2014-03-29 15:13:11,221010,190683,1,2,95.98,33.98
13033,2014-03-29 17:18:11,221037,190704,1,2,95.98,33.98
13034,2014-03-29 17:40:05,221042,190709,1,2,79.98,28.98
13035,2014-03-29 18:12:44,221045,190711,1,1,49.99,19.49
13036,2014-03-29 20:11:51,221058,190721,3,2,75.98,23.98
13037,2014-03-29 20:19:34,221059,190722,1,1,49.99,19.49
13038,2014-03-29 20:34:30,221064,190726,2,1,59.99,22.49
13039,2014-03-29 22:47:29,221085,190746,1,1,49.99,19.49
13040,2014-03-29 23:14:59,221087,190748,1,1,49.99,19.49
13041,2014-03-29 23:34:42,221090,178990,3,1,45.99,14.49
13042,2014-03-30 01:20:57,221108,173976,1,2,95.98,33.98
13043,2014-03-30 02:00:21,221112,190767,3,1,45.99,14.49
13044,2014-03-30 02:37:54,221120,190774,1,1,49.99,19.49
13045,2014-03-30 06:02:13,221136,190789,1,2,109.98,41.98
13046,2014-03-30 09:05:25,221161,190811,1,1,49.99,19.49
13047,2014-03-30 09:18:58,221163,190813,1,1,49.99,19.49
13048,2014-03-30 09:45:55,221171,190819,3,1,45.99,14.49
13049,2014-03-30 12:56:33,221216,187423,2,2,89.98,31.98
13050,2014-03-30 15:08:40,221240,190874,1,1,49.99,19.49
13051,2014-03-30 15:14:57,221241,190875,1,2,79.98,28.98
13052,2014-03-30 15:42:41,221251,190885,1,2,79.98,28.98
13053,2014-03-30 16:01:55,221257,190891,1,2,95.98,33.98
13054,2014-03-30 16:19:15,221268,171706,2,2,89.98,31.98
13055,2014-03-30 17:02:04,221283,190913,1,1,49.99,19.49
13056,2014-03-30 17:12:45,221288,190918,1,1,49.99,19.49
13057,2014-03-30 18:54:36,221310,190938,1,1,49.99,19.49
13058,2014-03-30 19:54:43,221328,190953,2,2,89.98,31.98
13059,2014-03-30 20:41:59,221345,190966,1,2,79.98,28.98
13060,2014-03-30 22:02:13,221372,164642,1,2,95.98,33.98
13061,2014-03-30 22:34:09,221390,168948,3,1,45.99,14.49
13062,2014-03-30 23:06:01,221398,191014,2,2,105.98,36.98
13063,2014-03-30 23:09:46,221401,191016,1,1,49.99,19.49
13064,2014-03-30 23:51:28,221421,191033,1,1,49.99,19.49
13065,2014-03-30 23:59:34,221425,191037,1,1,49.99,19.49
13066,2014-03-31 04:45:04,221487,191088,2,1,59.99,22.49
13067,2014-03-31 06:42:33,221512,191105,1,2,79.98,28.98
13068,2014-03-31 07:30:27,221523,165599,1,2,79.98,28.98
13069,2014-03-31 08:31:31,221536,191126,1,1,49.99,19.49
13070,2014-03-31 09:00:06,221554,191141,1,1,49.99,19.49
13071,2014-03-31 09:16:04,221564,163013,3,1,45.99,14.49
13072,2014-03-31 09:16:50,221563,177312,1,2,109.98,41.98
13073,2014-03-31 09:23:12,221566,164818,1,1,49.99,19.49
13074,2014-03-31 10:03:45,221586,191164,1,1,49.99,19.49
13075,2014-03-31 10:25:59,221598,191173,1,1,49.99,19.49
13076,2014-03-31 10:40:11,221606,191180,1,1,49.99,19.49
13077,2014-03-31 10:42:39,221607,191181,1,2,79.98,28.98
13078,2014-03-31 10:47:35,221618,191190,1,1,49.99,19.49
13079,2014-03-31 10:48:54,221615,191187,1,1,49.99,19.49
13080,2014-03-31 10:56:34,221620,191192,2,2,105.98,36.98
13081,2014-03-31 10:58:55,221621,191193,1,1,49.99,19.49
13082,2014-03-31 11:36:31,221648,191216,1,2,79.98,28.98
13083,2014-03-31 12:32:14,221670,191234,1,2,79.98,28.98
13084,2014-03-31 12:44:26,221678,191241,1,2,95.98,33.98
13085,2014-03-31 12:59:43,221688,191247,1,1,49.99,19.49
13086,2014-03-31 13:09:04,221694,161659,1,1,49.99,19.49
13087,2014-03-31 13:12:26,221695,191251,1,1,49.99,19.49
13088,2014-03-31 13:41:13,221718,191271,1,2,79.98,28.98
13089,2014-03-31 13:56:33,221729,191280,3,2,75.98,23.98
13090,2014-03-31 14:41:51,221761,191302,1,2,109.98,41.98
13091,2014-03-31 15:31:25,221795,191330,1,1,49.99,19.49
13092,2014-03-31 15:36:52,221798,191333,1,1,49.99,19.49
13093,2014-03-31 15:49:39,221809,191343,1,1,49.99,19.49
13094,2014-03-31 16:14:52,221828,191361,3,1,45.99,14.49
13095,2014-03-31 17:19:13,221874,161532,1,1,49.99,19.49
13096,2014-03-31 17:20:41,221870,167763,1,1,49.99,19.49
13097,2014-03-31 17:35:06,221883,191407,1,1,49.99,19.49
13098,2014-03-31 17:39:13,221884,179773,1,1,49.99,19.49
13099,2014-03-31 17:53:48,221889,191412,1,1,49.99,19.49
13100,2014-03-31 21:35:56,221970,191480,2,1,59.99,22.49
13101,2014-03-31 21:49:55,221984,191489,3,1,45.99,14.49
13102,2014-03-31 23:32:23,222013,191516,1,2,109.98,41.98
13103,2014-04-01 00:33:03,222035,191533,1,2,95.98,33.98
13104,2014-04-01 01:51:45,222051,191546,1,1,49.99,19.49
13105,2014-04-01 02:41:03,222061,191553,3,1,45.99,14.49
13106,2014-04-01 05:55:04,222081,191569,3,2,105.98,36.98
13107,2014-04-01 06:49:17,222092,191578,2,1,59.99,22.49
13108,2014-04-01 06:57:45,222093,191579,3,2,95.98,33.98
13109,2014-04-01 10:37:33,222176,191649,1,1,49.99,19.49
13110,2014-04-01 11:32:51,222219,190158,1,1,49.99,19.49
13111,2014-04-01 12:07:02,222237,191702,2,1,59.99,22.49
13112,2014-04-01 12:15:44,222252,191715,1,1,49.99,19.49
13113,2014-04-01 12:19:19,222258,170880,1,1,49.99,19.49
13114,2014-04-01 12:20:58,222260,191721,1,2,79.98,28.98
13115,2014-04-01 12:22:24,222259,191720,1,2,79.98,28.98
13116,2014-04-01 12:24:23,222250,168818,1,1,49.99,19.49
13117,2014-04-01 12:41:30,222277,191735,1,2,95.98,33.98
13118,2014-04-01 12:52:28,222290,191745,1,1,49.99,19.49
13119,2014-04-01 13:07:53,222298,191752,1,1,49.99,19.49
13120,2014-04-01 14:38:06,222362,178799,1,2,79.98,28.98
13121,2014-04-01 14:45:55,222366,191809,1,1,49.99,19.49
13122,2014-04-01 14:48:57,222370,165224,1,1,49.99,19.49
13123,2014-04-01 14:53:59,222373,153215,1,1,49.99,19.49
13124,2014-04-01 15:10:07,222383,191822,1,1,49.99,19.49
13125,2014-04-01 16:20:29,222430,179134,1,1,49.99,19.49
13126,2014-04-01 16:21:28,222434,191860,1,2,95.98,33.98
13127,2014-04-01 16:28:00,222440,191864,1,2,95.98,33.98
13128,2014-04-01 17:00:56,222459,191881,3,2,75.98,23.98
13129,2014-04-01 17:04:07,222461,191882,1,1,49.99,19.49
13130,2014-04-01 17:07:39,222469,158015,1,2,109.98,41.98
13131,2014-04-01 17:09:16,222474,191893,1,1,49.99,19.49
13132,2014-04-01 17:44:33,222496,191910,1,1,49.99,19.49
13133,2014-04-01 18:42:50,222525,191933,1,1,49.99,19.49
13134,2014-04-01 18:45:36,222528,191935,3,1,45.99,14.49
13135,2014-04-01 18:47:38,222527,156030,2,1,59.99,22.49
13136,2014-04-01 19:09:13,222546,191950,1,1,49.99,19.49
13137,2014-04-01 19:14:07,222550,191954,1,1,49.99,19.49
13138,2014-04-01 20:02:24,222573,191972,1,1,49.99,19.49
13139,2014-04-01 20:03:49,222572,172631,1,1,49.99,19.49
13140,2014-04-01 21:47:26,222615,192008,1,1,49.99,19.49
13141,2014-04-01 22:41:55,222633,192024,1,1,49.99,19.49
13142,2014-04-01 23:33:03,222652,192039,1,2,95.98,33.98
13143,2014-04-01 23:39:37,222653,192040,1,2,79.98,28.98
13144,2014-04-01 23:40:08,222654,192041,2,1,59.99,22.49
13145,2014-04-02 01:34:37,222687,192067,1,1,49.99,19.49
13146,2014-04-02 05:46:33,222735,192105,1,2,79.98,28.98
13147,2014-04-02 07:09:31,222752,192118,1,1,49.99,19.49
13148,2014-04-02 08:07:15,222766,192131,3,1,45.99,14.49
13149,2014-04-02 08:28:05,222770,192135,1,1,49.99,19.49
13150,2014-04-02 08:41:36,222776,192140,1,1,49.99,19.49
13151,2014-04-02 08:50:20,222778,192142,3,1,45.99,14.49
13152,2014-04-02 10:06:12,222829,192185,1,1,49.99,19.49
13153,2014-04-02 10:14:37,222832,192188,1,1,49.99,19.49
13154,2014-04-02 10:24:47,222844,176780,1,1,49.99,19.49
13155,2014-04-02 10:42:00,222856,192209,1,1,49.99,19.49
13156,2014-04-02 10:49:55,222868,192218,1,2,109.98,41.98
13157,2014-04-02 11:05:07,222881,192229,1,2,79.98,28.98
13158,2014-04-02 11:15:54,222888,188763,1,1,49.99,19.49
13159,2014-04-02 11:25:06,222897,192241,1,1,49.99,19.49
13160,2014-04-02 11:33:39,222905,192248,1,1,49.99,19.49
13161,2014-04-02 11:44:01,222907,192250,1,1,49.99,19.49
13162,2014-04-02 12:50:43,222968,184786,1,2,79.98,28.98
13163,2014-04-02 13:17:01,222996,192327,1,1,49.99,19.49
13164,2014-04-02 14:23:02,223041,192366,2,2,89.98,31.98
13165,2014-04-02 14:39:34,223053,192378,1,2,79.98,28.98
13166,2014-04-02 14:56:18,223070,192394,2,1,59.99,22.49
13167,2014-04-02 14:59:48,223071,192395,3,1,45.99,14.49
13168,2014-04-02 15:15:57,223076,192399,2,1,59.99,22.49
13169,2014-04-02 15:20:23,223086,192407,1,1,49.99,19.49
13170,2014-04-02 15:32:04,223088,192408,2,1,59.99,22.49
13171,2014-04-02 15:47:35,223100,192419,1,2,79.98,28.98
13172,2014-04-02 15:48:15,223104,178679,1,2,109.98,41.98
13173,2014-04-02 15:48:17,223099,174490,3,1,45.99,14.49
13174,2014-04-02 16:15:29,223124,159666,1,1,49.99,19.49
13175,2014-04-02 16:22:08,223128,189889,1,2,79.98,28.98
13176,2014-04-02 16:43:06,223150,192457,1,1,49.99,19.49
13177,2014-04-02 16:46:46,223147,192454,2,1,59.99,22.49
13178,2014-04-02 17:06:29,223159,189512,1,1,49.99,19.49
13179,2014-04-02 17:07:45,223170,192472,1,1,49.99,19.49
13180,2014-04-02 17:19:37,223175,192476,1,2,79.98,28.98
13181,2014-04-02 17:36:38,223191,192490,1,1,49.99,19.49
13182,2014-04-02 17:39:25,223192,192491,1,2,109.98,41.98
13183,2014-04-02 18:33:11,223215,177392,2,1,59.99,22.49
13184,2014-04-02 18:36:50,223221,192514,1,2,79.98,28.98
13185,2014-04-02 19:14:31,223239,186062,1,1,49.99,19.49
13186,2014-04-02 19:52:40,223252,192535,2,1,59.99,22.49
13187,2014-04-02 20:16:15,223259,192541,3,1,45.99,14.49
13188,2014-04-02 20:33:13,223268,192548,1,1,49.99,19.49
13189,2014-04-02 21:02:22,223285,192561,1,1,49.99,19.49
13190,2014-04-02 21:28:33,223291,169426,2,1,59.99,22.49
13191,2014-04-02 21:57:41,223299,182073,2,1,59.99,22.49
13192,2014-04-02 22:03:35,223304,192575,2,2,89.98,31.98
13193,2014-04-02 22:04:03,223303,192574,1,1,49.99,19.49
13194,2014-04-02 22:52:47,223317,192585,1,1,49.99,19.49
13195,2014-04-02 23:29:30,223332,192595,1,1,49.99,19.49
13196,2014-04-02 23:43:00,223336,192599,1,1,49.99,19.49
13197,2014-04-02 23:53:30,223340,192603,1,1,49.99,19.49
13198,2014-04-03 02:16:08,223370,192628,2,1,59.99,22.49
13199,2014-04-03 05:33:57,223406,192657,1,1,49.99,19.49
13200,2014-04-03 06:47:42,223418,192667,3,2,95.98,33.98
13201,2014-04-03 07:55:03,223430,192678,1,1,49.99,19.49
13202,2014-04-03 08:01:49,223431,192679,1,1,49.99,19.49
13203,2014-04-03 08:36:05,223443,192690,3,1,45.99,14.49
13204,2014-04-03 08:39:04,223442,192689,1,1,49.99,19.49
13205,2014-04-03 09:02:39,223449,192695,2,1,59.99,22.49
13206,2014-04-03 09:24:05,223458,165243,1,1,49.99,19.49
13207,2014-04-03 09:34:05,223465,157486,1,2,79.98,28.98
13208,2014-04-03 09:46:20,223474,192712,1,1,49.99,19.49
13209,2014-04-03 09:46:28,223477,192715,1,2,109.98,41.98
13210,2014-04-03 09:51:13,223478,163576,1,2,79.98,28.98
13211,2014-04-03 10:11:59,223489,192722,3,1,45.99,14.49
13212,2014-04-03 10:19:12,223490,178186,1,1,49.99,19.49
13213,2014-04-03 10:44:58,223504,192734,3,1,45.99,14.49
13214,2014-04-03 11:50:02,223549,158931,1,1,49.99,19.49
13215,2014-04-03 12:02:01,223562,192782,1,1,49.99,19.49
13216,2014-04-03 12:02:55,223561,192781,1,1,49.99,19.49
13217,2014-04-03 12:40:02,223592,192809,1,2,109.98,41.98
13218,2014-04-03 12:44:39,223595,192812,2,1,59.99,22.49
13219,2014-04-03 13:13:19,223615,192831,1,1,49.99,19.49
13220,2014-04-03 13:50:49,223647,192853,1,1,49.99,19.49
13221,2014-04-03 13:56:46,223649,188342,1,2,95.98,33.98
13222,2014-04-03 14:02:09,223654,192858,1,1,49.99,19.49
13223,2014-04-03 14:30:09,223680,192879,2,1,59.99,22.49
13224,2014-04-03 15:08:00,223701,192898,1,2,79.98,28.98
13225,2014-04-03 15:32:40,223726,192923,1,2,109.98,41.98
13226,2014-04-03 15:39:28,223725,192922,1,1,49.99,19.49
13227,2014-04-03 15:50:41,223745,192941,1,1,49.99,19.49
13228,2014-04-03 16:01:30,223747,192943,1,1,49.99,19.49
13229,2014-04-03 16:12:48,223750,192946,1,1,49.99,19.49
13230,2014-04-03 16:14:17,223752,192948,1,1,49.99,19.49
13231,2014-04-03 16:49:09,223783,192975,1,1,49.99,19.49
13232,2014-04-03 16:57:55,223794,192985,1,1,49.99,19.49
13233,2014-04-03 17:22:31,223810,165709,1,1,49.99,19.49
13234,2014-04-03 17:31:23,223813,193001,1,2,109.98,41.98
13235,2014-04-03 17:34:07,223815,193003,1,2,79.98,28.98
13236,2014-04-03 18:07:20,223830,193015,1,2,79.98,28.98
13237,2014-04-03 18:44:49,223853,193034,1,1,49.99,19.49
13238,2014-04-03 19:09:01,223869,193047,1,2,79.98,28.98
13239,2014-04-03 21:45:45,223935,182763,1,1,49.99,19.49
13240,2014-04-03 22:00:20,223942,193103,1,2,95.98,33.98
13241,2014-04-03 23:43:11,223972,193131,1,2,95.98,33.98
13242,2014-04-04 00:19:30,223983,193140,1,2,79.98,28.98
13243,2014-04-04 00:34:04,223986,193143,3,1,45.99,14.49
13244,2014-04-04 02:04:21,224006,193158,1,2,79.98,28.98
13245,2014-04-04 02:38:48,224012,177128,3,1,45.99,14.49
13246,2014-04-04 02:40:20,224014,193165,1,1,49.99,19.49
13247,2014-04-04 02:59:35,224019,150960,3,2,95.98,33.98
13248,2014-04-04 03:38:24,224030,193175,1,1,49.99,19.49
13249,2014-04-04 06:41:05,224065,193204,1,1,49.99,19.49
13250,2014-04-04 10:09:52,224141,193267,1,1,49.99,19.49
13251,2014-04-04 10:35:09,224165,193284,1,1,49.99,19.49
13252,2014-04-04 11:14:44,224196,193308,1,1,49.99,19.49
13253,2014-04-04 11:30:11,224212,193321,3,2,95.98,33.98
13254,2014-04-04 11:44:54,224223,193329,1,1,49.99,19.49
13255,2014-04-04 11:48:13,224220,193326,1,1,49.99,19.49
13256,2014-04-04 11:53:14,224224,193330,1,1,49.99,19.49
13257,2014-04-04 11:57:19,224226,193332,1,1,49.99,19.49
13258,2014-04-04 13:04:37,224284,193381,1,1,49.99,19.49
13259,2014-04-04 13:30:58,224305,193395,1,1,49.99,19.49
13260,2014-04-04 13:49:52,224316,159917,1,1,49.99,19.49
13261,2014-04-04 13:49:55,224317,167269,1,1,49.99,19.49
13262,2014-04-04 14:04:41,224322,164862,1,1,49.99,19.49
13263,2014-04-04 14:25:12,224338,193422,3,1,45.99,14.49
13264,2014-04-04 15:12:17,224369,193448,1,1,49.99,19.49
13265,2014-04-04 15:42:51,224389,193464,1,2,79.98,28.98
13266,2014-04-04 15:59:25,224393,193467,1,1,49.99,19.49
13267,2014-04-04 16:33:51,224417,170089,1,1,49.99,19.49
13268,2014-04-04 16:46:54,224423,193495,1,2,79.98,28.98
13269,2014-04-04 17:11:52,224446,193512,2,1,59.99,22.49
13270,2014-04-04 17:14:47,224448,193514,1,1,49.99,19.49
13271,2014-04-04 17:56:22,224472,193536,1,2,79.98,28.98
13272,2014-04-04 18:13:16,224477,193541,1,2,79.98,28.98
13273,2014-04-04 18:18:59,224482,193546,1,1,49.99,19.49
13274,2014-04-04 18:27:48,224488,193552,1,1,49.99,19.49
13275,2014-04-04 18:45:51,224493,193556,1,2,79.98,28.98
13276,2014-04-04 18:49:44,224498,193558,2,1,59.99,22.49
13277,2014-04-04 19:30:20,224516,193571,2,1,59.99,22.49
13278,2014-04-04 19:34:13,224519,193574,3,1,45.99,14.49
13279,2014-04-04 20:04:57,224539,193592,1,2,95.98,33.98
13280,2014-04-04 20:35:28,224544,193596,1,1,49.99,19.49
13281,2014-04-04 20:48:06,224546,193598,1,1,49.99,19.49
13282,2014-04-04 21:01:14,224549,193600,1,2,79.98,28.98
13283,2014-04-04 23:21:53,224584,160793,1,1,49.99,19.49
13284,2014-04-05 00:02:55,224594,193630,1,2,79.98,28.98
13285,2014-04-05 01:04:55,224605,193641,1,1,49.99,19.49
13286,2014-04-05 01:16:40,224610,193646,3,1,45.99,14.49
13287,2014-04-05 01:38:36,224612,193648,1,2,95.98,33.98
13288,2014-04-05 04:27:19,224634,193665,3,1,45.99,14.49
13289,2014-04-05 06:52:04,224652,165127,3,2,75.98,23.98
13290,2014-04-05 09:53:25,224687,193706,1,1,49.99,19.49
13291,2014-04-05 10:26:33,224692,172240,2,2,89.98,31.98
13292,2014-04-05 11:05:10,224703,153389,1,1,49.99,19.49
13293,2014-04-05 11:27:22,224710,193724,1,2,95.98,33.98
13294,2014-04-05 11:31:54,224712,169698,1,2,109.98,41.98
13295,2014-04-05 14:19:26,224762,193766,1,1,49.99,19.49
13296,2014-04-05 14:29:12,224766,193770,1,1,49.99,19.49
13297,2014-04-05 15:21:04,224787,193788,1,2,79.98,28.98
13298,2014-04-05 16:36:22,224812,166673,1,2,95.98,33.98
13299,2014-04-05 17:25:32,224823,193818,1,2,95.98,33.98
13300,2014-04-05 18:35:02,224842,193833,1,2,79.98,28.98
13301,2014-04-05 19:14:49,224845,193836,1,2,79.98,28.98
13302,2014-04-05 20:31:31,224853,168021,1,2,79.98,28.98
13303,2014-04-05 20:47:34,224856,188050,3,1,45.99,14.49
13304,2014-04-05 21:02:45,224862,193847,1,2,109.98,41.98
13305,2014-04-05 22:26:40,224886,193865,3,1,45.99,14.49
13306,2014-04-05 22:31:34,224889,193867,2,2,89.98,31.98
13307,2014-04-05 22:51:03,224893,175439,3,2,75.98,23.98
13308,2014-04-06 00:02:15,224900,193874,3,1,45.99,14.49
13309,2014-04-06 00:22:06,224902,193875,1,2,95.98,33.98
13310,2014-04-06 02:18:15,224919,193886,2,2,89.98,31.98
13311,2014-04-06 05:37:05,224953,193912,1,1,49.99,19.49
13312,2014-04-06 05:59:45,224957,182528,3,1,45.99,14.49
13313,2014-04-06 10:40:15,225011,193956,3,1,45.99,14.49
13314,2014-04-06 11:50:45,225025,193970,1,2,79.98,28.98
13315,2014-04-06 12:34:07,225032,193975,2,1,59.99,22.49
13316,2014-04-06 13:02:59,225044,193986,1,1,49.99,19.49
13317,2014-04-06 13:26:58,225052,193994,2,1,59.99,22.49
13318,2014-04-06 14:21:04,225065,194004,2,1,59.99,22.49
13319,2014-04-06 17:59:54,225123,194053,1,1,49.99,19.49
13320,2014-04-06 18:11:14,225125,194055,1,1,49.99,19.49
13321,2014-04-06 20:15:40,225155,194079,1,2,79.98,28.98
13322,2014-04-06 20:57:11,225162,194084,2,1,59.99,22.49
13323,2014-04-06 21:22:30,225169,194090,2,1,59.99,22.49
13324,2014-04-06 21:40:02,225175,194094,1,1,49.99,19.49
13325,2014-04-06 22:47:05,225214,194126,3,1,45.99,14.49
13326,2014-04-06 23:21:34,225227,194138,1,2,79.98,28.98
13327,2014-04-07 00:11:33,225238,194149,2,1,59.99,22.49
13328,2014-04-07 00:17:09,225239,194150,1,1,49.99,19.49
13329,2014-04-07 00:48:30,225253,194162,3,2,75.98,23.98
13330,2014-04-07 01:19:49,225259,194167,1,1,49.99,19.49
13331,2014-04-07 02:06:38,225272,194178,3,1,45.99,14.49
13332,2014-04-07 03:29:17,225289,192391,1,1,49.99,19.49
13333,2014-04-07 04:31:24,225304,190221,1,2,95.98,33.98
13334,2014-04-07 04:42:12,225306,194207,3,1,45.99,14.49
13335,2014-04-07 06:08:24,225324,194221,1,2,79.98,28.98
13336,2014-04-07 08:54:56,225375,194260,1,1,49.99,19.49
13337,2014-04-07 09:01:17,225380,194265,3,1,45.99,14.49
13338,2014-04-07 09:25:59,225394,180712,1,1,49.99,19.49
13339,2014-04-07 09:27:56,225391,194276,1,2,95.98,33.98
13340,2014-04-07 10:12:26,225419,181357,1,2,95.98,33.98
13341,2014-04-07 10:25:26,225435,194311,3,2,75.98,23.98
13342,2014-04-07 10:55:47,225458,194331,1,2,79.98,28.98
13343,2014-04-07 11:01:36,225461,170318,2,1,59.99,22.49
13344,2014-04-07 11:18:46,225471,194342,1,2,95.98,33.98
13345,2014-04-07 11:31:52,225482,194350,1,1,49.99,19.49
13346,2014-04-07 11:53:46,225496,194363,1,1,49.99,19.49
13347,2014-04-07 12:15:47,225511,183108,1,1,49.99,19.49
13348,2014-04-07 12:16:53,225513,194379,1,1,49.99,19.49
13349,2014-04-07 12:24:01,225519,194385,1,2,79.98,28.98
13350,2014-04-07 12:50:19,225548,184282,1,1,49.99,19.49
13351,2014-04-07 13:38:35,225570,194423,3,1,45.99,14.49
13352,2014-04-07 13:52:05,225586,194435,1,1,49.99,19.49
13353,2014-04-07 14:42:35,225611,174585,3,2,75.98,23.98
13354,2014-04-07 15:39:20,225655,194484,1,2,79.98,28.98
13355,2014-04-07 15:53:49,225671,194497,3,2,75.98,23.98
13356,2014-04-07 16:10:14,225676,194502,1,2,79.98,28.98
13357,2014-04-07 16:19:06,225683,194508,1,1,49.99,19.49
13358,2014-04-07 16:45:14,225702,194521,1,1,49.99,19.49
13359,2014-04-07 17:47:30,225750,170105,1,1,49.99,19.49
13360,2014-04-07 18:36:33,225773,194577,1,2,79.98,28.98
13361,2014-04-07 18:59:13,225788,194590,1,2,95.98,33.98
13362,2014-04-07 19:18:07,225797,194598,1,1,49.99,19.49
13363,2014-04-07 19:23:39,225802,194602,1,1,49.99,19.49
13364,2014-04-07 20:16:00,225825,194622,2,1,59.99,22.49
13365,2014-04-07 20:23:22,225830,194625,3,2,95.98,33.98
13366,2014-04-07 20:57:10,225840,194632,1,1,49.99,19.49
13367,2014-04-07 22:38:45,225878,194662,1,1,49.99,19.49
13368,2014-04-08 02:05:16,225929,194703,1,2,79.98,28.98
13369,2014-04-08 02:19:32,225933,156452,1,1,49.99,19.49
13370,2014-04-08 03:32:41,225942,194715,1,2,79.98,28.98
13371,2014-04-08 03:36:14,225943,194716,1,1,49.99,19.49
13372,2014-04-08 04:12:34,225952,194722,1,1,49.99,19.49
13373,2014-04-08 04:22:47,225958,194728,1,1,49.99,19.49
13374,2014-04-08 05:09:09,225961,181693,1,1,49.99,19.49
13375,2014-04-08 07:35:50,225988,194752,3,1,45.99,14.49
13376,2014-04-08 07:53:56,225992,194755,1,1,49.99,19.49
13377,2014-04-08 08:02:06,225999,194760,1,2,79.98,28.98
13378,2014-04-08 08:29:36,226006,194767,1,2,79.98,28.98
13379,2014-04-08 09:09:43,226024,194783,1,2,79.98,28.98
13380,2014-04-08 09:49:37,226046,194801,1,1,49.99,19.49
13381,2014-04-08 09:50:52,226050,194805,2,1,59.99,22.49
13382,2014-04-08 10:14:05,226066,194819,1,1,49.99,19.49
13383,2014-04-08 10:30:24,226074,180545,1,2,95.98,33.98
13384,2014-04-08 10:41:06,226082,194833,1,1,49.99,19.49
13385,2014-04-08 11:02:58,226098,157455,1,1,49.99,19.49
13386,2014-04-08 12:06:18,226152,184149,1,1,49.99,19.49
13387,2014-04-08 12:10:53,226159,178916,1,1,49.99,19.49
13388,2014-04-08 14:16:08,226234,194960,3,2,95.98,33.98
13389,2014-04-08 14:20:46,226237,194963,1,2,79.98,28.98
13390,2014-04-08 14:57:46,226255,194980,1,2,109.98,41.98
13391,2014-04-08 15:21:49,226272,194994,1,2,79.98,28.98
13392,2014-04-08 15:38:03,226284,195006,1,1,49.99,19.49
13393,2014-04-08 15:40:13,226288,166720,1,2,79.98,28.98
13394,2014-04-08 15:58:30,226307,169356,1,1,49.99,19.49
13395,2014-04-08 16:08:30,226316,195029,2,1,59.99,22.49
13396,2014-04-08 16:20:57,226322,195035,2,1,59.99,22.49
13397,2014-04-08 16:49:40,226349,171078,1,1,49.99,19.49
13398,2014-04-08 16:53:40,226352,173004,1,2,109.98,41.98
13399,2014-04-08 17:01:08,226355,195060,1,1,49.99,19.49
13400,2014-04-08 17:13:42,226368,195071,2,1,59.99,22.49
13401,2014-04-08 17:26:35,226377,195078,1,1,49.99,19.49
13402,2014-04-08 17:43:22,226393,195090,1,1,49.99,19.49
13403,2014-04-08 17:44:01,226391,179279,3,1,45.99,14.49
13404,2014-04-08 18:18:16,226415,195111,2,1,59.99,22.49
13405,2014-04-08 19:05:54,226444,195137,1,1,49.99,19.49
13406,2014-04-08 19:16:05,226450,150549,1,1,49.99,19.49
13407,2014-04-08 19:45:44,226467,166488,1,1,49.99,19.49
13408,2014-04-08 21:24:46,226513,193449,1,2,95.98,33.98
13409,2014-04-08 21:55:28,226522,191893,1,1,49.99,19.49
13410,2014-04-08 21:55:35,226523,195196,2,1,59.99,22.49
13411,2014-04-08 22:34:40,226532,174286,3,1,45.99,14.49
13412,2014-04-08 22:44:02,226537,195208,1,1,49.99,19.49
13413,2014-04-09 00:36:40,226571,195233,3,1,45.99,14.49
13414,2014-04-09 02:09:29,226585,195246,1,2,109.98,41.98
13415,2014-04-09 02:35:01,226590,195251,3,1,45.99,14.49
13416,2014-04-09 08:23:11,226665,195319,1,1,49.99,19.49
13417,2014-04-09 09:16:26,226680,195331,1,1,49.99,19.49
13418,2014-04-09 09:43:14,226696,195346,1,1,49.99,19.49
13419,2014-04-09 09:47:25,226697,195347,1,1,49.99,19.49
13420,2014-04-09 10:06:02,226710,195359,2,1,59.99,22.49
13421,2014-04-09 10:06:09,226709,195358,1,1,49.99,19.49
13422,2014-04-09 11:10:53,226760,195399,1,2,79.98,28.98
13423,2014-04-09 11:14:41,226764,195403,1,2,79.98,28.98
13424,2014-04-09 11:36:54,226774,190155,1,2,79.98,28.98
13425,2014-04-09 12:32:48,226832,195460,1,1,49.99,19.49
13426,2014-04-09 12:44:51,226846,195473,1,1,49.99,19.49
13427,2014-04-09 12:51:50,226849,195475,1,1,49.99,19.49
13428,2014-04-09 12:56:02,226857,195481,1,1,49.99,19.49
13429,2014-04-09 13:02:29,226856,167370,1,1,49.99,19.49
13430,2014-04-09 13:09:16,226865,195488,1,2,79.98,28.98
13431,2014-04-09 13:12:44,226876,195497,2,1,59.99,22.49
13432,2014-04-09 13:23:04,226888,195506,3,1,45.99,14.49
13433,2014-04-09 14:00:15,226920,195530,1,1,49.99,19.49
13434,2014-04-09 14:20:32,226934,195537,2,2,89.98,31.98
13435,2014-04-09 14:46:22,226956,195557,1,1,49.99,19.49
13436,2014-04-09 15:05:07,226974,195569,1,1,49.99,19.49
13437,2014-04-09 15:54:22,227008,195597,1,1,49.99,19.49
13438,2014-04-09 16:10:28,227016,167137,3,1,45.99,14.49
13439,2014-04-09 16:16:21,227024,195609,1,1,49.99,19.49
13440,2014-04-09 16:50:56,227047,195629,1,1,49.99,19.49
13441,2014-04-09 17:04:44,227059,195639,1,1,49.99,19.49
13442,2014-04-09 17:10:04,227074,195652,1,1,49.99,19.49
13443,2014-04-09 17:53:50,227110,195684,1,1,49.99,19.49
13444,2014-04-09 18:06:40,227115,195687,1,1,49.99,19.49
13445,2014-04-09 18:22:23,227123,195695,3,1,45.99,14.49
13446,2014-04-09 18:34:01,227131,183584,1,2,95.98,33.98
13447,2014-04-09 18:53:52,227148,195714,1,2,95.98,33.98
13448,2014-04-09 19:22:37,227172,195734,1,2,79.98,28.98
13449,2014-04-09 19:35:39,227183,195745,3,2,75.98,23.98
13450,2014-04-09 19:39:08,227184,195746,2,1,59.99,22.49
13451,2014-04-09 19:43:29,227193,195751,1,1,49.99,19.49
13452,2014-04-09 20:26:25,227211,195766,2,1,59.99,22.49
13453,2014-04-09 22:33:01,227267,195812,3,2,95.98,33.98
13454,2014-04-09 22:45:40,227280,195821,1,2,95.98,33.98
13455,2014-04-09 23:58:48,227306,195845,1,2,79.98,28.98
13456,2014-04-10 02:19:34,227338,195867,1,1,49.99,19.49
13457,2014-04-10 03:55:56,227369,195894,1,1,49.99,19.49
13458,2014-04-10 07:20:45,227424,195941,1,1,49.99,19.49
13459,2014-04-10 07:28:40,227425,195942,2,1,59.99,22.49
13460,2014-04-10 08:33:11,227448,195962,2,1,59.99,22.49
13461,2014-04-10 08:53:25,227457,195969,1,1,49.99,19.49
13462,2014-04-10 09:08:14,227471,195981,1,2,79.98,28.98
13463,2014-04-10 09:13:56,227469,170310,3,1,45.99,14.49
13464,2014-04-10 09:31:46,227486,192919,1,1,49.99,19.49
13465,2014-04-10 09:36:35,227491,177478,1,2,79.98,28.98
13466,2014-04-10 09:36:55,227490,186268,2,1,59.99,22.49
13467,2014-04-10 09:46:41,227492,195996,1,2,79.98,28.98
13468,2014-04-10 10:03:21,227501,167790,2,1,59.99,22.49
13469,2014-04-10 10:04:06,227506,196007,2,1,59.99,22.49
13470,2014-04-10 10:16:38,227515,196013,1,1,49.99,19.49
13471,2014-04-10 10:28:56,227518,196015,1,1,49.99,19.49
13472,2014-04-10 10:41:51,227540,196034,1,1,49.99,19.49
13473,2014-04-10 10:42:49,227535,196030,3,1,45.99,14.49
13474,2014-04-10 10:46:56,227537,196032,1,1,49.99,19.49
13475,2014-04-10 12:06:17,227593,196078,1,1,49.99,19.49
13476,2014-04-10 12:28:33,227611,196093,1,1,49.99,19.49
13477,2014-04-10 12:31:20,227615,196095,3,1,45.99,14.49
13478,2014-04-10 12:34:57,227621,196100,3,1,45.99,14.49
13479,2014-04-10 12:59:07,227642,196118,1,2,79.98,28.98
13480,2014-04-10 13:38:03,227677,196147,1,1,49.99,19.49
13481,2014-04-10 14:32:51,227725,196189,1,1,49.99,19.49
13482,2014-04-10 14:57:45,227745,191352,2,2,109.98,41.98
13483,2014-04-10 14:59:47,227744,196204,2,1,59.99,22.49
13484,2014-04-10 15:11:47,227753,169864,1,1,49.99,19.49
13485,2014-04-10 15:21:07,227764,196220,3,1,45.99,14.49
13486,2014-04-10 15:25:27,227769,196224,2,1,59.99,22.49
13487,2014-04-10 15:26:54,227773,196227,1,1,49.99,19.49
13488,2014-04-10 15:29:51,227776,166092,1,2,79.98,28.98
13489,2014-04-10 15:44:39,227787,196238,3,1,45.99,14.49
13490,2014-04-10 15:48:23,227798,190279,1,2,79.98,28.98
13491,2014-04-10 16:08:14,227814,196260,1,2,79.98,28.98
13492,2014-04-10 16:12:17,227818,196264,1,1,49.99,19.49
13493,2014-04-10 16:16:02,227823,196269,1,1,49.99,19.49
13494,2014-04-10 18:08:40,227891,196324,1,1,49.99,19.49
13495,2014-04-10 18:08:54,227896,196328,1,1,49.99,19.49
13496,2014-04-10 18:09:14,227893,196326,1,1,49.99,19.49
13497,2014-04-10 18:23:06,227901,186167,3,1,45.99,14.49
13498,2014-04-10 18:43:14,227912,196339,2,1,59.99,22.49
13499,2014-04-10 19:36:55,227933,196355,3,2,75.98,23.98
13500,2014-04-10 20:12:05,227946,196366,1,2,79.98,28.98
13501,2014-04-10 21:42:55,227983,196397,1,1,49.99,19.49
13502,2014-04-10 22:00:19,227990,185486,1,2,95.98,33.98
13503,2014-04-10 23:06:51,228016,174835,1,1,49.99,19.49
13504,2014-04-10 23:34:16,228029,172823,1,2,79.98,28.98
13505,2014-04-11 03:47:29,228102,196498,2,1,59.99,22.49
13506,2014-04-11 04:11:37,228105,196500,1,1,49.99,19.49
13507,2014-04-11 04:50:24,228110,177775,1,1,49.99,19.49
13508,2014-04-11 05:09:52,228119,166370,1,2,79.98,28.98
13509,2014-04-11 05:37:51,228125,196513,1,2,79.98,28.98
13510,2014-04-11 09:23:49,228193,196570,1,1,49.99,19.49
13511,2014-04-11 10:45:50,228250,196618,3,1,45.99,14.49
13512,2014-04-11 10:52:18,228253,196621,2,1,59.99,22.49
13513,2014-04-11 10:55:53,228259,196625,2,2,89.98,31.98
13514,2014-04-11 11:11:13,228266,196632,1,2,109.98,41.98
13515,2014-04-11 11:37:37,228294,171915,1,1,49.99,19.49
13516,2014-04-11 12:14:11,228318,184027,3,1,45.99,14.49
13517,2014-04-11 12:34:02,228327,196678,1,2,79.98,28.98
13518,2014-04-11 12:47:33,228337,159244,1,2,79.98,28.98
13519,2014-04-11 13:05:44,228353,150934,2,1,59.99,22.49
13520,2014-04-11 13:37:39,228373,196716,1,1,49.99,19.49
13521,2014-04-11 14:19:07,228391,171512,1,1,49.99,19.49
13522,2014-04-11 14:46:51,228412,196749,1,2,79.98,28.98
13523,2014-04-11 15:02:32,228428,196764,3,1,45.99,14.49
13524,2014-04-11 15:03:38,228424,196760,2,1,59.99,22.49
13525,2014-04-11 15:25:07,228442,196775,1,1,49.99,19.49
13526,2014-04-11 15:29:52,228443,196776,1,1,49.99,19.49
13527,2014-04-11 15:49:21,228451,196782,1,1,49.99,19.49
13528,2014-04-11 15:59:52,228464,196794,1,1,49.99,19.49
13529,2014-04-11 16:18:52,228482,196810,1,1,49.99,19.49
13530,2014-04-11 16:24:28,228491,196818,1,2,95.98,33.98
13531,2014-04-11 16:36:44,228494,178785,1,1,49.99,19.49
13532,2014-04-11 16:47:52,228503,196827,1,1,49.99,19.49
13533,2014-04-11 17:17:17,228527,196849,3,1,45.99,14.49
13534,2014-04-11 17:34:46,228539,196857,2,1,59.99,22.49
13535,2014-04-11 17:44:29,228544,196861,1,2,95.98,33.98
13536,2014-04-11 17:55:40,228550,196867,3,2,75.98,23.98
13537,2014-04-11 18:02:59,228558,196871,3,1,45.99,14.49
13538,2014-04-11 18:15:40,228563,176880,3,1,45.99,14.49
13539,2014-04-11 18:34:03,228571,196882,1,1,49.99,19.49
13540,2014-04-11 18:43:32,228572,196883,1,2,95.98,33.98
13541,2014-04-11 19:43:53,228589,196895,1,1,49.99,19.49
13542,2014-04-11 22:49:51,228654,196950,1,1,49.99,19.49
13543,2014-04-11 23:18:59,228663,168813,1,1,49.99,19.49
13544,2014-04-11 23:42:25,228670,187837,3,1,45.99,14.49
13545,2014-04-12 01:21:47,228691,196978,1,2,95.98,33.98
13546,2014-04-12 02:05:09,228697,196982,1,1,49.99,19.49
13547,2014-04-12 05:07:18,228724,197003,1,1,49.99,19.49
13548,2014-04-12 05:46:02,228730,197009,1,1,49.99,19.49
13549,2014-04-12 06:14:24,228736,197013,1,2,79.98,28.98
13550,2014-04-12 07:59:07,228746,197023,1,1,49.99,19.49
13551,2014-04-12 10:34:46,228771,174790,2,1,59.99,22.49
13552,2014-04-12 11:27:31,228789,169300,1,2,79.98,28.98
13553,2014-04-12 15:28:28,228860,197110,1,1,49.99,19.49
13554,2014-04-12 17:39:16,228897,197142,1,1,49.99,19.49
13555,2014-04-12 18:52:37,228918,197159,1,2,95.98,33.98
13556,2014-04-12 19:52:25,228931,197169,1,2,79.98,28.98
13557,2014-04-12 23:23:35,228973,197202,2,2,89.98,31.98
13558,2014-04-13 01:51:53,228986,182686,1,1,49.99,19.49
13559,2014-04-13 02:07:51,228990,197218,3,1,45.99,14.49
13560,2014-04-13 02:58:35,229004,197230,1,2,79.98,28.98
13561,2014-04-13 04:19:19,229017,197241,1,1,49.99,19.49
13562,2014-04-13 05:45:26,229029,184429,2,1,59.99,22.49
13563,2014-04-13 06:28:47,229038,197258,1,1,49.99,19.49
13564,2014-04-13 08:50:33,229054,195005,1,1,49.99,19.49
13565,2014-04-13 10:54:52,229083,197290,1,2,95.98,33.98
13566,2014-04-13 11:25:27,229094,197300,1,1,49.99,19.49
13567,2014-04-13 12:36:58,229113,197316,2,2,89.98,31.98
13568,2014-04-13 13:13:03,229123,197325,1,1,49.99,19.49
13569,2014-04-13 13:25:42,229125,197327,3,1,45.99,14.49
13570,2014-04-13 13:51:36,229133,197333,3,1,45.99,14.49
13571,2014-04-13 15:08:00,229150,197344,1,2,95.98,33.98
13572,2014-04-13 15:25:05,229158,197350,1,2,79.98,28.98
13573,2014-04-13 16:16:34,229176,197364,1,1,49.99,19.49
13574,2014-04-13 17:34:58,229202,197388,2,1,59.99,22.49
13575,2014-04-13 18:14:11,229220,197402,3,2,95.98,33.98
13576,2014-04-13 23:28:45,229302,183385,1,2,109.98,41.98
13577,2014-04-14 01:17:23,229336,197493,1,1,49.99,19.49
13578,2014-04-14 01:42:56,229341,197497,2,1,59.99,22.49
13579,2014-04-14 02:01:36,229351,197506,1,2,109.98,41.98
13580,2014-04-14 03:26:28,229373,174072,1,1,49.99,19.49
13581,2014-04-14 05:21:36,229391,197536,1,1,49.99,19.49
13582,2014-04-14 07:19:44,229423,197564,3,1,45.99,14.49
13583,2014-04-14 08:07:04,229438,197574,1,2,79.98,28.98
13584,2014-04-14 09:48:38,229476,197609,3,1,45.99,14.49
13585,2014-04-14 10:04:24,229486,197619,1,1,49.99,19.49
13586,2014-04-14 10:19:32,229499,197630,1,2,95.98,33.98
13587,2014-04-14 10:21:21,229500,197631,1,2,95.98,33.98
13588,2014-04-14 10:25:29,229508,190563,1,1,49.99,19.49
13589,2014-04-14 10:29:55,229516,197642,3,1,45.99,14.49
13590,2014-04-14 10:48:06,229539,197662,1,1,49.99,19.49
13591,2014-04-14 10:48:19,229536,197660,1,2,79.98,28.98
13592,2014-04-14 11:05:10,229546,197668,2,1,59.99,22.49
13593,2014-04-14 11:06:17,229552,197674,1,1,49.99,19.49
13594,2014-04-14 11:57:44,229581,180021,1,2,79.98,28.98
13595,2014-04-14 12:20:55,229604,197721,2,1,59.99,22.49
13596,2014-04-14 12:21:31,229603,197720,1,1,49.99,19.49
13597,2014-04-14 12:46:22,229615,197732,1,2,95.98,33.98
13598,2014-04-14 13:06:24,229630,197744,1,2,109.98,41.98
13599,2014-04-14 13:41:17,229658,181523,3,1,45.99,14.49
13600,2014-04-14 14:27:27,229681,186733,1,1,49.99,19.49
13601,2014-04-14 14:49:16,229703,167741,1,1,49.99,19.49
13602,2014-04-14 14:56:09,229708,153610,1,2,109.98,41.98
13603,2014-04-14 14:56:50,229715,197808,2,1,59.99,22.49
13604,2014-04-14 15:38:45,229739,175046,1,2,79.98,28.98
13605,2014-04-14 15:46:51,229748,197837,1,2,109.98,41.98
13606,2014-04-14 16:10:06,229762,175935,1,2,95.98,33.98
13607,2014-04-14 16:10:33,229760,197848,1,1,49.99,19.49
13608,2014-04-14 16:11:44,229765,197852,2,1,59.99,22.49
13609,2014-04-14 16:32:08,229778,197863,1,1,49.99,19.49
13610,2014-04-14 16:43:59,229788,197872,1,2,79.98,28.98
13611,2014-04-14 16:45:21,229790,197874,1,1,49.99,19.49
13612,2014-04-14 16:45:45,229783,197867,1,1,49.99,19.49
13613,2014-04-14 16:54:08,229797,197878,1,2,95.98,33.98
13614,2014-04-14 17:04:16,229806,197886,1,2,95.98,33.98
13615,2014-04-14 17:12:05,229812,197890,3,2,105.98,36.98
13616,2014-04-14 17:38:43,229833,197908,2,1,59.99,22.49
13617,2014-04-14 17:42:29,229836,197911,1,1,49.99,19.49
13618,2014-04-14 17:49:46,229841,197914,3,1,45.99,14.49
13619,2014-04-14 17:49:47,229846,197918,3,1,45.99,14.49
13620,2014-04-14 18:02:45,229855,186014,3,1,45.99,14.49
13621,2014-04-14 18:53:07,229879,197943,1,2,95.98,33.98
13622,2014-04-14 19:04:35,229882,197946,1,2,79.98,28.98
13623,2014-04-14 19:08:27,229888,197952,3,1,45.99,14.49
13624,2014-04-14 19:14:07,229890,197954,3,2,95.98,33.98
13625,2014-04-14 19:34:33,229904,197967,2,2,89.98,31.98
13626,2014-04-14 19:36:59,229906,197969,1,1,49.99,19.49
13627,2014-04-14 19:41:06,229909,171657,3,2,75.98,23.98
13628,2014-04-14 19:50:46,229912,197974,1,2,79.98,28.98
13629,2014-04-14 20:15:45,229926,197985,2,1,59.99,22.49
13630,2014-04-14 20:39:29,229934,197992,1,2,95.98,33.98
13631,2014-04-14 20:49:38,229939,197997,2,1,59.99,22.49
13632,2014-04-14 21:45:15,229961,198016,1,2,79.98,28.98
13633,2014-04-14 21:57:52,229969,198023,1,1,49.99,19.49
13634,2014-04-14 23:13:02,229994,198042,1,1,49.99,19.49
13635,2014-04-14 23:45:33,230004,170442,2,1,59.99,22.49
13636,2014-04-15 00:51:12,230023,198064,3,2,75.98,23.98
13637,2014-04-15 02:32:06,230039,198079,2,2,89.98,31.98
13638,2014-04-15 03:50:03,230045,198083,1,1,49.99,19.49
13639,2014-04-15 04:25:18,230049,170794,1,1,49.99,19.49
13640,2014-04-15 04:58:58,230054,198089,1,1,49.99,19.49
13641,2014-04-15 05:25:17,230064,177915,2,1,59.99,22.49
13642,2014-04-15 07:35:22,230086,198113,1,2,95.98,33.98
13643,2014-04-15 07:42:57,230095,198119,1,1,49.99,19.49
13644,2014-04-15 09:35:27,230145,198161,1,2,79.98,28.98
13645,2014-04-15 10:02:18,230158,187404,1,1,49.99,19.49
13646,2014-04-15 10:09:53,230162,187703,1,1,49.99,19.49
13647,2014-04-15 10:59:34,230191,198193,2,2,89.98,31.98
13648,2014-04-15 11:24:29,230209,198211,1,1,49.99,19.49
13649,2014-04-15 11:29:42,230211,198213,3,1,45.99,14.49
13650,2014-04-15 12:13:49,230247,198245,1,2,95.98,33.98
13651,2014-04-15 12:34:45,230270,173723,1,2,109.98,41.98
13652,2014-04-15 12:36:55,230269,198264,1,1,49.99,19.49
13653,2014-04-15 13:07:18,230289,198281,1,1,49.99,19.49
13654,2014-04-15 14:07:54,230336,198322,1,2,109.98,41.98
13655,2014-04-15 14:14:46,230352,198336,1,1,49.99,19.49
13656,2014-04-15 14:28:45,230361,198345,1,1,49.99,19.49
13657,2014-04-15 14:58:38,230383,198363,1,1,49.99,19.49
13658,2014-04-15 15:08:33,230394,198374,3,1,45.99,14.49
13659,2014-04-15 15:31:28,230408,176664,3,1,45.99,14.49
13660,2014-04-15 15:44:13,230418,198393,1,1,49.99,19.49
13661,2014-04-15 16:00:59,230427,172266,3,1,45.99,14.49
13662,2014-04-15 16:28:42,230455,198419,1,1,49.99,19.49
13663,2014-04-15 16:35:59,230456,198420,3,1,45.99,14.49
13664,2014-04-15 16:45:47,230461,198425,1,2,95.98,33.98
13665,2014-04-15 18:00:24,230509,198467,1,1,49.99,19.49
13666,2014-04-15 18:09:04,230520,198476,3,1,45.99,14.49
13667,2014-04-15 18:12:27,230522,198477,3,1,45.99,14.49
13668,2014-04-15 18:46:52,230535,198488,1,1,49.99,19.49
13669,2014-04-15 19:10:53,230547,198499,1,1,49.99,19.49
13670,2014-04-15 19:40:26,230561,198510,2,1,59.99,22.49
13671,2014-04-15 19:56:45,230568,174214,1,2,109.98,41.98
13672,2014-04-15 20:29:30,230584,198530,1,2,79.98,28.98
13673,2014-04-15 21:11:00,230601,198545,3,1,45.99,14.49
13674,2014-04-15 21:48:32,230617,198557,1,1,49.99,19.49
13675,2014-04-15 22:38:11,230627,198566,1,1,49.99,19.49
13676,2014-04-15 22:50:14,230635,198573,1,1,49.99,19.49
13677,2014-04-15 23:27:44,230642,198578,1,1,49.99,19.49
13678,2014-04-16 01:06:50,230663,185891,1,1,49.99,19.49
13679,2014-04-16 02:42:36,230689,198611,1,2,79.98,28.98
13680,2014-04-16 05:36:15,230723,198639,3,1,45.99,14.49
13681,2014-04-16 06:17:19,230730,198645,3,1,45.99,14.49
13682,2014-04-16 06:33:47,230735,198649,1,1,49.99,19.49
13683,2014-04-16 07:23:27,230745,198658,1,1,49.99,19.49
13684,2014-04-16 08:40:33,230765,198674,2,1,59.99,22.49
13685,2014-04-16 08:51:19,230775,198683,1,1,49.99,19.49
13686,2014-04-16 09:01:10,230784,198691,1,1,49.99,19.49
13687,2014-04-16 09:43:00,230807,198707,1,1,49.99,19.49
13688,2014-04-16 10:28:28,230835,198730,2,1,59.99,22.49
13689,2014-04-16 10:42:34,230840,198734,1,2,95.98,33.98
13690,2014-04-16 11:20:08,230864,159880,1,2,79.98,28.98
13691,2014-04-16 11:46:34,230884,198772,2,1,59.99,22.49
13692,2014-04-16 11:58:05,230901,161145,1,1,49.99,19.49
13693,2014-04-16 13:09:30,230944,198823,1,1,49.99,19.49
13694,2014-04-16 13:12:10,230948,198826,2,1,59.99,22.49
13695,2014-04-16 13:20:21,230953,198828,1,2,79.98,28.98
13696,2014-04-16 13:27:25,230963,198837,2,1,59.99,22.49
13697,2014-04-16 13:30:45,230967,187507,1,2,79.98,28.98
13698,2014-04-16 14:12:08,231011,198876,1,1,49.99,19.49
13699,2014-04-16 14:30:04,231028,198890,1,1,49.99,19.49
13700,2014-04-16 14:56:53,231044,197018,1,1,49.99,19.49
13701,2014-04-16 14:59:36,231051,198910,1,1,49.99,19.49
13702,2014-04-16 15:45:36,231082,198937,1,1,49.99,19.49
13703,2014-04-16 16:20:41,231116,198962,1,1,49.99,19.49
13704,2014-04-16 16:23:15,231118,198964,1,2,79.98,28.98
13705,2014-04-16 16:42:29,231128,198972,3,1,45.99,14.49
13706,2014-04-16 16:54:39,231138,175843,2,1,59.99,22.49
13707,2014-04-16 17:15:32,231152,198989,2,1,59.99,22.49
13708,2014-04-16 17:40:33,231165,199000,1,2,79.98,28.98
13709,2014-04-16 18:28:55,231191,199019,3,1,45.99,14.49
13710,2014-04-16 18:29:24,231190,170460,1,1,49.99,19.49
13711,2014-04-16 18:38:27,231194,199022,1,2,79.98,28.98
13712,2014-04-16 21:14:18,231269,199088,1,1,49.99,19.49
13713,2014-04-16 21:38:15,231277,199095,1,1,49.99,19.49
13714,2014-04-16 21:51:51,231287,181979,3,1,45.99,14.49
13715,2014-04-16 22:00:57,231292,199106,1,2,79.98,28.98
13716,2014-04-16 22:10:07,231294,174671,2,1,59.99,22.49
13717,2014-04-16 22:30:30,231299,158790,1,2,95.98,33.98
13718,2014-04-16 22:41:42,231302,199112,3,1,45.99,14.49
13719,2014-04-16 23:59:17,231326,199134,1,1,49.99,19.49
13720,2014-04-17 04:53:52,231380,182655,1,2,109.98,41.98
13721,2014-04-17 04:55:21,231378,199172,1,1,49.99,19.49
13722,2014-04-17 05:59:04,231390,199181,1,1,49.99,19.49
13723,2014-04-17 08:20:58,231438,189352,2,1,59.99,22.49
13724,2014-04-17 08:29:13,231439,167763,1,1,49.99,19.49
13725,2014-04-17 08:43:21,231444,199221,1,2,95.98,33.98
13726,2014-04-17 08:48:08,231445,173908,2,1,59.99,22.49
13727,2014-04-17 09:41:10,231474,199242,1,2,79.98,28.98
13728,2014-04-17 09:42:49,231477,199245,3,1,45.99,14.49
13729,2014-04-17 09:44:00,231472,199240,1,1,49.99,19.49
13730,2014-04-17 09:48:25,231480,199248,1,2,109.98,41.98
13731,2014-04-17 09:53:36,231485,199252,1,1,49.99,19.49
13732,2014-04-17 09:54:26,231491,199255,1,2,95.98,33.98
13733,2014-04-17 09:59:03,231486,193453,1,1,49.99,19.49
13734,2014-04-17 10:22:48,231512,199276,1,1,49.99,19.49
13735,2014-04-17 10:58:38,231539,195999,1,2,79.98,28.98
13736,2014-04-17 11:04:40,231545,199304,1,1,49.99,19.49
13737,2014-04-17 11:09:14,231549,189560,3,1,45.99,14.49
13738,2014-04-17 11:17:19,231551,199309,1,2,95.98,33.98
13739,2014-04-17 11:38:31,231569,199323,1,2,79.98,28.98
13740,2014-04-17 12:14:55,231598,177147,1,1,49.99,19.49
13741,2014-04-17 12:23:42,231605,199352,1,1,49.99,19.49
13742,2014-04-17 12:25:28,231611,165086,1,2,95.98,33.98
13743,2014-04-17 12:57:38,231632,199372,1,2,79.98,28.98
13744,2014-04-17 13:07:51,231644,199382,1,1,49.99,19.49
13745,2014-04-17 13:39:21,231667,187987,1,1,49.99,19.49
13746,2014-04-17 14:15:50,231703,199430,2,1,59.99,22.49
13747,2014-04-17 14:40:32,231720,199442,1,1,49.99,19.49
13748,2014-04-17 14:45:44,231724,199445,2,2,105.98,36.98
13749,2014-04-17 15:06:09,231752,199468,1,1,49.99,19.49
13750,2014-04-17 15:06:32,231747,164340,1,2,109.98,41.98
13751,2014-04-17 15:10:37,231745,199463,1,1,49.99,19.49
13752,2014-04-17 15:12:23,231756,199471,3,1,45.99,14.49
13753,2014-04-17 15:26:18,231772,199482,1,1,49.99,19.49
13754,2014-04-17 15:38:13,231778,199488,1,1,49.99,19.49
13755,2014-04-17 15:41:46,231787,199497,1,1,49.99,19.49
13756,2014-04-17 15:55:29,231795,199505,2,2,105.98,36.98
13757,2014-04-17 16:01:00,231811,180686,1,1,49.99,19.49
13758,2014-04-17 16:21:16,231827,199530,1,2,79.98,28.98
13759,2014-04-17 16:34:20,231838,199538,1,1,49.99,19.49
13760,2014-04-17 16:52:24,231849,199543,3,1,45.99,14.49
13761,2014-04-17 16:56:58,231853,199546,1,2,95.98,33.98
13762,2014-04-17 17:11:29,231866,199557,2,1,59.99,22.49
13763,2014-04-17 17:13:22,231865,199556,1,2,79.98,28.98
13764,2014-04-17 17:28:03,231883,199573,1,2,79.98,28.98
13765,2014-04-17 18:27:39,231911,199592,1,1,49.99,19.49
13766,2014-04-17 18:44:00,231919,199600,1,1,49.99,19.49
13767,2014-04-17 18:50:54,231927,199606,1,2,79.98,28.98
13768,2014-04-17 18:59:14,231932,199611,1,1,49.99,19.49
13769,2014-04-17 19:07:40,231937,199616,1,1,49.99,19.49
13770,2014-04-17 19:18:16,231948,199625,1,1,49.99,19.49
13771,2014-04-17 19:18:38,231947,199624,3,1,45.99,14.49
13772,2014-04-17 19:23:34,231949,178578,1,2,79.98,28.98
13773,2014-04-17 19:51:47,231958,199633,1,1,49.99,19.49
13774,2014-04-17 20:10:00,231966,199641,1,2,79.98,28.98
13775,2014-04-17 20:22:03,231972,199646,1,1,49.99,19.49
13776,2014-04-17 22:41:11,232040,199706,3,1,45.99,14.49
13777,2014-04-17 23:24:32,232052,199715,1,1,49.99,19.49
13778,2014-04-18 00:02:24,232066,199725,1,2,95.98,33.98
13779,2014-04-18 00:10:12,232070,199729,1,1,49.99,19.49
13780,2014-04-18 00:31:40,232075,199732,1,2,79.98,28.98
13781,2014-04-18 01:11:08,232087,199742,1,1,49.99,19.49
13782,2014-04-18 01:11:26,232086,199741,1,1,49.99,19.49
13783,2014-04-18 02:38:18,232105,199757,1,1,49.99,19.49
13784,2014-04-18 04:40:12,232125,199776,1,2,79.98,28.98
13785,2014-04-18 06:16:26,232138,192499,1,1,49.99,19.49
13786,2014-04-18 06:39:41,232142,199789,1,2,95.98,33.98
13787,2014-04-18 06:56:26,232144,199791,2,2,89.98,31.98
13788,2014-04-18 07:10:46,232147,182597,1,1,49.99,19.49
13789,2014-04-18 08:11:47,232175,199816,1,2,79.98,28.98
13790,2014-04-18 08:13:47,232177,199818,3,1,45.99,14.49
13791,2014-04-18 09:45:23,232224,173069,1,2,95.98,33.98
13792,2014-04-18 09:55:36,232238,199863,2,1,59.99,22.49
13793,2014-04-18 09:58:37,232239,199864,1,2,79.98,28.98
13794,2014-04-18 10:07:36,232247,175480,1,2,79.98,28.98
13795,2014-04-18 10:11:31,232250,199873,1,1,49.99,19.49
13796,2014-04-18 10:37:11,232268,199890,3,2,95.98,33.98
13797,2014-04-18 10:45:24,232274,183644,2,1,59.99,22.49
13798,2014-04-18 11:08:08,232286,199904,1,1,49.99,19.49
13799,2014-04-18 11:14:20,232291,184250,1,2,79.98,28.98
13800,2014-04-18 11:29:40,232314,199927,1,2,79.98,28.98
13801,2014-04-18 11:57:05,232331,186353,2,1,59.99,22.49
13802,2014-04-18 11:57:42,232338,186129,2,1,59.99,22.49
13803,2014-04-18 11:58:27,232334,172644,3,2,75.98,23.98
13804,2014-04-18 12:15:50,232344,199947,1,1,49.99,19.49
13805,2014-04-18 13:24:32,232393,199993,2,1,59.99,22.49
13806,2014-04-18 13:44:42,232404,200003,1,1,49.99,19.49
13807,2014-04-18 13:58:22,232411,200009,1,1,49.99,19.49
13808,2014-04-18 14:50:53,232445,200038,1,1,49.99,19.49
13809,2014-04-18 15:05:40,232451,182501,1,1,49.99,19.49
13810,2014-04-18 15:12:07,232458,200049,1,2,79.98,28.98
13811,2014-04-18 15:50:22,232492,200075,2,1,59.99,22.49
13812,2014-04-18 15:57:40,232494,200077,3,2,75.98,23.98
13813,2014-04-18 16:10:13,232506,200088,1,1,49.99,19.49
13814,2014-04-18 16:42:00,232523,195715,1,1,49.99,19.49
13815,2014-04-18 16:51:57,232531,200107,1,1,49.99,19.49
13816,2014-04-18 16:54:33,232532,200108,1,2,79.98,28.98
13817,2014-04-18 16:59:11,232536,200112,1,2,95.98,33.98
13818,2014-04-18 17:01:38,232534,200110,1,1,49.99,19.49
13819,2014-04-18 19:07:01,232602,200168,1,1,49.99,19.49
13820,2014-04-18 19:19:54,232605,200171,1,1,49.99,19.49
13821,2014-04-18 19:39:20,232614,168551,1,2,79.98,28.98
13822,2014-04-18 19:41:55,232616,188838,1,2,109.98,41.98
13823,2014-04-18 19:46:26,232617,200178,1,1,49.99,19.49
13824,2014-04-18 20:12:16,232625,200185,2,2,105.98,36.98
13825,2014-04-18 20:47:09,232640,200200,2,1,59.99,22.49
13826,2014-04-18 22:16:45,232657,200213,1,1,49.99,19.49
13827,2014-04-18 23:27:55,232671,200223,1,2,95.98,33.98
13828,2014-04-18 23:42:26,232676,170022,2,2,89.98,31.98
13829,2014-04-19 00:34:42,232692,200238,1,2,79.98,28.98
13830,2014-04-19 01:53:45,232707,200248,3,1,45.99,14.49
13831,2014-04-19 04:18:03,232727,200266,1,1,49.99,19.49
13832,2014-04-19 04:28:13,232729,200268,1,2,79.98,28.98
13833,2014-04-19 09:05:38,232768,200301,1,1,49.99,19.49
13834,2014-04-19 10:32:11,232798,200327,1,2,79.98,28.98
13835,2014-04-19 10:44:14,232801,200330,1,1,49.99,19.49
13836,2014-04-19 11:29:13,232814,200340,1,1,49.99,19.49
13837,2014-04-19 11:33:15,232815,200341,1,2,79.98,28.98
13838,2014-04-19 12:21:09,232833,200357,1,1,49.99,19.49
13839,2014-04-19 13:59:34,232859,200379,1,1,49.99,19.49
13840,2014-04-19 14:12:13,232863,200383,1,1,49.99,19.49
13841,2014-04-19 14:27:46,232871,183580,3,1,45.99,14.49
13842,2014-04-19 16:11:17,232902,200417,1,1,49.99,19.49
13843,2014-04-19 16:26:13,232904,178992,1,1,49.99,19.49
13844,2014-04-19 17:35:32,232925,200433,1,2,79.98,28.98
13845,2014-04-19 17:36:06,232926,200434,2,1,59.99,22.49
13846,2014-04-19 19:27:38,232947,200453,3,2,75.98,23.98
13847,2014-04-19 20:54:25,232965,200469,1,2,79.98,28.98
13848,2014-04-19 21:23:57,232969,200472,1,2,79.98,28.98
13849,2014-04-19 21:29:41,232973,200475,1,1,49.99,19.49
13850,2014-04-19 23:24:04,232988,200483,1,1,49.99,19.49
13851,2014-04-20 00:04:10,232994,175922,3,2,75.98,23.98
13852,2014-04-20 00:11:06,232997,193404,1,1,49.99,19.49
13853,2014-04-20 00:12:20,232996,194352,1,1,49.99,19.49
13854,2014-04-20 01:02:46,233005,200495,1,1,49.99,19.49
13855,2014-04-20 02:28:12,233022,200511,1,2,79.98,28.98
13856,2014-04-20 02:41:36,233024,200513,2,1,59.99,22.49
13857,2014-04-20 06:20:53,233048,170405,2,2,89.98,31.98
13858,2014-04-20 09:06:31,233079,157480,1,1,49.99,19.49
13859,2014-04-20 12:17:01,233125,200595,1,1,49.99,19.49
13860,2014-04-20 12:30:49,233126,200596,3,2,75.98,23.98
13861,2014-04-20 14:35:54,233156,200621,1,2,79.98,28.98
13862,2014-04-20 14:41:40,233158,160637,3,2,75.98,23.98
13863,2014-04-20 18:09:01,233203,193690,1,2,79.98,28.98
13864,2014-04-20 19:00:26,233215,200669,1,2,79.98,28.98
13865,2014-04-20 19:53:54,233227,196159,1,2,109.98,41.98
13866,2014-04-20 20:20:11,233237,200686,1,1,49.99,19.49
13867,2014-04-20 20:20:57,233238,197666,1,1,49.99,19.49
13868,2014-04-20 21:28:25,233257,200701,1,1,49.99,19.49
13869,2014-04-20 22:02:23,233279,200717,1,1,49.99,19.49
13870,2014-04-20 22:03:48,233282,200720,1,2,79.98,28.98
13871,2014-04-20 22:09:53,233280,200718,1,1,49.99,19.49
13872,2014-04-20 22:34:03,233289,200724,1,2,79.98,28.98
13873,2014-04-20 23:11:37,233300,192434,1,2,109.98,41.98
13874,2014-04-20 23:57:39,233308,200739,3,2,75.98,23.98
13875,2014-04-21 00:10:39,233318,200748,1,1,49.99,19.49
13876,2014-04-21 00:28:27,233322,200751,1,1,49.99,19.49
13877,2014-04-21 01:36:45,233343,155765,1,2,95.98,33.98
13878,2014-04-21 01:54:09,233346,184788,1,2,79.98,28.98
13879,2014-04-21 02:40:42,233358,192456,2,2,89.98,31.98
13880,2014-04-21 02:52:33,233360,200777,1,1,49.99,19.49
13881,2014-04-21 03:00:01,233361,200778,1,1,49.99,19.49
13882,2014-04-21 04:36:13,233374,200789,1,1,49.99,19.49
13883,2014-04-21 05:12:04,233380,200792,3,1,45.99,14.49
13884,2014-04-21 05:31:47,233390,200800,3,1,45.99,14.49
13885,2014-04-21 07:35:49,233411,200818,1,1,49.99,19.49
13886,2014-04-21 07:41:02,233415,200822,1,2,109.98,41.98
13887,2014-04-21 07:42:33,233413,200820,3,1,45.99,14.49
13888,2014-04-21 09:09:36,233439,200844,1,1,49.99,19.49
13889,2014-04-21 09:28:50,233449,200851,2,1,59.99,22.49
13890,2014-04-21 09:29:15,233453,200855,2,2,89.98,31.98
13891,2014-04-21 09:50:50,233466,200866,1,1,49.99,19.49
13892,2014-04-21 10:01:55,233472,199520,1,1,49.99,19.49
13893,2014-04-21 10:12:08,233481,200877,1,2,79.98,28.98
13894,2014-04-21 10:31:26,233492,200887,3,1,45.99,14.49
13895,2014-04-21 10:47:14,233508,200900,1,1,49.99,19.49
13896,2014-04-21 11:12:07,233520,159349,2,1,59.99,22.49
13897,2014-04-21 11:33:54,233531,178242,1,1,49.99,19.49
13898,2014-04-21 11:50:02,233542,200931,1,2,95.98,33.98
13899,2014-04-21 11:58:26,233545,200934,1,1,49.99,19.49
13900,2014-04-21 12:04:27,233555,200942,1,2,79.98,28.98
13901,2014-04-21 12:14:21,233560,178271,1,1,49.99,19.49
13902,2014-04-21 12:20:50,233567,200952,1,2,95.98,33.98
13903,2014-04-21 12:39:20,233580,200964,1,2,109.98,41.98
13904,2014-04-21 12:58:11,233592,200976,1,1,49.99,19.49
13905,2014-04-21 13:13:16,233601,173297,1,2,79.98,28.98
13906,2014-04-21 13:25:52,233610,200991,1,1,49.99,19.49
13907,2014-04-21 13:29:21,233614,200995,2,1,59.99,22.49
13908,2014-04-21 13:49:39,233636,201014,1,1,49.99,19.49
13909,2014-04-21 14:38:31,233671,201043,1,1,49.99,19.49
13910,2014-04-21 15:10:48,233687,165025,1,2,95.98,33.98
13911,2014-04-21 15:35:02,233707,180489,1,2,79.98,28.98
13912,2014-04-21 16:18:45,233737,166786,1,1,49.99,19.49
13913,2014-04-21 16:59:02,233777,201124,1,1,49.99,19.49
13914,2014-04-21 17:07:25,233781,201127,1,1,49.99,19.49
13915,2014-04-21 17:26:23,233799,201141,1,1,49.99,19.49
13916,2014-04-21 17:59:56,233820,201160,1,2,109.98,41.98
13917,2014-04-21 18:44:18,233849,201182,1,1,49.99,19.49
13918,2014-04-21 18:48:23,233852,201185,1,2,79.98,28.98
13919,2014-04-21 19:03:33,233865,201196,1,1,49.99,19.49
13920,2014-04-21 19:37:09,233874,201203,1,1,49.99,19.49
13921,2014-04-21 20:03:59,233892,201219,1,1,49.99,19.49
13922,2014-04-21 20:07:47,233894,201221,1,2,79.98,28.98
13923,2014-04-21 21:03:32,233922,201243,1,1,49.99,19.49
13924,2014-04-21 21:17:46,233932,201251,1,1,49.99,19.49
13925,2014-04-21 21:49:54,233946,201261,1,1,49.99,19.49
13926,2014-04-21 22:20:09,233962,201276,1,1,49.99,19.49
13927,2014-04-21 22:23:54,233964,201278,3,2,75.98,23.98
13928,2014-04-22 01:15:18,234005,201313,1,1,49.99,19.49
13929,2014-04-22 04:17:26,234028,166989,1,2,79.98,28.98
13930,2014-04-22 06:03:35,234039,201341,1,1,49.99,19.49
13931,2014-04-22 06:40:41,234044,201345,1,1,49.99,19.49
13932,2014-04-22 09:00:22,234083,180681,1,1,49.99,19.49
13933,2014-04-22 09:08:32,234087,201380,1,1,49.99,19.49
13934,2014-04-22 09:13:07,234086,201379,1,1,49.99,19.49
13935,2014-04-22 09:25:24,234098,201388,1,2,109.98,41.98
13936,2014-04-22 09:51:11,234114,201402,1,1,49.99,19.49
13937,2014-04-22 10:30:37,234128,173290,1,1,49.99,19.49
13938,2014-04-22 10:34:31,234129,196402,1,1,49.99,19.49
13939,2014-04-22 10:46:16,234137,180310,3,2,75.98,23.98
13940,2014-04-22 11:01:24,234146,201426,1,1,49.99,19.49
13941,2014-04-22 11:13:59,234155,189157,1,2,79.98,28.98
13942,2014-04-22 12:05:20,234194,201467,2,1,59.99,22.49
13943,2014-04-22 12:10:02,234191,201464,1,1,49.99,19.49
13944,2014-04-22 12:12:26,234197,201470,3,1,45.99,14.49
13945,2014-04-22 13:14:41,234246,201507,2,1,59.99,22.49
13946,2014-04-22 13:19:08,234251,201511,3,1,45.99,14.49
13947,2014-04-22 13:28:26,234263,201520,1,1,49.99,19.49
13948,2014-04-22 13:38:20,234267,201524,1,1,49.99,19.49
13949,2014-04-22 14:22:18,234304,187078,1,2,79.98,28.98
13950,2014-04-22 14:33:50,234308,201557,1,1,49.99,19.49
13951,2014-04-22 14:43:17,234321,201569,3,2,75.98,23.98
13952,2014-04-22 15:09:15,234336,201583,1,1,49.99,19.49
13953,2014-04-22 15:15:37,234338,159482,1,1,49.99,19.49
13954,2014-04-22 15:16:03,234339,201585,1,1,49.99,19.49
13955,2014-04-22 16:06:13,234376,201615,1,2,79.98,28.98
13956,2014-04-22 16:29:25,234403,201640,1,1,49.99,19.49
13957,2014-04-22 16:33:04,234410,201647,1,1,49.99,19.49
13958,2014-04-22 16:39:53,234408,201645,1,1,49.99,19.49
13959,2014-04-22 16:42:56,234421,201655,2,1,59.99,22.49
13960,2014-04-22 16:53:17,234430,201662,1,1,49.99,19.49
13961,2014-04-22 17:19:30,234448,201679,3,1,45.99,14.49
13962,2014-04-22 17:32:37,234469,201696,3,1,45.99,14.49
13963,2014-04-22 17:45:49,234474,201701,1,2,109.98,41.98
13964,2014-04-22 18:03:16,234484,201709,1,1,49.99,19.49
13965,2014-04-22 22:48:00,234596,201801,1,1,49.99,19.49
13966,2014-04-22 23:22:50,234611,201812,1,1,49.99,19.49
13967,2014-04-22 23:44:16,234616,201816,1,1,49.99,19.49
13968,2014-04-23 01:11:46,234642,201837,1,2,79.98,28.98
13969,2014-04-23 02:07:33,234655,175780,2,1,59.99,22.49
13970,2014-04-23 03:21:15,234671,201859,1,2,79.98,28.98
13971,2014-04-23 06:31:49,234710,186948,1,1,49.99,19.49
13972,2014-04-23 07:16:13,234718,179185,2,1,59.99,22.49
13973,2014-04-23 08:08:11,234728,201903,1,1,49.99,19.49
13974,2014-04-23 08:19:21,234733,201907,1,1,49.99,19.49
13975,2014-04-23 08:22:49,234734,201908,1,1,49.99,19.49
13976,2014-04-23 08:32:25,234741,163411,2,1,59.99,22.49
13977,2014-04-23 08:42:31,234745,201917,1,2,79.98,28.98
13978,2014-04-23 09:04:42,234749,201921,1,1,49.99,19.49
13979,2014-04-23 09:18:36,234760,180541,1,2,79.98,28.98
13980,2014-04-23 09:23:29,234769,201939,2,1,59.99,22.49
13981,2014-04-23 09:23:37,234764,201934,3,1,45.99,14.49
13982,2014-04-23 09:40:24,234781,201950,1,1,49.99,19.49
13983,2014-04-23 09:41:13,234784,201952,1,1,49.99,19.49
13984,2014-04-23 09:45:13,234786,201953,1,2,79.98,28.98
13985,2014-04-23 09:54:25,234795,186449,2,1,59.99,22.49
13986,2014-04-23 10:17:42,234808,179323,3,1,45.99,14.49
13987,2014-04-23 10:29:31,234818,189965,1,2,79.98,28.98
13988,2014-04-23 10:31:58,234816,201977,1,1,49.99,19.49
13989,2014-04-23 11:01:41,234840,201997,2,1,59.99,22.49
13990,2014-04-23 11:03:06,234839,161249,3,1,45.99,14.49
13991,2014-04-23 11:19:50,234854,198605,1,1,49.99,19.49
13992,2014-04-23 11:31:22,234861,202013,1,1,49.99,19.49
13993,2014-04-23 11:31:25,234867,202018,1,1,49.99,19.49
13994,2014-04-23 11:42:18,234878,202028,1,2,79.98,28.98
13995,2014-04-23 11:54:56,234891,202039,1,2,95.98,33.98
13996,2014-04-23 12:16:29,234903,197916,1,1,49.99,19.49
13997,2014-04-23 12:24:12,234912,202053,1,2,79.98,28.98
13998,2014-04-23 12:27:27,234918,178211,3,1,45.99,14.49
13999,2014-04-23 13:12:17,234955,202090,3,1,45.99,14.49
14000,2014-04-23 13:13:51,234953,202089,2,1,59.99,22.49
14001,2014-04-23 13:22:00,234966,181718,1,1,49.99,19.49
14002,2014-04-23 13:29:55,234969,186141,3,2,75.98,23.98
14003,2014-04-23 13:34:25,234979,202110,3,2,75.98,23.98
14004,2014-04-23 13:57:16,234999,202126,1,1,49.99,19.49
14005,2014-04-23 14:04:24,235013,202138,1,1,49.99,19.49
14006,2014-04-23 14:14:53,235027,202148,1,1,49.99,19.49
14007,2014-04-23 14:19:16,235025,157625,1,2,79.98,28.98
14008,2014-04-23 14:26:35,235032,202153,1,2,79.98,28.98
14009,2014-04-23 15:21:53,235079,193564,3,1,45.99,14.49
14010,2014-04-23 15:48:07,235098,165747,1,2,79.98,28.98
14011,2014-04-23 16:00:55,235106,182090,3,1,45.99,14.49
14012,2014-04-23 16:31:04,235130,202227,1,1,49.99,19.49
14013,2014-04-23 16:33:11,235132,202228,2,2,89.98,31.98
14014,2014-04-23 16:38:26,235142,196742,1,1,49.99,19.49
14015,2014-04-23 16:42:00,235143,176211,3,1,45.99,14.49
14016,2014-04-23 16:43:34,235152,202243,1,2,79.98,28.98
14017,2014-04-23 16:50:14,235158,179561,1,2,95.98,33.98
14018,2014-04-23 17:07:37,235176,202262,1,1,49.99,19.49
14019,2014-04-23 17:30:44,235188,202273,1,2,79.98,28.98
14020,2014-04-23 17:57:04,235215,202296,2,2,89.98,31.98
14021,2014-04-23 18:03:58,235220,202301,1,2,79.98,28.98
14022,2014-04-23 19:21:36,235260,202334,1,1,49.99,19.49
14023,2014-04-23 19:26:07,235266,202338,1,2,79.98,28.98
14024,2014-04-23 19:27:17,235265,188545,1,1,49.99,19.49
14025,2014-04-23 19:32:55,235272,202344,1,1,49.99,19.49
14026,2014-04-23 20:08:04,235285,202355,1,1,49.99,19.49
14027,2014-04-23 20:47:55,235306,196394,1,2,79.98,28.98
14028,2014-04-23 20:49:38,235308,202372,2,1,59.99,22.49
14029,2014-04-23 21:05:23,235313,202377,1,1,49.99,19.49
14030,2014-04-23 21:07:29,235312,202376,2,2,109.98,41.98
14031,2014-04-23 21:21:37,235323,202386,1,2,109.98,41.98
14032,2014-04-23 22:03:43,235332,175666,3,2,75.98,23.98
14033,2014-04-23 22:45:30,235355,181742,2,1,59.99,22.49
14034,2014-04-23 22:52:15,235362,202415,1,2,79.98,28.98
14035,2014-04-23 23:25:33,235375,202425,1,2,95.98,33.98
14036,2014-04-24 00:09:01,235393,202440,1,2,79.98,28.98
14037,2014-04-24 00:43:34,235406,202448,1,2,79.98,28.98
14038,2014-04-24 01:15:54,235413,202454,1,1,49.99,19.49
14039,2014-04-24 03:20:52,235440,202477,1,1,49.99,19.49
14040,2014-04-24 03:47:32,235442,202479,1,1,49.99,19.49
14041,2014-04-24 04:01:56,235445,202482,1,1,49.99,19.49
14042,2014-04-24 04:31:43,235448,202485,1,1,49.99,19.49
14043,2014-04-24 05:14:07,235457,183940,1,1,49.99,19.49
14044,2014-04-24 06:00:46,235468,202499,1,1,49.99,19.49
14045,2014-04-24 06:29:28,235473,202503,3,1,45.99,14.49
14046,2014-04-24 07:07:44,235478,173852,1,1,49.99,19.49
14047,2014-04-24 07:17:10,235480,202508,1,2,95.98,33.98
14048,2014-04-24 07:19:11,235479,202507,1,2,79.98,28.98
14049,2014-04-24 08:39:41,235501,202523,1,2,79.98,28.98
14050,2014-04-24 08:57:24,235510,202531,1,1,49.99,19.49
14051,2014-04-24 09:44:28,235540,179923,1,1,49.99,19.49
14052,2014-04-24 11:31:30,235621,202620,2,2,89.98,31.98
14053,2014-04-24 11:36:35,235627,202625,1,2,79.98,28.98
14054,2014-04-24 11:42:44,235632,202628,1,1,49.99,19.49
14055,2014-04-24 12:07:56,235648,202644,1,2,95.98,33.98
14056,2014-04-24 12:11:31,235653,202649,1,2,79.98,28.98
14057,2014-04-24 12:36:38,235669,202662,3,1,45.99,14.49
14058,2014-04-24 12:47:42,235674,202666,1,2,79.98,28.98
14059,2014-04-24 12:49:19,235679,196163,1,2,79.98,28.98
14060,2014-04-24 13:04:55,235695,202683,3,2,75.98,23.98
14061,2014-04-24 13:44:26,235735,162756,3,2,75.98,23.98
14062,2014-04-24 13:53:06,235738,188873,1,1,49.99,19.49
14063,2014-04-24 14:00:24,235742,202719,1,1,49.99,19.49
14064,2014-04-24 14:03:47,235746,202723,1,2,79.98,28.98
14065,2014-04-24 14:09:15,235754,202730,1,1,49.99,19.49
14066,2014-04-24 14:10:45,235753,202729,1,1,49.99,19.49
14067,2014-04-24 15:11:16,235798,202766,1,1,49.99,19.49
14068,2014-04-24 15:23:52,235811,202778,1,1,49.99,19.49
14069,2014-04-24 15:49:30,235831,202792,2,2,109.98,41.98
14070,2014-04-24 16:07:19,235844,181840,3,2,75.98,23.98
14071,2014-04-24 16:12:53,235845,178186,1,1,49.99,19.49
14072,2014-04-24 16:36:57,235867,202824,2,1,59.99,22.49
14073,2014-04-24 16:48:34,235876,180468,1,1,49.99,19.49
14074,2014-04-24 17:05:36,235896,202848,1,1,49.99,19.49
14075,2014-04-24 17:08:33,235893,202846,1,2,95.98,33.98
14076,2014-04-24 17:38:38,235918,202868,1,1,49.99,19.49
14077,2014-04-24 17:39:12,235915,202865,1,1,49.99,19.49
14078,2014-04-24 17:42:52,235917,202867,1,1,49.99,19.49
14079,2014-04-24 18:17:38,235938,202884,1,1,49.99,19.49
14080,2014-04-24 18:28:13,235946,202892,1,2,79.98,28.98
14081,2014-04-24 18:32:30,235949,202894,3,2,75.98,23.98
14082,2014-04-24 18:39:46,235954,177098,1,2,109.98,41.98
14083,2014-04-24 19:54:44,235992,187310,1,1,49.99,19.49
14084,2014-04-24 21:22:52,236026,202954,1,2,79.98,28.98
14085,2014-04-24 21:39:26,236035,202961,1,1,49.99,19.49
14086,2014-04-24 22:02:19,236043,191947,1,1,49.99,19.49
14087,2014-04-24 22:03:12,236045,202969,1,2,109.98,41.98
14088,2014-04-24 23:53:03,236079,202997,1,2,95.98,33.98
14089,2014-04-25 01:43:04,236106,163810,1,2,79.98,28.98
14090,2014-04-25 01:59:57,236110,203024,3,2,75.98,23.98
14091,2014-04-25 02:28:58,236118,203030,1,2,95.98,33.98
14092,2014-04-25 03:01:00,236121,203033,1,1,49.99,19.49
14093,2014-04-25 03:14:59,236127,193715,1,1,49.99,19.49
14094,2014-04-25 04:42:39,236139,203048,1,1,49.99,19.49
14095,2014-04-25 08:22:31,236197,203101,3,1,45.99,14.49
14096,2014-04-25 08:39:41,236206,203110,1,1,49.99,19.49
14097,2014-04-25 08:40:17,236208,185332,1,2,79.98,28.98
14098,2014-04-25 08:57:24,236213,203114,1,1,49.99,19.49
14099,2014-04-25 09:04:39,236215,203115,1,2,79.98,28.98
14100,2014-04-25 09:20:31,236225,203122,1,1,49.99,19.49
14101,2014-04-25 09:39:23,236246,203139,1,1,49.99,19.49
14102,2014-04-25 09:52:01,236256,203148,1,2,79.98,28.98
14103,2014-04-25 09:53:41,236260,203152,1,1,49.99,19.49
14104,2014-04-25 10:11:26,236273,203162,1,2,79.98,28.98
14105,2014-04-25 10:18:23,236277,192072,1,1,49.99,19.49
14106,2014-04-25 10:56:06,236318,203201,1,1,49.99,19.49
14107,2014-04-25 11:43:29,236350,203223,1,1,49.99,19.49
14108,2014-04-25 11:57:00,236363,192363,2,1,59.99,22.49
14109,2014-04-25 12:05:29,236372,203241,2,1,59.99,22.49
14110,2014-04-25 12:07:04,236370,203239,1,1,49.99,19.49
14111,2014-04-25 13:05:03,236406,203267,1,2,109.98,41.98
14112,2014-04-25 13:10:39,236414,173454,1,1,49.99,19.49
14113,2014-04-25 13:13:05,236416,203274,1,1,49.99,19.49
14114,2014-04-25 13:22:42,236420,203277,1,1,49.99,19.49
14115,2014-04-25 13:52:53,236445,203298,3,2,75.98,23.98
14116,2014-04-25 14:12:36,236454,203307,1,1,49.99,19.49
14117,2014-04-25 14:25:43,236463,203315,1,2,79.98,28.98
14118,2014-04-25 14:31:22,236471,197972,1,1,49.99,19.49
14119,2014-04-25 14:36:08,236467,191998,1,2,95.98,33.98
14120,2014-04-25 14:54:43,236484,190160,3,2,105.98,36.98
14121,2014-04-25 15:28:20,236501,203346,2,1,59.99,22.49
14122,2014-04-25 15:57:46,236527,191195,3,1,45.99,14.49
14123,2014-04-25 15:59:06,236530,203366,1,2,109.98,41.98
14124,2014-04-25 17:00:02,236574,203398,1,2,79.98,28.98
14125,2014-04-25 17:17:37,236580,203404,1,2,79.98,28.98
14126,2014-04-25 18:03:52,236604,203424,1,1,49.99,19.49
14127,2014-04-25 18:06:21,236605,176490,1,1,49.99,19.49
14128,2014-04-25 18:10:51,236610,203429,3,1,45.99,14.49
14129,2014-04-25 18:52:28,236625,203441,1,1,49.99,19.49
14130,2014-04-25 18:58:35,236636,203452,1,1,49.99,19.49
14131,2014-04-25 19:55:29,236656,203471,1,2,79.98,28.98
14132,2014-04-25 20:50:16,236669,203482,3,2,75.98,23.98
14133,2014-04-25 21:15:46,236675,203487,1,1,49.99,19.49
14134,2014-04-25 22:04:58,236690,173050,1,2,95.98,33.98
14135,2014-04-25 23:27:55,236705,203511,2,1,59.99,22.49
14136,2014-04-25 23:29:46,236704,203510,1,1,49.99,19.49
14137,2014-04-26 03:30:31,236741,203542,1,1,49.99,19.49
14138,2014-04-26 04:39:00,236752,194189,3,1,45.99,14.49
14139,2014-04-26 06:13:49,236767,183736,1,1,49.99,19.49
14140,2014-04-26 07:33:11,236774,190827,1,2,109.98,41.98
14141,2014-04-26 11:01:20,236804,172230,1,1,49.99,19.49
14142,2014-04-26 11:09:36,236806,203595,3,1,45.99,14.49
14143,2014-04-26 11:11:30,236809,203598,3,2,75.98,23.98
14144,2014-04-26 11:34:09,236817,203604,1,1,49.99,19.49
14145,2014-04-26 12:05:55,236829,203614,3,1,45.99,14.49
14146,2014-04-26 13:13:51,236852,203632,1,2,79.98,28.98
14147,2014-04-26 13:37:22,236859,203638,1,1,49.99,19.49
14148,2014-04-26 14:39:03,236873,203651,1,1,49.99,19.49
14149,2014-04-26 15:20:24,236890,159877,3,2,75.98,23.98
14150,2014-04-26 16:16:59,236904,203676,1,2,95.98,33.98
14151,2014-04-26 17:37:12,236925,203695,1,2,109.98,41.98
14152,2014-04-26 17:51:10,236929,203699,1,1,49.99,19.49
14153,2014-04-26 17:52:03,236930,191866,1,1,49.99,19.49
14154,2014-04-26 17:59:02,236936,186811,3,1,45.99,14.49
14155,2014-04-26 18:01:37,236934,203703,3,2,75.98,23.98
14156,2014-04-26 18:01:47,236935,203704,1,2,109.98,41.98
14157,2014-04-26 20:04:57,236961,203724,1,1,49.99,19.49
14158,2014-04-26 20:35:32,236971,180798,1,1,49.99,19.49
14159,2014-04-26 21:00:50,236975,203733,2,1,59.99,22.49
14160,2014-04-26 22:56:05,237002,203757,2,1,59.99,22.49
14161,2014-04-27 01:17:30,237030,203775,1,1,49.99,19.49
14162,2014-04-27 04:15:34,237046,203787,1,1,49.99,19.49
14163,2014-04-27 05:23:58,237050,203791,3,2,95.98,33.98
14164,2014-04-27 06:35:15,237059,203799,1,2,79.98,28.98
14165,2014-04-27 10:29:56,237095,203831,3,1,45.99,14.49
14166,2014-04-27 10:32:30,237097,182045,1,1,49.99,19.49
14167,2014-04-27 11:22:30,237109,203842,2,1,59.99,22.49
14168,2014-04-27 12:16:48,237123,203855,1,1,49.99,19.49
14169,2014-04-27 13:52:48,237153,203880,1,2,79.98,28.98
14170,2014-04-27 13:53:11,237152,203879,1,2,95.98,33.98
14171,2014-04-27 13:57:00,237156,203883,1,1,49.99,19.49
14172,2014-04-27 15:32:54,237174,203897,1,2,79.98,28.98
14173,2014-04-27 16:38:42,237192,203908,1,2,79.98,28.98
14174,2014-04-27 17:44:37,237214,183802,1,1,49.99,19.49
14175,2014-04-27 18:21:25,237225,203934,2,1,59.99,22.49
14176,2014-04-27 18:55:45,237237,203944,1,1,49.99,19.49
14177,2014-04-27 19:43:40,237250,203954,1,1,49.99,19.49
14178,2014-04-27 20:08:12,237257,196445,1,1,49.99,19.49
14179,2014-04-27 21:15:23,237277,181870,2,1,59.99,22.49
14180,2014-04-27 21:48:00,237290,196596,1,1,49.99,19.49
14181,2014-04-27 23:28:22,237328,204015,2,1,59.99,22.49
14182,2014-04-28 00:59:47,237353,203645,2,1,59.99,22.49
14183,2014-04-28 01:02:36,237354,204035,3,1,45.99,14.49
14184,2014-04-28 01:27:12,237360,204040,1,1,49.99,19.49
14185,2014-04-28 01:44:04,237367,204045,1,1,49.99,19.49
14186,2014-04-28 02:18:17,237381,204056,1,2,79.98,28.98
14187,2014-04-28 03:04:46,237390,204062,1,1,49.99,19.49
14188,2014-04-28 04:13:51,237406,204074,1,1,49.99,19.49
14189,2014-04-28 06:35:26,237430,204096,1,2,79.98,28.98
14190,2014-04-28 08:40:23,237458,204119,1,2,79.98,28.98
14191,2014-04-28 09:01:54,237464,180943,2,1,59.99,22.49
14192,2014-04-28 09:05:59,237465,204124,1,2,79.98,28.98
14193,2014-04-28 09:21:20,237479,204131,1,1,49.99,19.49
14194,2014-04-28 11:04:38,237540,204181,2,2,89.98,31.98
14195,2014-04-28 11:06:49,237539,204180,1,2,79.98,28.98
14196,2014-04-28 11:19:11,237551,204190,1,1,49.99,19.49
14197,2014-04-28 12:04:56,237582,204214,1,1,49.99,19.49
14198,2014-04-28 12:46:08,237613,204242,1,2,95.98,33.98
14199,2014-04-28 12:53:21,237617,202330,2,1,59.99,22.49
14200,2014-04-28 13:02:37,237628,204253,2,1,59.99,22.49
14201,2014-04-28 13:10:10,237626,204251,1,1,49.99,19.49
14202,2014-04-28 13:12:41,237629,204254,1,1,49.99,19.49
14203,2014-04-28 13:23:32,237639,176729,1,2,79.98,28.98
14204,2014-04-28 13:29:50,237642,204264,1,1,49.99,19.49
14205,2014-04-28 13:48:52,237663,204283,1,1,49.99,19.49
14206,2014-04-28 13:49:25,237660,204280,1,1,49.99,19.49
14207,2014-04-28 13:54:10,237666,204286,3,1,45.99,14.49
14208,2014-04-28 14:38:02,237689,204303,2,2,89.98,31.98
14209,2014-04-28 14:43:15,237693,204307,1,1,49.99,19.49
14210,2014-04-28 15:16:29,237704,204312,1,1,49.99,19.49
14211,2014-04-28 15:23:44,237707,204314,1,2,79.98,28.98
14212,2014-04-28 15:40:13,237724,204326,1,1,49.99,19.49
14213,2014-04-28 15:54:17,237737,204336,1,2,95.98,33.98
14214,2014-04-28 16:20:40,237760,204358,1,2,109.98,41.98
14215,2014-04-28 16:20:44,237758,204356,1,1,49.99,19.49
14216,2014-04-28 17:39:48,237818,204404,1,1,49.99,19.49
14217,2014-04-28 18:14:32,237842,188722,1,1,49.99,19.49
14218,2014-04-28 19:14:44,237870,188725,1,1,49.99,19.49
14219,2014-04-28 19:24:46,237875,204450,1,2,109.98,41.98
14220,2014-04-28 19:37:12,237878,204451,1,2,79.98,28.98
14221,2014-04-28 20:07:16,237895,204466,2,1,59.99,22.49
14222,2014-04-28 20:11:45,237896,204467,2,1,59.99,22.49
14223,2014-04-28 20:42:16,237914,190460,1,1,49.99,19.49
14224,2014-04-28 20:54:53,237925,197270,1,1,49.99,19.49
14225,2014-04-28 22:09:45,237949,186710,1,1,49.99,19.49
14226,2014-04-28 22:59:43,237960,202414,1,1,49.99,19.49
14227,2014-04-29 00:46:25,237984,191763,1,2,95.98,33.98
14228,2014-04-29 03:33:13,238003,203696,1,2,109.98,41.98
14229,2014-04-29 04:00:56,238008,171769,1,1,49.99,19.49
14230,2014-04-29 05:24:31,238031,204574,1,2,79.98,28.98
14231,2014-04-29 06:01:28,238042,204584,1,1,49.99,19.49
14232,2014-04-29 07:14:24,238051,204592,2,1,59.99,22.49
14233,2014-04-29 07:23:51,238052,176400,1,1,49.99,19.49
14234,2014-04-29 07:45:04,238064,204603,1,1,49.99,19.49
14235,2014-04-29 07:47:53,238063,204602,2,1,59.99,22.49
14236,2014-04-29 08:10:02,238070,196603,3,2,95.98,33.98
14237,2014-04-29 08:33:37,238077,204614,1,1,49.99,19.49
14238,2014-04-29 09:09:39,238101,200117,1,1,49.99,19.49
14239,2014-04-29 09:45:23,238123,204651,1,1,49.99,19.49
14240,2014-04-29 09:54:20,238129,204657,3,2,75.98,23.98
14241,2014-04-29 10:05:15,238135,204663,1,1,49.99,19.49
14242,2014-04-29 10:16:00,238138,204665,1,1,49.99,19.49
14243,2014-04-29 10:19:45,238139,204666,2,1,59.99,22.49
14244,2014-04-29 10:23:24,238145,204669,3,1,45.99,14.49
14245,2014-04-29 10:40:39,238158,204682,2,2,89.98,31.98
14246,2014-04-29 10:44:39,238155,204679,1,1,49.99,19.49
14247,2014-04-29 11:15:43,238178,204698,3,1,45.99,14.49
14248,2014-04-29 11:17:14,238185,204704,1,1,49.99,19.49
14249,2014-04-29 11:40:46,238204,204720,1,1,49.99,19.49
14250,2014-04-29 11:52:42,238209,204723,3,1,45.99,14.49
14251,2014-04-29 12:20:43,238225,204737,1,1,49.99,19.49
14252,2014-04-29 12:39:27,238239,204751,1,2,79.98,28.98
14253,2014-04-29 12:57:32,238252,204763,1,2,95.98,33.98
14254,2014-04-29 13:08:43,238274,204781,3,1,45.99,14.49
14255,2014-04-29 13:11:56,238271,204778,1,1,49.99,19.49
14256,2014-04-29 13:16:21,238275,204782,1,2,79.98,28.98
14257,2014-04-29 13:18:28,238269,204777,1,1,49.99,19.49
14258,2014-04-29 13:28:11,238283,204788,1,1,49.99,19.49
14259,2014-04-29 13:33:05,238293,204795,2,1,59.99,22.49
14260,2014-04-29 13:34:03,238292,196170,3,2,105.98,36.98
14261,2014-04-29 13:37:31,238297,199250,3,1,45.99,14.49
14262,2014-04-29 14:00:39,238315,204811,1,2,95.98,33.98
14263,2014-04-29 14:07:41,238311,204810,2,1,59.99,22.49
14264,2014-04-29 14:41:58,238338,204830,1,2,79.98,28.98
14265,2014-04-29 15:07:29,238361,204849,1,1,49.99,19.49
14266,2014-04-29 15:29:49,238378,204863,1,1,49.99,19.49
14267,2014-04-29 15:57:05,238410,204888,1,1,49.99,19.49
14268,2014-04-29 16:01:43,238414,204892,3,2,105.98,36.98
14269,2014-04-29 16:15:40,238419,182559,1,1,49.99,19.49
14270,2014-04-29 16:32:35,238432,204906,1,2,95.98,33.98
14271,2014-04-29 17:06:05,238467,183893,1,2,109.98,41.98
14272,2014-04-29 17:10:46,238474,204941,1,1,49.99,19.49
14273,2014-04-29 17:48:40,238503,204965,1,1,49.99,19.49
14274,2014-04-29 18:23:38,238519,204977,1,2,79.98,28.98
14275,2014-04-29 19:03:09,238535,204991,1,1,49.99,19.49
14276,2014-04-29 19:09:29,238542,204997,1,1,49.99,19.49
14277,2014-04-29 19:26:48,238553,205008,2,2,89.98,31.98
14278,2014-04-29 19:52:05,238563,205018,1,1,49.99,19.49
14279,2014-04-29 21:00:20,238587,205038,1,1,49.99,19.49
14280,2014-04-29 21:12:57,238592,205042,1,1,49.99,19.49
14281,2014-04-29 21:27:44,238598,205048,2,1,59.99,22.49
14282,2014-04-29 21:34:39,238600,179450,1,1,49.99,19.49
14283,2014-04-29 21:58:01,238608,205056,3,1,45.99,14.49
14284,2014-04-29 22:55:12,238632,205078,1,1,49.99,19.49
14285,2014-04-29 23:33:44,238654,193459,1,1,49.99,19.49
14286,2014-04-30 01:10:20,238681,205123,1,1,49.99,19.49
14287,2014-04-30 02:10:03,238690,205131,1,2,79.98,28.98
14288,2014-04-30 03:01:50,238698,205139,1,2,109.98,41.98
14289,2014-04-30 04:39:42,238710,205146,2,2,89.98,31.98
14290,2014-04-30 05:51:39,238729,205162,1,2,95.98,33.98
14291,2014-04-30 06:39:21,238741,205170,1,1,49.99,19.49
14292,2014-04-30 06:48:33,238744,205173,1,2,79.98,28.98
14293,2014-04-30 06:56:11,238746,205175,3,2,105.98,36.98
14294,2014-04-30 07:37:05,238761,186576,1,1,49.99,19.49
14295,2014-04-30 08:23:25,238771,205197,2,1,59.99,22.49
14296,2014-04-30 08:31:19,238774,205200,1,1,49.99,19.49
14297,2014-04-30 09:24:22,238798,191103,2,1,59.99,22.49
14298,2014-04-30 10:09:23,238822,205236,1,1,49.99,19.49
14299,2014-04-30 10:19:56,238830,205243,3,1,45.99,14.49
14300,2014-04-30 10:37:25,238850,205259,1,2,79.98,28.98
14301,2014-04-30 11:01:20,238868,205277,1,1,49.99,19.49
14302,2014-04-30 11:25:42,238897,200343,1,1,49.99,19.49
14303,2014-04-30 12:11:19,238931,205331,3,1,45.99,14.49
14304,2014-04-30 12:13:59,238929,205330,1,2,95.98,33.98
14305,2014-04-30 12:17:15,238937,205337,1,2,79.98,28.98
14306,2014-04-30 12:34:19,238942,205342,1,1,49.99,19.49
14307,2014-04-30 12:42:08,238960,205358,3,1,45.99,14.49
14308,2014-04-30 12:44:58,238952,205350,3,1,45.99,14.49
14309,2014-04-30 12:45:21,238961,205359,1,1,49.99,19.49
14310,2014-04-30 12:53:12,238965,205363,1,1,49.99,19.49
14311,2014-04-30 13:04:56,238976,205373,3,1,45.99,14.49
14312,2014-04-30 13:06:35,238980,186232,1,2,95.98,33.98
14313,2014-04-30 13:27:48,239002,205397,1,2,95.98,33.98
14314,2014-04-30 13:36:12,239008,178962,3,2,75.98,23.98
14315,2014-04-30 13:51:02,239018,205408,1,2,109.98,41.98
14316,2014-04-30 14:04:55,239029,205419,3,2,75.98,23.98
14317,2014-04-30 14:10:13,239034,205424,2,1,59.99,22.49
14318,2014-04-30 15:22:45,239081,205462,1,2,95.98,33.98
14319,2014-04-30 15:39:30,239094,190274,1,2,79.98,28.98
14320,2014-04-30 16:03:29,239109,205485,2,1,59.99,22.49
14321,2014-04-30 16:14:04,239121,205495,2,2,89.98,31.98
14322,2014-04-30 16:20:34,239120,205494,1,1,49.99,19.49
14323,2014-04-30 16:21:58,239126,205500,2,1,59.99,22.49
14324,2014-04-30 16:23:52,239128,205502,1,1,49.99,19.49
14325,2014-04-30 16:26:35,239135,205509,1,1,49.99,19.49
14326,2014-04-30 16:37:53,239142,170963,1,1,49.99,19.49
14327,2014-04-30 16:38:20,239144,205515,1,1,49.99,19.49
14328,2014-04-30 16:39:26,239143,205514,1,2,95.98,33.98
14329,2014-04-30 16:47:36,239145,205516,1,1,49.99,19.49
14330,2014-04-30 16:47:48,239150,205519,1,2,109.98,41.98
14331,2014-04-30 16:48:17,239149,205518,1,1,49.99,19.49
14332,2014-04-30 17:09:00,239163,177924,1,1,49.99,19.49
14333,2014-04-30 17:16:21,239175,205537,1,1,49.99,19.49
14334,2014-04-30 17:23:49,239181,180362,1,1,49.99,19.49
14335,2014-04-30 17:36:54,239191,205550,1,1,49.99,19.49
14336,2014-04-30 17:46:57,239190,205549,3,1,45.99,14.49
14337,2014-04-30 18:05:19,239213,205567,1,1,49.99,19.49
14338,2014-04-30 19:01:54,239255,205603,1,2,95.98,33.98
14339,2014-04-30 19:13:01,239261,205607,3,1,45.99,14.49
14340,2014-04-30 19:51:16,239282,205624,3,2,95.98,33.98
14341,2014-04-30 22:06:35,239332,205665,1,1,49.99,19.49
14342,2014-04-30 22:31:38,239347,162805,1,1,49.99,19.49
14343,2014-04-30 23:40:05,239372,205695,1,1,49.99,19.49
14344,2014-05-01 00:24:56,239385,205707,1,1,49.99,19.49
14345,2014-05-01 00:36:43,239389,205711,1,1,49.99,19.49
14346,2014-05-01 03:17:37,239424,205738,1,2,79.98,28.98
14347,2014-05-01 05:51:54,239448,205760,1,1,49.99,19.49
14348,2014-05-01 06:25:13,239458,205770,3,1,45.99,14.49
14349,2014-05-01 06:32:17,239459,205771,2,2,89.98,31.98
14350,2014-05-01 08:51:03,239516,205818,1,1,49.99,19.49
14351,2014-05-01 09:06:11,239524,205826,1,2,79.98,28.98
14352,2014-05-01 09:11:01,239523,205825,1,2,79.98,28.98
14353,2014-05-01 09:15:06,239528,205830,1,2,79.98,28.98
14354,2014-05-01 09:31:15,239536,205837,1,2,95.98,33.98
14355,2014-05-01 10:07:52,239558,205856,1,1,49.99,19.49
14356,2014-05-01 10:15:26,239566,205861,2,1,59.99,22.49
14357,2014-05-01 10:21:38,239565,201230,2,2,89.98,31.98
14358,2014-05-01 10:37:11,239585,205877,2,2,105.98,36.98
14359,2014-05-01 10:53:36,239593,205884,3,1,45.99,14.49
14360,2014-05-01 10:59:25,239603,205893,1,2,109.98,41.98
14361,2014-05-01 11:02:27,239604,205894,2,1,59.99,22.49
14362,2014-05-01 11:13:13,239608,194539,3,2,95.98,33.98
14363,2014-05-01 11:37:01,239623,205908,1,1,49.99,19.49
14364,2014-05-01 11:47:16,239631,187908,1,1,49.99,19.49
14365,2014-05-01 12:03:58,239644,205921,1,2,95.98,33.98
14366,2014-05-01 12:09:42,239651,205928,2,1,59.99,22.49
14367,2014-05-01 12:23:07,239657,205934,1,1,49.99,19.49
14368,2014-05-01 12:27:34,239659,205936,1,2,79.98,28.98
14369,2014-05-01 12:52:39,239683,205957,1,2,109.98,41.98
14370,2014-05-01 13:57:56,239731,205992,1,2,79.98,28.98
14371,2014-05-01 14:35:04,239759,206013,1,1,49.99,19.49
14372,2014-05-01 14:42:47,239763,206016,1,1,49.99,19.49
14373,2014-05-01 15:29:30,239791,159380,1,1,49.99,19.49
14374,2014-05-01 15:30:42,239792,206037,1,1,49.99,19.49
14375,2014-05-01 15:57:35,239809,206048,1,2,95.98,33.98
14376,2014-05-01 16:01:44,239805,200217,1,1,49.99,19.49
14377,2014-05-01 16:05:35,239812,206049,1,1,49.99,19.49
14378,2014-05-01 16:15:16,239819,172748,1,2,79.98,28.98
14379,2014-05-01 16:24:01,239823,206057,1,2,79.98,28.98
14380,2014-05-01 17:11:57,239848,206080,1,1,49.99,19.49
14381,2014-05-01 17:14:52,239854,174892,3,1,45.99,14.49
14382,2014-05-01 17:20:34,239863,206093,1,2,109.98,41.98
14383,2014-05-01 17:22:41,239861,206091,3,2,95.98,33.98
14384,2014-05-01 17:27:05,239862,206092,2,2,89.98,31.98
14385,2014-05-01 18:05:26,239890,206116,1,1,49.99,19.49
14386,2014-05-01 18:55:02,239926,179251,2,1,59.99,22.49
14387,2014-05-01 19:00:59,239931,206150,1,1,49.99,19.49
14388,2014-05-01 19:03:23,239929,206148,1,1,49.99,19.49
14389,2014-05-01 19:52:06,239954,206167,1,1,49.99,19.49
14390,2014-05-01 20:18:26,239970,206179,3,1,45.99,14.49
14391,2014-05-01 21:00:29,239993,206198,1,1,49.99,19.49
14392,2014-05-01 21:02:07,239995,206199,1,1,49.99,19.49
14393,2014-05-01 22:20:59,240024,189965,1,2,79.98,28.98
14394,2014-05-01 23:19:07,240050,180330,1,2,79.98,28.98
14395,2014-05-01 23:24:59,240053,206249,1,2,79.98,28.98
14396,2014-05-01 23:28:34,240052,206248,1,1,49.99,19.49
14397,2014-05-01 23:37:06,240056,206252,1,1,49.99,19.49
14398,2014-05-01 23:55:35,240060,206255,1,1,49.99,19.49
14399,2014-05-02 00:53:06,240078,195359,1,1,49.99,19.49
14400,2014-05-02 01:20:27,240089,206281,2,1,59.99,22.49
14401,2014-05-02 03:20:59,240113,206299,1,2,95.98,33.98
14402,2014-05-02 04:09:51,240118,206304,3,1,45.99,14.49
14403,2014-05-02 04:35:37,240120,206306,1,2,79.98,28.98
14404,2014-05-02 06:30:41,240144,206328,3,1,45.99,14.49
14405,2014-05-02 08:04:46,240166,206347,1,1,49.99,19.49
14406,2014-05-02 08:13:09,240171,206352,1,2,109.98,41.98
14407,2014-05-02 08:18:05,240172,206353,1,1,49.99,19.49
14408,2014-05-02 08:22:34,240175,206355,3,1,45.99,14.49
14409,2014-05-02 09:13:15,240201,206374,1,1,49.99,19.49
14410,2014-05-02 09:41:06,240217,206388,1,1,49.99,19.49
14411,2014-05-02 09:57:43,240223,206394,1,2,95.98,33.98
14412,2014-05-02 10:05:14,240233,159946,2,1,59.99,22.49
14413,2014-05-02 10:29:54,240255,203072,2,2,109.98,41.98
14414,2014-05-02 10:32:40,240258,206424,3,1,45.99,14.49
14415,2014-05-02 11:01:22,240287,206446,1,1,49.99,19.49
14416,2014-05-02 11:06:02,240285,206444,3,2,75.98,23.98
14417,2014-05-02 11:21:33,240307,197835,1,1,49.99,19.49
14418,2014-05-02 11:25:54,240311,206463,1,1,49.99,19.49
14419,2014-05-02 11:44:02,240320,206472,1,2,95.98,33.98
14420,2014-05-02 12:10:29,240342,206491,3,1,45.99,14.49
14421,2014-05-02 12:12:30,240343,206492,1,1,49.99,19.49
14422,2014-05-02 12:43:13,240359,206505,1,1,49.99,19.49
14423,2014-05-02 13:17:42,240393,206537,1,2,95.98,33.98
14424,2014-05-02 13:21:45,240395,206539,1,1,49.99,19.49
14425,2014-05-02 13:38:40,240420,206560,1,1,49.99,19.49
14426,2014-05-02 13:45:34,240423,206563,1,2,79.98,28.98
14427,2014-05-02 14:15:43,240436,186750,1,1,49.99,19.49
14428,2014-05-02 14:20:13,240443,206577,1,1,49.99,19.49
14429,2014-05-02 14:42:57,240465,206595,1,2,79.98,28.98
14430,2014-05-02 14:47:48,240475,206602,3,2,75.98,23.98
14431,2014-05-02 15:15:10,240492,206618,1,2,79.98,28.98
14432,2014-05-02 15:38:51,240509,206632,2,2,89.98,31.98
14433,2014-05-02 15:52:28,240519,206641,3,1,45.99,14.49
14434,2014-05-02 16:00:10,240524,206645,2,1,59.99,22.49
14435,2014-05-02 16:19:21,240534,206651,3,1,45.99,14.49
14436,2014-05-02 16:35:29,240537,206654,1,2,79.98,28.98
14437,2014-05-02 17:28:23,240575,206685,1,2,95.98,33.98
14438,2014-05-02 17:48:13,240581,206690,1,1,49.99,19.49
14439,2014-05-02 18:12:10,240599,206705,2,1,59.99,22.49
14440,2014-05-02 18:33:22,240608,206714,1,1,49.99,19.49
14441,2014-05-02 18:35:19,240609,199175,3,1,45.99,14.49
14442,2014-05-02 19:00:49,240619,206719,1,1,49.99,19.49
14443,2014-05-02 19:51:51,240637,206732,1,1,49.99,19.49
14444,2014-05-02 20:33:23,240654,177614,1,1,49.99,19.49
14445,2014-05-02 20:35:34,240657,169878,1,1,49.99,19.49
14446,2014-05-02 21:01:58,240667,206755,1,1,49.99,19.49
14447,2014-05-02 21:19:04,240675,206762,1,1,49.99,19.49
14448,2014-05-02 21:55:49,240686,206772,1,2,95.98,33.98
14449,2014-05-02 23:38:48,240706,184791,1,1,49.99,19.49
14450,2014-05-03 00:08:12,240713,206794,1,1,49.99,19.49
14451,2014-05-03 01:15:50,240727,206808,1,2,79.98,28.98
14452,2014-05-03 05:32:33,240753,206826,1,2,95.98,33.98
14453,2014-05-03 08:07:04,240773,206843,1,1,49.99,19.49
14454,2014-05-03 08:23:09,240779,175676,1,1,49.99,19.49
14455,2014-05-03 10:45:48,240810,206875,1,1,49.99,19.49
14456,2014-05-03 11:10:23,240820,206883,1,1,49.99,19.49
14457,2014-05-03 11:37:48,240831,171945,1,1,49.99,19.49
14458,2014-05-03 11:48:04,240834,206893,1,2,79.98,28.98
14459,2014-05-03 13:38:38,240866,206919,1,1,49.99,19.49
14460,2014-05-03 14:48:44,240879,206930,1,2,95.98,33.98
14461,2014-05-03 15:21:07,240886,206936,1,2,79.98,28.98
14462,2014-05-03 15:36:48,240888,206938,1,1,49.99,19.49
14463,2014-05-03 15:45:02,240892,178250,1,1,49.99,19.49
14464,2014-05-03 18:25:43,240918,206962,1,2,79.98,28.98
14465,2014-05-03 19:45:45,240940,206981,1,2,79.98,28.98
14466,2014-05-03 20:30:36,240948,206988,1,2,95.98,33.98
14467,2014-05-04 00:55:25,240996,207026,3,1,45.99,14.49
14468,2014-05-04 01:57:03,241006,207035,1,1,49.99,19.49
14469,2014-05-04 05:51:01,241036,207061,2,1,59.99,22.49
14470,2014-05-04 10:52:12,241084,207103,3,2,75.98,23.98
14471,2014-05-04 11:31:53,241099,201347,2,1,59.99,22.49
14472,2014-05-04 12:40:58,241115,207131,1,2,79.98,28.98
14473,2014-05-04 12:43:03,241114,207130,1,1,49.99,19.49
14474,2014-05-04 13:52:43,241125,207140,1,2,79.98,28.98
14475,2014-05-04 14:25:00,241134,207147,1,2,109.98,41.98
14476,2014-05-04 15:43:27,241152,207161,3,2,75.98,23.98
14477,2014-05-04 16:04:36,241155,207164,1,2,109.98,41.98
14478,2014-05-04 17:26:03,241175,207180,1,1,49.99,19.49
14479,2014-05-04 18:04:55,241180,207183,1,2,95.98,33.98
14480,2014-05-04 18:32:41,241191,181968,1,2,79.98,28.98
14481,2014-05-04 23:48:18,241298,207281,1,1,49.99,19.49
14482,2014-05-05 00:04:14,241303,190690,1,2,109.98,41.98
14483,2014-05-05 00:27:40,241311,207290,1,2,79.98,28.98
14484,2014-05-05 00:57:50,241317,207295,1,1,49.99,19.49
14485,2014-05-05 01:32:30,241325,207303,1,1,49.99,19.49
14486,2014-05-05 02:03:30,241336,207313,1,2,79.98,28.98
14487,2014-05-05 03:02:25,241348,207325,1,1,49.99,19.49
14488,2014-05-05 03:29:47,241354,189573,1,2,79.98,28.98
14489,2014-05-05 03:48:19,241357,207333,2,1,59.99,22.49
14490,2014-05-05 03:58:00,241359,207335,1,2,79.98,28.98
14491,2014-05-05 04:59:27,241375,207348,1,2,79.98,28.98
14492,2014-05-05 05:06:39,241377,207350,2,1,59.99,22.49
14493,2014-05-05 05:27:15,241382,207355,3,1,45.99,14.49
14494,2014-05-05 05:58:12,241396,207369,3,2,95.98,33.98
14495,2014-05-05 06:24:57,241403,207375,1,2,109.98,41.98
14496,2014-05-05 07:26:58,241414,187240,1,2,95.98,33.98
14497,2014-05-05 07:30:11,241418,207388,3,1,45.99,14.49
14498,2014-05-05 07:51:40,241426,207395,1,1,49.99,19.49
14499,2014-05-05 08:13:36,241429,207398,1,1,49.99,19.49
14500,2014-05-05 08:30:55,241439,207407,1,2,79.98,28.98
14501,2014-05-05 09:46:34,241465,207431,1,1,49.99,19.49
14502,2014-05-05 09:55:55,241468,207434,1,1,49.99,19.49
14503,2014-05-05 10:01:12,241475,207439,1,2,95.98,33.98
14504,2014-05-05 10:18:34,241486,207449,1,2,79.98,28.98
14505,2014-05-05 10:23:25,241495,181245,1,2,95.98,33.98
14506,2014-05-05 10:35:45,241502,207462,2,1,59.99,22.49
14507,2014-05-05 11:11:38,241540,207492,1,1,49.99,19.49
14508,2014-05-05 11:32:43,241548,207499,1,2,79.98,28.98
14509,2014-05-05 11:40:26,241560,207509,1,1,49.99,19.49
14510,2014-05-05 11:54:17,241565,189059,1,1,49.99,19.49
14511,2014-05-05 12:51:23,241617,207556,1,1,49.99,19.49
14512,2014-05-05 12:54:25,241618,207557,2,2,89.98,31.98
14513,2014-05-05 12:55:46,241619,207558,2,1,59.99,22.49
14514,2014-05-05 13:01:34,241630,207565,1,1,49.99,19.49
14515,2014-05-05 13:02:06,241627,207564,1,1,49.99,19.49
14516,2014-05-05 13:04:18,241625,207563,2,2,89.98,31.98
14517,2014-05-05 13:13:32,241634,207568,1,2,79.98,28.98
14518,2014-05-05 13:20:06,241642,207576,2,1,59.99,22.49
14519,2014-05-05 13:33:35,241649,207583,1,2,79.98,28.98
14520,2014-05-05 14:28:49,241704,207633,1,2,79.98,28.98
14521,2014-05-05 14:39:51,241710,207638,1,1,49.99,19.49
14522,2014-05-05 14:52:25,241715,207643,1,1,49.99,19.49
14523,2014-05-05 14:53:18,241721,207649,1,2,79.98,28.98
14524,2014-05-05 15:14:53,241733,207659,1,1,49.99,19.49
14525,2014-05-05 15:29:19,241749,207670,1,1,49.99,19.49
14526,2014-05-05 16:31:28,241802,207718,3,1,45.99,14.49
14527,2014-05-05 16:41:07,241807,192734,3,2,75.98,23.98
14528,2014-05-05 16:42:31,241805,207720,2,1,59.99,22.49
14529,2014-05-05 17:15:33,241828,184872,1,1,49.99,19.49
14530,2014-05-05 17:16:24,241821,207730,1,1,49.99,19.49
14531,2014-05-05 17:35:50,241837,207744,1,2,79.98,28.98
14532,2014-05-05 17:43:18,241841,207747,3,1,45.99,14.49
14533,2014-05-05 17:59:18,241858,207761,1,1,49.99,19.49
14534,2014-05-05 18:26:08,241877,207773,1,2,79.98,28.98
14535,2014-05-05 18:41:19,241882,207777,1,1,49.99,19.49
14536,2014-05-05 18:45:32,241887,186530,1,1,49.99,19.49
14537,2014-05-05 18:52:23,241890,207784,1,1,49.99,19.49
14538,2014-05-05 19:52:08,241935,207824,1,1,49.99,19.49
14539,2014-05-05 20:33:57,241948,207835,3,2,75.98,23.98
14540,2014-05-05 21:04:57,241956,207841,1,1,49.99,19.49
14541,2014-05-05 21:49:54,241969,207853,3,1,45.99,14.49
14542,2014-05-05 22:01:45,241976,207860,1,2,79.98,28.98
14543,2014-05-05 22:34:22,241989,207871,1,1,49.99,19.49
14544,2014-05-05 22:40:09,241993,207875,1,2,79.98,28.98
14545,2014-05-06 00:17:13,242022,207901,1,2,79.98,28.98
14546,2014-05-06 01:10:07,242034,207911,1,2,95.98,33.98
14547,2014-05-06 02:57:18,242047,172266,1,2,95.98,33.98
14548,2014-05-06 03:24:28,242053,207927,3,2,75.98,23.98
14549,2014-05-06 04:13:50,242062,207935,1,1,49.99,19.49
14550,2014-05-06 08:36:24,242117,207977,1,1,49.99,19.49
14551,2014-05-06 08:51:04,242122,189603,1,2,95.98,33.98
14552,2014-05-06 09:10:18,242133,207990,1,1,49.99,19.49
14553,2014-05-06 09:25:44,242143,207999,1,2,79.98,28.98
14554,2014-05-06 09:35:17,242148,208003,1,2,79.98,28.98
14555,2014-05-06 09:38:41,242149,202047,1,1,49.99,19.49
14556,2014-05-06 09:53:06,242160,208012,3,1,45.99,14.49
14557,2014-05-06 11:03:20,242210,208055,1,2,95.98,33.98
14558,2014-05-06 11:06:48,242215,208059,1,1,49.99,19.49
14559,2014-05-06 11:07:33,242217,208061,1,1,49.99,19.49
14560,2014-05-06 11:20:21,242226,208069,1,1,49.99,19.49
14561,2014-05-06 11:47:22,242253,208087,1,1,49.99,19.49
14562,2014-05-06 12:21:42,242275,208105,3,1,45.99,14.49
14563,2014-05-06 12:22:15,242280,208109,1,2,79.98,28.98
14564,2014-05-06 12:23:28,242279,188108,2,1,59.99,22.49
14565,2014-05-06 13:18:03,242326,208146,1,2,79.98,28.98
14566,2014-05-06 13:41:16,242339,208155,1,1,49.99,19.49
14567,2014-05-06 13:47:01,242345,208159,1,2,79.98,28.98
14568,2014-05-06 13:54:39,242343,208158,1,2,79.98,28.98
14569,2014-05-06 14:27:53,242390,172756,2,1,59.99,22.49
14570,2014-05-06 14:59:58,242406,192591,1,1,49.99,19.49
14571,2014-05-06 15:19:04,242423,208227,1,1,49.99,19.49
14572,2014-05-06 15:44:22,242440,195475,1,1,49.99,19.49
14573,2014-05-06 15:50:37,242449,208250,1,1,49.99,19.49
14574,2014-05-06 15:59:48,242447,208249,1,1,49.99,19.49
14575,2014-05-06 16:07:07,242455,208256,1,1,49.99,19.49
14576,2014-05-06 16:16:57,242466,208264,1,2,79.98,28.98
14577,2014-05-06 16:54:22,242495,208290,1,1,49.99,19.49
14578,2014-05-06 16:58:21,242496,208291,3,2,75.98,23.98
14579,2014-05-06 17:16:09,242516,208309,1,1,49.99,19.49
14580,2014-05-06 17:34:08,242528,208320,1,1,49.99,19.49
14581,2014-05-06 17:40:42,242531,195929,1,2,95.98,33.98
14582,2014-05-06 18:51:02,242569,208348,1,2,79.98,28.98
14583,2014-05-06 18:52:51,242568,208347,1,1,49.99,19.49
14584,2014-05-06 19:10:09,242577,208355,3,1,45.99,14.49
14585,2014-05-06 19:46:15,242596,208371,1,2,79.98,28.98
14586,2014-05-06 19:56:51,242599,208373,1,1,49.99,19.49
14587,2014-05-06 21:35:56,242647,208414,1,2,95.98,33.98
14588,2014-05-06 22:25:55,242664,208431,1,1,49.99,19.49
14589,2014-05-06 23:53:07,242694,208455,1,1,49.99,19.49
14590,2014-05-07 00:08:11,242697,160668,1,1,49.99,19.49
14591,2014-05-07 01:46:38,242721,208480,1,1,49.99,19.49
14592,2014-05-07 03:47:42,242750,198996,1,2,95.98,33.98
14593,2014-05-07 03:50:28,242749,208502,2,2,89.98,31.98
14594,2014-05-07 06:07:10,242778,186353,1,1,49.99,19.49
14595,2014-05-07 06:35:15,242785,186576,1,2,79.98,28.98
14596,2014-05-07 07:01:57,242790,208533,1,1,49.99,19.49
14597,2014-05-07 07:07:36,242793,208536,1,1,49.99,19.49
14598,2014-05-07 07:22:49,242799,208542,3,1,45.99,14.49
14599,2014-05-07 07:24:04,242796,208539,2,1,59.99,22.49
14600,2014-05-07 08:04:56,242814,191625,2,1,59.99,22.49
14601,2014-05-07 08:07:07,242811,208553,1,2,95.98,33.98
14602,2014-05-07 08:34:22,242824,208563,1,1,49.99,19.49
14603,2014-05-07 09:53:44,242854,208589,3,2,75.98,23.98
14604,2014-05-07 10:02:13,242863,208597,1,2,109.98,41.98
14605,2014-05-07 10:16:47,242875,208608,1,2,79.98,28.98
14606,2014-05-07 10:27:18,242890,208622,1,1,49.99,19.49
14607,2014-05-07 10:29:27,242892,208624,1,1,49.99,19.49
14608,2014-05-07 10:40:55,242895,208626,1,1,49.99,19.49
14609,2014-05-07 11:08:13,242912,208643,1,1,49.99,19.49
14610,2014-05-07 11:11:52,242921,208650,1,1,49.99,19.49
14611,2014-05-07 12:40:45,242989,208705,3,1,45.99,14.49
14612,2014-05-07 13:10:52,243007,208720,1,1,49.99,19.49
14613,2014-05-07 13:23:29,243015,192968,1,1,49.99,19.49
14614,2014-05-07 13:36:38,243025,208733,1,1,49.99,19.49
14615,2014-05-07 13:38:32,243029,208735,1,1,49.99,19.49
14616,2014-05-07 14:24:38,243059,208757,1,2,109.98,41.98
14617,2014-05-07 14:39:42,243071,208763,1,2,79.98,28.98
14618,2014-05-07 15:24:09,243106,208790,1,1,49.99,19.49
14619,2014-05-07 15:37:34,243117,196851,1,1,49.99,19.49
14620,2014-05-07 15:45:57,243119,208799,1,1,49.99,19.49
14621,2014-05-07 16:04:39,243134,197098,1,2,95.98,33.98
14622,2014-05-07 16:07:40,243146,208820,2,2,89.98,31.98
14623,2014-05-07 16:10:18,243144,208818,1,1,49.99,19.49
14624,2014-05-07 16:44:18,243166,208837,1,1,49.99,19.49
14625,2014-05-07 16:49:28,243174,208845,1,1,49.99,19.49
14626,2014-05-07 17:06:16,243188,192415,1,1,49.99,19.49
14627,2014-05-07 17:16:43,243203,208866,2,1,59.99,22.49
14628,2014-05-07 17:38:42,243209,208870,1,1,49.99,19.49
14629,2014-05-07 17:49:32,243220,208879,2,1,59.99,22.49
14630,2014-05-07 18:24:26,243240,208894,3,1,45.99,14.49
14631,2014-05-07 18:28:42,243245,208897,1,1,49.99,19.49
14632,2014-05-07 18:42:32,243248,208899,1,2,79.98,28.98
14633,2014-05-07 18:51:13,243258,208909,2,1,59.99,22.49
14634,2014-05-07 18:51:24,243255,208906,1,1,49.99,19.49
14635,2014-05-07 21:13:09,243320,208961,3,1,45.99,14.49
14636,2014-05-07 21:28:36,243330,208969,1,2,95.98,33.98
14637,2014-05-07 23:03:18,243375,209008,1,1,49.99,19.49
14638,2014-05-07 23:46:54,243392,209024,1,1,49.99,19.49
14639,2014-05-08 00:52:12,243413,209043,1,2,95.98,33.98
14640,2014-05-08 01:23:13,243421,188513,1,2,79.98,28.98
14641,2014-05-08 01:53:16,243427,209053,3,2,75.98,23.98
14642,2014-05-08 03:06:37,243437,209063,3,1,45.99,14.49
14643,2014-05-08 06:33:45,243488,209106,1,2,79.98,28.98
14644,2014-05-08 06:34:32,243487,209105,1,1,49.99,19.49
14645,2014-05-08 06:50:56,243497,209113,1,2,95.98,33.98
14646,2014-05-08 08:37:39,243534,209143,1,2,95.98,33.98
14647,2014-05-08 09:04:45,243542,209151,2,1,59.99,22.49
14648,2014-05-08 10:00:40,243586,209182,1,2,95.98,33.98
14649,2014-05-08 10:03:21,243577,209174,1,1,49.99,19.49
14650,2014-05-08 10:21:30,243599,206952,1,1,49.99,19.49
14651,2014-05-08 10:50:08,243621,209209,1,1,49.99,19.49
14652,2014-05-08 11:13:15,243632,179754,1,2,79.98,28.98
14653,2014-05-08 11:23:16,243636,180483,1,2,95.98,33.98
14654,2014-05-08 11:46:51,243652,209233,2,1,59.99,22.49
14655,2014-05-08 12:22:53,243678,209254,1,1,49.99,19.49
14656,2014-05-08 12:50:16,243701,209276,1,2,79.98,28.98
14657,2014-05-08 12:59:05,243709,209283,1,1,49.99,19.49
14658,2014-05-08 13:22:51,243732,209300,1,1,49.99,19.49
14659,2014-05-08 13:25:47,243733,209301,1,1,49.99,19.49
14660,2014-05-08 13:51:02,243756,183260,1,2,95.98,33.98
14661,2014-05-08 14:19:47,243771,209329,1,2,79.98,28.98
14662,2014-05-08 14:21:14,243774,209332,1,2,79.98,28.98
14663,2014-05-08 15:05:16,243815,209365,1,1,49.99,19.49
14664,2014-05-08 15:05:47,243819,198685,1,1,49.99,19.49
14665,2014-05-08 15:11:01,243821,209370,2,1,59.99,22.49
14666,2014-05-08 15:13:07,243822,197311,1,2,79.98,28.98
14667,2014-05-08 15:29:56,243835,209380,1,1,49.99,19.49
14668,2014-05-08 16:25:08,243879,209418,1,2,79.98,28.98
14669,2014-05-08 16:30:30,243883,209422,1,2,95.98,33.98
14670,2014-05-08 17:04:29,243913,209448,1,1,49.99,19.49
14671,2014-05-08 17:37:02,243941,209474,2,2,89.98,31.98
14672,2014-05-08 17:37:55,243935,209469,2,1,59.99,22.49
14673,2014-05-08 17:45:36,243937,209470,1,2,79.98,28.98
14674,2014-05-08 17:51:17,243950,209481,1,2,79.98,28.98
14675,2014-05-08 18:30:30,243974,209501,1,1,49.99,19.49
14676,2014-05-08 18:49:55,243992,209516,1,1,49.99,19.49
14677,2014-05-08 19:46:53,244023,209541,1,1,49.99,19.49
14678,2014-05-08 20:08:54,244033,209551,1,2,79.98,28.98
14679,2014-05-08 20:26:14,244043,209557,1,1,49.99,19.49
14680,2014-05-08 20:42:13,244051,209563,1,2,79.98,28.98
14681,2014-05-08 21:19:44,244066,209577,2,2,89.98,31.98
14682,2014-05-08 21:44:39,244072,209582,1,1,49.99,19.49
14683,2014-05-08 21:51:04,244076,209586,1,2,95.98,33.98
14684,2014-05-08 22:00:04,244080,209590,1,1,49.99,19.49
14685,2014-05-08 22:00:17,244079,209589,1,2,95.98,33.98
14686,2014-05-08 23:21:38,244111,209615,1,2,79.98,28.98
14687,2014-05-08 23:41:39,244120,209622,1,2,79.98,28.98
14688,2014-05-09 00:51:24,244140,188272,1,2,79.98,28.98
14689,2014-05-09 01:21:18,244152,209642,1,1,49.99,19.49
14690,2014-05-09 02:18:05,244163,209651,2,1,59.99,22.49
14691,2014-05-09 03:31:52,244174,197446,3,1,45.99,14.49
14692,2014-05-09 03:54:52,244177,209662,1,1,49.99,19.49
14693,2014-05-09 04:49:53,244186,172499,1,1,49.99,19.49
14694,2014-05-09 05:25:14,244196,209678,1,1,49.99,19.49
14695,2014-05-09 08:27:46,244245,209722,1,1,49.99,19.49
14696,2014-05-09 09:31:08,244271,209744,1,1,49.99,19.49
14697,2014-05-09 09:39:58,244281,209753,3,1,45.99,14.49
14698,2014-05-09 09:52:10,244285,165052,1,1,49.99,19.49
14699,2014-05-09 10:00:19,244297,209765,3,1,45.99,14.49
14700,2014-05-09 10:16:35,244307,209770,1,2,79.98,28.98
14701,2014-05-09 10:44:14,244319,209778,1,2,95.98,33.98
14702,2014-05-09 11:24:11,244353,209803,1,1,49.99,19.49
14703,2014-05-09 11:46:05,244373,209819,1,1,49.99,19.49
14704,2014-05-09 12:17:49,244400,209840,1,2,109.98,41.98
14705,2014-05-09 13:47:00,244470,209889,1,1,49.99,19.49
14706,2014-05-09 13:57:01,244477,209895,1,2,109.98,41.98
14707,2014-05-09 14:06:15,244482,209899,1,1,49.99,19.49
14708,2014-05-09 14:35:22,244495,209910,3,1,45.99,14.49
14709,2014-05-09 14:45:35,244504,209917,1,1,49.99,19.49
14710,2014-05-09 15:06:29,244520,209932,1,1,49.99,19.49
14711,2014-05-09 15:07:02,244519,209931,2,1,59.99,22.49
14712,2014-05-09 15:10:25,244523,209935,3,1,45.99,14.49
14713,2014-05-09 15:19:36,244539,209946,1,1,49.99,19.49
14714,2014-05-09 15:36:20,244547,209952,3,1,45.99,14.49
14715,2014-05-09 15:40:16,244558,209962,1,1,49.99,19.49
14716,2014-05-09 15:43:20,244552,181718,1,2,95.98,33.98
14717,2014-05-09 15:43:51,244555,209959,1,2,109.98,41.98
14718,2014-05-09 15:52:55,244565,209969,1,1,49.99,19.49
14719,2014-05-09 16:00:41,244574,209976,2,1,59.99,22.49
14720,2014-05-09 16:30:00,244594,209993,1,1,49.99,19.49
14721,2014-05-09 16:31:13,244593,209992,1,2,95.98,33.98
14722,2014-05-09 16:51:23,244618,210015,2,2,89.98,31.98
14723,2014-05-09 17:06:11,244627,210021,1,1,49.99,19.49
14724,2014-05-09 17:37:28,244650,210040,1,1,49.99,19.49
14725,2014-05-09 18:05:17,244669,204494,2,1,59.99,22.49
14726,2014-05-09 18:48:32,244685,210066,1,1,49.99,19.49
14727,2014-05-09 18:57:34,244690,199360,1,2,109.98,41.98
14728,2014-05-09 19:03:19,244699,210075,1,2,79.98,28.98
14729,2014-05-09 19:09:28,244698,210074,3,1,45.99,14.49
14730,2014-05-09 19:18:10,244707,210081,1,2,79.98,28.98
14731,2014-05-09 19:38:19,244713,210086,2,1,59.99,22.49
14732,2014-05-09 20:29:04,244723,210095,1,2,95.98,33.98
14733,2014-05-09 20:44:48,244730,210101,3,2,75.98,23.98
14734,2014-05-09 21:02:55,244738,210109,1,1,49.99,19.49
14735,2014-05-09 21:21:06,244739,197215,1,2,109.98,41.98
14736,2014-05-09 21:55:04,244748,210117,1,2,109.98,41.98
14737,2014-05-09 22:19:33,244755,210123,3,1,45.99,14.49
14738,2014-05-10 00:50:20,244793,210153,1,1,49.99,19.49
14739,2014-05-10 00:51:40,244796,210156,1,2,79.98,28.98
14740,2014-05-10 01:11:02,244799,210159,1,1,49.99,19.49
14741,2014-05-10 01:20:17,244800,210160,2,1,59.99,22.49
14742,2014-05-10 01:48:39,244805,210165,1,1,49.99,19.49
14743,2014-05-10 03:26:22,244827,210183,1,2,79.98,28.98
14744,2014-05-10 03:45:55,244835,182941,2,2,89.98,31.98
14745,2014-05-10 05:24:58,244846,210198,3,1,45.99,14.49
14746,2014-05-10 06:02:26,244855,210206,1,2,79.98,28.98
14747,2014-05-10 06:40:04,244863,210210,2,1,59.99,22.49
14748,2014-05-10 07:43:59,244874,210219,3,1,45.99,14.49
14749,2014-05-10 07:55:27,244875,210220,1,1,49.99,19.49
14750,2014-05-10 08:02:40,244879,201487,1,2,79.98,28.98
14751,2014-05-10 09:34:14,244906,210247,1,1,49.99,19.49
14752,2014-05-10 09:57:18,244913,210253,2,1,59.99,22.49
14753,2014-05-10 11:15:32,244937,210273,2,2,89.98,31.98
14754,2014-05-10 11:17:05,244939,210275,1,1,49.99,19.49
14755,2014-05-10 12:44:29,244971,210303,1,1,49.99,19.49
14756,2014-05-10 14:52:48,245007,210333,1,2,95.98,33.98
14757,2014-05-10 15:39:10,245025,210348,1,1,49.99,19.49
14758,2014-05-10 16:33:29,245042,210363,1,1,49.99,19.49
14759,2014-05-10 17:22:33,245048,210367,1,2,109.98,41.98
14760,2014-05-10 18:10:07,245061,210377,1,1,49.99,19.49
14761,2014-05-10 18:27:28,245064,210379,2,1,59.99,22.49
14762,2014-05-10 19:22:39,245075,210387,1,2,79.98,28.98
14763,2014-05-10 19:34:03,245078,210390,1,1,49.99,19.49
14764,2014-05-10 21:29:44,245113,210418,2,1,59.99,22.49
14765,2014-05-10 21:38:02,245116,210421,1,2,79.98,28.98
14766,2014-05-10 21:49:10,245120,185445,3,1,45.99,14.49
14767,2014-05-11 00:41:53,245151,210449,1,1,49.99,19.49
14768,2014-05-11 01:35:21,245164,210460,1,2,79.98,28.98
14769,2014-05-11 04:27:05,245181,190827,3,2,75.98,23.98
14770,2014-05-11 04:59:48,245185,210475,1,1,49.99,19.49
14771,2014-05-11 06:50:50,245199,210487,1,2,95.98,33.98
14772,2014-05-11 09:59:03,245240,210522,1,2,79.98,28.98
14773,2014-05-11 10:01:05,245238,210520,1,2,79.98,28.98
14774,2014-05-11 10:44:08,245252,210532,2,1,59.99,22.49
14775,2014-05-11 11:07:55,245261,210539,3,2,75.98,23.98
14776,2014-05-11 11:25:20,245267,210544,1,2,79.98,28.98
14777,2014-05-11 13:26:58,245298,188468,1,1,49.99,19.49
14778,2014-05-11 13:42:20,245302,210572,1,1,49.99,19.49
14779,2014-05-11 14:29:10,245316,210583,2,2,89.98,31.98
14780,2014-05-11 14:57:20,245319,210586,1,1,49.99,19.49
14781,2014-05-11 15:10:07,245324,210590,1,1,49.99,19.49
14782,2014-05-11 16:50:21,245349,210612,1,2,95.98,33.98
14783,2014-05-11 16:53:32,245348,210611,1,1,49.99,19.49
14784,2014-05-11 17:15:26,245354,210616,1,2,95.98,33.98
14785,2014-05-11 17:29:44,245357,196732,1,1,49.99,19.49
14786,2014-05-11 18:03:24,245366,206178,1,1,49.99,19.49
14787,2014-05-11 18:28:11,245374,210632,1,1,49.99,19.49
14788,2014-05-11 18:59:38,245385,210643,2,2,89.98,31.98
14789,2014-05-11 19:26:49,245397,210653,1,1,49.99,19.49
14790,2014-05-11 20:25:49,245416,210671,1,1,49.99,19.49
14791,2014-05-11 21:19:20,245432,210682,3,1,45.99,14.49
14792,2014-05-11 21:59:47,245447,210695,1,1,49.99,19.49
14793,2014-05-11 22:30:16,245466,210711,1,2,79.98,28.98
14794,2014-05-11 22:41:40,245471,210715,1,1,49.99,19.49
14795,2014-05-12 02:02:51,245521,210756,3,1,45.99,14.49
14796,2014-05-12 02:10:29,245523,180421,1,2,79.98,28.98
14797,2014-05-12 02:49:13,245532,210761,1,1,49.99,19.49
14798,2014-05-12 03:32:58,245540,210769,3,2,75.98,23.98
14799,2014-05-12 04:26:46,245552,210778,1,1,49.99,19.49
14800,2014-05-12 05:14:11,245560,210784,2,1,59.99,22.49
14801,2014-05-12 05:35:51,245566,210789,1,2,79.98,28.98
14802,2014-05-12 09:29:12,245635,210846,1,2,79.98,28.98
14803,2014-05-12 09:40:28,245644,210855,1,1,49.99,19.49
14804,2014-05-12 10:40:35,245682,210885,1,2,79.98,28.98
14805,2014-05-12 10:52:15,245689,172756,1,1,49.99,19.49
14806,2014-05-12 11:04:35,245700,210898,2,2,89.98,31.98
14807,2014-05-12 11:51:57,245734,210927,1,1,49.99,19.49
14808,2014-05-12 11:58:46,245738,210930,3,1,45.99,14.49
14809,2014-05-12 12:02:22,245741,210933,1,1,49.99,19.49
14810,2014-05-12 12:03:43,245743,210935,2,1,59.99,22.49
14811,2014-05-12 12:08:18,245747,210937,1,1,49.99,19.49
14812,2014-05-12 12:41:27,245769,196976,1,1,49.99,19.49
14813,2014-05-12 12:58:55,245789,210969,1,2,79.98,28.98
14814,2014-05-12 13:05:30,245786,210966,1,1,49.99,19.49
14815,2014-05-12 13:41:00,245809,210986,3,1,45.99,14.49
14816,2014-05-12 13:47:28,245812,186909,1,2,79.98,28.98
14817,2014-05-12 13:54:33,245825,176563,1,1,49.99,19.49
14818,2014-05-12 13:59:23,245824,210998,3,2,75.98,23.98
14819,2014-05-12 14:02:22,245828,180380,1,2,79.98,28.98
14820,2014-05-12 14:17:53,245837,211008,1,2,95.98,33.98
14821,2014-05-12 14:26:23,245839,162756,1,2,79.98,28.98
14822,2014-05-12 14:32:19,245852,211018,1,1,49.99,19.49
14823,2014-05-12 14:49:02,245860,211026,2,1,59.99,22.49
14824,2014-05-12 15:06:13,245869,192962,3,1,45.99,14.49
14825,2014-05-12 15:10:05,245873,211038,1,1,49.99,19.49
14826,2014-05-12 15:55:45,245899,211063,2,1,59.99,22.49
14827,2014-05-12 16:39:07,245928,211088,1,1,49.99,19.49
14828,2014-05-12 17:26:42,245964,211117,1,2,95.98,33.98
14829,2014-05-12 18:07:14,245994,211141,1,1,49.99,19.49
14830,2014-05-12 18:24:14,246000,177279,1,2,95.98,33.98
14831,2014-05-12 18:25:42,246005,211150,1,1,49.99,19.49
14832,2014-05-12 19:13:11,246026,211166,3,1,45.99,14.49
14833,2014-05-12 19:46:16,246044,211182,2,1,59.99,22.49
14834,2014-05-12 20:04:10,246054,211191,3,1,45.99,14.49
14835,2014-05-12 20:07:57,246057,211193,1,2,79.98,28.98
14836,2014-05-12 22:11:26,246099,204926,1,1,49.99,19.49
14837,2014-05-12 22:15:50,246100,211228,1,1,49.99,19.49
14838,2014-05-13 00:15:39,246129,201349,1,2,95.98,33.98
14839,2014-05-13 01:22:05,246146,211263,1,2,79.98,28.98
14840,2014-05-13 01:47:50,246151,211267,1,1,49.99,19.49
14841,2014-05-13 01:59:33,246154,211270,1,1,49.99,19.49
14842,2014-05-13 02:33:21,246165,211279,1,1,49.99,19.49
14843,2014-05-13 03:19:53,246172,195999,1,1,49.99,19.49
14844,2014-05-13 05:02:08,246187,211297,1,1,49.99,19.49
14845,2014-05-13 05:51:40,246194,211304,1,2,79.98,28.98
14846,2014-05-13 06:26:10,246202,211312,1,2,95.98,33.98
14847,2014-05-13 06:41:29,246207,211315,1,1,49.99,19.49
14848,2014-05-13 08:49:17,246241,211344,2,1,59.99,22.49
14849,2014-05-13 08:59:23,246246,183840,1,1,49.99,19.49
14850,2014-05-13 09:01:56,246254,211354,1,2,79.98,28.98
14851,2014-05-13 09:17:07,246264,211364,1,1,49.99,19.49
14852,2014-05-13 09:21:51,246267,201591,1,1,49.99,19.49
14853,2014-05-13 09:28:12,246265,172266,1,2,95.98,33.98
14854,2014-05-13 09:34:37,246280,195432,2,1,59.99,22.49
14855,2014-05-13 10:02:10,246292,172609,3,1,45.99,14.49
14856,2014-05-13 10:15:39,246304,209038,1,2,109.98,41.98
14857,2014-05-13 10:34:38,246305,211395,2,2,89.98,31.98
14858,2014-05-13 11:36:16,246342,211426,1,2,79.98,28.98
14859,2014-05-13 11:57:16,246371,211450,1,2,95.98,33.98
14860,2014-05-13 12:23:46,246396,203694,1,1,49.99,19.49
14861,2014-05-13 12:32:38,246402,211474,1,1,49.99,19.49
14862,2014-05-13 12:50:05,246411,211482,1,2,95.98,33.98
14863,2014-05-13 13:22:25,246442,211511,1,1,49.99,19.49
14864,2014-05-13 13:46:00,246460,211523,1,1,49.99,19.49
14865,2014-05-13 14:15:16,246480,211537,3,2,75.98,23.98
14866,2014-05-13 14:16:52,246493,211548,1,2,79.98,28.98
14867,2014-05-13 14:26:42,246499,211552,1,1,49.99,19.49
14868,2014-05-13 14:38:00,246507,197924,1,2,79.98,28.98
14869,2014-05-13 14:57:50,246520,211569,1,2,109.98,41.98
14870,2014-05-13 15:02:17,246519,211568,1,1,49.99,19.49
14871,2014-05-13 15:18:10,246536,211580,1,2,79.98,28.98
14872,2014-05-13 15:23:45,246541,211583,1,1,49.99,19.49
14873,2014-05-13 15:37:40,246546,211588,2,1,59.99,22.49
14874,2014-05-13 15:42:31,246552,193404,2,2,105.98,36.98
14875,2014-05-13 15:58:15,246567,211604,3,1,45.99,14.49
14876,2014-05-13 16:34:35,246588,211620,2,1,59.99,22.49
14877,2014-05-13 16:59:22,246620,211646,2,1,59.99,22.49
14878,2014-05-13 16:59:26,246625,211650,1,1,49.99,19.49
14879,2014-05-13 17:04:53,246635,211655,1,2,95.98,33.98
14880,2014-05-13 17:05:09,246624,211649,1,1,49.99,19.49
14881,2014-05-13 17:20:05,246642,211661,2,1,59.99,22.49
14882,2014-05-13 17:21:43,246646,211665,1,1,49.99,19.49
14883,2014-05-13 17:48:36,246661,211678,1,2,79.98,28.98
14884,2014-05-13 17:49:31,246665,211682,1,1,49.99,19.49
14885,2014-05-13 17:51:15,246668,189785,1,2,79.98,28.98
14886,2014-05-13 17:52:16,246663,211680,3,1,45.99,14.49
14887,2014-05-13 18:11:59,246677,211690,1,2,79.98,28.98
14888,2014-05-13 18:21:34,246682,211695,2,2,89.98,31.98
14889,2014-05-13 18:42:54,246695,211705,1,1,49.99,19.49
14890,2014-05-13 19:01:20,246704,196729,1,1,49.99,19.49
14891,2014-05-13 20:08:24,246736,211742,2,2,89.98,31.98
14892,2014-05-13 20:59:04,246758,184793,3,2,75.98,23.98
14893,2014-05-13 21:31:00,246773,211769,3,2,75.98,23.98
14894,2014-05-13 22:44:33,246805,211795,1,2,79.98,28.98
14895,2014-05-13 23:19:55,246821,211808,1,1,49.99,19.49
14896,2014-05-13 23:47:19,246829,211815,1,1,49.99,19.49
14897,2014-05-14 00:40:39,246850,184784,2,2,89.98,31.98
14898,2014-05-14 01:18:19,246861,192234,1,1,49.99,19.49
14899,2014-05-14 01:22:49,246863,211844,1,1,49.99,19.49
14900,2014-05-14 03:12:01,246890,211865,1,1,49.99,19.49
14901,2014-05-14 03:29:16,246893,211868,1,1,49.99,19.49
14902,2014-05-14 03:31:32,246894,183390,1,1,49.99,19.49
14903,2014-05-14 04:37:18,246909,211878,1,2,79.98,28.98
14904,2014-05-14 04:50:31,246913,211882,2,1,59.99,22.49
14905,2014-05-14 06:33:06,246935,211899,1,1,49.99,19.49
14906,2014-05-14 06:44:12,246941,211905,1,2,79.98,28.98
14907,2014-05-14 07:12:39,246952,211915,1,1,49.99,19.49
14908,2014-05-14 07:37:09,246958,211920,1,1,49.99,19.49
14909,2014-05-14 08:10:14,246969,211931,1,2,95.98,33.98
14910,2014-05-14 08:21:29,246977,211938,3,2,75.98,23.98
14911,2014-05-14 08:28:59,246975,211936,2,1,59.99,22.49
14912,2014-05-14 08:55:19,246995,211952,1,1,49.99,19.49
14913,2014-05-14 09:50:43,247039,211990,1,2,79.98,28.98
14914,2014-05-14 10:10:29,247056,212004,1,1,49.99,19.49
14915,2014-05-14 10:11:14,247053,212002,1,2,79.98,28.98
14916,2014-05-14 10:41:25,247075,212019,1,1,49.99,19.49
14917,2014-05-14 10:57:12,247084,212027,1,2,79.98,28.98
14918,2014-05-14 11:42:43,247117,212050,2,1,59.99,22.49
14919,2014-05-14 11:54:39,247122,183912,2,1,59.99,22.49
14920,2014-05-14 12:17:31,247138,212068,1,1,49.99,19.49
14921,2014-05-14 13:07:41,247186,212108,1,1,49.99,19.49
14922,2014-05-14 13:14:12,247195,212117,1,1,49.99,19.49
14923,2014-05-14 13:18:48,247198,212120,3,2,105.98,36.98
14924,2014-05-14 13:30:07,247209,212128,1,2,95.98,33.98
14925,2014-05-14 13:31:03,247208,212127,2,1,59.99,22.49
14926,2014-05-14 13:34:42,247211,212129,2,1,59.99,22.49
14927,2014-05-14 13:43:30,247229,212142,1,2,95.98,33.98
14928,2014-05-14 13:54:00,247238,212150,1,1,49.99,19.49
14929,2014-05-14 14:25:25,247262,212169,2,1,59.99,22.49
14930,2014-05-14 14:30:14,247275,212181,3,2,95.98,33.98
14931,2014-05-14 14:41:01,247290,212192,1,1,49.99,19.49
14932,2014-05-14 15:03:29,247306,212206,1,1,49.99,19.49
14933,2014-05-14 15:14:34,247313,212213,1,2,79.98,28.98
14934,2014-05-14 15:23:50,247318,212218,1,1,49.99,19.49
14935,2014-05-14 15:30:53,247330,209121,2,1,59.99,22.49
14936,2014-05-14 15:49:15,247343,212237,1,1,49.99,19.49
14937,2014-05-14 16:18:27,247367,212256,1,1,49.99,19.49
14938,2014-05-14 16:54:12,247404,212285,1,1,49.99,19.49
14939,2014-05-14 17:19:38,247431,212307,1,1,49.99,19.49
14940,2014-05-14 17:22:18,247430,212306,1,1,49.99,19.49
14941,2014-05-14 17:31:08,247439,212313,1,2,79.98,28.98
14942,2014-05-14 17:35:13,247440,212314,1,1,49.99,19.49
14943,2014-05-14 17:55:45,247455,189493,1,2,95.98,33.98
14944,2014-05-14 18:26:16,247471,212340,1,1,49.99,19.49
14945,2014-05-14 19:45:09,247517,212378,1,1,49.99,19.49
14946,2014-05-14 20:06:32,247533,209046,1,2,109.98,41.98
14947,2014-05-14 20:23:02,247536,212392,1,1,49.99,19.49
14948,2014-05-14 20:40:22,247542,179484,1,2,95.98,33.98
14949,2014-05-14 21:10:38,247553,212408,3,1,45.99,14.49
14950,2014-05-14 21:11:21,247548,212403,2,1,59.99,22.49
14951,2014-05-14 21:17:28,247557,212412,2,1,59.99,22.49
14952,2014-05-14 22:00:57,247584,212438,1,1,49.99,19.49
14953,2014-05-14 22:02:07,247582,212436,1,1,49.99,19.49
14954,2014-05-14 22:03:21,247583,212437,1,2,79.98,28.98
14955,2014-05-14 22:14:38,247593,212444,3,2,75.98,23.98
14956,2014-05-14 22:59:17,247609,202227,1,1,49.99,19.49
14957,2014-05-14 23:22:49,247618,212465,1,2,95.98,33.98
14958,2014-05-14 23:30:22,247621,183267,3,1,45.99,14.49
14959,2014-05-14 23:33:40,247623,209537,2,2,89.98,31.98
14960,2014-05-14 23:42:39,247624,187490,1,1,49.99,19.49
14961,2014-05-15 00:35:12,247634,212477,1,1,49.99,19.49
14962,2014-05-15 01:08:19,247646,176544,1,2,79.98,28.98
14963,2014-05-15 02:12:11,247654,194463,1,1,49.99,19.49
14964,2014-05-15 02:35:49,247658,212497,2,1,59.99,22.49
14965,2014-05-15 03:54:39,247668,212506,2,1,59.99,22.49
14966,2014-05-15 04:41:00,247678,188467,1,2,79.98,28.98
14967,2014-05-15 05:17:05,247687,212521,1,2,109.98,41.98
14968,2014-05-15 06:34:03,247700,190168,2,1,59.99,22.49
14969,2014-05-15 06:35:08,247699,212532,1,1,49.99,19.49
14970,2014-05-15 08:53:55,247742,212566,3,1,45.99,14.49
14971,2014-05-15 09:20:46,247756,212576,3,2,95.98,33.98
14972,2014-05-15 09:30:00,247761,212580,1,2,79.98,28.98
14973,2014-05-15 09:49:23,247773,212592,1,1,49.99,19.49
14974,2014-05-15 09:58:11,247781,206160,1,2,109.98,41.98
14975,2014-05-15 10:34:56,247808,212623,1,1,49.99,19.49
14976,2014-05-15 10:59:10,247835,201099,1,1,49.99,19.49
14977,2014-05-15 11:06:57,247843,212652,1,1,49.99,19.49
14978,2014-05-15 11:17:41,247849,212657,1,1,49.99,19.49
14979,2014-05-15 11:31:04,247862,212668,1,1,49.99,19.49
14980,2014-05-15 11:34:35,247870,212673,1,1,49.99,19.49
14981,2014-05-15 11:57:49,247883,212685,2,1,59.99,22.49
14982,2014-05-15 12:15:41,247906,212704,1,1,49.99,19.49
14983,2014-05-15 12:28:18,247910,212707,1,1,49.99,19.49
14984,2014-05-15 12:37:29,247916,212713,1,1,49.99,19.49
14985,2014-05-15 12:50:30,247926,212721,3,1,45.99,14.49
14986,2014-05-15 13:02:41,247936,212729,2,1,59.99,22.49
14987,2014-05-15 13:10:34,247950,212739,1,1,49.99,19.49
14988,2014-05-15 13:13:30,247952,212741,1,2,79.98,28.98
14989,2014-05-15 13:29:27,247965,212754,1,2,79.98,28.98
14990,2014-05-15 13:31:43,247979,212766,1,2,79.98,28.98
14991,2014-05-15 13:41:13,247982,212769,1,1,49.99,19.49
14992,2014-05-15 13:55:15,247988,212773,3,2,105.98,36.98
14993,2014-05-15 14:36:16,248025,212802,1,2,95.98,33.98
14994,2014-05-15 14:40:28,248033,212807,1,2,109.98,41.98
14995,2014-05-15 14:54:14,248043,189581,1,1,49.99,19.49
14996,2014-05-15 15:05:48,248051,187240,3,1,45.99,14.49
14997,2014-05-15 15:20:34,248066,196641,1,2,79.98,28.98
14998,2014-05-15 15:36:07,248079,212843,1,1,49.99,19.49
14999,2014-05-15 15:44:04,248080,212844,2,1,59.99,22.49
15000,2014-05-15 16:01:19,248096,212859,1,1,49.99,19.49
15001,2014-05-15 16:02:24,248097,212860,1,1,49.99,19.49
15002,2014-05-15 16:30:02,248124,212885,1,1,49.99,19.49
15003,2014-05-15 16:39:45,248136,212895,3,2,75.98,23.98
15004,2014-05-15 17:21:30,248171,198633,1,1,49.99,19.49
15005,2014-05-15 17:45:33,248196,212945,2,1,59.99,22.49
15006,2014-05-15 17:51:19,248195,212944,1,2,79.98,28.98
15007,2014-05-15 17:54:14,248199,212947,1,1,49.99,19.49
15008,2014-05-15 17:59:58,248201,212949,1,1,49.99,19.49
15009,2014-05-15 18:01:05,248200,212948,1,1,49.99,19.49
15010,2014-05-15 18:10:59,248212,212958,1,1,49.99,19.49
15011,2014-05-15 18:34:26,248228,212973,2,1,59.99,22.49
15012,2014-05-15 18:42:20,248233,198002,1,1,49.99,19.49
15013,2014-05-15 18:46:21,248236,212978,1,2,95.98,33.98
15014,2014-05-15 20:09:51,248273,197952,1,1,49.99,19.49
15015,2014-05-15 20:10:04,248271,213007,1,2,95.98,33.98
15016,2014-05-15 20:11:19,248277,213010,1,2,79.98,28.98
15017,2014-05-15 20:26:38,248280,192639,1,2,95.98,33.98
15018,2014-05-15 20:49:39,248289,213017,1,1,49.99,19.49
15019,2014-05-15 20:54:16,248290,213018,1,1,49.99,19.49
15020,2014-05-15 21:15:27,248303,213030,1,1,49.99,19.49
15021,2014-05-15 21:25:28,248311,213038,1,2,95.98,33.98
15022,2014-05-15 22:15:20,248333,213058,1,1,49.99,19.49
15023,2014-05-15 22:15:41,248331,213057,1,1,49.99,19.49
15024,2014-05-15 22:52:49,248347,191230,3,1,45.99,14.49
15025,2014-05-15 23:21:42,248357,213079,3,1,45.99,14.49
15026,2014-05-16 00:46:15,248389,204687,1,1,49.99,19.49
15027,2014-05-16 02:29:40,248414,213125,2,1,59.99,22.49
15028,2014-05-16 02:42:37,248418,190470,1,1,49.99,19.49
15029,2014-05-16 03:50:31,248428,213137,1,1,49.99,19.49
15030,2014-05-16 04:22:14,248432,213139,1,1,49.99,19.49
15031,2014-05-16 05:02:42,248437,213144,1,1,49.99,19.49
15032,2014-05-16 06:49:25,248458,192364,3,1,45.99,14.49
15033,2014-05-16 08:00:56,248474,213174,3,1,45.99,14.49
15034,2014-05-16 08:17:27,248491,213190,3,1,45.99,14.49
15035,2014-05-16 08:45:24,248504,213200,1,2,79.98,28.98
15036,2014-05-16 09:27:07,248528,213221,2,1,59.99,22.49
15037,2014-05-16 09:55:42,248558,213250,1,2,79.98,28.98
15038,2014-05-16 10:07:10,248569,213259,1,1,49.99,19.49
15039,2014-05-16 10:07:23,248571,213261,1,1,49.99,19.49
15040,2014-05-16 11:00:00,248607,202866,1,2,109.98,41.98
15041,2014-05-16 11:14:57,248615,213299,3,1,45.99,14.49
15042,2014-05-16 11:32:38,248636,213317,3,2,75.98,23.98
15043,2014-05-16 11:47:22,248654,213333,1,1,49.99,19.49
15044,2014-05-16 11:54:29,248658,213337,1,1,49.99,19.49
15045,2014-05-16 12:12:54,248677,213353,1,2,95.98,33.98
15046,2014-05-16 12:26:35,248690,213362,1,1,49.99,19.49
15047,2014-05-16 12:28:55,248693,203172,1,2,95.98,33.98
15048,2014-05-16 13:02:39,248712,213378,1,1,49.99,19.49
15049,2014-05-16 13:22:11,248732,213394,1,2,79.98,28.98
15050,2014-05-16 13:30:20,248737,213399,1,2,95.98,33.98
15051,2014-05-16 13:53:12,248753,213414,3,2,75.98,23.98
15052,2014-05-16 13:54:16,248746,213408,1,1,49.99,19.49
15053,2014-05-16 14:23:15,248773,213431,2,1,59.99,22.49
15054,2014-05-16 15:18:54,248825,213473,1,2,79.98,28.98
15055,2014-05-16 15:20:19,248827,213475,1,1,49.99,19.49
15056,2014-05-16 15:47:26,248846,213490,1,2,79.98,28.98
15057,2014-05-16 15:57:19,248850,192317,3,1,45.99,14.49
15058,2014-05-16 16:22:42,248870,205415,1,1,49.99,19.49
15059,2014-05-16 16:44:45,248889,213522,1,1,49.99,19.49
15060,2014-05-16 16:46:03,248893,213526,1,1,49.99,19.49
15061,2014-05-16 17:05:02,248910,213541,3,1,45.99,14.49
15062,2014-05-16 17:52:28,248937,213565,2,2,105.98,36.98
15063,2014-05-16 18:05:35,248943,213570,3,1,45.99,14.49
15064,2014-05-16 18:47:33,248957,213583,1,1,49.99,19.49
15065,2014-05-16 19:23:14,248981,213604,1,2,79.98,28.98
15066,2014-05-16 19:36:53,248984,213606,1,2,95.98,33.98
15067,2014-05-16 19:43:09,248989,207528,3,1,45.99,14.49
15068,2014-05-16 19:44:35,248988,213609,1,2,79.98,28.98
15069,2014-05-16 20:02:19,248997,180582,3,2,75.98,23.98
15070,2014-05-16 20:33:23,249008,213623,1,1,49.99,19.49
15071,2014-05-16 20:55:48,249018,213631,1,2,95.98,33.98
15072,2014-05-16 23:09:15,249049,213660,1,1,49.99,19.49
15073,2014-05-16 23:16:15,249048,213659,1,1,49.99,19.49
15074,2014-05-17 05:44:24,249106,213707,1,2,95.98,33.98
15075,2014-05-17 08:02:34,249124,207956,1,2,109.98,41.98
15076,2014-05-17 08:32:41,249132,213730,2,1,59.99,22.49
15077,2014-05-17 08:41:57,249133,207672,1,1,49.99,19.49
15078,2014-05-17 09:47:15,249146,213743,1,2,95.98,33.98
15079,2014-05-17 09:52:50,249152,213746,1,1,49.99,19.49
15080,2014-05-17 09:58:13,249151,213745,1,1,49.99,19.49
15081,2014-05-17 10:12:17,249157,213751,3,1,45.99,14.49
15082,2014-05-17 11:05:37,249172,213763,1,2,79.98,28.98
15083,2014-05-17 11:05:48,249175,213766,1,1,49.99,19.49
15084,2014-05-17 11:12:03,249177,184565,1,2,79.98,28.98
15085,2014-05-17 11:15:58,249176,213767,3,1,45.99,14.49
15086,2014-05-17 13:40:50,249219,213803,1,2,79.98,28.98
15087,2014-05-17 13:55:53,249220,213804,2,1,59.99,22.49
15088,2014-05-17 14:04:25,249226,213809,1,1,49.99,19.49
15089,2014-05-17 14:07:35,249227,213810,2,1,59.99,22.49
15090,2014-05-17 14:08:20,249232,195112,1,1,49.99,19.49
15091,2014-05-17 14:22:26,249233,213813,1,2,95.98,33.98
15092,2014-05-17 15:45:31,249262,213838,1,2,79.98,28.98
15093,2014-05-17 15:46:50,249264,213840,1,2,79.98,28.98
15094,2014-05-17 17:26:06,249289,213865,1,1,49.99,19.49
15095,2014-05-17 18:09:30,249299,213872,1,2,79.98,28.98
15096,2014-05-17 18:48:02,249310,213882,1,1,49.99,19.49
15097,2014-05-17 20:17:52,249336,213902,1,2,109.98,41.98
15098,2014-05-17 20:56:28,249341,213907,1,1,49.99,19.49
15099,2014-05-17 22:53:45,249365,213927,2,1,59.99,22.49
15100,2014-05-18 02:18:49,249393,178517,1,2,109.98,41.98
15101,2014-05-18 03:26:57,249405,213959,1,2,79.98,28.98
15102,2014-05-18 04:26:32,249418,213970,2,2,105.98,36.98
15103,2014-05-18 06:35:51,249435,213983,3,1,45.99,14.49
15104,2014-05-18 08:17:57,249451,213993,3,1,45.99,14.49
15105,2014-05-18 08:32:46,249454,213994,2,1,59.99,22.49
15106,2014-05-18 09:39:52,249462,214000,1,2,95.98,33.98
15107,2014-05-18 09:43:19,249461,213999,1,1,49.99,19.49
15108,2014-05-18 09:48:52,249465,214001,3,1,45.99,14.49
15109,2014-05-18 10:12:21,249477,205074,1,1,49.99,19.49
15110,2014-05-18 10:20:43,249479,214013,1,2,109.98,41.98
15111,2014-05-18 11:00:02,249490,214023,1,1,49.99,19.49
15112,2014-05-18 13:08:02,249521,214050,1,2,79.98,28.98
15113,2014-05-18 13:20:38,249524,195522,1,2,79.98,28.98
15114,2014-05-18 15:12:11,249551,214075,1,1,49.99,19.49
15115,2014-05-18 15:43:48,249560,214082,1,2,79.98,28.98
15116,2014-05-18 16:39:44,249582,214101,1,1,49.99,19.49
15117,2014-05-18 18:27:11,249621,214136,1,1,49.99,19.49
15118,2014-05-18 18:31:28,249620,214135,1,2,95.98,33.98
15119,2014-05-18 19:57:50,249642,205209,1,1,49.99,19.49
15120,2014-05-18 20:41:22,249645,174796,1,1,49.99,19.49
15121,2014-05-18 22:32:24,249692,214189,1,2,79.98,28.98
15122,2014-05-18 22:43:16,249693,214190,1,2,79.98,28.98
15123,2014-05-18 23:45:08,249715,209242,1,1,49.99,19.49
15124,2014-05-18 23:48:38,249717,214211,1,1,49.99,19.49
15125,2014-05-19 00:40:24,249724,214218,1,1,49.99,19.49
15126,2014-05-19 00:42:52,249726,214220,3,1,45.99,14.49
15127,2014-05-19 00:57:12,249731,190006,1,1,49.99,19.49
15128,2014-05-19 01:13:57,249736,196225,1,2,109.98,41.98
15129,2014-05-19 01:17:23,249739,214230,1,1,49.99,19.49
15130,2014-05-19 01:25:15,249741,214232,3,1,45.99,14.49
15131,2014-05-19 01:34:52,249746,214237,3,1,45.99,14.49
15132,2014-05-19 02:38:10,249763,214253,1,1,49.99,19.49
15133,2014-05-19 05:27:16,249792,214278,1,1,49.99,19.49
15134,2014-05-19 05:34:27,249796,214281,1,1,49.99,19.49
15135,2014-05-19 06:08:56,249806,214290,1,1,49.99,19.49
15136,2014-05-19 06:28:26,249813,214296,1,2,95.98,33.98
15137,2014-05-19 08:01:50,249830,214310,1,2,95.98,33.98
15138,2014-05-19 08:05:09,249834,196719,1,2,95.98,33.98
15139,2014-05-19 08:42:43,249845,214320,1,2,79.98,28.98
15140,2014-05-19 09:19:14,249869,214340,3,1,45.99,14.49
15141,2014-05-19 09:35:30,249878,214349,1,1,49.99,19.49
15142,2014-05-19 10:26:30,249922,214384,1,1,49.99,19.49
15143,2014-05-19 10:32:53,249925,214386,1,1,49.99,19.49
15144,2014-05-19 10:42:59,249949,214405,1,1,49.99,19.49
15145,2014-05-19 11:09:59,249967,191499,1,1,49.99,19.49
15146,2014-05-19 11:25:46,249984,214436,1,2,109.98,41.98
15147,2014-05-19 11:51:51,249996,197654,1,2,79.98,28.98
15148,2014-05-19 11:57:12,249997,214448,1,2,79.98,28.98
15149,2014-05-19 12:33:58,250035,189544,3,1,45.99,14.49
15150,2014-05-19 12:42:06,250039,214482,1,1,49.99,19.49
15151,2014-05-19 12:54:00,250048,214489,1,2,95.98,33.98
15152,2014-05-19 13:07:52,250056,214497,1,2,109.98,41.98
15153,2014-05-19 13:34:00,250081,214518,3,1,45.99,14.49
15154,2014-05-19 13:41:14,250084,214521,1,2,95.98,33.98
15155,2014-05-19 13:44:52,250089,214525,3,1,45.99,14.49
15156,2014-05-19 14:18:46,250103,214539,1,2,109.98,41.98
15157,2014-05-19 15:16:51,250143,214573,3,2,95.98,33.98
15158,2014-05-19 15:19:34,250147,183058,2,2,89.98,31.98
15159,2014-05-19 16:26:11,250179,204338,1,1,49.99,19.49
15160,2014-05-19 16:27:13,250185,214608,1,2,79.98,28.98
15161,2014-05-19 16:30:53,250187,214610,1,2,95.98,33.98
15162,2014-05-19 16:55:50,250211,214631,1,2,109.98,41.98
15163,2014-05-19 17:02:10,250219,214637,1,1,49.99,19.49
15164,2014-05-19 17:13:30,250222,214639,1,1,49.99,19.49
15165,2014-05-19 17:49:02,250250,214663,1,1,49.99,19.49
15166,2014-05-19 18:30:30,250281,214689,3,1,45.99,14.49
15167,2014-05-19 18:49:20,250293,205374,1,2,79.98,28.98
15168,2014-05-19 18:51:05,250298,214703,1,1,49.99,19.49
15169,2014-05-19 18:53:55,250295,184710,1,1,49.99,19.49
15170,2014-05-19 19:05:41,250303,214707,1,2,109.98,41.98
15171,2014-05-19 19:19:02,250308,214712,1,1,49.99,19.49
15172,2014-05-19 19:31:22,250315,214719,1,2,79.98,28.98
15173,2014-05-19 20:06:16,250326,214729,2,1,59.99,22.49
15174,2014-05-19 20:16:46,250339,207235,2,1,59.99,22.49
15175,2014-05-19 20:33:28,250348,190346,1,1,49.99,19.49
15176,2014-05-19 21:08:35,250365,214761,1,1,49.99,19.49
15177,2014-05-19 21:30:59,250373,214768,3,2,75.98,23.98
15178,2014-05-19 22:23:05,250391,214784,1,2,109.98,41.98
15179,2014-05-19 22:39:43,250401,214791,1,1,49.99,19.49
15180,2014-05-19 22:47:01,250405,214794,1,1,49.99,19.49
15181,2014-05-19 23:06:39,250410,200967,1,1,49.99,19.49
15182,2014-05-19 23:38:27,250426,166036,1,1,49.99,19.49
15183,2014-05-20 01:28:26,250447,214829,1,2,79.98,28.98
15184,2014-05-20 03:17:35,250472,214849,1,1,49.99,19.49
15185,2014-05-20 04:09:05,250478,214854,3,1,45.99,14.49
15186,2014-05-20 04:53:55,250489,214864,1,2,109.98,41.98
15187,2014-05-20 05:01:47,250493,214867,1,1,49.99,19.49
15188,2014-05-20 05:16:15,250498,214872,3,1,45.99,14.49
15189,2014-05-20 06:20:32,250506,214880,2,1,59.99,22.49
15190,2014-05-20 06:25:02,250509,189234,2,1,59.99,22.49
15191,2014-05-20 06:26:31,250510,214882,2,1,59.99,22.49
15192,2014-05-20 07:23:03,250525,214894,1,1,49.99,19.49
15193,2014-05-20 07:51:53,250529,214898,1,2,79.98,28.98
15194,2014-05-20 07:57:56,250531,214900,1,2,95.98,33.98
15195,2014-05-20 08:21:38,250537,214906,3,1,45.99,14.49
15196,2014-05-20 08:28:44,250542,214909,1,1,49.99,19.49
15197,2014-05-20 09:23:09,250561,214923,1,2,95.98,33.98
15198,2014-05-20 09:40:23,250569,214929,1,1,49.99,19.49
15199,2014-05-20 09:51:14,250583,214941,1,2,79.98,28.98
15200,2014-05-20 09:56:43,250582,214940,1,2,79.98,28.98
15201,2014-05-20 10:12:03,250593,214950,3,1,45.99,14.49
15202,2014-05-20 10:38:51,250604,214961,3,1,45.99,14.49
15203,2014-05-20 10:57:48,250617,203379,2,1,59.99,22.49
15204,2014-05-20 11:07:03,250625,214979,1,1,49.99,19.49
15205,2014-05-20 11:37:58,250646,214998,1,2,79.98,28.98
15206,2014-05-20 12:02:43,250660,215011,1,2,95.98,33.98
15207,2014-05-20 12:07:23,250670,215020,1,1,49.99,19.49
15208,2014-05-20 12:11:54,250669,215019,1,2,109.98,41.98
15209,2014-05-20 12:16:28,250676,215026,2,1,59.99,22.49
15210,2014-05-20 12:30:02,250690,202338,1,1,49.99,19.49
15211,2014-05-20 12:35:11,250689,171886,3,1,45.99,14.49
15212,2014-05-20 12:42:52,250699,215043,1,1,49.99,19.49
15213,2014-05-20 12:50:35,250707,215051,1,1,49.99,19.49
15214,2014-05-20 12:58:50,250711,194386,3,1,45.99,14.49
15215,2014-05-20 13:40:25,250749,215083,1,2,79.98,28.98
15216,2014-05-20 13:49:44,250761,215093,1,2,95.98,33.98
15217,2014-05-20 13:51:16,250754,215088,1,2,79.98,28.98
15218,2014-05-20 13:59:40,250767,215098,3,2,95.98,33.98
15219,2014-05-20 14:39:15,250796,215120,1,1,49.99,19.49
15220,2014-05-20 14:42:47,250800,215124,1,1,49.99,19.49
15221,2014-05-20 14:54:59,250810,209130,1,1,49.99,19.49
15222,2014-05-20 15:06:58,250819,215139,1,1,49.99,19.49
15223,2014-05-20 15:48:10,250854,212963,1,1,49.99,19.49
15224,2014-05-20 15:50:06,250848,215162,1,1,49.99,19.49
15225,2014-05-20 17:15:54,250910,215213,1,1,49.99,19.49
15226,2014-05-20 17:20:14,250908,207562,1,1,49.99,19.49
15227,2014-05-20 17:53:50,250938,215236,1,2,79.98,28.98
15228,2014-05-20 17:56:27,250941,176631,1,1,49.99,19.49
15229,2014-05-20 18:15:48,250952,215246,1,1,49.99,19.49
15230,2014-05-20 18:43:35,250966,215257,3,1,45.99,14.49
15231,2014-05-20 19:01:47,250974,215264,1,2,79.98,28.98
15232,2014-05-20 19:49:22,250992,215278,1,1,49.99,19.49
15233,2014-05-20 22:03:27,251033,215312,1,2,95.98,33.98
15234,2014-05-20 22:27:51,251046,215324,1,2,79.98,28.98
15235,2014-05-20 22:28:43,251039,215317,1,2,95.98,33.98
15236,2014-05-20 23:13:56,251062,215337,1,1,49.99,19.49
15237,2014-05-20 23:16:17,251063,215338,1,1,49.99,19.49
15238,2014-05-20 23:16:45,251060,215335,1,1,49.99,19.49
15239,2014-05-21 00:50:13,251086,215353,3,1,45.99,14.49
15240,2014-05-21 01:11:14,251092,215357,3,1,45.99,14.49
15241,2014-05-21 02:25:44,251101,215365,1,2,95.98,33.98
15242,2014-05-21 02:27:00,251104,215368,1,1,49.99,19.49
15243,2014-05-21 03:23:07,251116,215378,2,1,59.99,22.49
15244,2014-05-21 04:29:37,251122,215381,3,1,45.99,14.49
15245,2014-05-21 04:46:48,251124,215383,3,1,45.99,14.49
15246,2014-05-21 04:59:37,251126,215385,1,1,49.99,19.49
15247,2014-05-21 06:52:04,251146,215403,2,1,59.99,22.49
15248,2014-05-21 07:43:39,251155,190702,1,1,49.99,19.49
15249,2014-05-21 08:29:58,251168,215421,3,2,75.98,23.98
15250,2014-05-21 09:13:30,251191,215440,1,2,79.98,28.98
15251,2014-05-21 09:36:09,251206,215453,1,1,49.99,19.49
15252,2014-05-21 09:50:27,251219,193701,3,1,45.99,14.49
15253,2014-05-21 09:59:53,251220,215464,1,1,49.99,19.49
15254,2014-05-21 10:26:28,251242,215483,1,2,109.98,41.98
15255,2014-05-21 10:47:29,251264,215501,2,2,89.98,31.98
15256,2014-05-21 11:36:57,251298,215529,1,2,95.98,33.98
15257,2014-05-21 12:25:22,251324,215551,1,1,49.99,19.49
15258,2014-05-21 12:44:28,251346,215567,1,1,49.99,19.49
15259,2014-05-21 13:16:08,251368,215585,1,1,49.99,19.49
15260,2014-05-21 13:49:09,251393,215605,1,1,49.99,19.49
15261,2014-05-21 14:20:58,251415,215626,1,2,79.98,28.98
15262,2014-05-21 14:25:51,251417,175544,3,1,45.99,14.49
15263,2014-05-21 14:37:10,251428,215637,1,2,79.98,28.98
15264,2014-05-21 14:39:11,251435,215644,1,1,49.99,19.49
15265,2014-05-21 15:03:06,251452,209281,3,1,45.99,14.49
15266,2014-05-21 15:18:43,251470,215672,1,2,95.98,33.98
15267,2014-05-21 15:42:23,251487,215684,2,1,59.99,22.49
15268,2014-05-21 16:43:22,251529,179376,1,2,95.98,33.98
15269,2014-05-21 16:51:37,251543,209257,1,1,49.99,19.49
15270,2014-05-21 16:56:00,251542,215734,1,1,49.99,19.49
15271,2014-05-21 17:01:23,251552,215743,1,2,95.98,33.98
15272,2014-05-21 17:03:45,251551,215742,1,1,49.99,19.49
15273,2014-05-21 17:04:44,251553,208530,3,1,45.99,14.49
15274,2014-05-21 17:35:42,251574,215758,2,1,59.99,22.49
15275,2014-05-21 17:53:53,251586,215770,1,1,49.99,19.49
15276,2014-05-21 18:07:38,251609,215789,2,1,59.99,22.49
15277,2014-05-21 18:16:59,251612,215791,2,2,89.98,31.98
15278,2014-05-21 18:42:59,251621,215799,1,1,49.99,19.49
15279,2014-05-21 19:35:29,251657,215829,1,2,79.98,28.98
15280,2014-05-21 19:51:30,251660,215832,1,1,49.99,19.49
15281,2014-05-21 19:53:54,251661,215833,2,2,89.98,31.98
15282,2014-05-21 20:31:48,251687,215856,2,2,89.98,31.98
15283,2014-05-21 20:56:57,251701,215869,2,1,59.99,22.49
15284,2014-05-21 20:58:52,251706,215872,1,1,49.99,19.49
15285,2014-05-21 21:09:18,251712,186088,1,1,49.99,19.49
15286,2014-05-21 21:44:03,251724,215889,2,2,109.98,41.98
15287,2014-05-21 22:10:48,251741,215905,3,1,45.99,14.49
15288,2014-05-21 22:26:14,251745,215908,1,1,49.99,19.49
15289,2014-05-21 23:09:23,251767,215925,1,1,49.99,19.49
15290,2014-05-21 23:14:27,251769,215926,1,2,95.98,33.98
15291,2014-05-22 00:10:43,251780,215937,1,2,79.98,28.98
15292,2014-05-22 01:01:46,251792,179484,1,1,49.99,19.49
15293,2014-05-22 02:18:28,251810,215963,1,1,49.99,19.49
15294,2014-05-22 03:18:52,251825,215976,1,1,49.99,19.49
15295,2014-05-22 04:42:57,251841,198543,1,1,49.99,19.49
15296,2014-05-22 05:41:56,251850,188073,1,1,49.99,19.49
15297,2014-05-22 07:45:59,251885,196487,3,2,75.98,23.98
15298,2014-05-22 09:17:37,251934,204024,1,1,49.99,19.49
15299,2014-05-22 09:44:02,251948,216068,2,2,89.98,31.98
15300,2014-05-22 09:53:49,251969,192735,1,1,49.99,19.49
15301,2014-05-22 10:00:37,251971,199175,2,2,89.98,31.98
15302,2014-05-22 10:14:38,251981,216087,2,1,59.99,22.49
15303,2014-05-22 10:19:33,251982,216088,1,1,49.99,19.49
15304,2014-05-22 10:56:43,252017,216114,1,1,49.99,19.49
15305,2014-05-22 11:38:02,252045,205906,1,1,49.99,19.49
15306,2014-05-22 12:36:57,252082,216165,1,2,79.98,28.98
15307,2014-05-22 12:37:47,252083,216166,2,2,105.98,36.98
15308,2014-05-22 12:52:06,252103,216182,1,2,79.98,28.98
15309,2014-05-22 13:00:51,252104,216183,2,2,89.98,31.98
15310,2014-05-22 13:46:13,252147,216215,1,1,49.99,19.49
15311,2014-05-22 13:46:38,252151,211996,1,1,49.99,19.49
15312,2014-05-22 13:47:23,252155,216222,1,1,49.99,19.49
15313,2014-05-22 14:02:57,252170,216231,1,1,49.99,19.49
15314,2014-05-22 14:13:40,252177,216238,2,2,89.98,31.98
15315,2014-05-22 14:21:16,252188,216248,1,1,49.99,19.49
15316,2014-05-22 14:27:08,252194,216251,1,1,49.99,19.49
15317,2014-05-22 14:36:31,252203,181373,1,1,49.99,19.49
15318,2014-05-22 14:49:28,252212,216266,1,2,79.98,28.98
15319,2014-05-22 14:59:09,252220,216273,3,1,45.99,14.49
15320,2014-05-22 15:08:56,252226,216277,1,2,79.98,28.98
15321,2014-05-22 15:09:44,252225,205239,1,1,49.99,19.49
15322,2014-05-22 15:11:05,252223,216275,3,1,45.99,14.49
15323,2014-05-22 15:25:31,252238,216286,1,2,95.98,33.98
15324,2014-05-22 16:03:51,252264,216309,1,2,79.98,28.98
15325,2014-05-22 16:08:24,252266,216311,1,1,49.99,19.49
15326,2014-05-22 16:09:54,252268,216312,1,2,79.98,28.98
15327,2014-05-22 16:12:26,252270,216313,3,2,75.98,23.98
15328,2014-05-22 17:25:48,252318,216355,1,2,95.98,33.98
15329,2014-05-22 17:43:46,252323,216359,1,1,49.99,19.49
15330,2014-05-22 18:23:09,252349,216378,1,1,49.99,19.49
15331,2014-05-22 18:37:20,252354,187805,1,2,95.98,33.98
15332,2014-05-22 18:46:35,252358,208387,1,1,49.99,19.49
15333,2014-05-22 19:05:40,252370,216395,1,1,49.99,19.49
15334,2014-05-22 19:46:11,252395,216415,2,1,59.99,22.49
15335,2014-05-22 20:39:08,252411,216427,1,2,79.98,28.98
15336,2014-05-22 21:47:51,252441,202324,2,1,59.99,22.49
15337,2014-05-22 22:04:35,252447,216454,2,1,59.99,22.49
15338,2014-05-22 22:31:07,252454,216459,1,2,95.98,33.98
15339,2014-05-22 22:43:51,252461,216466,3,1,45.99,14.49
15340,2014-05-22 23:44:26,252479,191351,1,2,109.98,41.98
15341,2014-05-23 01:17:30,252507,216503,1,1,49.99,19.49
15342,2014-05-23 01:45:29,252514,216509,1,1,49.99,19.49
15343,2014-05-23 02:41:44,252534,216528,1,1,49.99,19.49
15344,2014-05-23 02:49:17,252535,211059,1,1,49.99,19.49
15345,2014-05-23 03:00:38,252538,216531,1,2,95.98,33.98
15346,2014-05-23 03:17:20,252543,216536,1,1,49.99,19.49
15347,2014-05-23 05:16:50,252558,197683,1,1,49.99,19.49
15348,2014-05-23 07:19:04,252583,216567,1,2,79.98,28.98
15349,2014-05-23 07:35:05,252588,216571,1,2,109.98,41.98
15350,2014-05-23 08:12:59,252600,216580,1,1,49.99,19.49
15351,2014-05-23 08:24:20,252606,216585,1,2,79.98,28.98
15352,2014-05-23 09:26:29,252640,216616,3,1,45.99,14.49
15353,2014-05-23 09:36:31,252645,216620,2,2,89.98,31.98
15354,2014-05-23 10:19:53,252675,216644,3,1,45.99,14.49
15355,2014-05-23 10:30:45,252684,178640,1,1,49.99,19.49
15356,2014-05-23 11:00:59,252710,216671,1,1,49.99,19.49
15357,2014-05-23 11:02:57,252712,216673,1,1,49.99,19.49
15358,2014-05-23 11:25:18,252727,185452,1,1,49.99,19.49
15359,2014-05-23 11:44:07,252748,216700,1,1,49.99,19.49
15360,2014-05-23 11:44:51,252747,216699,1,1,49.99,19.49
15361,2014-05-23 11:59:42,252775,216723,1,2,79.98,28.98
15362,2014-05-23 12:03:04,252770,216719,1,1,49.99,19.49
15363,2014-05-23 12:05:31,252772,216721,1,1,49.99,19.49
15364,2014-05-23 12:10:39,252773,216722,1,1,49.99,19.49
15365,2014-05-23 12:23:27,252791,216738,1,1,49.99,19.49
15366,2014-05-23 12:34:21,252800,216747,1,1,49.99,19.49
15367,2014-05-23 13:30:33,252846,200777,2,1,59.99,22.49
15368,2014-05-23 13:34:30,252844,216785,1,1,49.99,19.49
15369,2014-05-23 13:49:13,252854,216794,1,1,49.99,19.49
15370,2014-05-23 14:28:37,252884,174505,2,1,59.99,22.49
15371,2014-05-23 14:35:20,252886,195509,1,1,49.99,19.49
15372,2014-05-23 14:41:52,252888,216820,3,1,45.99,14.49
15373,2014-05-23 15:02:40,252904,216834,1,1,49.99,19.49
15374,2014-05-23 15:09:04,252914,205289,1,1,49.99,19.49
15375,2014-05-23 15:27:38,252926,216855,1,1,49.99,19.49
15376,2014-05-23 16:11:23,252961,216884,1,2,79.98,28.98
15377,2014-05-23 16:46:06,252984,216905,3,2,75.98,23.98
15378,2014-05-23 16:56:01,252987,216908,3,1,45.99,14.49
15379,2014-05-23 18:16:58,253039,216951,1,2,79.98,28.98
15380,2014-05-23 18:18:35,253037,216949,2,1,59.99,22.49
15381,2014-05-23 19:26:54,253065,188477,1,1,49.99,19.49
15382,2014-05-23 19:38:17,253068,216976,1,2,79.98,28.98
15383,2014-05-23 20:12:26,253087,216994,3,1,45.99,14.49
15384,2014-05-23 20:25:42,253090,216996,1,1,49.99,19.49
15385,2014-05-23 20:48:05,253097,217001,2,1,59.99,22.49
15386,2014-05-23 23:14:42,253142,217039,1,2,79.98,28.98
15387,2014-05-23 23:51:35,253147,217044,1,1,49.99,19.49
15388,2014-05-24 00:04:33,253151,217048,1,1,49.99,19.49
15389,2014-05-24 00:08:50,253161,217056,3,2,75.98,23.98
15390,2014-05-24 00:11:42,253166,217060,2,1,59.99,22.49
15391,2014-05-24 00:47:50,253168,217062,1,1,49.99,19.49
15392,2014-05-24 01:00:51,253172,217066,1,1,49.99,19.49
15393,2014-05-24 02:15:18,253181,217074,2,2,89.98,31.98
15394,2014-05-24 03:37:51,253191,217084,1,1,49.99,19.49
15395,2014-05-24 03:51:18,253194,217087,1,2,79.98,28.98
15396,2014-05-24 03:57:16,253193,217086,2,1,59.99,22.49
15397,2014-05-24 07:23:03,253219,217107,2,1,59.99,22.49
15398,2014-05-24 09:15:39,253234,217119,1,1,49.99,19.49
15399,2014-05-24 14:37:51,253322,217187,1,1,49.99,19.49
15400,2014-05-24 14:47:13,253324,217189,2,1,59.99,22.49
15401,2014-05-24 15:17:49,253334,217199,1,1,49.99,19.49
15402,2014-05-24 16:20:45,253358,217220,1,1,49.99,19.49
15403,2014-05-24 16:43:30,253366,213936,1,1,49.99,19.49
15404,2014-05-24 21:03:07,253429,217278,1,1,49.99,19.49
15405,2014-05-24 22:54:59,253451,217298,1,2,95.98,33.98
15406,2014-05-24 23:54:41,253461,217306,2,2,109.98,41.98
15407,2014-05-25 00:25:41,253467,217312,1,1,49.99,19.49
15408,2014-05-25 01:26:43,253478,217321,1,2,79.98,28.98
15409,2014-05-25 01:27:34,253479,217322,2,2,89.98,31.98
15410,2014-05-25 06:03:11,253507,217342,1,2,79.98,28.98
15411,2014-05-25 08:03:06,253521,217353,3,1,45.99,14.49
15412,2014-05-25 08:08:02,253522,217354,2,1,59.99,22.49
15413,2014-05-25 10:40:38,253548,217375,1,1,49.99,19.49
15414,2014-05-25 12:40:12,253573,178114,1,2,95.98,33.98
15415,2014-05-25 13:00:27,253578,200724,1,1,49.99,19.49
15416,2014-05-25 13:12:58,253580,217400,1,2,79.98,28.98
15417,2014-05-25 13:26:53,253583,217403,1,1,49.99,19.49
15418,2014-05-25 17:12:39,253640,217446,1,1,49.99,19.49
15419,2014-05-25 18:34:06,253653,217456,2,1,59.99,22.49
15420,2014-05-25 19:04:31,253663,217466,1,1,49.99,19.49
15421,2014-05-25 19:11:12,253670,217471,2,1,59.99,22.49
15422,2014-05-25 19:41:51,253677,217476,1,1,49.99,19.49
15423,2014-05-25 21:08:37,253713,217506,2,2,109.98,41.98
15424,2014-05-25 21:52:07,253728,217516,1,1,49.99,19.49
15425,2014-05-25 22:39:32,253748,217531,3,1,45.99,14.49
15426,2014-05-25 22:50:28,253755,196494,1,1,49.99,19.49
15427,2014-05-25 23:13:44,253765,217546,2,1,59.99,22.49
15428,2014-05-25 23:58:31,253779,217559,1,1,49.99,19.49
15429,2014-05-26 00:40:55,253789,209186,1,1,49.99,19.49
15430,2014-05-26 01:27:23,253800,217574,2,2,89.98,31.98
15431,2014-05-26 01:48:00,253804,217578,1,2,79.98,28.98
15432,2014-05-26 04:28:53,253833,217600,1,1,49.99,19.49
15433,2014-05-26 06:26:34,253847,217613,1,1,49.99,19.49
15434,2014-05-26 08:21:33,253871,217633,1,1,49.99,19.49
15435,2014-05-26 09:13:47,253885,217645,3,1,45.99,14.49
15436,2014-05-26 09:21:59,253890,217649,2,1,59.99,22.49
15437,2014-05-26 09:59:09,253905,217660,2,1,59.99,22.49
15438,2014-05-26 10:05:12,253906,217661,1,1,49.99,19.49
15439,2014-05-26 10:33:18,253918,217669,1,2,95.98,33.98
15440,2014-05-26 10:34:00,253915,217667,1,2,79.98,28.98
15441,2014-05-26 11:16:44,253935,204749,1,1,49.99,19.49
15442,2014-05-26 11:38:52,253952,213002,1,1,49.99,19.49
15443,2014-05-26 12:38:05,253997,199036,1,2,109.98,41.98
15444,2014-05-26 12:39:04,253993,182696,2,1,59.99,22.49
15445,2014-05-26 12:40:41,253995,200271,3,1,45.99,14.49
15446,2014-05-26 12:48:49,253998,205375,1,1,49.99,19.49
15447,2014-05-26 13:04:07,254008,217731,1,2,95.98,33.98
15448,2014-05-26 14:08:11,254031,199211,1,2,109.98,41.98
15449,2014-05-26 14:44:04,254053,217765,1,1,49.99,19.49
15450,2014-05-26 14:45:02,254056,217768,1,1,49.99,19.49
15451,2014-05-26 14:46:32,254055,217767,1,1,49.99,19.49
15452,2014-05-26 15:18:51,254084,217789,3,2,75.98,23.98
15453,2014-05-26 15:26:04,254081,217787,2,1,59.99,22.49
15454,2014-05-26 16:59:35,254122,217815,1,2,79.98,28.98
15455,2014-05-26 17:28:29,254139,217828,3,1,45.99,14.49
15456,2014-05-26 17:29:26,254141,217829,1,2,109.98,41.98
15457,2014-05-26 17:31:55,254142,217830,1,1,49.99,19.49
15458,2014-05-26 17:52:32,254148,196664,1,2,109.98,41.98
15459,2014-05-26 18:17:19,254159,217841,1,1,49.99,19.49
15460,2014-05-26 20:44:43,254219,217890,1,1,49.99,19.49
15461,2014-05-26 20:50:17,254222,217892,1,2,95.98,33.98
15462,2014-05-26 21:59:01,254243,217909,1,1,49.99,19.49
15463,2014-05-26 22:28:41,254255,217918,1,1,49.99,19.49
15464,2014-05-26 22:46:15,254263,217926,1,1,49.99,19.49
15465,2014-05-26 22:47:16,254264,217927,3,1,45.99,14.49
15466,2014-05-27 00:23:48,254296,217951,1,2,95.98,33.98
15467,2014-05-27 00:26:28,254297,217952,1,1,49.99,19.49
15468,2014-05-27 02:29:49,254319,217970,1,1,49.99,19.49
15469,2014-05-27 02:54:22,254324,217974,1,2,79.98,28.98
15470,2014-05-27 02:57:01,254328,217977,1,1,49.99,19.49
15471,2014-05-27 03:25:28,254332,217980,1,2,79.98,28.98
15472,2014-05-27 03:40:30,254335,217983,1,1,49.99,19.49
15473,2014-05-27 04:39:03,254354,217999,1,1,49.99,19.49
15474,2014-05-27 04:55:58,254357,218001,1,2,109.98,41.98
15475,2014-05-27 05:40:53,254363,218005,1,1,49.99,19.49
15476,2014-05-27 05:59:29,254367,218009,1,1,49.99,19.49
15477,2014-05-27 07:43:53,254390,218028,1,1,49.99,19.49
15478,2014-05-27 07:57:20,254394,218030,1,2,79.98,28.98
15479,2014-05-27 08:12:22,254396,218032,1,2,79.98,28.98
15480,2014-05-27 08:27:28,254403,218038,1,1,49.99,19.49
15481,2014-05-27 08:38:37,254408,218042,1,2,95.98,33.98
15482,2014-05-27 08:55:17,254418,218052,1,2,79.98,28.98
15483,2014-05-27 08:55:24,254416,218050,1,2,95.98,33.98
15484,2014-05-27 09:21:10,254427,218058,1,1,49.99,19.49
15485,2014-05-27 09:48:07,254442,218072,1,2,79.98,28.98
15486,2014-05-27 09:49:07,254445,218075,1,1,49.99,19.49
15487,2014-05-27 11:07:20,254498,218116,1,2,79.98,28.98
15488,2014-05-27 11:22:36,254507,218124,1,2,79.98,28.98
15489,2014-05-27 11:22:53,254514,218129,1,1,49.99,19.49
15490,2014-05-27 11:23:32,254513,218128,1,1,49.99,19.49
15491,2014-05-27 11:58:44,254534,218147,1,2,79.98,28.98
15492,2014-05-27 12:02:39,254544,218155,1,2,79.98,28.98
15493,2014-05-27 12:07:32,254548,218158,1,2,79.98,28.98
15494,2014-05-27 12:14:56,254555,218165,1,2,79.98,28.98
15495,2014-05-27 12:43:24,254573,218175,1,2,79.98,28.98
15496,2014-05-27 12:45:48,254579,218180,2,2,105.98,36.98
15497,2014-05-27 12:53:05,254589,218190,1,2,95.98,33.98
15498,2014-05-27 12:58:21,254597,218197,1,1,49.99,19.49
15499,2014-05-27 13:13:59,254605,218202,1,1,49.99,19.49
15500,2014-05-27 13:24:21,254609,218206,1,2,79.98,28.98
15501,2014-05-27 13:26:59,254611,190302,1,2,79.98,28.98
15502,2014-05-27 13:46:07,254621,218216,1,2,95.98,33.98
15503,2014-05-27 14:17:49,254648,202243,1,1,49.99,19.49
15504,2014-05-27 14:28:28,254659,213669,1,1,49.99,19.49
15505,2014-05-27 15:18:01,254711,202430,2,1,59.99,22.49
15506,2014-05-27 15:34:39,254719,218296,1,1,49.99,19.49
15507,2014-05-27 15:36:46,254720,218297,2,1,59.99,22.49
15508,2014-05-27 16:29:23,254766,218338,1,2,79.98,28.98
15509,2014-05-27 16:34:39,254768,218340,1,2,79.98,28.98
15510,2014-05-27 16:37:27,254769,213218,1,1,49.99,19.49
15511,2014-05-27 16:47:33,254778,206623,1,1,49.99,19.49
15512,2014-05-27 17:21:33,254809,218374,1,2,109.98,41.98
15513,2014-05-27 17:25:51,254808,218373,3,2,95.98,33.98
15514,2014-05-27 17:28:21,254813,193505,2,2,89.98,31.98
15515,2014-05-27 18:40:28,254862,218408,1,1,49.99,19.49
15516,2014-05-27 19:13:06,254877,218419,1,1,49.99,19.49
15517,2014-05-27 19:42:39,254894,198379,1,1,49.99,19.49
15518,2014-05-27 19:44:01,254896,209651,1,1,49.99,19.49
15519,2014-05-27 19:55:19,254903,218440,1,2,95.98,33.98
15520,2014-05-27 20:17:55,254916,218451,1,1,49.99,19.49
15521,2014-05-27 20:24:54,254923,183208,1,2,95.98,33.98
15522,2014-05-27 20:57:20,254934,218464,1,1,49.99,19.49
15523,2014-05-27 22:10:57,254959,189135,1,1,49.99,19.49
15524,2014-05-28 00:55:47,255013,218523,1,2,79.98,28.98
15525,2014-05-28 01:11:05,255015,218525,2,1,59.99,22.49
15526,2014-05-28 01:59:51,255024,218533,1,2,79.98,28.98
15527,2014-05-28 02:37:10,255028,218536,1,2,79.98,28.98
15528,2014-05-28 03:41:56,255043,218551,1,1,49.99,19.49
15529,2014-05-28 03:44:54,255044,190540,1,1,49.99,19.49
15530,2014-05-28 04:10:52,255046,218553,1,2,79.98,28.98
15531,2014-05-28 05:35:36,255059,218565,1,2,79.98,28.98
15532,2014-05-28 05:59:22,255062,218567,1,2,79.98,28.98
15533,2014-05-28 06:39:31,255073,218576,3,1,45.99,14.49
15534,2014-05-28 07:25:03,255082,218582,2,1,59.99,22.49
15535,2014-05-28 08:17:35,255102,218601,1,1,49.99,19.49
15536,2014-05-28 09:35:22,255152,218645,1,2,95.98,33.98
15537,2014-05-28 10:05:14,255163,218653,1,2,79.98,28.98
15538,2014-05-28 10:09:11,255174,218659,1,2,95.98,33.98
15539,2014-05-28 10:51:17,255204,218685,1,1,49.99,19.49
15540,2014-05-28 10:56:00,255211,218692,1,2,95.98,33.98
15541,2014-05-28 11:03:19,255214,218694,2,1,59.99,22.49
15542,2014-05-28 11:10:24,255222,218700,1,1,49.99,19.49
15543,2014-05-28 11:47:18,255247,218722,1,2,109.98,41.98
15544,2014-05-28 12:15:07,255286,218757,3,1,45.99,14.49
15545,2014-05-28 12:20:05,255280,218751,1,1,49.99,19.49
15546,2014-05-28 12:23:37,255290,218760,3,1,45.99,14.49
15547,2014-05-28 12:27:33,255301,218769,1,1,49.99,19.49
15548,2014-05-28 12:48:33,255313,204131,1,1,49.99,19.49
15549,2014-05-28 12:51:27,255314,218777,2,1,59.99,22.49
15550,2014-05-28 12:51:43,255315,218778,3,1,45.99,14.49
15551,2014-05-28 12:57:54,255323,193546,1,1,49.99,19.49
15552,2014-05-28 13:01:54,255332,218792,3,1,45.99,14.49
15553,2014-05-28 13:07:26,255340,216139,1,1,49.99,19.49
15554,2014-05-28 13:15:39,255351,218806,1,1,49.99,19.49
15555,2014-05-28 13:34:50,255363,218815,1,2,79.98,28.98
15556,2014-05-28 14:02:17,255393,218839,1,2,95.98,33.98
15557,2014-05-28 14:09:31,255401,218846,1,1,49.99,19.49
15558,2014-05-28 14:23:22,255409,218853,1,2,109.98,41.98
15559,2014-05-28 14:27:27,255408,218852,1,1,49.99,19.49
15560,2014-05-28 14:57:11,255433,218873,1,2,95.98,33.98
15561,2014-05-28 15:47:56,255481,218913,2,1,59.99,22.49
15562,2014-05-28 15:55:41,255483,205655,1,1,49.99,19.49
15563,2014-05-28 16:26:36,255513,218936,1,2,79.98,28.98
15564,2014-05-28 16:35:54,255519,202284,1,2,79.98,28.98
15565,2014-05-28 17:47:39,255587,218997,1,1,49.99,19.49
15566,2014-05-28 17:57:07,255597,219007,1,1,49.99,19.49
15567,2014-05-28 17:59:59,255592,219002,1,2,95.98,33.98
15568,2014-05-28 18:14:58,255608,219016,2,1,59.99,22.49
15569,2014-05-28 18:33:35,255626,219028,2,1,59.99,22.49
15570,2014-05-28 18:38:32,255634,219034,2,1,59.99,22.49
15571,2014-05-28 18:49:16,255637,219036,1,2,109.98,41.98
15572,2014-05-28 19:20:27,255653,219052,1,1,49.99,19.49
15573,2014-05-28 19:27:12,255654,219053,1,1,49.99,19.49
15574,2014-05-28 19:55:04,255671,219068,1,1,49.99,19.49
15575,2014-05-28 21:01:45,255710,219099,1,1,49.99,19.49
15576,2014-05-28 21:35:41,255721,219110,1,1,49.99,19.49
15577,2014-05-28 22:14:37,255737,219125,2,1,59.99,22.49
15578,2014-05-28 22:20:27,255740,219128,1,1,49.99,19.49
15579,2014-05-28 23:30:21,255765,219149,2,1,59.99,22.49
15580,2014-05-28 23:31:35,255768,219152,1,1,49.99,19.49
15581,2014-05-28 23:53:21,255770,219154,1,1,49.99,19.49
15582,2014-05-29 00:23:19,255790,219168,1,1,49.99,19.49
15583,2014-05-29 02:45:01,255829,219199,2,2,89.98,31.98
15584,2014-05-29 03:37:40,255839,192619,1,2,79.98,28.98
15585,2014-05-29 04:16:11,255844,206244,1,2,79.98,28.98
15586,2014-05-29 04:47:50,255851,219216,1,1,49.99,19.49
15587,2014-05-29 04:53:09,255853,219218,2,2,109.98,41.98
15588,2014-05-29 05:54:43,255867,219230,1,2,95.98,33.98
15589,2014-05-29 05:57:17,255870,219233,1,1,49.99,19.49
15590,2014-05-29 06:00:15,255871,219234,1,2,79.98,28.98
15591,2014-05-29 07:14:15,255883,219245,1,1,49.99,19.49
15592,2014-05-29 07:33:53,255893,219252,1,1,49.99,19.49
15593,2014-05-29 07:59:31,255903,219260,1,1,49.99,19.49
15594,2014-05-29 08:20:45,255913,219268,3,1,45.99,14.49
15595,2014-05-29 08:32:34,255919,219273,3,2,95.98,33.98
15596,2014-05-29 08:41:32,255927,219278,1,2,79.98,28.98
15597,2014-05-29 08:56:37,255933,204298,1,1,49.99,19.49
15598,2014-05-29 09:13:42,255939,219288,1,1,49.99,19.49
15599,2014-05-29 09:47:18,255964,219305,1,2,79.98,28.98
15600,2014-05-29 09:48:26,255967,219307,1,2,95.98,33.98
15601,2014-05-29 10:17:32,255981,219318,1,1,49.99,19.49
15602,2014-05-29 10:25:24,255985,219322,1,1,49.99,19.49
15603,2014-05-29 10:37:29,256002,219334,1,2,109.98,41.98
15604,2014-05-29 10:43:36,256004,219336,1,1,49.99,19.49
15605,2014-05-29 10:45:51,256008,219339,1,1,49.99,19.49
15606,2014-05-29 11:08:29,256025,219352,1,1,49.99,19.49
15607,2014-05-29 11:29:56,256037,219363,1,2,109.98,41.98
15608,2014-05-29 12:58:20,256102,203108,1,1,49.99,19.49
15609,2014-05-29 13:07:55,256110,219427,1,1,49.99,19.49
15610,2014-05-29 13:13:47,256122,219436,2,2,105.98,36.98
15611,2014-05-29 13:26:19,256131,219444,3,1,45.99,14.49
15612,2014-05-29 13:44:10,256139,219451,1,1,49.99,19.49
15613,2014-05-29 13:51:13,256142,219454,1,1,49.99,19.49
15614,2014-05-29 14:16:41,256165,219472,1,1,49.99,19.49
15615,2014-05-29 14:47:35,256184,219487,1,1,49.99,19.49
15616,2014-05-29 14:58:07,256193,219495,3,2,95.98,33.98
15617,2014-05-29 15:02:11,256197,219497,1,1,49.99,19.49
15618,2014-05-29 15:09:47,256201,219501,1,2,95.98,33.98
15619,2014-05-29 15:10:48,256207,219507,1,1,49.99,19.49
15620,2014-05-29 15:13:10,256215,219512,1,2,95.98,33.98
15621,2014-05-29 15:17:14,256221,197923,1,2,79.98,28.98
15622,2014-05-29 15:54:02,256248,219534,1,1,49.99,19.49
15623,2014-05-29 15:57:53,256247,219533,1,1,49.99,19.49
15624,2014-05-29 15:57:59,256250,219536,2,1,59.99,22.49
15625,2014-05-29 16:01:25,256252,219538,1,1,49.99,19.49
15626,2014-05-29 16:05:57,256254,219540,1,2,79.98,28.98
15627,2014-05-29 16:13:06,256259,198494,2,1,59.99,22.49
15628,2014-05-29 16:59:24,256287,204976,1,1,49.99,19.49
15629,2014-05-29 17:24:03,256319,219590,3,2,75.98,23.98
15630,2014-05-29 17:24:15,256318,195353,1,2,79.98,28.98
15631,2014-05-29 17:46:48,256334,219601,1,1,49.99,19.49
15632,2014-05-29 17:47:42,256328,219597,1,1,49.99,19.49
15633,2014-05-29 18:15:36,256354,219619,1,2,95.98,33.98
15634,2014-05-29 19:34:56,256386,219646,1,1,49.99,19.49
15635,2014-05-29 20:00:39,256399,219656,1,1,49.99,19.49
15636,2014-05-29 20:13:11,256410,207981,1,1,49.99,19.49
15637,2014-05-29 20:14:41,256417,219667,2,1,59.99,22.49
15638,2014-05-29 20:24:45,256418,219668,2,1,59.99,22.49
15639,2014-05-29 21:20:51,256438,219683,1,1,49.99,19.49
15640,2014-05-29 22:20:36,256461,191708,2,1,59.99,22.49
15641,2014-05-29 23:04:19,256473,206338,1,1,49.99,19.49
15642,2014-05-30 00:18:53,256491,219729,1,2,95.98,33.98
15643,2014-05-30 03:41:37,256539,219770,1,1,49.99,19.49
15644,2014-05-30 04:15:45,256551,219780,1,1,49.99,19.49
15645,2014-05-30 08:21:00,256599,219814,1,1,49.99,19.49
15646,2014-05-30 08:22:33,256596,219811,1,2,79.98,28.98
15647,2014-05-30 08:42:27,256614,219825,1,1,49.99,19.49
15648,2014-05-30 10:37:56,256686,219885,2,1,59.99,22.49
15649,2014-05-30 10:39:04,256684,219883,1,1,49.99,19.49
15650,2014-05-30 10:47:25,256692,219891,2,1,59.99,22.49
15651,2014-05-30 10:54:12,256698,219896,1,1,49.99,19.49
15652,2014-05-30 11:14:43,256711,219906,3,1,45.99,14.49
15653,2014-05-30 11:16:49,256713,219908,1,2,79.98,28.98
15654,2014-05-30 11:25:12,256723,219916,2,1,59.99,22.49
15655,2014-05-30 11:25:21,256722,219915,1,2,95.98,33.98
15656,2014-05-30 11:29:53,256724,219917,1,1,49.99,19.49
15657,2014-05-30 11:30:11,256721,219914,1,2,79.98,28.98
15658,2014-05-30 11:52:17,256746,219936,2,1,59.99,22.49
15659,2014-05-30 12:01:00,256749,219939,1,2,79.98,28.98
15660,2014-05-30 12:11:20,256758,219948,1,2,109.98,41.98
15661,2014-05-30 12:16:49,256765,219955,2,1,59.99,22.49
15662,2014-05-30 13:00:52,256791,219977,2,1,59.99,22.49
15663,2014-05-30 13:14:46,256805,219989,1,1,49.99,19.49
15664,2014-05-30 13:17:42,256810,219993,1,2,79.98,28.98
15665,2014-05-30 13:30:14,256813,219995,2,1,59.99,22.49
15666,2014-05-30 13:37:52,256822,210295,1,2,79.98,28.98
15667,2014-05-30 13:41:49,256820,220001,1,1,49.99,19.49
15668,2014-05-30 14:00:13,256840,220017,1,1,49.99,19.49
15669,2014-05-30 14:00:43,256831,220009,1,1,49.99,19.49
15670,2014-05-30 14:16:36,256845,220021,3,2,95.98,33.98
15671,2014-05-30 14:33:14,256859,204790,3,1,45.99,14.49
15672,2014-05-30 14:48:29,256871,197777,2,1,59.99,22.49
15673,2014-05-30 14:58:37,256877,220043,2,1,59.99,22.49
15674,2014-05-30 15:12:55,256881,174641,3,1,45.99,14.49
15675,2014-05-30 15:26:46,256894,220057,1,2,95.98,33.98
15676,2014-05-30 15:39:57,256908,220070,1,2,95.98,33.98
15677,2014-05-30 15:49:40,256910,220071,1,2,95.98,33.98
15678,2014-05-30 15:58:33,256923,217098,1,2,95.98,33.98
15679,2014-05-30 16:19:59,256934,216296,2,1,59.99,22.49
15680,2014-05-30 16:45:08,256946,220102,1,1,49.99,19.49
15681,2014-05-30 16:50:27,256950,220106,2,1,59.99,22.49
15682,2014-05-30 17:36:38,256981,220135,1,1,49.99,19.49
15683,2014-05-30 17:51:37,256990,200266,2,2,89.98,31.98
15684,2014-05-30 17:52:27,256994,183441,1,2,109.98,41.98
15685,2014-05-30 17:58:44,256996,220145,1,1,49.99,19.49
15686,2014-05-30 18:51:50,257026,199323,1,2,109.98,41.98
15687,2014-05-30 19:05:13,257027,199137,3,1,45.99,14.49
15688,2014-05-30 19:59:27,257049,182825,2,2,89.98,31.98
15689,2014-05-30 21:11:17,257073,220207,1,1,49.99,19.49
15690,2014-05-30 22:33:22,257096,220228,1,1,49.99,19.49
15691,2014-05-30 23:39:48,257110,220240,1,2,95.98,33.98
15692,2014-05-31 00:04:46,257123,171927,1,1,49.99,19.49
15693,2014-05-31 00:17:52,257129,220255,1,2,109.98,41.98
15694,2014-05-31 00:31:49,257131,220257,2,1,59.99,22.49
15695,2014-05-31 01:36:09,257141,220264,1,1,49.99,19.49
15696,2014-05-31 01:38:35,257143,198891,1,1,49.99,19.49
15697,2014-05-31 03:06:36,257157,220277,2,2,89.98,31.98
15698,2014-05-31 03:07:54,257156,220276,3,2,75.98,23.98
15699,2014-05-31 06:17:12,257184,220296,3,1,45.99,14.49
15700,2014-05-31 06:43:26,257187,220299,1,1,49.99,19.49
15701,2014-05-31 09:38:20,257226,220333,1,1,49.99,19.49
15702,2014-05-31 11:58:59,257260,220358,1,1,49.99,19.49
15703,2014-05-31 14:01:12,257299,220390,2,2,105.98,36.98
15704,2014-05-31 14:40:52,257309,220397,1,1,49.99,19.49
15705,2014-05-31 17:22:27,257356,220435,1,2,79.98,28.98
15706,2014-05-31 17:34:33,257359,220438,1,1,49.99,19.49
15707,2014-05-31 17:41:25,257361,220440,1,2,79.98,28.98
15708,2014-05-31 18:38:03,257383,220459,1,1,49.99,19.49
15709,2014-05-31 20:17:04,257399,203941,1,2,79.98,28.98
15710,2014-05-31 21:13:21,257409,220479,1,1,49.99,19.49
15711,2014-05-31 23:40:29,257438,220498,3,2,75.98,23.98
15712,2014-06-01 00:43:10,257453,220512,1,1,49.99,19.49
15713,2014-06-01 01:30:22,257461,220519,1,1,49.99,19.49
15714,2014-06-01 03:32:33,257473,220529,1,2,95.98,33.98
15715,2014-06-01 04:09:52,257483,220539,1,2,95.98,33.98
15716,2014-06-01 05:05:19,257489,190986,1,2,109.98,41.98
15717,2014-06-01 05:13:58,257490,215280,1,1,49.99,19.49
15718,2014-06-01 08:16:19,257512,193653,3,1,45.99,14.49
15719,2014-06-01 08:45:14,257515,220562,1,1,49.99,19.49
15720,2014-06-01 09:28:04,257525,190874,1,2,109.98,41.98
15721,2014-06-01 11:13:23,257540,220581,1,1,49.99,19.49
15722,2014-06-01 11:40:02,257545,220586,1,1,49.99,19.49
15723,2014-06-01 11:46:25,257551,212819,1,1,49.99,19.49
15724,2014-06-01 14:30:07,257587,220619,1,1,49.99,19.49
15725,2014-06-01 15:10:39,257594,208509,2,1,59.99,22.49
15726,2014-06-01 15:47:50,257601,220630,1,1,49.99,19.49
15727,2014-06-01 16:00:30,257605,220633,1,1,49.99,19.49
15728,2014-06-01 19:09:06,257656,220674,1,2,79.98,28.98
15729,2014-06-01 20:07:14,257665,220682,3,2,75.98,23.98
15730,2014-06-01 20:16:37,257667,202769,1,1,49.99,19.49
15731,2014-06-01 21:46:07,257698,220707,1,1,49.99,19.49
15732,2014-06-01 21:59:18,257705,220714,1,2,79.98,28.98
15733,2014-06-01 22:35:02,257718,220721,1,1,49.99,19.49
15734,2014-06-01 23:04:15,257732,220732,2,1,59.99,22.49
15735,2014-06-01 23:21:00,257737,220737,2,2,89.98,31.98
15736,2014-06-01 23:23:17,257738,220738,2,2,89.98,31.98
15737,2014-06-01 23:46:29,257750,220746,1,2,95.98,33.98
15738,2014-06-02 00:03:01,257758,220752,1,1,49.99,19.49
15739,2014-06-02 01:38:56,257785,204440,1,2,95.98,33.98
15740,2014-06-02 01:50:36,257791,198335,2,1,59.99,22.49
15741,2014-06-02 02:29:40,257800,220781,1,2,79.98,28.98
15742,2014-06-02 02:44:00,257802,207531,2,1,59.99,22.49
15743,2014-06-02 03:59:33,257817,208211,1,2,95.98,33.98
15744,2014-06-02 04:24:33,257823,220800,2,1,59.99,22.49
15745,2014-06-02 06:59:18,257851,220823,1,2,95.98,33.98
15746,2014-06-02 08:25:05,257881,220850,1,2,95.98,33.98
15747,2014-06-02 10:38:43,257956,220907,3,1,45.99,14.49
15748,2014-06-02 10:56:28,257970,218073,3,1,45.99,14.49
15749,2014-06-02 11:41:21,258006,220946,3,1,45.99,14.49
15750,2014-06-02 12:48:08,258061,220992,3,2,105.98,36.98
15751,2014-06-02 13:12:48,258079,221008,1,1,49.99,19.49
15752,2014-06-02 13:16:30,258090,221019,2,1,59.99,22.49
15753,2014-06-02 13:31:24,258095,221023,1,1,49.99,19.49
15754,2014-06-02 13:36:12,258096,221024,1,1,49.99,19.49
15755,2014-06-02 13:55:11,258121,192070,1,1,49.99,19.49
15756,2014-06-02 13:59:41,258123,221049,1,2,79.98,28.98
15757,2014-06-02 14:16:35,258132,221057,1,1,49.99,19.49
15758,2014-06-02 14:19:09,258135,183848,1,1,49.99,19.49
15759,2014-06-02 14:46:42,258145,221067,3,1,45.99,14.49
15760,2014-06-02 14:52:59,258149,218376,1,1,49.99,19.49
15761,2014-06-02 15:49:43,258190,221099,1,2,95.98,33.98
15762,2014-06-02 15:55:53,258192,218722,3,2,95.98,33.98
15763,2014-06-02 16:51:53,258232,221134,1,2,109.98,41.98
15764,2014-06-02 16:55:22,258233,221135,1,2,109.98,41.98
15765,2014-06-02 17:25:21,258258,221156,1,2,95.98,33.98
15766,2014-06-02 17:43:26,258269,221165,1,2,79.98,28.98
15767,2014-06-02 17:59:06,258282,221177,1,1,49.99,19.49
15768,2014-06-02 18:01:42,258283,221178,1,1,49.99,19.49
15769,2014-06-02 18:25:07,258298,221191,1,1,49.99,19.49
15770,2014-06-02 18:35:37,258306,201768,2,1,59.99,22.49
15771,2014-06-02 18:41:17,258308,212162,3,1,45.99,14.49
15772,2014-06-02 19:20:51,258338,221219,1,2,95.98,33.98
15773,2014-06-02 20:06:46,258371,221242,1,1,49.99,19.49
15774,2014-06-02 20:14:05,258377,221248,3,1,45.99,14.49
15775,2014-06-02 21:35:28,258408,221271,2,1,59.99,22.49
15776,2014-06-02 21:36:02,258409,191249,3,1,45.99,14.49
15777,2014-06-02 22:27:19,258421,194340,1,1,49.99,19.49
15778,2014-06-02 22:57:13,258429,221286,1,2,79.98,28.98
15779,2014-06-03 00:45:28,258460,221311,1,1,49.99,19.49
15780,2014-06-03 01:26:25,258471,221319,2,1,59.99,22.49
15781,2014-06-03 02:48:02,258492,221335,2,1,59.99,22.49
15782,2014-06-03 07:22:51,258541,221375,3,2,75.98,23.98
15783,2014-06-03 07:58:50,258556,221388,1,2,79.98,28.98
15784,2014-06-03 08:03:50,258557,221389,1,1,49.99,19.49
15785,2014-06-03 08:30:10,258566,221398,1,1,49.99,19.49
15786,2014-06-03 08:32:21,258573,221403,1,1,49.99,19.49
15787,2014-06-03 09:24:35,258590,221416,1,1,49.99,19.49
15788,2014-06-03 10:02:47,258607,221429,1,1,49.99,19.49
15789,2014-06-03 10:09:34,258609,221431,1,1,49.99,19.49
15790,2014-06-03 10:29:39,258624,221442,1,1,49.99,19.49
15791,2014-06-03 10:40:18,258631,214755,1,1,49.99,19.49
15792,2014-06-03 11:05:43,258647,201605,2,1,59.99,22.49
15793,2014-06-03 11:11:42,258659,221470,1,1,49.99,19.49
15794,2014-06-03 11:27:15,258668,221478,1,2,79.98,28.98
15795,2014-06-03 11:41:26,258677,221487,3,1,45.99,14.49
15796,2014-06-03 11:48:51,258684,208481,1,2,79.98,28.98
15797,2014-06-03 12:08:35,258708,210016,1,2,79.98,28.98
15798,2014-06-03 12:31:17,258723,212026,1,1,49.99,19.49
15799,2014-06-03 12:49:21,258737,221529,1,2,79.98,28.98
15800,2014-06-03 13:14:31,258760,221547,2,1,59.99,22.49
15801,2014-06-03 13:14:40,258761,221548,1,2,79.98,28.98
15802,2014-06-03 13:24:57,258762,221549,1,1,49.99,19.49
15803,2014-06-03 14:20:42,258801,221582,1,1,49.99,19.49
15804,2014-06-03 14:32:34,258816,221593,1,2,79.98,28.98
15805,2014-06-03 14:34:52,258823,221600,1,2,79.98,28.98
15806,2014-06-03 14:52:53,258837,205169,1,1,49.99,19.49
15807,2014-06-03 16:33:31,258898,221659,1,1,49.99,19.49
15808,2014-06-03 16:56:36,258913,221670,1,2,79.98,28.98
15809,2014-06-03 16:57:18,258914,221671,1,1,49.99,19.49
15810,2014-06-03 17:20:58,258931,199936,1,2,109.98,41.98
15811,2014-06-03 17:40:25,258946,221698,1,1,49.99,19.49
15812,2014-06-03 17:47:01,258951,221702,1,1,49.99,19.49
15813,2014-06-03 17:48:23,258945,221697,1,2,95.98,33.98
15814,2014-06-03 17:57:03,258957,221708,3,1,45.99,14.49
15815,2014-06-03 17:58:12,258959,221709,2,1,59.99,22.49
15816,2014-06-03 18:18:56,258977,221726,1,2,95.98,33.98
15817,2014-06-03 18:19:08,258979,221727,1,1,49.99,19.49
15818,2014-06-03 18:23:44,258978,193687,1,1,49.99,19.49
15819,2014-06-03 18:33:06,258984,221731,1,2,79.98,28.98
15820,2014-06-03 18:47:27,258987,221733,1,1,49.99,19.49
15821,2014-06-03 19:06:23,259001,221746,2,1,59.99,22.49
15822,2014-06-03 19:11:14,259003,221748,1,1,49.99,19.49
15823,2014-06-03 19:13:51,259005,221750,1,1,49.99,19.49
15824,2014-06-03 19:18:58,259007,221752,2,2,89.98,31.98
15825,2014-06-03 19:19:47,259012,221757,3,1,45.99,14.49
15826,2014-06-03 22:18:52,259074,190071,1,1,49.99,19.49
15827,2014-06-03 23:18:33,259088,221812,1,2,95.98,33.98
15828,2014-06-03 23:51:48,259105,221827,1,1,49.99,19.49
15829,2014-06-04 00:24:36,259110,221831,3,1,45.99,14.49
15830,2014-06-04 01:01:32,259116,221836,1,1,49.99,19.49
15831,2014-06-04 01:23:19,259127,186163,1,2,79.98,28.98
15832,2014-06-04 01:40:49,259132,194061,1,1,49.99,19.49
15833,2014-06-04 01:55:01,259134,221849,1,2,79.98,28.98
15834,2014-06-04 02:55:06,259146,221859,1,2,79.98,28.98
15835,2014-06-04 02:55:32,259144,221857,3,1,45.99,14.49
15836,2014-06-04 06:03:52,259170,221878,1,1,49.99,19.49
15837,2014-06-04 08:04:29,259205,221908,1,1,49.99,19.49
15838,2014-06-04 08:41:58,259216,221918,3,1,45.99,14.49
15839,2014-06-04 09:08:53,259225,199648,1,1,49.99,19.49
15840,2014-06-04 09:36:12,259233,221928,2,1,59.99,22.49
15841,2014-06-04 09:48:58,259242,221933,1,1,49.99,19.49
15842,2014-06-04 10:21:50,259266,221950,2,1,59.99,22.49
15843,2014-06-04 10:22:38,259270,221954,1,1,49.99,19.49
15844,2014-06-04 10:41:10,259278,221959,1,1,49.99,19.49
15845,2014-06-04 10:55:37,259296,206370,2,1,59.99,22.49
15846,2014-06-04 11:12:35,259310,206815,1,2,95.98,33.98
15847,2014-06-04 11:53:41,259339,192438,1,1,49.99,19.49
15848,2014-06-04 11:56:02,259349,222016,1,1,49.99,19.49
15849,2014-06-04 12:23:05,259362,222028,1,1,49.99,19.49
15850,2014-06-04 12:52:57,259388,222049,1,1,49.99,19.49
15851,2014-06-04 13:01:35,259394,222055,1,2,79.98,28.98
15852,2014-06-04 13:17:21,259408,219023,1,1,49.99,19.49
15853,2014-06-04 13:18:49,259414,222072,1,2,79.98,28.98
15854,2014-06-04 13:38:47,259430,210119,2,1,59.99,22.49
15855,2014-06-04 13:41:38,259433,222084,1,2,95.98,33.98
15856,2014-06-04 13:56:29,259440,222091,3,2,95.98,33.98
15857,2014-06-04 14:07:08,259449,194110,1,1,49.99,19.49
15858,2014-06-04 14:25:56,259466,222116,1,1,49.99,19.49
15859,2014-06-04 14:50:17,259490,222135,2,2,89.98,31.98
15860,2014-06-04 14:56:15,259495,196199,1,2,109.98,41.98
15861,2014-06-04 15:08:48,259512,222152,1,1,49.99,19.49
15862,2014-06-04 15:30:11,259521,222161,3,2,95.98,33.98
15863,2014-06-04 15:35:15,259530,222168,3,1,45.99,14.49
15864,2014-06-04 15:49:11,259536,222171,1,2,95.98,33.98
15865,2014-06-04 17:07:13,259610,217904,1,1,49.99,19.49
15866,2014-06-04 17:08:10,259611,222227,1,2,95.98,33.98
15867,2014-06-04 17:22:37,259616,222232,1,1,49.99,19.49
15868,2014-06-04 17:24:09,259617,222233,1,1,49.99,19.49
15869,2014-06-04 17:52:23,259637,222248,1,2,95.98,33.98
15870,2014-06-04 18:38:15,259663,201622,1,2,95.98,33.98
15871,2014-06-04 20:19:34,259729,222322,1,2,95.98,33.98
15872,2014-06-04 21:43:17,259762,222351,3,2,75.98,23.98
15873,2014-06-04 22:13:31,259774,222362,3,2,95.98,33.98
15874,2014-06-04 23:24:02,259798,222380,1,1,49.99,19.49
15875,2014-06-05 01:04:18,259829,222406,1,2,95.98,33.98
15876,2014-06-05 02:12:18,259844,203366,1,2,79.98,28.98
15877,2014-06-05 03:55:20,259863,222433,1,2,95.98,33.98
15878,2014-06-05 04:13:17,259865,203614,2,1,59.99,22.49
15879,2014-06-05 06:51:09,259888,222452,1,1,49.99,19.49
15880,2014-06-05 08:34:31,259927,199755,2,1,59.99,22.49
15881,2014-06-05 08:59:24,259937,222490,3,1,45.99,14.49
15882,2014-06-05 09:06:36,259939,222491,1,1,49.99,19.49
15883,2014-06-05 09:07:33,259942,200924,1,2,79.98,28.98
15884,2014-06-05 09:32:21,259952,222500,1,1,49.99,19.49
15885,2014-06-05 10:15:45,259979,222521,1,1,49.99,19.49
15886,2014-06-05 10:18:14,259982,222524,1,1,49.99,19.49
15887,2014-06-05 10:37:16,259998,222533,1,1,49.99,19.49
15888,2014-06-05 10:41:28,260003,222537,1,1,49.99,19.49
15889,2014-06-05 11:05:22,260016,222547,1,1,49.99,19.49
15890,2014-06-05 11:25:57,260031,222560,1,2,79.98,28.98
15891,2014-06-05 11:31:47,260040,222568,1,1,49.99,19.49
15892,2014-06-05 11:39:41,260043,188509,1,2,79.98,28.98
15893,2014-06-05 11:47:57,260050,197427,1,1,49.99,19.49
15894,2014-06-05 11:57:25,260056,222580,1,1,49.99,19.49
15895,2014-06-05 11:59:34,260058,222581,1,1,49.99,19.49
15896,2014-06-05 12:33:46,260080,222598,1,1,49.99,19.49
15897,2014-06-05 12:54:22,260094,181239,1,1,49.99,19.49
15898,2014-06-05 13:04:03,260100,222613,1,1,49.99,19.49
15899,2014-06-05 13:07:18,260107,182438,2,1,59.99,22.49
15900,2014-06-05 13:14:04,260108,222618,1,1,49.99,19.49
15901,2014-06-05 13:18:25,260109,222619,1,1,49.99,19.49
15902,2014-06-05 13:27:37,260118,222628,1,2,79.98,28.98
15903,2014-06-05 13:40:37,260127,222637,1,2,95.98,33.98
15904,2014-06-05 13:44:17,260132,222642,1,1,49.99,19.49
15905,2014-06-05 13:48:48,260141,222650,1,1,49.99,19.49
15906,2014-06-05 14:06:59,260151,222658,1,2,79.98,28.98
15907,2014-06-05 14:21:26,260164,222668,1,2,109.98,41.98
15908,2014-06-05 14:39:54,260178,222678,1,2,79.98,28.98
15909,2014-06-05 14:45:25,260185,222684,1,1,49.99,19.49
15910,2014-06-05 14:49:27,260186,222685,1,1,49.99,19.49
15911,2014-06-05 15:41:35,260225,222718,1,1,49.99,19.49
15912,2014-06-05 15:59:33,260246,200194,1,1,49.99,19.49
15913,2014-06-05 16:22:09,260253,198191,1,2,79.98,28.98
15914,2014-06-05 16:58:55,260289,222765,3,2,95.98,33.98
15915,2014-06-05 17:01:59,260294,222770,2,1,59.99,22.49
15916,2014-06-05 17:21:27,260307,198085,3,2,75.98,23.98
15917,2014-06-05 18:00:41,260335,222804,1,2,95.98,33.98
15918,2014-06-05 18:18:43,260344,222811,2,1,59.99,22.49
15919,2014-06-05 18:49:26,260360,222825,3,2,75.98,23.98
15920,2014-06-05 19:03:39,260365,222829,1,2,109.98,41.98
15921,2014-06-05 19:05:40,260366,222830,1,2,79.98,28.98
15922,2014-06-05 19:06:37,260364,176544,2,1,59.99,22.49
15923,2014-06-05 20:03:34,260399,222856,1,1,49.99,19.49
15924,2014-06-05 21:30:19,260433,222886,1,1,49.99,19.49
15925,2014-06-05 21:33:04,260432,201656,1,2,79.98,28.98
15926,2014-06-05 23:35:39,260471,222918,1,1,49.99,19.49
15927,2014-06-06 00:04:56,260483,222927,1,2,95.98,33.98
15928,2014-06-06 00:13:53,260486,222929,1,2,95.98,33.98
15929,2014-06-06 01:34:08,260501,209007,1,2,79.98,28.98
15930,2014-06-06 02:53:57,260512,222948,1,2,79.98,28.98
15931,2014-06-06 03:37:15,260519,222952,1,1,49.99,19.49
15932,2014-06-06 04:03:53,260523,222955,1,1,49.99,19.49
15933,2014-06-06 04:08:29,260527,222959,2,1,59.99,22.49
15934,2014-06-06 04:09:02,260525,222957,2,2,105.98,36.98
15935,2014-06-06 06:32:38,260551,220108,1,1,49.99,19.49
15936,2014-06-06 08:08:22,260580,223001,1,1,49.99,19.49
15937,2014-06-06 08:33:17,260588,223008,1,2,109.98,41.98
15938,2014-06-06 09:17:03,260606,199554,3,1,45.99,14.49
15939,2014-06-06 09:29:32,260618,223032,1,2,79.98,28.98
15940,2014-06-06 09:31:44,260619,223033,1,2,109.98,41.98
15941,2014-06-06 10:05:30,260637,223050,3,1,45.99,14.49
15942,2014-06-06 10:06:17,260643,204785,3,1,45.99,14.49
15943,2014-06-06 10:12:44,260642,223055,1,2,109.98,41.98
15944,2014-06-06 10:20:21,260649,223060,1,1,49.99,19.49
15945,2014-06-06 10:32:56,260655,223063,1,2,79.98,28.98
15946,2014-06-06 10:33:58,260664,223072,1,1,49.99,19.49
15947,2014-06-06 11:07:23,260681,223088,1,2,95.98,33.98
15948,2014-06-06 11:21:04,260692,223099,1,2,79.98,28.98
15949,2014-06-06 11:42:50,260707,223113,1,1,49.99,19.49
15950,2014-06-06 12:20:45,260736,223135,1,1,49.99,19.49
15951,2014-06-06 12:36:24,260750,192484,1,1,49.99,19.49
15952,2014-06-06 13:43:18,260801,223187,1,1,49.99,19.49
15953,2014-06-06 14:33:07,260837,223216,3,1,45.99,14.49
15954,2014-06-06 14:47:49,260846,223223,1,2,79.98,28.98
15955,2014-06-06 15:26:34,260868,223244,1,1,49.99,19.49
15956,2014-06-06 15:38:21,260879,223253,1,1,49.99,19.49
15957,2014-06-06 16:06:45,260896,223269,1,2,95.98,33.98
15958,2014-06-06 16:44:27,260933,223301,1,2,79.98,28.98
15959,2014-06-06 18:30:40,260984,223339,1,1,49.99,19.49
15960,2014-06-06 18:39:17,260990,207065,1,2,95.98,33.98
15961,2014-06-06 18:59:26,260998,223351,2,1,59.99,22.49
15962,2014-06-06 20:19:20,261026,203026,1,1,49.99,19.49
15963,2014-06-06 20:57:46,261040,223386,1,1,49.99,19.49
15964,2014-06-06 21:01:45,261041,207393,1,2,95.98,33.98
15965,2014-06-06 22:21:56,261060,223401,3,1,45.99,14.49
15966,2014-06-06 22:28:13,261067,223407,1,1,49.99,19.49
15967,2014-06-06 22:35:41,261070,223410,1,1,49.99,19.49
15968,2014-06-06 23:32:23,261085,223423,1,1,49.99,19.49
15969,2014-06-07 02:43:00,261115,217841,1,1,49.99,19.49
15970,2014-06-07 03:59:28,261131,223457,3,2,95.98,33.98
15971,2014-06-07 04:07:42,261133,201861,3,2,75.98,23.98
15972,2014-06-07 06:23:41,261148,223467,3,2,95.98,33.98
15973,2014-06-07 08:05:37,261165,200592,2,1,59.99,22.49
15974,2014-06-07 08:43:46,261172,223486,1,1,49.99,19.49
15975,2014-06-07 10:49:14,261207,223513,1,1,49.99,19.49
15976,2014-06-07 12:19:43,261232,223535,1,2,95.98,33.98
15977,2014-06-07 12:32:29,261238,223539,1,1,49.99,19.49
15978,2014-06-07 13:18:56,261257,223553,1,1,49.99,19.49
15979,2014-06-07 13:25:12,261254,223551,3,1,45.99,14.49
15980,2014-06-07 14:30:23,261279,223572,1,1,49.99,19.49
15981,2014-06-07 14:40:15,261282,223575,1,2,79.98,28.98
15982,2014-06-07 16:23:06,261323,223613,3,1,45.99,14.49
15983,2014-06-07 20:20:51,261376,223655,1,2,79.98,28.98
15984,2014-06-07 21:32:17,261391,223669,1,1,49.99,19.49
15985,2014-06-07 23:54:20,261413,223689,3,1,45.99,14.49
15986,2014-06-08 00:53:51,261426,223701,1,2,79.98,28.98
15987,2014-06-08 02:32:14,261444,223715,1,2,79.98,28.98
15988,2014-06-08 02:32:42,261445,223716,2,1,59.99,22.49
15989,2014-06-08 03:01:26,261451,223722,3,1,45.99,14.49
15990,2014-06-08 08:02:50,261478,223743,1,2,79.98,28.98
15991,2014-06-08 08:15:23,261481,223746,2,1,59.99,22.49
15992,2014-06-08 09:05:25,261489,223753,1,2,95.98,33.98
15993,2014-06-08 09:22:11,261490,211666,1,1,49.99,19.49
15994,2014-06-08 10:35:00,261502,223761,2,1,59.99,22.49
15995,2014-06-08 10:42:08,261504,223763,1,1,49.99,19.49
15996,2014-06-08 12:38:04,261532,223788,1,2,79.98,28.98
15997,2014-06-08 12:53:47,261536,223792,1,2,79.98,28.98
15998,2014-06-08 13:25:40,261545,191739,1,2,79.98,28.98
15999,2014-06-08 13:44:55,261554,223808,1,2,95.98,33.98
16000,2014-06-08 13:51:41,261555,223809,3,1,45.99,14.49
16001,2014-06-08 14:02:05,261562,223814,2,2,89.98,31.98
16002,2014-06-08 14:12:48,261565,223817,1,1,49.99,19.49
16003,2014-06-08 14:54:18,261588,223836,2,1,59.99,22.49
16004,2014-06-08 15:15:21,261598,223845,2,1,59.99,22.49
16005,2014-06-08 15:36:14,261605,223852,1,1,49.99,19.49
16006,2014-06-08 15:41:27,261608,223854,1,1,49.99,19.49
16007,2014-06-08 15:42:59,261607,211175,1,1,49.99,19.49
16008,2014-06-08 15:59:28,261614,223860,1,2,95.98,33.98
16009,2014-06-08 17:40:08,261646,223881,1,1,49.99,19.49
16010,2014-06-08 17:42:59,261645,223880,3,1,45.99,14.49
16011,2014-06-08 17:54:15,261649,223884,1,2,79.98,28.98
16012,2014-06-08 18:08:36,261652,223887,2,1,59.99,22.49
16013,2014-06-08 18:59:24,261667,223899,1,1,49.99,19.49
16014,2014-06-08 19:40:12,261677,223907,3,2,75.98,23.98
16015,2014-06-08 19:43:32,261678,223908,3,1,45.99,14.49
16016,2014-06-08 22:22:14,261733,205834,1,1,49.99,19.49
16017,2014-06-08 23:07:44,261755,223977,1,1,49.99,19.49
16018,2014-06-08 23:21:38,261759,223981,1,2,79.98,28.98
16019,2014-06-09 00:18:12,261772,223990,1,1,49.99,19.49
16020,2014-06-09 01:07:58,261791,224006,2,1,59.99,22.49
16021,2014-06-09 01:18:58,261793,224008,2,1,59.99,22.49
16022,2014-06-09 01:55:23,261805,224019,3,2,95.98,33.98
16023,2014-06-09 02:37:53,261813,224025,1,1,49.99,19.49
16024,2014-06-09 02:58:48,261817,224028,1,1,49.99,19.49
16025,2014-06-09 03:04:13,261819,224030,1,1,49.99,19.49
16026,2014-06-09 06:01:55,261851,224057,1,1,49.99,19.49
16027,2014-06-09 06:05:09,261850,224056,3,2,95.98,33.98
16028,2014-06-09 07:07:41,261863,195485,2,1,59.99,22.49
16029,2014-06-09 07:11:36,261865,224068,3,1,45.99,14.49
16030,2014-06-09 07:34:23,261873,224073,1,1,49.99,19.49
16031,2014-06-09 07:36:36,261874,224074,1,1,49.99,19.49
16032,2014-06-09 08:05:53,261886,224085,2,1,59.99,22.49
16033,2014-06-09 09:08:43,261907,224105,1,2,79.98,28.98
16034,2014-06-09 09:55:56,261935,224128,3,1,45.99,14.49
16035,2014-06-09 09:58:58,261933,224126,1,1,49.99,19.49
16036,2014-06-09 10:19:16,261951,224140,3,1,45.99,14.49
16037,2014-06-09 10:25:26,261957,224146,3,1,45.99,14.49
16038,2014-06-09 10:47:33,261981,224163,1,2,109.98,41.98
16039,2014-06-09 10:47:35,261976,224160,2,1,59.99,22.49
16040,2014-06-09 11:13:05,262006,224183,1,2,79.98,28.98
16041,2014-06-09 11:13:22,262002,224179,1,2,95.98,33.98
16042,2014-06-09 11:58:59,262040,224212,1,1,49.99,19.49
16043,2014-06-09 12:04:15,262045,224216,1,1,49.99,19.49
16044,2014-06-09 12:18:13,262058,224227,1,1,49.99,19.49
16045,2014-06-09 12:20:38,262059,199273,1,2,79.98,28.98
16046,2014-06-09 13:11:51,262094,224258,1,1,49.99,19.49
16047,2014-06-09 14:12:34,262142,224301,1,1,49.99,19.49
16048,2014-06-09 14:16:59,262146,224304,1,1,49.99,19.49
16049,2014-06-09 14:18:00,262150,224308,1,1,49.99,19.49
16050,2014-06-09 14:44:05,262163,224319,3,1,45.99,14.49
16051,2014-06-09 15:02:21,262175,224328,2,2,89.98,31.98
16052,2014-06-09 15:11:56,262181,224334,1,2,79.98,28.98
16053,2014-06-09 15:15:31,262185,224338,1,2,79.98,28.98
16054,2014-06-09 15:29:33,262196,224348,1,1,49.99,19.49
16055,2014-06-09 15:47:42,262216,224367,2,1,59.99,22.49
16056,2014-06-09 15:50:44,262214,224365,3,2,75.98,23.98
16057,2014-06-09 16:01:13,262220,224370,1,1,49.99,19.49
16058,2014-06-09 16:07:38,262227,224374,1,1,49.99,19.49
16059,2014-06-09 16:24:35,262241,224383,1,2,79.98,28.98
16060,2014-06-09 16:37:59,262250,224390,2,2,89.98,31.98
16061,2014-06-09 16:57:54,262268,224404,1,1,49.99,19.49
16062,2014-06-09 17:11:22,262277,196664,1,1,49.99,19.49
16063,2014-06-09 17:13:42,262280,224413,1,2,95.98,33.98
16064,2014-06-09 17:18:57,262278,186483,1,1,49.99,19.49
16065,2014-06-09 17:19:42,262281,196980,1,1,49.99,19.49
16066,2014-06-09 17:19:49,262283,224414,3,2,75.98,23.98
16067,2014-06-09 17:41:47,262295,224425,1,2,95.98,33.98
16068,2014-06-09 17:43:00,262303,224432,1,1,49.99,19.49
16069,2014-06-09 18:16:45,262321,200450,1,2,109.98,41.98
16070,2014-06-09 18:30:49,262336,224460,1,1,49.99,19.49
16071,2014-06-09 18:44:47,262338,224462,1,1,49.99,19.49
16072,2014-06-09 19:01:22,262350,181479,1,2,79.98,28.98
16073,2014-06-09 19:30:33,262367,224484,1,2,79.98,28.98
16074,2014-06-09 19:55:07,262373,224490,1,1,49.99,19.49
16075,2014-06-09 20:27:54,262392,224506,1,1,49.99,19.49
16076,2014-06-09 20:47:40,262398,224512,1,2,95.98,33.98
16077,2014-06-09 20:52:43,262399,224513,3,1,45.99,14.49
16078,2014-06-09 23:17:07,262451,224553,3,1,45.99,14.49
16079,2014-06-09 23:21:42,262455,224556,3,1,45.99,14.49
16080,2014-06-10 00:44:18,262479,194656,1,1,49.99,19.49
16081,2014-06-10 00:56:49,262482,224573,1,2,95.98,33.98
16082,2014-06-10 02:04:39,262499,224587,3,2,75.98,23.98
16083,2014-06-10 06:19:58,262544,204931,2,1,59.99,22.49
16084,2014-06-10 06:29:19,262545,194972,1,1,49.99,19.49
16085,2014-06-10 06:55:12,262547,224626,1,2,109.98,41.98
16086,2014-06-10 07:58:16,262566,224641,1,2,95.98,33.98
16087,2014-06-10 08:28:02,262573,224647,3,1,45.99,14.49
16088,2014-06-10 09:10:41,262583,224655,1,2,109.98,41.98
16089,2014-06-10 09:35:49,262598,224667,1,1,49.99,19.49
16090,2014-06-10 09:44:53,262601,205047,1,1,49.99,19.49
16091,2014-06-10 09:51:49,262607,224673,1,1,49.99,19.49
16092,2014-06-10 09:56:30,262609,224675,2,1,59.99,22.49
16093,2014-06-10 10:23:06,262628,224690,1,1,49.99,19.49
16094,2014-06-10 10:30:41,262637,201625,1,1,49.99,19.49
16095,2014-06-10 11:20:45,262670,224727,1,1,49.99,19.49
16096,2014-06-10 11:24:34,262680,224735,1,1,49.99,19.49
16097,2014-06-10 11:27:20,262679,221621,1,2,79.98,28.98
16098,2014-06-10 11:42:27,262693,216399,1,1,49.99,19.49
16099,2014-06-10 11:45:17,262697,224749,1,2,109.98,41.98
16100,2014-06-10 11:49:00,262696,224748,1,1,49.99,19.49
16101,2014-06-10 11:58:33,262714,224764,1,1,49.99,19.49
16102,2014-06-10 12:12:38,262726,224774,3,1,45.99,14.49
16103,2014-06-10 12:15:31,262728,224776,1,2,109.98,41.98
16104,2014-06-10 12:20:11,262732,224779,1,2,79.98,28.98
16105,2014-06-10 12:44:49,262747,224791,1,1,49.99,19.49
16106,2014-06-10 13:22:40,262781,187257,2,1,59.99,22.49
16107,2014-06-10 13:34:00,262788,224829,1,2,79.98,28.98
16108,2014-06-10 13:36:25,262790,224831,1,1,49.99,19.49
16109,2014-06-10 13:39:05,262800,217176,1,1,49.99,19.49
16110,2014-06-10 14:02:44,262808,224847,1,1,49.99,19.49
16111,2014-06-10 14:17:27,262821,224856,1,1,49.99,19.49
16112,2014-06-10 14:36:04,262838,191820,1,2,79.98,28.98
16113,2014-06-10 14:36:43,262829,224863,1,1,49.99,19.49
16114,2014-06-10 16:10:30,262902,224921,1,1,49.99,19.49
16115,2014-06-10 16:53:08,262934,224948,2,1,59.99,22.49
16116,2014-06-10 16:56:34,262933,224947,3,1,45.99,14.49
16117,2014-06-10 17:34:30,262955,224967,3,2,75.98,23.98
16118,2014-06-10 17:34:45,262959,195928,1,2,95.98,33.98
16119,2014-06-10 17:48:42,262969,217260,1,2,79.98,28.98
16120,2014-06-10 18:08:06,262984,224990,1,2,109.98,41.98
16121,2014-06-10 18:09:42,262993,224998,3,1,45.99,14.49
16122,2014-06-10 19:58:49,263038,225039,2,2,89.98,31.98
16123,2014-06-10 20:05:56,263047,225045,2,1,59.99,22.49
16124,2014-06-10 20:15:27,263051,225048,2,2,89.98,31.98
16125,2014-06-10 20:46:33,263070,202615,1,2,79.98,28.98
16126,2014-06-10 21:25:24,263084,210739,1,2,95.98,33.98
16127,2014-06-10 21:39:10,263092,196726,1,1,49.99,19.49
16128,2014-06-10 21:55:41,263101,225092,1,1,49.99,19.49
16129,2014-06-10 22:01:22,263104,225095,3,1,45.99,14.49
16130,2014-06-10 22:54:07,263130,225117,3,1,45.99,14.49
16131,2014-06-10 23:33:09,263142,225127,3,2,75.98,23.98
16132,2014-06-11 01:44:07,263173,225153,1,2,79.98,28.98
16133,2014-06-11 02:54:44,263195,225175,3,2,95.98,33.98
16134,2014-06-11 03:34:49,263200,225180,1,1,49.99,19.49
16135,2014-06-11 04:11:12,263207,225186,1,1,49.99,19.49
16136,2014-06-11 04:16:47,263206,225185,1,1,49.99,19.49
16137,2014-06-11 06:02:06,263233,225208,1,1,49.99,19.49
16138,2014-06-11 06:31:53,263239,216780,1,1,49.99,19.49
16139,2014-06-11 09:20:31,263287,225250,1,2,79.98,28.98
16140,2014-06-11 09:23:34,263296,225257,1,1,49.99,19.49
16141,2014-06-11 09:32:16,263302,225261,1,1,49.99,19.49
16142,2014-06-11 09:38:38,263305,225263,1,1,49.99,19.49
16143,2014-06-11 10:27:02,263341,225294,1,2,95.98,33.98
16144,2014-06-11 10:55:13,263364,225315,2,2,89.98,31.98
16145,2014-06-11 11:05:40,263373,225323,2,1,59.99,22.49
16146,2014-06-11 11:09:11,263374,225324,1,2,109.98,41.98
16147,2014-06-11 11:44:09,263416,225353,1,1,49.99,19.49
16148,2014-06-11 11:54:08,263419,225356,1,1,49.99,19.49
16149,2014-06-11 11:59:36,263425,225361,1,1,49.99,19.49
16150,2014-06-11 12:12:57,263435,225370,1,1,49.99,19.49
16151,2014-06-11 12:46:06,263463,215483,1,1,49.99,19.49
16152,2014-06-11 13:35:48,263506,225430,1,1,49.99,19.49
16153,2014-06-11 13:37:37,263505,225429,1,2,95.98,33.98
16154,2014-06-11 13:46:50,263519,195256,1,1,49.99,19.49
16155,2014-06-11 13:59:19,263529,225446,2,1,59.99,22.49
16156,2014-06-11 14:10:20,263538,225454,1,2,79.98,28.98
16157,2014-06-11 14:27:02,263554,225468,3,1,45.99,14.49
16158,2014-06-11 14:41:32,263566,225480,1,1,49.99,19.49
16159,2014-06-11 15:45:24,263622,225530,3,1,45.99,14.49
16160,2014-06-11 16:13:14,263647,204720,3,1,45.99,14.49
16161,2014-06-11 16:26:25,263656,225557,1,1,49.99,19.49
16162,2014-06-11 16:41:11,263669,225566,1,2,95.98,33.98
16163,2014-06-11 17:03:15,263691,225587,1,2,79.98,28.98
16164,2014-06-11 17:28:31,263709,225599,1,1,49.99,19.49
16165,2014-06-11 18:57:11,263758,225639,1,2,95.98,33.98
16166,2014-06-11 19:04:38,263765,225645,3,1,45.99,14.49
16167,2014-06-11 19:45:53,263786,225661,1,1,49.99,19.49
16168,2014-06-11 19:52:02,263787,225662,1,1,49.99,19.49
16169,2014-06-11 20:35:41,263808,225681,1,2,95.98,33.98
16170,2014-06-11 20:36:33,263807,225680,1,1,49.99,19.49
16171,2014-06-11 20:40:57,263811,225683,1,1,49.99,19.49
16172,2014-06-11 20:43:32,263813,225685,1,2,79.98,28.98
16173,2014-06-11 21:17:39,263828,201626,2,2,89.98,31.98
16174,2014-06-11 21:57:10,263849,225718,3,2,75.98,23.98
16175,2014-06-11 22:34:20,263861,225728,2,1,59.99,22.49
16176,2014-06-11 23:21:40,263870,225734,1,1,49.99,19.49
16177,2014-06-11 23:56:25,263885,225747,1,2,79.98,28.98
16178,2014-06-12 02:07:11,263924,225778,1,2,95.98,33.98
16179,2014-06-12 02:28:58,263930,225783,1,2,79.98,28.98
16180,2014-06-12 02:49:43,263932,225784,3,1,45.99,14.49
16181,2014-06-12 03:26:59,263937,225789,2,1,59.99,22.49
16182,2014-06-12 04:22:20,263941,206436,2,1,59.99,22.49
16183,2014-06-12 04:33:24,263943,225792,1,2,79.98,28.98
16184,2014-06-12 06:36:30,263959,225805,1,1,49.99,19.49
16185,2014-06-12 07:28:29,263981,225821,1,1,49.99,19.49
16186,2014-06-12 07:45:05,263986,225825,2,1,59.99,22.49
16187,2014-06-12 08:27:39,264002,225835,1,2,79.98,28.98
16188,2014-06-12 08:45:57,264014,195470,2,1,59.99,22.49
16189,2014-06-12 09:15:43,264031,225856,1,1,49.99,19.49
16190,2014-06-12 09:26:35,264039,225863,1,1,49.99,19.49
16191,2014-06-12 11:02:04,264099,225913,1,2,95.98,33.98
16192,2014-06-12 11:08:00,264102,225915,1,2,95.98,33.98
16193,2014-06-12 11:34:49,264122,225931,1,2,79.98,28.98
16194,2014-06-12 11:42:18,264124,206593,1,2,95.98,33.98
16195,2014-06-12 12:05:17,264146,225950,1,1,49.99,19.49
16196,2014-06-12 12:15:35,264154,225957,1,2,79.98,28.98
16197,2014-06-12 12:29:00,264160,225963,1,2,79.98,28.98
16198,2014-06-12 13:36:01,264211,203476,2,1,59.99,22.49
16199,2014-06-12 13:43:56,264217,226012,2,1,59.99,22.49
16200,2014-06-12 14:27:16,264247,226039,1,1,49.99,19.49
16201,2014-06-12 15:11:29,264281,217187,1,1,49.99,19.49
16202,2014-06-12 15:45:43,264310,226093,3,1,45.99,14.49
16203,2014-06-12 15:51:00,264314,226097,1,1,49.99,19.49
16204,2014-06-12 15:52:13,264311,226094,1,1,49.99,19.49
16205,2014-06-12 15:59:59,264319,226100,1,1,49.99,19.49
16206,2014-06-12 16:18:50,264338,226116,2,1,59.99,22.49
16207,2014-06-12 16:20:14,264345,226120,1,1,49.99,19.49
16208,2014-06-12 16:28:22,264350,208048,1,1,49.99,19.49
16209,2014-06-12 16:39:32,264361,226130,1,2,79.98,28.98
16210,2014-06-12 16:56:14,264369,211714,1,1,49.99,19.49
16211,2014-06-12 17:18:50,264388,226149,1,2,79.98,28.98
16212,2014-06-12 17:53:39,264414,226170,1,1,49.99,19.49
16213,2014-06-12 18:27:59,264441,226194,3,1,45.99,14.49
16214,2014-06-12 18:50:06,264450,187805,2,1,59.99,22.49
16215,2014-06-12 18:52:06,264449,226201,1,1,49.99,19.49
16216,2014-06-12 19:13:09,264464,226212,1,1,49.99,19.49
16217,2014-06-12 19:36:31,264473,226219,1,2,79.98,28.98
16218,2014-06-12 19:48:30,264477,226221,1,1,49.99,19.49
16219,2014-06-12 19:56:42,264482,226225,1,2,95.98,33.98
16220,2014-06-12 20:07:51,264483,226226,1,1,49.99,19.49
16221,2014-06-12 20:53:23,264506,226245,1,2,109.98,41.98
16222,2014-06-12 20:54:33,264507,226246,1,1,49.99,19.49
16223,2014-06-12 21:14:37,264519,226257,1,2,79.98,28.98
16224,2014-06-12 21:26:30,264524,226261,1,1,49.99,19.49
16225,2014-06-12 21:57:55,264544,226277,1,2,109.98,41.98
16226,2014-06-12 22:35:21,264565,226297,3,2,75.98,23.98
16227,2014-06-12 23:19:46,264579,226309,3,2,75.98,23.98
16228,2014-06-13 02:13:10,264621,226345,1,1,49.99,19.49
16229,2014-06-13 03:39:52,264632,226355,2,1,59.99,22.49
16230,2014-06-13 05:47:26,264658,226378,2,1,59.99,22.49
16231,2014-06-13 08:09:12,264693,226409,1,2,95.98,33.98
16232,2014-06-13 08:30:21,264697,202657,1,1,49.99,19.49
16233,2014-06-13 09:09:00,264722,226431,1,1,49.99,19.49
16234,2014-06-13 09:37:28,264731,226439,2,1,59.99,22.49
16235,2014-06-13 09:41:44,264735,226440,2,1,59.99,22.49
16236,2014-06-13 10:19:15,264758,226461,1,2,79.98,28.98
16237,2014-06-13 10:38:01,264776,226478,1,1,49.99,19.49
16238,2014-06-13 10:56:15,264782,200672,2,1,59.99,22.49
16239,2014-06-13 11:05:20,264798,199477,1,1,49.99,19.49
16240,2014-06-13 11:06:51,264796,226494,1,1,49.99,19.49
16241,2014-06-13 11:09:14,264797,226495,1,1,49.99,19.49
16242,2014-06-13 11:23:45,264810,210656,1,1,49.99,19.49
16243,2014-06-13 11:29:40,264823,226517,3,2,95.98,33.98
16244,2014-06-13 11:29:56,264814,226509,2,1,59.99,22.49
16245,2014-06-13 11:55:52,264846,226534,2,1,59.99,22.49
16246,2014-06-13 11:56:54,264847,226535,2,1,59.99,22.49
16247,2014-06-13 11:56:55,264850,196927,1,1,49.99,19.49
16248,2014-06-13 12:07:04,264860,197825,1,2,79.98,28.98
16249,2014-06-13 12:09:44,264859,226543,1,1,49.99,19.49
16250,2014-06-13 12:23:11,264874,226555,1,1,49.99,19.49
16251,2014-06-13 12:33:26,264884,226562,3,2,75.98,23.98
16252,2014-06-13 13:15:00,264903,226579,1,1,49.99,19.49
16253,2014-06-13 14:27:32,264955,226624,1,1,49.99,19.49
16254,2014-06-13 14:28:43,264957,226626,1,1,49.99,19.49
16255,2014-06-13 14:31:40,264962,195252,1,1,49.99,19.49
16256,2014-06-13 14:38:49,264966,226632,1,1,49.99,19.49
16257,2014-06-13 14:52:46,264979,226643,3,1,45.99,14.49
16258,2014-06-13 15:45:35,265012,226671,3,1,45.99,14.49
16259,2014-06-13 15:47:09,265013,184634,3,2,75.98,23.98
16260,2014-06-13 15:52:54,265016,226674,3,2,75.98,23.98
16261,2014-06-13 15:57:33,265022,226679,1,1,49.99,19.49
16262,2014-06-13 16:18:14,265033,226685,1,1,49.99,19.49
16263,2014-06-13 16:33:48,265046,189945,1,1,49.99,19.49
16264,2014-06-13 17:17:41,265081,226719,1,2,79.98,28.98
16265,2014-06-13 17:21:07,265085,226723,2,1,59.99,22.49
16266,2014-06-13 17:24:50,265084,226722,1,1,49.99,19.49
16267,2014-06-13 17:31:41,265087,226724,1,1,49.99,19.49
16268,2014-06-13 17:42:21,265093,226729,3,1,45.99,14.49
16269,2014-06-13 17:54:33,265095,226730,1,1,49.99,19.49
16270,2014-06-13 17:57:49,265106,226739,2,1,59.99,22.49
16271,2014-06-13 18:04:00,265110,226743,1,1,49.99,19.49
16272,2014-06-13 18:21:20,265123,226752,1,1,49.99,19.49
16273,2014-06-13 21:15:05,265185,202052,1,1,49.99,19.49
16274,2014-06-13 22:33:56,265205,226819,1,2,95.98,33.98
16275,2014-06-13 23:56:03,265223,226836,1,1,49.99,19.49
16276,2014-06-14 08:37:10,265308,206106,1,1,49.99,19.49
16277,2014-06-14 09:21:21,265317,226917,1,1,49.99,19.49
16278,2014-06-14 10:02:16,265332,226929,1,1,49.99,19.49
16279,2014-06-14 10:36:36,265343,226940,1,1,49.99,19.49
16280,2014-06-14 11:37:19,265370,226964,1,1,49.99,19.49
16281,2014-06-14 13:40:13,265411,226999,1,1,49.99,19.49
16282,2014-06-14 14:12:12,265426,202720,1,2,79.98,28.98
16283,2014-06-14 14:32:43,265431,227015,1,2,79.98,28.98
16284,2014-06-14 15:18:52,265444,227027,1,2,79.98,28.98
16285,2014-06-14 15:46:14,265453,227034,1,1,49.99,19.49
16286,2014-06-14 15:50:53,265455,227036,1,2,79.98,28.98
16287,2014-06-14 17:19:45,265474,227053,1,1,49.99,19.49
16288,2014-06-14 17:52:22,265485,227063,1,1,49.99,19.49
16289,2014-06-14 20:46:15,265525,227097,2,2,89.98,31.98
16290,2014-06-15 00:57:29,265574,227141,1,2,79.98,28.98
16291,2014-06-15 03:05:05,265593,227156,1,2,95.98,33.98
16292,2014-06-15 03:23:07,265595,227158,1,1,49.99,19.49
16293,2014-06-15 05:19:22,265607,227166,1,2,79.98,28.98
16294,2014-06-15 05:30:59,265610,227169,2,1,59.99,22.49
16295,2014-06-15 10:16:47,265666,227214,1,1,49.99,19.49
16296,2014-06-15 10:19:13,265665,227213,1,2,79.98,28.98
16297,2014-06-15 10:42:07,265673,227220,3,1,45.99,14.49
16298,2014-06-15 11:32:19,265681,227227,1,2,79.98,28.98
16299,2014-06-15 11:39:30,265682,227228,1,1,49.99,19.49
16300,2014-06-15 12:24:33,265690,227234,3,1,45.99,14.49
16301,2014-06-15 13:17:03,265703,220131,1,2,95.98,33.98
16302,2014-06-15 13:26:05,265706,212343,1,1,49.99,19.49
16303,2014-06-15 13:45:37,265721,227260,3,1,45.99,14.49
16304,2014-06-15 13:51:28,265725,227263,1,2,109.98,41.98
16305,2014-06-15 15:18:21,265748,227279,1,2,79.98,28.98
16306,2014-06-15 15:55:37,265761,227291,1,1,49.99,19.49
16307,2014-06-15 16:33:43,265778,227303,3,2,75.98,23.98
16308,2014-06-15 17:06:04,265788,227312,1,1,49.99,19.49
16309,2014-06-15 19:10:45,265812,227330,1,1,49.99,19.49
16310,2014-06-15 19:26:57,265815,227333,1,2,79.98,28.98
16311,2014-06-15 19:57:20,265819,227336,3,1,45.99,14.49
16312,2014-06-15 20:16:23,265831,204401,1,1,49.99,19.49
16313,2014-06-15 21:11:50,265848,227361,1,1,49.99,19.49
16314,2014-06-15 21:22:00,265857,227369,1,2,109.98,41.98
16315,2014-06-15 21:49:29,265872,215997,1,1,49.99,19.49
16316,2014-06-15 22:46:32,265899,227405,1,1,49.99,19.49
16317,2014-06-15 23:40:09,265919,227423,1,1,49.99,19.49
16318,2014-06-15 23:45:19,265921,227425,2,1,59.99,22.49
16319,2014-06-16 00:36:00,265941,227441,1,1,49.99,19.49
16320,2014-06-16 00:52:38,265948,227447,2,1,59.99,22.49
16321,2014-06-16 01:02:38,265949,227448,1,2,79.98,28.98
16322,2014-06-16 01:24:21,265956,227453,1,2,95.98,33.98
16323,2014-06-16 01:42:27,265960,210044,1,1,49.99,19.49
16324,2014-06-16 01:54:21,265964,227460,1,2,95.98,33.98
16325,2014-06-16 02:04:47,265966,204245,1,1,49.99,19.49
16326,2014-06-16 03:11:07,265983,227474,1,2,95.98,33.98
16327,2014-06-16 04:12:43,265997,227485,3,1,45.99,14.49
16328,2014-06-16 05:09:29,266004,227491,1,1,49.99,19.49
16329,2014-06-16 05:41:04,266012,227499,3,2,75.98,23.98
16330,2014-06-16 06:21:40,266024,227508,3,2,105.98,36.98
16331,2014-06-16 06:43:54,266029,227513,1,2,109.98,41.98
16332,2014-06-16 07:57:37,266047,227529,2,1,59.99,22.49
16333,2014-06-16 08:31:09,266061,227542,1,1,49.99,19.49
16334,2014-06-16 08:56:51,266076,227555,2,1,59.99,22.49
16335,2014-06-16 10:11:38,266111,227583,2,1,59.99,22.49
16336,2014-06-16 10:12:06,266108,227580,1,1,49.99,19.49
16337,2014-06-16 10:30:28,266124,221800,1,2,95.98,33.98
16338,2014-06-16 10:43:38,266132,227599,1,1,49.99,19.49
16339,2014-06-16 11:04:50,266144,206349,1,1,49.99,19.49
16340,2014-06-16 11:10:43,266146,227608,2,1,59.99,22.49
16341,2014-06-16 11:38:28,266190,217192,2,1,59.99,22.49
16342,2014-06-16 12:03:32,266209,227651,1,1,49.99,19.49
16343,2014-06-16 12:27:28,266219,215848,1,2,79.98,28.98
16344,2014-06-16 12:28:13,266226,227663,1,2,79.98,28.98
16345,2014-06-16 12:48:05,266237,227673,2,1,59.99,22.49
16346,2014-06-16 12:48:22,266239,227674,1,1,49.99,19.49
16347,2014-06-16 12:50:02,266240,227675,2,1,59.99,22.49
16348,2014-06-16 13:03:38,266259,227693,1,2,79.98,28.98
16349,2014-06-16 13:26:47,266271,227704,1,1,49.99,19.49
16350,2014-06-16 13:30:33,266272,222403,1,1,49.99,19.49
16351,2014-06-16 13:37:58,266282,227714,2,1,59.99,22.49
16352,2014-06-16 14:28:13,266314,227741,2,1,59.99,22.49
16353,2014-06-16 15:14:23,266345,227765,3,2,75.98,23.98
16354,2014-06-16 15:24:52,266348,225037,1,2,79.98,28.98
16355,2014-06-16 15:35:10,266361,227777,1,2,79.98,28.98
16356,2014-06-16 16:06:07,266379,227793,2,1,59.99,22.49
16357,2014-06-16 16:09:49,266384,227797,1,2,109.98,41.98
16358,2014-06-16 16:22:33,266388,227801,3,1,45.99,14.49
16359,2014-06-16 16:35:57,266400,227811,3,1,45.99,14.49
16360,2014-06-16 17:03:34,266421,227828,1,1,49.99,19.49
16361,2014-06-16 17:38:45,266456,227859,2,1,59.99,22.49
16362,2014-06-16 17:54:52,266468,227869,1,1,49.99,19.49
16363,2014-06-16 18:14:12,266483,227882,1,1,49.99,19.49
16364,2014-06-16 18:23:42,266488,219525,1,2,79.98,28.98
16365,2014-06-16 19:46:56,266532,227921,1,1,49.99,19.49
16366,2014-06-16 20:19:05,266545,227931,3,1,45.99,14.49
16367,2014-06-16 20:42:33,266554,227939,1,1,49.99,19.49
16368,2014-06-16 21:22:21,266573,227952,1,2,95.98,33.98
16369,2014-06-16 21:28:16,266575,227953,3,1,45.99,14.49
16370,2014-06-16 21:47:05,266581,227957,2,1,59.99,22.49
16371,2014-06-16 22:03:06,266594,227967,3,1,45.99,14.49
16372,2014-06-16 22:44:20,266606,227977,3,1,45.99,14.49
16373,2014-06-16 22:57:37,266617,214568,3,2,95.98,33.98
16374,2014-06-16 23:05:38,266621,227989,1,1,49.99,19.49
16375,2014-06-16 23:26:38,266630,227996,2,2,89.98,31.98
16376,2014-06-16 23:28:06,266631,227997,2,2,89.98,31.98
16377,2014-06-17 00:00:02,266639,228001,1,2,79.98,28.98
16378,2014-06-17 00:57:53,266647,228007,3,1,45.99,14.49
16379,2014-06-17 03:09:30,266676,228032,1,1,49.99,19.49
16380,2014-06-17 03:36:44,266682,228037,2,1,59.99,22.49
16381,2014-06-17 05:06:10,266702,218251,2,1,59.99,22.49
16382,2014-06-17 06:31:48,266728,200120,1,1,49.99,19.49
16383,2014-06-17 08:32:26,266750,228096,1,1,49.99,19.49
16384,2014-06-17 09:12:20,266768,228110,1,1,49.99,19.49
16385,2014-06-17 09:15:57,266771,228113,3,1,45.99,14.49
16386,2014-06-17 09:29:21,266774,228115,1,1,49.99,19.49
16387,2014-06-17 10:43:54,266829,208985,2,1,59.99,22.49
16388,2014-06-17 10:44:33,266833,228161,1,1,49.99,19.49
16389,2014-06-17 10:45:07,266830,228158,1,2,109.98,41.98
16390,2014-06-17 10:57:08,266836,228164,1,1,49.99,19.49
16391,2014-06-17 11:06:28,266842,200271,1,1,49.99,19.49
16392,2014-06-17 11:06:36,266841,228168,1,1,49.99,19.49
16393,2014-06-17 11:28:24,266863,228184,1,2,79.98,28.98
16394,2014-06-17 11:39:55,266874,211828,1,2,95.98,33.98
16395,2014-06-17 11:58:20,266889,225297,1,2,79.98,28.98
16396,2014-06-17 12:13:56,266904,228214,2,1,59.99,22.49
16397,2014-06-17 12:42:53,266926,228231,1,2,79.98,28.98
16398,2014-06-17 12:50:34,266930,228234,1,2,79.98,28.98
16399,2014-06-17 12:51:51,266934,228238,1,2,95.98,33.98
16400,2014-06-17 12:51:55,266933,228237,1,1,49.99,19.49
16401,2014-06-17 13:30:15,266971,228266,3,1,45.99,14.49
16402,2014-06-17 13:43:24,266976,228269,1,1,49.99,19.49
16403,2014-06-17 13:43:35,266985,228276,1,2,95.98,33.98
16404,2014-06-17 13:56:46,266993,228281,1,1,49.99,19.49
16405,2014-06-17 14:17:29,267001,228289,2,1,59.99,22.49
16406,2014-06-17 14:22:42,267008,228296,2,1,59.99,22.49
16407,2014-06-17 14:34:32,267027,228312,1,1,49.99,19.49
16408,2014-06-17 14:35:04,267026,228311,2,1,59.99,22.49
16409,2014-06-17 15:21:58,267057,228338,1,2,109.98,41.98
16410,2014-06-17 15:22:34,267058,228339,1,2,95.98,33.98
16411,2014-06-17 15:26:35,267063,228343,1,1,49.99,19.49
16412,2014-06-17 15:56:57,267092,217751,2,1,59.99,22.49
16413,2014-06-17 15:58:23,267091,197748,1,1,49.99,19.49
16414,2014-06-17 16:16:27,267106,197380,1,1,49.99,19.49
16415,2014-06-17 16:27:37,267107,228376,1,2,79.98,28.98
16416,2014-06-17 16:31:08,267114,228382,1,1,49.99,19.49
16417,2014-06-17 17:25:48,267157,228413,1,1,49.99,19.49
16418,2014-06-17 17:50:08,267167,198031,3,1,45.99,14.49
16419,2014-06-17 18:29:25,267196,228442,1,1,49.99,19.49
16420,2014-06-17 19:10:36,267227,228467,1,2,95.98,33.98
16421,2014-06-17 19:55:24,267252,228486,1,1,49.99,19.49
16422,2014-06-17 20:10:41,267261,206577,1,2,95.98,33.98
16423,2014-06-17 20:55:04,267282,228512,3,2,95.98,33.98
16424,2014-06-17 20:57:45,267283,198242,2,1,59.99,22.49
16425,2014-06-17 21:22:01,267291,200441,1,1,49.99,19.49
16426,2014-06-17 21:42:44,267302,228526,1,2,79.98,28.98
16427,2014-06-17 21:54:13,267308,228532,1,1,49.99,19.49
16428,2014-06-17 23:13:04,267338,228557,3,1,45.99,14.49
16429,2014-06-18 05:18:08,267420,193954,2,1,59.99,22.49
16430,2014-06-18 05:46:32,267427,228629,1,2,79.98,28.98
16431,2014-06-18 07:00:54,267450,228649,1,2,109.98,41.98
16432,2014-06-18 07:09:57,267451,228650,1,2,109.98,41.98
16433,2014-06-18 07:23:34,267457,228656,1,2,95.98,33.98
16434,2014-06-18 07:58:18,267467,228665,1,2,79.98,28.98
16435,2014-06-18 08:25:51,267476,228674,2,1,59.99,22.49
16436,2014-06-18 08:30:35,267477,228675,1,2,79.98,28.98
16437,2014-06-18 08:39:27,267483,228680,3,2,95.98,33.98
16438,2014-06-18 09:57:15,267533,228723,2,2,89.98,31.98
16439,2014-06-18 10:47:08,267570,228754,1,1,49.99,19.49
16440,2014-06-18 11:02:24,267592,228770,2,1,59.99,22.49
16441,2014-06-18 11:51:30,267625,228797,2,1,59.99,22.49
16442,2014-06-18 12:28:55,267658,228826,2,1,59.99,22.49
16443,2014-06-18 12:48:49,267675,228838,1,2,79.98,28.98
16444,2014-06-18 13:49:02,267715,228871,1,1,49.99,19.49
16445,2014-06-18 13:51:10,267719,228874,1,2,95.98,33.98
16446,2014-06-18 13:55:38,267722,228876,3,2,105.98,36.98
16447,2014-06-18 14:22:55,267742,222137,1,2,79.98,28.98
16448,2014-06-18 14:32:36,267754,197414,2,1,59.99,22.49
16449,2014-06-18 14:33:19,267744,228894,1,2,109.98,41.98
16450,2014-06-18 14:33:50,267755,228902,1,1,49.99,19.49
16451,2014-06-18 14:34:02,267753,223300,3,1,45.99,14.49
16452,2014-06-18 15:01:31,267773,228919,1,2,79.98,28.98
16453,2014-06-18 15:04:35,267778,228924,1,1,49.99,19.49
16454,2014-06-18 15:21:17,267791,186286,2,1,59.99,22.49
16455,2014-06-18 16:04:08,267830,228964,1,1,49.99,19.49
16456,2014-06-18 16:04:20,267826,228960,1,1,49.99,19.49
16457,2014-06-18 16:39:26,267857,192769,3,2,75.98,23.98
16458,2014-06-18 16:55:46,267874,229000,3,1,45.99,14.49
16459,2014-06-18 17:08:33,267879,229003,1,2,95.98,33.98
16460,2014-06-18 17:13:50,267884,229007,1,2,79.98,28.98
16461,2014-06-18 17:43:54,267908,229026,1,2,79.98,28.98
16462,2014-06-18 17:56:55,267914,229029,2,1,59.99,22.49
16463,2014-06-18 18:00:20,267916,229030,1,1,49.99,19.49
16464,2014-06-18 19:33:28,267960,229063,1,1,49.99,19.49
16465,2014-06-18 19:51:31,267967,229070,2,1,59.99,22.49
16466,2014-06-18 19:53:30,267968,229071,1,2,79.98,28.98
16467,2014-06-18 19:53:38,267965,229068,1,1,49.99,19.49
16468,2014-06-18 20:55:40,267989,229091,1,1,49.99,19.49
16469,2014-06-18 21:44:53,268017,229116,2,2,89.98,31.98
16470,2014-06-18 21:50:03,268018,202579,1,1,49.99,19.49
16471,2014-06-18 22:11:33,268025,229121,1,2,79.98,28.98
16472,2014-06-18 22:44:22,268043,229136,2,1,59.99,22.49
16473,2014-06-18 23:16:56,268057,229150,2,1,59.99,22.49
16474,2014-06-19 01:31:53,268092,229179,3,2,95.98,33.98
16475,2014-06-19 03:55:43,268122,229200,1,1,49.99,19.49
16476,2014-06-19 05:08:29,268141,229217,2,1,59.99,22.49
16477,2014-06-19 05:58:43,268150,229221,1,2,95.98,33.98
16478,2014-06-19 06:29:41,268161,207516,1,1,49.99,19.49
16479,2014-06-19 06:50:36,268164,229231,2,1,59.99,22.49
16480,2014-06-19 06:55:50,268167,229233,3,1,45.99,14.49
16481,2014-06-19 08:28:18,268191,217535,1,2,79.98,28.98
16482,2014-06-19 08:32:40,268192,229255,1,1,49.99,19.49
16483,2014-06-19 09:20:36,268221,229278,1,1,49.99,19.49
16484,2014-06-19 09:31:03,268224,229281,2,1,59.99,22.49
16485,2014-06-19 09:49:08,268239,206165,1,1,49.99,19.49
16486,2014-06-19 10:36:54,268274,229317,1,2,79.98,28.98
16487,2014-06-19 10:55:58,268290,229329,3,1,45.99,14.49
16488,2014-06-19 10:59:10,268291,210828,1,1,49.99,19.49
16489,2014-06-19 11:28:12,268315,229346,1,2,79.98,28.98
16490,2014-06-19 11:35:00,268323,229353,1,1,49.99,19.49
16491,2014-06-19 12:00:52,268346,229372,1,1,49.99,19.49
16492,2014-06-19 12:55:56,268392,229410,1,1,49.99,19.49
16493,2014-06-19 13:00:49,268388,229406,1,1,49.99,19.49
16494,2014-06-19 13:07:58,268398,229415,1,1,49.99,19.49
16495,2014-06-19 13:09:28,268402,229418,1,1,49.99,19.49
16496,2014-06-19 14:11:49,268442,229449,1,1,49.99,19.49
16497,2014-06-19 16:01:36,268526,207126,1,1,49.99,19.49
16498,2014-06-19 16:10:39,268532,229523,1,2,79.98,28.98
16499,2014-06-19 16:16:43,268534,229525,1,2,109.98,41.98
16500,2014-06-19 16:38:07,268542,229531,1,2,79.98,28.98
16501,2014-06-19 16:51:29,268558,229543,1,1,49.99,19.49
16502,2014-06-19 17:04:55,268560,229545,1,1,49.99,19.49
16503,2014-06-19 17:51:51,268596,229570,1,2,79.98,28.98
16504,2014-06-19 17:59:42,268606,229578,1,1,49.99,19.49
16505,2014-06-19 18:09:02,268605,222515,2,1,59.99,22.49
16506,2014-06-19 18:13:25,268617,207014,3,1,45.99,14.49
16507,2014-06-19 19:00:52,268642,229609,1,1,49.99,19.49
16508,2014-06-19 20:51:31,268690,189181,1,1,49.99,19.49
16509,2014-06-19 21:13:23,268696,203300,1,1,49.99,19.49
16510,2014-06-19 21:47:14,268706,229660,1,1,49.99,19.49
16511,2014-06-19 21:49:57,268711,229665,2,1,59.99,22.49
16512,2014-06-19 21:54:29,268713,229667,1,1,49.99,19.49
16513,2014-06-19 22:12:58,268721,229674,3,1,45.99,14.49
16514,2014-06-19 22:53:41,268739,229691,1,1,49.99,19.49
16515,2014-06-19 23:04:54,268743,229693,1,1,49.99,19.49
16516,2014-06-19 23:11:15,268749,229698,1,2,95.98,33.98
16517,2014-06-20 04:25:38,268823,229759,1,1,49.99,19.49
16518,2014-06-20 04:52:39,268829,229764,1,1,49.99,19.49
16519,2014-06-20 04:53:33,268830,229765,1,1,49.99,19.49
16520,2014-06-20 05:18:44,268836,229771,1,1,49.99,19.49
16521,2014-06-20 06:46:28,268855,229787,1,1,49.99,19.49
16522,2014-06-20 06:49:14,268852,229784,3,2,105.98,36.98
16523,2014-06-20 08:27:47,268884,229812,2,2,89.98,31.98
16524,2014-06-20 10:11:22,268951,229870,2,1,59.99,22.49
16525,2014-06-20 10:32:04,268960,229877,3,1,45.99,14.49
16526,2014-06-20 10:36:56,268968,229885,2,2,89.98,31.98
16527,2014-06-20 11:00:27,268979,229896,1,1,49.99,19.49
16528,2014-06-20 11:35:09,268998,200533,1,2,79.98,28.98
16529,2014-06-20 12:37:32,269040,229947,3,1,45.99,14.49
16530,2014-06-20 13:14:47,269076,229980,1,1,49.99,19.49
16531,2014-06-20 13:33:18,269089,229991,1,1,49.99,19.49
16532,2014-06-20 14:11:36,269113,211394,1,1,49.99,19.49
16533,2014-06-20 14:31:54,269117,230014,1,1,49.99,19.49
16534,2014-06-20 14:38:30,269128,230024,1,1,49.99,19.49
16535,2014-06-20 15:06:07,269155,230042,2,2,89.98,31.98
16536,2014-06-20 15:20:46,269165,230051,1,1,49.99,19.49
16537,2014-06-20 15:46:58,269184,230065,2,1,59.99,22.49
16538,2014-06-20 16:24:01,269205,230084,3,2,75.98,23.98
16539,2014-06-20 16:25:11,269204,230083,1,2,109.98,41.98
16540,2014-06-20 16:45:50,269221,230098,1,1,49.99,19.49
16541,2014-06-20 18:44:00,269292,230157,2,1,59.99,22.49
16542,2014-06-20 18:56:21,269300,230165,1,1,49.99,19.49
16543,2014-06-20 20:08:56,269324,230185,1,1,49.99,19.49
16544,2014-06-20 23:35:42,269377,230230,1,1,49.99,19.49
16545,2014-06-21 01:11:46,269397,230248,2,1,59.99,22.49
16546,2014-06-21 01:46:03,269410,223262,1,1,49.99,19.49
16547,2014-06-21 04:56:04,269431,230275,1,2,79.98,28.98
16548,2014-06-21 07:26:35,269460,230298,1,1,49.99,19.49
16549,2014-06-21 07:35:12,269464,230302,1,1,49.99,19.49
16550,2014-06-21 08:43:36,269476,230313,3,1,45.99,14.49
16551,2014-06-21 11:36:57,269507,230337,1,1,49.99,19.49
16552,2014-06-21 13:09:40,269551,223439,2,1,59.99,22.49
16553,2014-06-21 13:43:07,269566,230385,3,1,45.99,14.49
16554,2014-06-21 13:44:12,269565,230384,3,1,45.99,14.49
16555,2014-06-21 14:26:40,269579,230396,1,2,79.98,28.98
16556,2014-06-21 14:30:52,269577,214846,1,2,79.98,28.98
16557,2014-06-21 14:48:19,269586,230403,1,1,49.99,19.49
16558,2014-06-21 16:06:53,269599,200042,1,1,49.99,19.49
16559,2014-06-21 16:26:06,269604,230416,1,1,49.99,19.49
16560,2014-06-21 16:30:19,269605,230417,1,1,49.99,19.49
16561,2014-06-21 17:46:54,269624,230435,2,2,105.98,36.98
16562,2014-06-21 18:35:26,269635,230445,1,1,49.99,19.49
16563,2014-06-21 19:10:02,269643,230453,1,2,95.98,33.98
16564,2014-06-21 19:13:17,269644,230454,1,1,49.99,19.49
16565,2014-06-21 20:02:03,269653,230460,1,1,49.99,19.49
16566,2014-06-21 21:43:15,269683,201735,1,2,79.98,28.98
16567,2014-06-22 00:10:30,269711,230509,1,1,49.99,19.49
16568,2014-06-22 02:08:26,269727,230522,1,1,49.99,19.49
16569,2014-06-22 04:04:10,269746,219773,1,1,49.99,19.49
16570,2014-06-22 08:01:57,269776,230562,3,1,45.99,14.49
16571,2014-06-22 08:11:49,269780,230566,3,2,75.98,23.98
16572,2014-06-22 08:16:55,269783,230568,1,1,49.99,19.49
16573,2014-06-22 08:35:19,269786,230571,1,2,79.98,28.98
16574,2014-06-22 10:02:47,269806,230588,1,1,49.99,19.49
16575,2014-06-22 10:06:59,269808,227922,3,1,45.99,14.49
16576,2014-06-22 10:20:24,269812,230592,1,1,49.99,19.49
16577,2014-06-22 11:49:16,269843,188985,1,2,79.98,28.98
16578,2014-06-22 12:06:32,269854,198996,1,1,49.99,19.49
16579,2014-06-22 13:12:32,269865,230630,1,2,95.98,33.98
16580,2014-06-22 13:17:44,269869,230634,1,1,49.99,19.49
16581,2014-06-22 15:39:11,269907,230663,1,2,95.98,33.98
16582,2014-06-22 16:44:35,269926,230678,2,2,105.98,36.98
16583,2014-06-22 16:46:26,269929,230680,1,1,49.99,19.49
16584,2014-06-22 17:45:52,269946,196199,1,1,49.99,19.49
16585,2014-06-22 17:50:59,269947,230696,1,1,49.99,19.49
16586,2014-06-22 19:13:12,269970,230716,3,1,45.99,14.49
16587,2014-06-22 19:28:15,269973,230719,3,2,75.98,23.98
16588,2014-06-22 19:36:37,269977,221489,2,2,89.98,31.98
16589,2014-06-22 19:47:42,269983,203083,1,1,49.99,19.49
16590,2014-06-22 20:03:47,269988,230729,1,1,49.99,19.49
16591,2014-06-22 20:22:09,269995,230736,1,1,49.99,19.49
16592,2014-06-22 21:00:01,270008,228519,2,2,89.98,31.98
16593,2014-06-22 21:02:35,270014,230751,1,1,49.99,19.49
16594,2014-06-22 21:46:42,270031,230763,1,1,49.99,19.49
16595,2014-06-22 21:47:33,270036,230768,3,2,75.98,23.98
16596,2014-06-22 23:03:00,270058,230785,3,1,45.99,14.49
16597,2014-06-22 23:34:24,270077,230803,2,2,109.98,41.98
16598,2014-06-22 23:56:27,270086,206900,1,1,49.99,19.49
16599,2014-06-23 00:39:56,270099,230820,1,1,49.99,19.49
16600,2014-06-23 01:24:39,270109,218517,1,1,49.99,19.49
16601,2014-06-23 02:26:11,270129,230842,1,2,95.98,33.98
16602,2014-06-23 03:25:16,270135,230846,2,1,59.99,22.49
16603,2014-06-23 04:46:49,270154,230864,2,2,89.98,31.98
16604,2014-06-23 06:00:56,270165,230874,3,1,45.99,14.49
16605,2014-06-23 06:17:12,270174,216928,1,2,79.98,28.98
16606,2014-06-23 08:48:36,270215,230917,1,1,49.99,19.49
16607,2014-06-23 08:50:17,270219,230921,1,1,49.99,19.49
16608,2014-06-23 09:17:55,270230,230930,2,1,59.99,22.49
16609,2014-06-23 09:39:48,270243,230941,1,1,49.99,19.49
16610,2014-06-23 09:53:09,270254,230949,1,1,49.99,19.49
16611,2014-06-23 10:08:28,270272,228004,1,1,49.99,19.49
16612,2014-06-23 10:08:42,270268,189204,1,1,49.99,19.49
16613,2014-06-23 10:10:37,270267,198391,1,2,109.98,41.98
16614,2014-06-23 10:39:23,270296,230984,1,1,49.99,19.49
16615,2014-06-23 10:48:56,270301,210909,1,2,109.98,41.98
16616,2014-06-23 11:22:22,270324,207722,1,2,79.98,28.98
16617,2014-06-23 11:50:27,270343,221126,1,1,49.99,19.49
16618,2014-06-23 12:30:20,270387,212644,1,1,49.99,19.49
16619,2014-06-23 13:14:47,270415,231081,2,1,59.99,22.49
16620,2014-06-23 13:33:40,270424,231088,1,1,49.99,19.49
16621,2014-06-23 13:36:51,270429,231093,1,1,49.99,19.49
16622,2014-06-23 13:49:31,270441,231102,1,2,79.98,28.98
16623,2014-06-23 13:50:30,270448,231107,1,1,49.99,19.49
16624,2014-06-23 14:18:56,270466,201952,2,1,59.99,22.49
16625,2014-06-23 14:26:26,270470,231123,1,2,79.98,28.98
16626,2014-06-23 14:43:14,270482,231133,1,2,79.98,28.98
16627,2014-06-23 15:12:04,270507,231152,1,1,49.99,19.49
16628,2014-06-23 15:20:36,270513,231158,1,2,95.98,33.98
16629,2014-06-23 15:32:33,270521,231165,1,1,49.99,19.49
16630,2014-06-23 16:22:30,270555,231189,1,2,79.98,28.98
16631,2014-06-23 16:36:00,270565,231197,3,1,45.99,14.49
16632,2014-06-23 17:23:40,270594,231222,1,2,79.98,28.98
16633,2014-06-23 17:51:30,270611,231237,1,1,49.99,19.49
16634,2014-06-23 18:07:28,270626,231246,1,1,49.99,19.49
16635,2014-06-23 18:49:00,270652,222552,1,1,49.99,19.49
16636,2014-06-23 19:02:22,270662,231276,1,1,49.99,19.49
16637,2014-06-23 19:57:42,270688,231300,1,1,49.99,19.49
16638,2014-06-23 20:17:48,270700,231309,3,1,45.99,14.49
16639,2014-06-23 21:22:21,270729,231336,1,1,49.99,19.49
16640,2014-06-23 21:46:25,270745,205082,1,2,95.98,33.98
16641,2014-06-23 21:58:31,270750,231354,1,1,49.99,19.49
16642,2014-06-23 22:36:36,270760,215451,1,2,79.98,28.98
16643,2014-06-23 23:37:31,270782,231378,1,2,109.98,41.98
16644,2014-06-23 23:38:12,270785,231381,1,1,49.99,19.49
16645,2014-06-24 00:03:02,270793,231388,3,1,45.99,14.49
16646,2014-06-24 02:45:52,270841,218840,3,1,45.99,14.49
16647,2014-06-24 03:02:20,270844,231425,1,1,49.99,19.49
16648,2014-06-24 04:18:38,270858,231438,1,2,109.98,41.98
16649,2014-06-24 05:18:50,270869,231448,3,2,95.98,33.98
16650,2014-06-24 05:40:44,270875,231454,1,1,49.99,19.49
16651,2014-06-24 06:48:43,270889,231466,1,1,49.99,19.49
16652,2014-06-24 07:31:27,270903,214203,1,1,49.99,19.49
16653,2014-06-24 09:31:01,270949,231513,1,1,49.99,19.49
16654,2014-06-24 09:37:37,270951,231515,1,1,49.99,19.49
16655,2014-06-24 09:47:35,270970,231531,2,1,59.99,22.49
16656,2014-06-24 09:47:46,270967,231528,2,2,109.98,41.98
16657,2014-06-24 09:56:12,270973,231534,1,2,79.98,28.98
16658,2014-06-24 10:13:14,270984,210023,1,2,95.98,33.98
16659,2014-06-24 10:15:07,270992,200822,1,1,49.99,19.49
16660,2014-06-24 10:52:53,271019,231569,1,1,49.99,19.49
16661,2014-06-24 11:11:30,271031,231580,1,1,49.99,19.49
16662,2014-06-24 11:20:33,271041,203070,1,1,49.99,19.49
16663,2014-06-24 11:22:19,271043,231591,1,1,49.99,19.49
16664,2014-06-24 12:11:00,271083,231622,1,1,49.99,19.49
16665,2014-06-24 12:14:27,271087,210537,2,1,59.99,22.49
16666,2014-06-24 12:24:12,271096,213612,1,2,95.98,33.98
16667,2014-06-24 12:25:56,271090,231625,1,2,109.98,41.98
16668,2014-06-24 12:48:56,271113,231643,1,1,49.99,19.49
16669,2014-06-24 13:10:53,271133,231659,1,1,49.99,19.49
16670,2014-06-24 13:26:09,271141,231666,1,1,49.99,19.49
16671,2014-06-24 14:18:18,271181,231701,1,2,95.98,33.98
16672,2014-06-24 14:27:32,271197,197861,2,1,59.99,22.49
16673,2014-06-24 14:30:06,271194,231712,2,2,89.98,31.98
16674,2014-06-24 14:35:59,271196,231714,1,2,95.98,33.98
16675,2014-06-24 14:36:18,271201,231718,1,2,109.98,41.98
16676,2014-06-24 14:55:05,271216,231729,2,1,59.99,22.49
16677,2014-06-24 15:13:20,271231,231741,1,1,49.99,19.49
16678,2014-06-24 16:00:53,271268,213126,1,2,109.98,41.98
16679,2014-06-24 16:24:59,271294,231790,1,1,49.99,19.49
16680,2014-06-24 16:32:44,271298,188515,1,2,79.98,28.98
16681,2014-06-24 16:35:44,271302,231796,1,2,95.98,33.98
16682,2014-06-24 16:56:57,271320,231812,2,1,59.99,22.49
16683,2014-06-24 17:05:07,271327,231818,1,1,49.99,19.49
16684,2014-06-24 17:12:38,271332,231823,3,2,95.98,33.98
16685,2014-06-24 17:42:00,271347,231837,1,1,49.99,19.49
16686,2014-06-24 17:54:07,271354,231843,1,2,79.98,28.98
16687,2014-06-24 18:00:06,271365,231850,2,1,59.99,22.49
16688,2014-06-24 18:27:19,271381,231864,1,1,49.99,19.49
16689,2014-06-24 18:49:13,271388,231870,1,2,95.98,33.98
16690,2014-06-24 18:55:15,271399,231879,1,2,95.98,33.98
16691,2014-06-24 20:01:53,271436,231913,3,2,75.98,23.98
16692,2014-06-24 21:10:22,271472,231946,1,2,109.98,41.98
16693,2014-06-24 21:13:47,271471,221461,1,2,79.98,28.98
16694,2014-06-25 01:47:23,271566,217857,1,2,79.98,28.98
16695,2014-06-25 02:23:25,271580,232035,1,2,79.98,28.98
16696,2014-06-25 02:35:27,271583,205127,1,1,49.99,19.49
16697,2014-06-25 03:45:34,271598,232051,1,1,49.99,19.49
16698,2014-06-25 05:06:11,271614,232062,1,2,95.98,33.98
16699,2014-06-25 08:51:27,271664,201476,1,1,49.99,19.49
16700,2014-06-25 09:53:55,271707,232137,3,2,105.98,36.98
16701,2014-06-25 10:33:47,271748,232174,1,1,49.99,19.49
16702,2014-06-25 10:35:41,271744,232171,2,1,59.99,22.49
16703,2014-06-25 11:14:37,271782,232203,1,2,79.98,28.98
16704,2014-06-25 11:55:22,271820,232236,1,2,79.98,28.98
16705,2014-06-25 12:06:50,271827,232241,1,1,49.99,19.49
16706,2014-06-25 12:11:15,271837,232250,1,1,49.99,19.49
16707,2014-06-25 13:07:07,271887,204306,3,1,45.99,14.49
16708,2014-06-25 13:08:50,271885,232290,2,1,59.99,22.49
16709,2014-06-25 13:19:28,271899,232297,1,1,49.99,19.49
16710,2014-06-25 13:24:48,271903,215816,2,1,59.99,22.49
16711,2014-06-25 13:34:27,271904,232301,1,1,49.99,19.49
16712,2014-06-25 13:55:21,271922,232315,1,1,49.99,19.49
16713,2014-06-25 14:57:39,271975,232362,1,1,49.99,19.49
16714,2014-06-25 15:09:44,271986,232373,1,1,49.99,19.49
16715,2014-06-25 15:33:47,272017,232401,1,2,79.98,28.98
16716,2014-06-25 16:17:24,272056,232433,1,2,79.98,28.98
16717,2014-06-25 16:25:27,272059,232436,2,1,59.99,22.49
16718,2014-06-25 16:28:11,272064,232441,3,1,45.99,14.49
16719,2014-06-25 16:33:30,272074,232448,1,1,49.99,19.49
16720,2014-06-25 17:09:58,272113,232478,2,1,59.99,22.49
16721,2014-06-25 17:31:26,272122,232486,2,1,59.99,22.49
16722,2014-06-25 17:36:30,272130,232494,1,1,49.99,19.49
16723,2014-06-25 17:55:04,272154,232515,2,1,59.99,22.49
16724,2014-06-25 18:06:04,272169,232526,1,1,49.99,19.49
16725,2014-06-25 18:13:54,272171,209021,2,1,59.99,22.49
16726,2014-06-25 18:44:01,272188,232539,1,1,49.99,19.49
16727,2014-06-25 18:59:02,272195,232544,1,1,49.99,19.49
16728,2014-06-25 19:55:00,272219,232562,1,2,79.98,28.98
16729,2014-06-25 20:45:02,272240,232577,1,1,49.99,19.49
16730,2014-06-25 21:13:48,272259,232594,1,1,49.99,19.49
16731,2014-06-25 21:57:33,272277,232611,1,2,95.98,33.98
16732,2014-06-25 22:09:01,272284,232617,1,1,49.99,19.49
16733,2014-06-25 22:18:37,272288,232621,1,1,49.99,19.49
16734,2014-06-25 22:32:01,272300,220241,1,1,49.99,19.49
16735,2014-06-25 22:52:12,272306,232636,1,1,49.99,19.49
16736,2014-06-25 23:04:25,272316,232642,1,1,49.99,19.49
16737,2014-06-25 23:05:48,272317,232643,1,1,49.99,19.49
16738,2014-06-25 23:44:50,272340,232663,1,2,95.98,33.98
16739,2014-06-26 00:08:46,272355,232675,2,1,59.99,22.49
16740,2014-06-26 00:15:19,272358,232678,1,1,49.99,19.49
16741,2014-06-26 00:43:24,272368,232685,1,2,95.98,33.98
16742,2014-06-26 00:51:39,272372,232687,3,1,45.99,14.49
16743,2014-06-26 03:16:09,272397,232709,1,2,109.98,41.98
16744,2014-06-26 05:44:20,272419,232725,2,2,89.98,31.98
16745,2014-06-26 06:06:58,272423,232728,1,2,109.98,41.98
16746,2014-06-26 07:36:23,272446,214394,1,1,49.99,19.49
16747,2014-06-26 08:17:59,272462,232762,1,2,79.98,28.98
16748,2014-06-26 08:20:26,272464,232764,3,1,45.99,14.49
16749,2014-06-26 08:25:54,272469,232768,2,1,59.99,22.49
16750,2014-06-26 08:37:43,272473,232772,3,1,45.99,14.49
16751,2014-06-26 09:22:30,272491,232788,2,1,59.99,22.49
16752,2014-06-26 09:32:09,272505,232801,1,1,49.99,19.49
16753,2014-06-26 10:25:09,272532,232822,1,1,49.99,19.49
16754,2014-06-26 10:36:50,272537,205472,3,1,45.99,14.49
16755,2014-06-26 10:43:12,272549,232837,1,2,79.98,28.98
16756,2014-06-26 11:51:28,272597,232874,3,2,75.98,23.98
16757,2014-06-26 11:58:10,272610,232886,3,1,45.99,14.49
16758,2014-06-26 12:09:00,272616,217392,1,2,95.98,33.98
16759,2014-06-26 12:26:08,272634,232906,2,1,59.99,22.49
16760,2014-06-26 12:36:08,272643,232913,3,1,45.99,14.49
16761,2014-06-26 12:46:59,272646,221822,1,1,49.99,19.49
16762,2014-06-26 13:24:50,272677,232941,3,1,45.99,14.49
16763,2014-06-26 13:41:36,272694,232954,1,2,109.98,41.98
16764,2014-06-26 14:01:05,272715,232970,1,2,79.98,28.98
16765,2014-06-26 14:04:25,272712,232968,2,1,59.99,22.49
16766,2014-06-26 14:40:44,272733,217120,3,1,45.99,14.49
16767,2014-06-26 15:21:36,272763,233005,1,1,49.99,19.49
16768,2014-06-26 15:57:21,272793,233028,1,1,49.99,19.49
16769,2014-06-26 16:02:33,272803,233037,2,2,89.98,31.98
16770,2014-06-26 16:11:12,272810,233041,1,2,109.98,41.98
16771,2014-06-26 16:18:59,272811,233042,1,1,49.99,19.49
16772,2014-06-26 16:25:15,272819,233049,1,1,49.99,19.49
16773,2014-06-26 16:32:01,272828,233058,1,1,49.99,19.49
16774,2014-06-26 16:44:30,272849,233078,1,1,49.99,19.49
16775,2014-06-26 17:02:13,272860,206862,1,1,49.99,19.49
16776,2014-06-26 17:21:16,272874,233099,1,1,49.99,19.49
16777,2014-06-26 17:33:05,272884,219823,1,2,95.98,33.98
16778,2014-06-26 17:38:45,272886,233110,1,2,95.98,33.98
16779,2014-06-26 17:44:17,272896,233118,1,2,79.98,28.98
16780,2014-06-26 17:45:52,272894,233117,2,1,59.99,22.49
16781,2014-06-26 17:49:14,272899,215179,1,2,79.98,28.98
16782,2014-06-26 18:08:51,272909,233127,3,1,45.99,14.49
16783,2014-06-26 18:16:19,272919,233136,1,2,95.98,33.98
16784,2014-06-26 18:19:26,272920,233137,1,2,109.98,41.98
16785,2014-06-26 18:39:45,272929,233145,1,1,49.99,19.49
16786,2014-06-26 19:35:32,272954,233166,1,2,79.98,28.98
16787,2014-06-26 19:49:01,272962,233173,3,2,75.98,23.98
16788,2014-06-26 21:17:56,272994,233199,2,1,59.99,22.49
16789,2014-06-26 21:19:10,272996,233201,1,2,79.98,28.98
16790,2014-06-26 21:21:45,272998,233203,1,1,49.99,19.49
16791,2014-06-26 22:18:00,273015,220164,1,2,79.98,28.98
16792,2014-06-26 22:33:45,273020,203805,1,2,79.98,28.98
16793,2014-06-26 22:42:18,273023,233222,3,1,45.99,14.49
16794,2014-06-26 23:04:19,273037,215336,1,1,49.99,19.49
16795,2014-06-26 23:15:50,273045,233242,1,1,49.99,19.49
16796,2014-06-26 23:18:40,273047,222842,2,2,89.98,31.98
16797,2014-06-26 23:57:43,273059,233253,1,1,49.99,19.49
16798,2014-06-27 00:49:06,273072,233263,1,1,49.99,19.49
16799,2014-06-27 02:22:57,273094,233281,3,2,105.98,36.98
16800,2014-06-27 02:56:52,273100,233287,1,2,79.98,28.98
16801,2014-06-27 03:50:44,273109,206795,1,1,49.99,19.49
16802,2014-06-27 06:22:33,273135,233315,2,1,59.99,22.49
16803,2014-06-27 06:43:48,273138,233317,1,1,49.99,19.49
16804,2014-06-27 06:47:17,273141,233320,1,2,109.98,41.98
16805,2014-06-27 07:18:53,273150,233328,1,2,79.98,28.98
16806,2014-06-27 08:15:28,273163,233338,1,1,49.99,19.49
16807,2014-06-27 08:57:22,273184,226515,1,2,95.98,33.98
16808,2014-06-27 08:59:19,273187,233357,3,2,75.98,23.98
16809,2014-06-27 09:35:19,273209,233372,3,1,45.99,14.49
16810,2014-06-27 09:51:50,273219,233380,2,1,59.99,22.49
16811,2014-06-27 10:13:02,273240,233396,2,1,59.99,22.49
16812,2014-06-27 10:16:31,273246,223824,3,1,45.99,14.49
16813,2014-06-27 10:34:50,273263,233416,3,1,45.99,14.49
16814,2014-06-27 10:38:33,273268,233421,1,2,95.98,33.98
16815,2014-06-27 10:42:34,273274,233427,2,1,59.99,22.49
16816,2014-06-27 10:44:31,273277,233430,1,2,79.98,28.98
16817,2014-06-27 10:47:47,273276,233429,1,2,79.98,28.98
16818,2014-06-27 11:27:22,273302,233451,3,1,45.99,14.49
16819,2014-06-27 11:41:26,273310,233458,1,2,79.98,28.98
16820,2014-06-27 11:53:53,273319,233466,2,2,89.98,31.98
16821,2014-06-27 12:31:24,273359,233499,1,1,49.99,19.49
16822,2014-06-27 13:04:53,273382,233518,2,2,89.98,31.98
16823,2014-06-27 13:53:16,273410,233541,1,2,95.98,33.98
16824,2014-06-27 14:14:43,273424,233555,1,2,95.98,33.98
16825,2014-06-27 14:32:50,273435,233562,1,2,79.98,28.98
16826,2014-06-27 14:51:25,273459,233581,1,2,79.98,28.98
16827,2014-06-27 14:59:10,273465,233587,1,1,49.99,19.49
16828,2014-06-27 15:11:13,273473,228557,3,1,45.99,14.49
16829,2014-06-27 15:23:58,273478,233599,1,2,79.98,28.98
16830,2014-06-27 15:28:00,273482,233603,1,2,109.98,41.98
16831,2014-06-27 16:47:50,273553,233655,1,2,79.98,28.98
16832,2014-06-27 17:04:03,273559,233660,1,2,79.98,28.98
16833,2014-06-27 17:22:57,273578,233676,1,1,49.99,19.49
16834,2014-06-27 17:26:58,273579,198373,2,2,89.98,31.98
16835,2014-06-27 17:56:21,273605,233698,1,2,95.98,33.98
16836,2014-06-27 18:40:30,273627,233717,3,1,45.99,14.49
16837,2014-06-27 19:53:52,273667,233751,3,1,45.99,14.49
16838,2014-06-27 20:28:02,273687,233771,1,1,49.99,19.49
16839,2014-06-27 21:14:26,273696,233778,2,1,59.99,22.49
16840,2014-06-27 21:25:04,273702,233784,1,1,49.99,19.49
16841,2014-06-27 21:57:32,273712,228175,1,1,49.99,19.49
16842,2014-06-27 22:12:23,273717,233793,2,2,89.98,31.98
16843,2014-06-27 22:53:23,273725,208701,2,1,59.99,22.49
16844,2014-06-27 23:03:34,273727,233801,1,1,49.99,19.49
16845,2014-06-27 23:54:06,273739,233812,2,1,59.99,22.49
16846,2014-06-28 01:01:55,273761,233831,3,1,45.99,14.49
16847,2014-06-28 03:03:02,273774,233842,2,2,89.98,31.98
16848,2014-06-28 06:20:18,273789,233854,1,2,95.98,33.98
16849,2014-06-28 06:50:55,273791,233855,3,1,45.99,14.49
16850,2014-06-28 06:54:56,273792,233856,2,1,59.99,22.49
16851,2014-06-28 09:23:49,273808,213470,1,1,49.99,19.49
16852,2014-06-28 09:33:56,273810,233873,3,2,75.98,23.98
16853,2014-06-28 10:04:57,273815,225315,3,2,95.98,33.98
16854,2014-06-28 10:32:32,273820,233882,1,1,49.99,19.49
16855,2014-06-28 11:02:29,273831,233891,1,1,49.99,19.49
16856,2014-06-28 11:25:22,273840,233900,1,1,49.99,19.49
16857,2014-06-28 11:32:32,273842,226285,3,2,75.98,23.98
16858,2014-06-28 11:55:21,273848,233907,1,2,109.98,41.98
16859,2014-06-28 12:01:47,273851,233910,1,2,95.98,33.98
16860,2014-06-28 12:23:00,273862,202595,1,2,79.98,28.98
16861,2014-06-28 12:23:19,273865,214930,1,2,79.98,28.98
16862,2014-06-28 12:35:29,273873,233926,1,1,49.99,19.49
16863,2014-06-28 12:40:06,273872,233925,1,1,49.99,19.49
16864,2014-06-28 12:43:50,273874,204673,1,1,49.99,19.49
16865,2014-06-28 14:05:11,273893,233941,1,1,49.99,19.49
16866,2014-06-28 14:33:58,273907,233954,1,1,49.99,19.49
16867,2014-06-28 14:47:26,273912,233959,1,2,95.98,33.98
16868,2014-06-28 15:31:30,273928,217664,3,2,105.98,36.98
16869,2014-06-28 17:07:58,273948,233988,1,2,79.98,28.98
16870,2014-06-28 17:09:11,273947,233987,1,1,49.99,19.49
16871,2014-06-28 18:01:38,273960,180009,1,2,79.98,28.98
16872,2014-06-28 18:08:06,273961,233999,1,1,49.99,19.49
16873,2014-06-28 18:52:22,273974,225698,3,2,75.98,23.98
16874,2014-06-28 19:08:25,273977,234009,3,2,75.98,23.98
16875,2014-06-28 20:00:37,273990,223418,1,1,49.99,19.49
16876,2014-06-28 20:43:50,274001,234030,1,1,49.99,19.49
16877,2014-06-28 21:29:01,274011,234040,1,1,49.99,19.49
16878,2014-06-28 23:28:44,274046,234071,2,2,105.98,36.98
16879,2014-06-28 23:35:17,274045,217630,1,2,79.98,28.98
16880,2014-06-28 23:58:13,274050,208089,1,2,79.98,28.98
16881,2014-06-29 00:54:17,274062,234085,1,1,49.99,19.49
16882,2014-06-29 01:33:55,274067,234088,3,1,45.99,14.49
16883,2014-06-29 03:33:06,274077,234096,1,1,49.99,19.49
16884,2014-06-29 05:11:11,274094,234111,1,1,49.99,19.49
16885,2014-06-29 06:34:30,274104,234119,3,1,45.99,14.49
16886,2014-06-29 11:13:14,274160,234166,1,1,49.99,19.49
16887,2014-06-29 11:32:07,274168,234174,2,1,59.99,22.49
16888,2014-06-29 13:19:32,274198,234198,1,2,95.98,33.98
16889,2014-06-29 13:50:19,274213,234211,2,1,59.99,22.49
16890,2014-06-29 14:55:26,274230,190754,1,2,79.98,28.98
16891,2014-06-29 15:02:57,274232,234229,1,1,49.99,19.49
16892,2014-06-29 16:06:42,274253,234246,1,1,49.99,19.49
16893,2014-06-29 17:51:20,274294,234280,1,1,49.99,19.49
16894,2014-06-29 20:46:04,274342,234322,3,2,105.98,36.98
16895,2014-06-29 22:10:40,274361,234339,1,1,49.99,19.49
16896,2014-06-29 23:06:50,274386,215904,1,2,79.98,28.98
16897,2014-06-29 23:21:23,274392,234362,1,2,79.98,28.98
16898,2014-06-30 00:00:02,274408,234376,2,2,89.98,31.98
