order_item_key,date_key,product_key,channel_key,order_id,website_session_id,is_primary_item,price_usd,cogs_usd,refund_amount_usd
1,20140101,1,2,10034,175255,1,49.99,19.49,0.0
2,20140101,1,7,10035,175268,1,49.99,19.49,0.0
3,20140101,2,1,10036,175279,1,59.99,22.49,0.0
4,20140101,1,3,10037,175292,1,49.99,19.49,0.0
5,20140101,3,1,10038,175306,1,45.99,14.49,0.0
6,20140101,1,1,10039,175311,1,49.99,19.49,0.0
7,20140101,2,5,10040,175320,1,59.99,22.49,0.0
8,20140101,3,2,10041,175323,1,45.99,14.49,45.99
9,20140101,1,1,10042,175327,1,49.99,19.49,0.0
10,20140101,1,1,10043,175342,1,49.99,19.49,0.0
11,20140101,1,7,10044,175353,1,49.99,19.49,0.0
12,20140101,1,1,10045,175359,1,49.99,19.49,0.0
13,20140101,1,7,10046,175368,1,49.99,19.49,0.0
14,20140101,1,1,10047,175367,1,49.99,19.49,0.0
15,20140101,1,1,10048,175379,1,49.99,19.49,0.0
16,20140101,1,3,10049,175383,1,49.99,19.49,0.0
17,20140101,1,1,10050,175422,1,49.99,19.49,0.0
18,20140101,3,4,10051,175434,1,45.99,14.49,0.0
19,20140101,1,4,10051,175434,0,49.99,19.49,0.0
20,20140101,1,5,10052,175475,1,49.99,19.49,0.0
21,20140101,1,1,10053,175483,1,49.99,19.49,0.0
22,20140101,2,2,10054,175479,1,59.99,22.49,0.0
23,20140101,1,1,10055,175529,1,49.99,19.49,0.0
24,20140101,3,1,10055,175529,0,45.99,14.49,0.0
25,20140101,1,2,10056,175546,1,49.99,19.49,0.0
26,20140101,3,2,10056,175546,0,45.99,14.49,0.0
27,20140101,2,1,10057,175554,1,59.99,22.49,0.0
28,20140101,2,1,10058,175558,1,59.99,22.49,0.0
29,20140101,1,5,10059,175560,1,49.99,19.49,0.0
30,20140101,2,5,10059,175560,0,59.99,22.49,0.0
31,20140101,1,1,10060,175566,1,49.99,19.49,0.0
32,20140101,2,2,10061,175581,1,59.99,22.49,0.0
33,20140101,1,7,10062,175616,1,49.99,19.49,0.0
34,20140101,1,1,10063,175622,1,49.99,19.49,0.0
35,20140101,1,1,10064,175639,1,49.99,19.49,0.0
36,20140101,3,1,10064,175639,0,45.99,14.49,0.0
37,20140101,1,3,10065,175638,1,49.99,19.49,0.0
38,20140101,3,1,10066,175641,1,45.99,14.49,0.0
39,20140101,1,4,10067,175674,1,49.99,19.49,0.0
40,20140101,1,1,10068,175683,1,49.99,19.49,0.0
41,20140101,1,1,10069,175694,1,49.99,19.49,0.0
42,20140101,1,3,10070,175719,1,49.99,19.49,0.0
43,20140101,1,1,10071,175728,1,49.99,19.49,0.0
44,20140101,2,4,10072,175732,1,59.99,22.49,0.0
45,20140101,1,1,10073,175735,1,49.99,19.49,0.0
46,20140102,3,1,10074,175782,1,45.99,14.49,0.0
47,20140102,1,1,10075,175802,1,49.99,19.49,0.0
48,20140102,1,4,10076,175812,1,49.99,19.49,0.0
49,20140102,1,2,10077,175820,1,49.99,19.49,0.0
50,20140102,2,2,10077,175820,0,59.99,22.49,0.0
51,20140102,2,1,10078,175823,1,59.99,22.49,0.0
52,20140102,1,1,10079,175851,1,49.99,19.49,0.0
53,20140102,3,1,10080,175853,1,45.99,14.49,0.0
54,20140102,1,1,10080,175853,0,49.99,19.49,0.0
55,20140102,3,1,10081,175896,1,45.99,14.49,0.0
56,20140102,1,3,10082,175915,1,49.99,19.49,0.0
57,20140102,1,2,10083,175934,1,49.99,19.49,0.0
58,20140102,1,4,10084,175947,1,49.99,19.49,0.0
59,20140102,3,4,10084,175947,0,45.99,14.49,0.0
60,20140102,1,1,10085,175954,1,49.99,19.49,0.0
61,20140102,1,1,10086,175957,1,49.99,19.49,0.0
62,20140102,1,1,10087,175994,1,49.99,19.49,0.0
63,20140102,2,1,10088,176020,1,59.99,22.49,0.0
64,20140102,1,1,10089,176029,1,49.99,19.49,0.0
65,20140102,3,1,10090,176063,1,45.99,14.49,0.0
66,20140102,1,1,10091,176072,1,49.99,19.49,0.0
67,20140102,1,1,10092,176081,1,49.99,19.49,0.0
68,20140102,1,1,10093,176086,1,49.99,19.49,0.0
69,20140102,3,1,10093,176086,0,45.99,14.49,0.0
70,20140102,1,2,10094,176103,1,49.99,19.49,0.0
71,20140102,1,7,10095,176112,1,49.99,19.49,0.0
72,20140102,3,1,10096,176118,1,45.99,14.49,0.0
73,20140102,1,1,10097,176130,1,49.99,19.49,0.0
74,20140102,3,1,10097,176130,0,45.99,14.49,0.0
75,20140102,1,1,10098,176158,1,49.99,19.49,49.99
76,20140102,1,2,10099,176164,1,49.99,19.49,0.0
77,20140102,3,2,10100,176170,1,45.99,14.49,0.0
78,20140103,1,2,10101,176215,1,49.99,19.49,0.0
79,20140103,1,1,10102,176218,1,49.99,19.49,0.0
80,20140103,1,2,10103,176226,1,49.99,19.49,0.0
81,20140103,1,1,10104,176266,1,49.99,19.49,0.0
82,20140103,1,1,10105,176276,1,49.99,19.49,0.0
83,20140103,3,1,10106,176282,1,45.99,14.49,0.0
84,20140103,1,1,10107,176322,1,49.99,19.49,0.0
85,20140103,1,5,10108,176333,1,49.99,19.49,0.0
86,20140103,1,3,10109,176361,1,49.99,19.49,49.99
87,20140103,1,2,10110,176359,1,49.99,19.49,0.0
88,20140103,1,1,10111,176392,1,49.99,19.49,0.0
89,20140103,3,1,10112,176404,1,45.99,14.49,0.0
90,20140103,1,1,10113,176451,1,49.99,19.49,0.0
91,20140103,1,1,10114,176453,1,49.99,19.49,0.0
92,20140103,3,3,10115,176463,1,45.99,14.49,0.0
93,20140103,1,1,10116,176468,1,49.99,19.49,0.0
94,20140103,1,1,10117,176478,1,49.99,19.49,0.0
95,20140103,1,4,10118,176498,1,49.99,19.49,0.0
96,20140103,3,1,10119,176508,1,45.99,14.49,0.0
97,20140103,3,4,10120,176516,1,45.99,14.49,0.0
98,20140103,1,4,10120,176516,0,49.99,19.49,0.0
99,20140103,3,7,10121,176515,1,45.99,14.49,0.0
100,20140103,1,1,10122,176524,1,49.99,19.49,0.0
101,20140103,3,6,10123,176542,1,45.99,14.49,0.0
102,20140103,1,1,10124,176556,1,49.99,19.49,49.99
103,20140103,1,4,10125,176566,1,49.99,19.49,0.0
104,20140103,3,2,10126,176570,1,45.99,14.49,0.0
105,20140103,1,1,10127,176589,1,49.99,19.49,0.0
106,20140103,2,1,10128,176592,1,59.99,22.49,0.0
107,20140103,1,4,10129,176599,1,49.99,19.49,0.0
108,20140103,1,2,10130,176605,1,49.99,19.49,0.0
109,20140103,1,3,10131,176614,1,49.99,19.49,0.0
110,20140104,1,4,10132,176638,1,49.99,19.49,0.0
111,20140104,3,4,10132,176638,0,45.99,14.49,0.0
112,20140104,1,2,10133,176713,1,49.99,19.49,0.0
113,20140104,1,1,10134,176718,1,49.99,19.49,0.0
114,20140104,1,7,10135,176727,1,49.99,19.49,0.0
115,20140104,1,3,10136,176778,1,49.99,19.49,0.0
116,20140104,1,1,10137,176794,1,49.99,19.49,0.0
117,20140104,1,1,10138,176804,1,49.99,19.49,0.0
118,20140104,1,1,10139,176830,1,49.99,19.49,0.0
119,20140104,1,2,10140,176841,1,49.99,19.49,0.0
120,20140104,1,5,10141,176843,1,49.99,19.49,0.0
121,20140105,1,1,10142,176868,1,49.99,19.49,0.0
122,20140105,2,1,10143,176873,1,59.99,22.49,59.99
123,20140105,3,1,10143,176873,0,45.99,14.49,0.0
124,20140105,1,1,10144,176881,1,49.99,19.49,0.0
125,20140105,1,4,10145,176908,1,49.99,19.49,0.0
126,20140105,1,10,10146,176911,1,49.99,19.49,0.0
127,20140105,2,3,10147,176940,1,59.99,22.49,0.0
128,20140105,2,1,10148,176944,1,59.99,22.49,0.0
129,20140105,3,7,10149,176993,1,45.99,14.49,0.0
130,20140105,1,4,10150,176998,1,49.99,19.49,0.0
131,20140105,3,1,10151,177001,1,45.99,14.49,45.99
132,20140105,2,3,10152,177005,1,59.99,22.49,0.0
133,20140105,1,1,10153,177019,1,49.99,19.49,0.0
134,20140105,1,1,10154,177038,1,49.99,19.49,0.0
135,20140105,1,3,10155,177052,1,49.99,19.49,49.99
136,20140105,1,2,10156,177058,1,49.99,19.49,0.0
137,20140105,1,1,10157,177060,1,49.99,19.49,0.0
138,20140105,1,3,10158,177078,1,49.99,19.49,0.0
139,20140105,3,3,10158,177078,0,45.99,14.49,0.0
140,20140105,1,3,10159,177091,1,49.99,19.49,0.0
141,20140106,1,4,10160,177160,1,49.99,19.49,0.0
142,20140106,1,7,10161,177165,1,49.99,19.49,0.0
143,20140106,1,3,10162,177200,1,49.99,19.49,0.0
144,20140106,2,2,10163,177202,1,59.99,22.49,0.0
145,20140106,1,2,10164,177242,1,49.99,19.49,0.0
146,20140106,1,4,10165,177248,1,49.99,19.49,0.0
147,20140106,3,3,10166,177278,1,45.99,14.49,0.0
148,20140106,1,2,10167,177283,1,49.99,19.49,0.0
149,20140106,2,1,10168,177291,1,59.99,22.49,0.0
150,20140106,1,7,10169,177330,1,49.99,19.49,0.0
151,20140106,1,1,10170,177340,1,49.99,19.49,0.0
152,20140106,2,2,10171,177343,1,59.99,22.49,0.0
153,20140106,2,7,10172,177358,1,59.99,22.49,0.0
154,20140106,1,3,10173,177373,1,49.99,19.49,0.0
155,20140106,3,4,10174,177406,1,45.99,14.49,0.0
156,20140106,1,1,10175,177454,1,49.99,19.49,0.0
157,20140106,1,2,10176,177474,1,49.99,19.49,0.0
158,20140106,1,1,10177,177483,1,49.99,19.49,0.0
159,20140106,1,5,10178,177495,1,49.99,19.49,0.0
160,20140106,3,5,10178,177495,0,45.99,14.49,0.0
161,20140106,1,3,10179,177505,1,49.99,19.49,0.0
162,20140106,3,1,10180,177516,1,45.99,14.49,0.0
163,20140106,1,2,10181,177537,1,49.99,19.49,0.0
164,20140106,1,9,10182,177555,1,49.99,19.49,0.0
165,20140106,1,2,10183,177571,1,49.99,19.49,0.0
166,20140106,1,3,10184,177575,1,49.99,19.49,0.0
167,20140106,1,2,10185,177605,1,49.99,19.49,0.0
168,20140106,2,1,10186,177622,1,59.99,22.49,0.0
169,20140107,3,1,10187,177640,1,45.99,14.49,0.0
170,20140107,1,1,10188,177643,1,49.99,19.49,0.0
171,20140107,2,1,10188,177643,0,59.99,22.49,0.0
172,20140107,2,1,10189,177657,1,59.99,22.49,0.0
173,20140107,1,2,10190,177663,1,49.99,19.49,0.0
174,20140107,1,1,10191,177672,1,49.99,19.49,49.99
175,20140107,1,3,10192,177675,1,49.99,19.49,0.0
176,20140107,1,1,10193,177680,1,49.99,19.49,0.0
177,20140107,1,1,10194,177726,1,49.99,19.49,0.0
178,20140107,1,1,10195,177745,1,49.99,19.49,0.0
179,20140107,1,4,10196,177753,1,49.99,19.49,0.0
180,20140107,1,9,10197,177768,1,49.99,19.49,0.0
181,20140107,1,1,10198,177773,1,49.99,19.49,0.0
182,20140107,1,1,10199,177781,1,49.99,19.49,0.0
183,20140107,1,1,10200,177789,1,49.99,19.49,0.0
184,20140107,1,5,10201,177792,1,49.99,19.49,0.0
185,20140107,2,3,10202,177810,1,59.99,22.49,0.0
186,20140107,3,3,10202,177810,0,45.99,14.49,45.99
187,20140107,1,1,10203,177854,1,49.99,19.49,0.0
188,20140107,2,6,10204,177878,1,59.99,22.49,0.0
189,20140107,1,1,10205,177897,1,49.99,19.49,0.0
190,20140107,2,2,10206,177895,1,59.99,22.49,0.0
191,20140107,1,2,10206,177895,0,49.99,19.49,0.0
192,20140107,1,4,10207,177905,1,49.99,19.49,0.0
193,20140107,1,7,10208,177906,1,49.99,19.49,0.0
194,20140107,1,5,10209,177923,1,49.99,19.49,0.0
195,20140107,3,5,10209,177923,0,45.99,14.49,0.0
196,20140107,1,7,10210,177956,1,49.99,19.49,0.0
197,20140107,1,1,10211,177972,1,49.99,19.49,0.0
198,20140107,3,1,10211,177972,0,45.99,14.49,0.0
199,20140107,1,2,10212,177968,1,49.99,19.49,0.0
200,20140107,3,2,10212,177968,0,45.99,14.49,0.0
201,20140107,1,1,10213,177980,1,49.99,19.49,0.0
202,20140107,1,2,10214,178033,1,49.99,19.49,0.0
203,20140107,1,4,10215,178032,1,49.99,19.49,0.0
204,20140107,1,3,10216,178044,1,49.99,19.49,0.0
205,20140107,1,2,10217,178057,1,49.99,19.49,0.0
206,20140107,2,2,10217,178057,0,59.99,22.49,0.0
207,20140107,1,10,10218,178074,1,49.99,19.49,0.0
208,20140108,1,1,10219,178097,1,49.99,19.49,0.0
209,20140108,1,1,10220,178107,1,49.99,19.49,0.0
210,20140108,1,2,10221,178110,1,49.99,19.49,0.0
211,20140108,1,2,10222,178111,1,49.99,19.49,0.0
212,20140108,3,2,10223,178127,1,45.99,14.49,0.0
213,20140108,1,2,10224,178151,1,49.99,19.49,0.0
214,20140108,1,1,10225,178160,1,49.99,19.49,0.0
215,20140108,2,1,10226,178173,1,59.99,22.49,0.0
216,20140108,2,2,10227,178185,1,59.99,22.49,0.0
217,20140108,1,9,10228,178212,1,49.99,19.49,0.0
218,20140108,1,1,10229,178229,1,49.99,19.49,0.0
219,20140108,1,2,10230,178228,1,49.99,19.49,0.0
220,20140108,2,2,10231,178243,1,59.99,22.49,0.0
221,20140108,1,1,10232,178277,1,49.99,19.49,0.0
222,20140108,1,5,10233,178281,1,49.99,19.49,0.0
223,20140108,3,1,10234,178284,1,45.99,14.49,0.0
224,20140108,1,4,10235,178298,1,49.99,19.49,0.0
225,20140108,1,1,10236,178306,1,49.99,19.49,0.0
226,20140108,1,1,10237,178319,1,49.99,19.49,0.0
227,20140108,2,1,10237,178319,0,59.99,22.49,0.0
228,20140108,1,1,10238,178352,1,49.99,19.49,0.0
229,20140108,3,4,10239,178381,1,45.99,14.49,0.0
230,20140108,3,1,10240,178445,1,45.99,14.49,0.0
231,20140108,2,7,10241,178460,1,59.99,22.49,59.99
232,20140108,2,1,10242,178472,1,59.99,22.49,0.0
233,20140108,1,2,10243,178481,1,49.99,19.49,0.0
234,20140108,1,9,10244,178512,1,49.99,19.49,0.0
235,20140108,3,1,10245,178523,1,45.99,14.49,0.0
236,20140108,1,5,10246,178524,1,49.99,19.49,0.0
237,20140108,3,1,10247,178578,1,45.99,14.49,0.0
238,20140108,1,4,10248,178583,1,49.99,19.49,0.0
239,20140109,1,1,10249,178597,1,49.99,19.49,0.0
240,20140109,1,9,10250,178651,1,49.99,19.49,0.0
241,20140109,1,1,10251,178692,1,49.99,19.49,0.0
242,20140109,3,1,10252,178696,1,45.99,14.49,0.0
243,20140109,1,9,10253,178715,1,49.99,19.49,0.0
244,20140109,1,1,10254,178768,1,49.99,19.49,0.0
245,20140109,3,1,10254,178768,0,45.99,14.49,0.0
246,20140109,2,3,10255,178792,1,59.99,22.49,0.0
247,20140109,1,3,10255,178792,0,49.99,19.49,0.0
248,20140109,1,4,10256,178820,1,49.99,19.49,0.0
249,20140109,1,7,10257,178818,1,49.99,19.49,0.0
250,20140109,1,1,10258,178839,1,49.99,19.49,0.0
251,20140109,1,1,10259,178849,1,49.99,19.49,0.0
252,20140109,3,1,10260,178856,1,45.99,14.49,0.0
253,20140109,3,4,10261,178865,1,45.99,14.49,0.0
254,20140109,3,7,10262,178868,1,45.99,14.49,0.0
255,20140109,1,1,10263,178879,1,49.99,19.49,0.0
256,20140109,2,1,10264,178887,1,59.99,22.49,0.0
257,20140109,3,1,10265,178902,1,45.99,14.49,0.0
258,20140109,1,1,10265,178902,0,49.99,19.49,0.0
259,20140109,1,1,10266,178909,1,49.99,19.49,0.0
260,20140109,1,1,10267,178917,1,49.99,19.49,0.0
261,20140109,1,2,10268,178930,1,49.99,19.49,0.0
262,20140109,1,1,10269,178942,1,49.99,19.49,0.0
263,20140109,1,1,10270,178944,1,49.99,19.49,0.0
264,20140109,1,1,10271,178966,1,49.99,19.49,0.0
265,20140109,1,1,10272,178975,1,49.99,19.49,0.0
266,20140109,1,4,10273,178979,1,49.99,19.49,0.0
267,20140109,1,3,10274,179033,1,49.99,19.49,0.0
268,20140109,2,3,10274,179033,0,59.99,22.49,0.0
269,20140109,1,1,10275,179035,1,49.99,19.49,0.0
270,20140109,1,7,10276,179043,1,49.99,19.49,0.0
271,20140110,1,7,10277,179051,1,49.99,19.49,0.0
272,20140110,1,3,10278,179048,1,49.99,19.49,0.0
273,20140110,1,1,10279,179060,1,49.99,19.49,0.0
274,20140110,2,5,10280,179064,1,59.99,22.49,0.0
275,20140110,1,1,10281,179081,1,49.99,19.49,0.0
276,20140110,3,1,10282,179083,1,45.99,14.49,0.0
277,20140110,1,3,10283,179114,1,49.99,19.49,0.0
278,20140110,1,1,10284,179119,1,49.99,19.49,0.0
279,20140110,2,1,10285,179125,1,59.99,22.49,0.0
280,20140110,1,2,10286,179143,1,49.99,19.49,0.0
281,20140110,1,1,10287,179156,1,49.99,19.49,0.0
282,20140110,1,4,10288,179160,1,49.99,19.49,0.0
283,20140110,1,1,10289,179167,1,49.99,19.49,0.0
284,20140110,1,2,10290,179168,1,49.99,19.49,0.0
285,20140110,3,2,10290,179168,0,45.99,14.49,0.0
286,20140110,1,4,10291,179197,1,49.99,19.49,0.0
287,20140110,3,4,10291,179197,0,45.99,14.49,0.0
288,20140110,2,3,10292,179215,1,59.99,22.49,0.0
289,20140110,1,4,10293,179234,1,49.99,19.49,0.0
290,20140110,1,1,10294,179246,1,49.99,19.49,0.0
291,20140110,3,1,10294,179246,0,45.99,14.49,0.0
292,20140110,1,2,10295,179256,1,49.99,19.49,0.0
293,20140110,1,1,10296,179270,1,49.99,19.49,0.0
294,20140110,1,1,10297,179289,1,49.99,19.49,0.0
295,20140110,1,1,10298,179332,1,49.99,19.49,0.0
296,20140110,3,1,10298,179332,0,45.99,14.49,0.0
297,20140110,2,4,10299,179331,1,59.99,22.49,0.0
298,20140110,1,1,10300,179339,1,49.99,19.49,0.0
299,20140110,2,1,10300,179339,0,59.99,22.49,0.0
300,20140110,2,1,10301,179340,1,59.99,22.49,0.0
301,20140110,1,1,10301,179340,0,49.99,19.49,0.0
302,20140110,3,2,10302,179351,1,45.99,14.49,0.0
303,20140110,1,2,10303,179358,1,49.99,19.49,0.0
304,20140110,1,6,10304,179365,1,49.99,19.49,49.99
305,20140110,1,3,10305,179373,1,49.99,19.49,0.0
306,20140110,2,3,10305,179373,0,59.99,22.49,0.0
307,20140110,1,1,10306,179374,1,49.99,19.49,0.0
308,20140110,1,1,10307,179382,1,49.99,19.49,0.0
309,20140110,1,3,10308,179389,1,49.99,19.49,0.0
310,20140110,3,7,10309,179391,1,45.99,14.49,45.99
311,20140110,1,7,10309,179391,0,49.99,19.49,0.0
312,20140110,1,1,10310,179407,1,49.99,19.49,0.0
313,20140110,1,1,10311,179428,1,49.99,19.49,0.0
314,20140110,1,1,10312,179436,1,49.99,19.49,49.99
315,20140110,1,4,10313,179443,1,49.99,19.49,0.0
316,20140110,1,2,10314,179492,1,49.99,19.49,0.0
317,20140111,1,3,10315,179516,1,49.99,19.49,0.0
318,20140111,3,1,10316,179524,1,45.99,14.49,0.0
319,20140111,2,1,10317,179532,1,59.99,22.49,0.0
320,20140111,3,1,10317,179532,0,45.99,14.49,0.0
321,20140111,1,1,10318,179545,1,49.99,19.49,0.0
322,20140111,1,1,10319,179568,1,49.99,19.49,0.0
323,20140111,3,1,10319,179568,0,45.99,14.49,0.0
324,20140111,1,2,10320,179576,1,49.99,19.49,0.0
325,20140111,1,1,10321,179605,1,49.99,19.49,0.0
326,20140111,1,4,10322,179610,1,49.99,19.49,0.0
327,20140111,1,4,10323,179612,1,49.99,19.49,0.0
328,20140111,2,1,10324,179615,1,59.99,22.49,0.0
329,20140111,1,1,10325,179617,1,49.99,19.49,0.0
330,20140111,1,2,10326,179630,1,49.99,19.49,0.0
331,20140111,2,2,10327,179651,1,59.99,22.49,0.0
332,20140111,1,3,10328,179657,1,49.99,19.49,0.0
333,20140111,1,1,10329,179662,1,49.99,19.49,0.0
334,20140111,1,2,10330,179665,1,49.99,19.49,0.0
335,20140111,1,1,10331,179686,1,49.99,19.49,0.0
336,20140111,1,2,10332,179697,1,49.99,19.49,0.0
337,20140111,1,1,10333,179714,1,49.99,19.49,0.0
338,20140111,1,2,10334,179723,1,49.99,19.49,0.0
339,20140111,3,2,10334,179723,0,45.99,14.49,0.0
340,20140111,1,1,10335,179728,1,49.99,19.49,0.0
341,20140111,3,1,10335,179728,0,45.99,14.49,45.99
342,20140111,1,1,10336,179752,1,49.99,19.49,0.0
343,20140112,3,2,10337,179771,1,45.99,14.49,0.0
344,20140112,1,7,10338,179791,1,49.99,19.49,0.0
345,20140112,1,4,10339,179802,1,49.99,19.49,0.0
346,20140112,1,2,10340,179809,1,49.99,19.49,0.0
347,20140112,1,7,10341,179813,1,49.99,19.49,0.0
348,20140112,1,1,10342,179825,1,49.99,19.49,0.0
349,20140112,1,5,10343,179852,1,49.99,19.49,0.0
350,20140112,1,3,10344,179882,1,49.99,19.49,0.0
351,20140112,1,1,10345,179897,1,49.99,19.49,0.0
352,20140112,1,4,10346,179898,1,49.99,19.49,0.0
353,20140112,1,3,10347,179903,1,49.99,19.49,0.0
354,20140112,3,3,10348,179907,1,45.99,14.49,0.0
355,20140112,1,1,10349,179964,1,49.99,19.49,0.0
356,20140112,1,7,10350,179992,1,49.99,19.49,0.0
357,20140112,1,2,10351,179999,1,49.99,19.49,0.0
358,20140113,1,1,10352,180036,1,49.99,19.49,0.0
359,20140113,1,1,10353,180055,1,49.99,19.49,0.0
360,20140113,1,1,10354,180062,1,49.99,19.49,0.0
361,20140113,2,5,10355,180063,1,59.99,22.49,0.0
362,20140113,1,1,10356,180067,1,49.99,19.49,0.0
363,20140113,1,2,10357,180078,1,49.99,19.49,0.0
364,20140113,1,7,10358,180080,1,49.99,19.49,0.0
365,20140113,1,1,10359,180096,1,49.99,19.49,0.0
366,20140113,1,4,10360,180113,1,49.99,19.49,0.0
367,20140113,2,9,10361,180118,1,59.99,22.49,0.0
368,20140113,1,4,10362,180124,1,49.99,19.49,0.0
369,20140113,2,4,10362,180124,0,59.99,22.49,0.0
370,20140113,2,1,10363,180137,1,59.99,22.49,0.0
371,20140113,1,3,10364,180145,1,49.99,19.49,0.0
372,20140113,1,1,10365,180164,1,49.99,19.49,0.0
373,20140113,1,5,10366,180195,1,49.99,19.49,0.0
374,20140113,1,9,10367,180206,1,49.99,19.49,0.0
375,20140113,3,1,10368,180230,1,45.99,14.49,0.0
376,20140113,1,1,10369,180245,1,49.99,19.49,0.0
377,20140113,1,7,10370,180256,1,49.99,19.49,0.0
378,20140113,1,1,10371,180260,1,49.99,19.49,49.99
379,20140113,1,3,10372,180274,1,49.99,19.49,0.0
380,20140113,3,3,10372,180274,0,45.99,14.49,0.0
381,20140113,1,7,10373,180304,1,49.99,19.49,0.0
382,20140113,1,3,10374,180329,1,49.99,19.49,0.0
383,20140113,1,2,10375,180332,1,49.99,19.49,0.0
384,20140113,1,2,10376,180338,1,49.99,19.49,0.0
385,20140113,1,1,10377,180343,1,49.99,19.49,0.0
386,20140113,1,1,10378,180360,1,49.99,19.49,0.0
387,20140113,1,7,10379,180373,1,49.99,19.49,0.0
388,20140113,1,5,10380,180375,1,49.99,19.49,0.0
389,20140113,3,5,10380,180375,0,45.99,14.49,0.0
390,20140113,1,2,10381,180402,1,49.99,19.49,0.0
391,20140113,1,4,10382,180423,1,49.99,19.49,0.0
392,20140113,1,3,10383,180456,1,49.99,19.49,0.0
393,20140113,1,2,10384,180458,1,49.99,19.49,0.0
394,20140113,1,3,10385,180463,1,49.99,19.49,0.0
395,20140113,1,4,10386,180471,1,49.99,19.49,0.0
396,20140113,1,1,10387,180475,1,49.99,19.49,0.0
397,20140113,1,1,10388,180514,1,49.99,19.49,0.0
398,20140113,1,1,10389,180517,1,49.99,19.49,0.0
399,20140113,2,1,10389,180517,0,59.99,22.49,0.0
400,20140113,2,4,10390,180527,1,59.99,22.49,0.0
401,20140113,1,2,10391,180531,1,49.99,19.49,0.0
402,20140113,1,9,10392,180551,1,49.99,19.49,0.0
403,20140113,1,2,10393,180556,1,49.99,19.49,0.0
404,20140113,3,4,10394,180567,1,45.99,14.49,0.0
405,20140114,3,5,10395,180589,1,45.99,14.49,45.99
406,20140114,1,1,10396,180609,1,49.99,19.49,0.0
407,20140114,1,7,10397,180629,1,49.99,19.49,0.0
408,20140114,1,1,10398,180654,1,49.99,19.49,0.0
409,20140114,2,4,10399,180698,1,59.99,22.49,0.0
410,20140114,2,1,10400,180696,1,59.99,22.49,0.0
411,20140114,1,11,10401,180709,1,49.99,19.49,0.0
412,20140114,3,11,10401,180709,0,45.99,14.49,0.0
413,20140114,1,1,10402,180746,1,49.99,19.49,0.0
414,20140114,1,3,10403,180758,1,49.99,19.49,0.0
415,20140114,1,1,10404,180797,1,49.99,19.49,0.0
416,20140114,1,1,10405,180803,1,49.99,19.49,0.0
417,20140114,1,1,10406,180818,1,49.99,19.49,0.0
418,20140114,1,1,10407,180823,1,49.99,19.49,0.0
419,20140114,2,7,10408,180824,1,59.99,22.49,59.99
420,20140114,3,1,10409,180838,1,45.99,14.49,0.0
421,20140114,1,4,10410,180851,1,49.99,19.49,0.0
422,20140114,3,4,10410,180851,0,45.99,14.49,0.0
423,20140114,1,1,10411,180863,1,49.99,19.49,0.0
424,20140114,2,9,10412,180866,1,59.99,22.49,0.0
425,20140114,1,2,10413,180870,1,49.99,19.49,49.99
426,20140114,2,2,10413,180870,0,59.99,22.49,0.0
427,20140114,1,1,10414,180877,1,49.99,19.49,0.0
428,20140114,1,1,10415,180890,1,49.99,19.49,0.0
429,20140114,1,4,10416,180903,1,49.99,19.49,0.0
430,20140114,2,1,10417,180914,1,59.99,22.49,0.0
431,20140114,2,1,10418,180924,1,59.99,22.49,0.0
432,20140114,2,2,10419,180965,1,59.99,22.49,0.0
433,20140114,2,1,10420,180967,1,59.99,22.49,0.0
434,20140114,1,1,10421,180976,1,49.99,19.49,0.0
435,20140114,1,3,10422,180973,1,49.99,19.49,0.0
436,20140114,2,1,10423,180996,1,59.99,22.49,0.0
437,20140114,1,1,10424,181019,1,49.99,19.49,0.0
438,20140114,3,1,10425,181034,1,45.99,14.49,0.0
439,20140114,1,1,10425,181034,0,49.99,19.49,0.0
440,20140114,1,1,10426,181037,1,49.99,19.49,0.0
441,20140114,1,9,10427,181045,1,49.99,19.49,0.0
442,20140114,1,2,10428,181053,1,49.99,19.49,0.0
443,20140114,1,1,10429,181057,1,49.99,19.49,0.0
444,20140114,1,1,10430,181092,1,49.99,19.49,0.0
445,20140114,1,1,10431,181108,1,49.99,19.49,0.0
446,20140115,1,3,10432,181142,1,49.99,19.49,0.0
447,20140115,1,1,10433,181264,1,49.99,19.49,0.0
448,20140115,3,1,10434,181266,1,45.99,14.49,0.0
449,20140115,2,7,10435,181280,1,59.99,22.49,0.0
450,20140115,1,1,10436,181330,1,49.99,19.49,0.0
451,20140115,2,1,10436,181330,0,59.99,22.49,0.0
452,20140115,2,9,10437,181352,1,59.99,22.49,0.0
453,20140115,1,2,10438,181368,1,49.99,19.49,0.0
454,20140115,1,1,10439,181379,1,49.99,19.49,49.99
455,20140115,1,1,10440,181397,1,49.99,19.49,0.0
456,20140115,2,1,10440,181397,0,59.99,22.49,0.0
457,20140115,1,3,10441,181403,1,49.99,19.49,0.0
458,20140115,1,1,10442,181405,1,49.99,19.49,0.0
459,20140115,2,1,10442,181405,0,59.99,22.49,0.0
460,20140115,1,7,10443,181455,1,49.99,19.49,0.0
461,20140115,2,2,10444,181470,1,59.99,22.49,0.0
462,20140115,1,1,10445,181497,1,49.99,19.49,0.0
463,20140115,1,1,10446,181531,1,49.99,19.49,0.0
464,20140115,1,3,10447,181536,1,49.99,19.49,0.0
465,20140115,1,10,10448,181548,1,49.99,19.49,0.0
466,20140115,2,1,10449,181552,1,59.99,22.49,0.0
467,20140115,1,1,10450,181564,1,49.99,19.49,0.0
468,20140115,1,1,10451,181596,1,49.99,19.49,0.0
469,20140115,3,1,10452,181615,1,45.99,14.49,0.0
470,20140115,1,2,10453,181626,1,49.99,19.49,49.99
471,20140115,3,2,10453,181626,0,45.99,14.49,0.0
472,20140115,1,1,10454,181635,1,49.99,19.49,49.99
473,20140115,1,1,10455,181632,1,49.99,19.49,0.0
474,20140115,1,1,10456,181640,1,49.99,19.49,49.99
475,20140115,1,2,10457,181646,1,49.99,19.49,0.0
476,20140115,1,3,10458,181656,1,49.99,19.49,0.0
477,20140115,2,3,10458,181656,0,59.99,22.49,0.0
478,20140115,1,4,10459,181666,1,49.99,19.49,0.0
479,20140115,1,1,10460,181671,1,49.99,19.49,0.0
480,20140115,1,3,10461,181689,1,49.99,19.49,0.0
481,20140115,1,1,10462,181724,1,49.99,19.49,0.0
482,20140115,3,1,10462,181724,0,45.99,14.49,0.0
483,20140116,1,1,10463,181808,1,49.99,19.49,0.0
484,20140116,1,1,10464,181822,1,49.99,19.49,0.0
485,20140116,1,4,10465,181852,1,49.99,19.49,0.0
486,20140116,3,1,10466,181876,1,45.99,14.49,0.0
487,20140116,1,3,10467,181941,1,49.99,19.49,0.0
488,20140116,1,11,10468,181948,1,49.99,19.49,0.0
489,20140116,3,11,10468,181948,0,45.99,14.49,0.0
490,20140116,2,5,10469,181957,1,59.99,22.49,0.0
491,20140116,2,1,10470,181951,1,59.99,22.49,59.99
492,20140116,1,2,10471,181979,1,49.99,19.49,0.0
493,20140116,3,1,10472,182002,1,45.99,14.49,0.0
494,20140116,2,1,10473,182006,1,59.99,22.49,0.0
495,20140116,1,10,10474,182019,1,49.99,19.49,0.0
496,20140116,3,12,10475,182046,1,45.99,14.49,0.0
497,20140116,1,3,10476,182086,1,49.99,19.49,0.0
498,20140116,1,2,10477,182126,1,49.99,19.49,0.0
499,20140116,1,1,10478,182129,1,49.99,19.49,0.0
500,20140116,3,1,10478,182129,0,45.99,14.49,45.99
501,20140116,3,1,10479,182136,1,45.99,14.49,0.0
502,20140116,3,2,10480,182142,1,45.99,14.49,0.0
503,20140116,1,1,10481,182144,1,49.99,19.49,0.0
504,20140116,1,5,10482,182156,1,49.99,19.49,0.0
505,20140116,2,1,10483,182166,1,59.99,22.49,0.0
506,20140116,1,1,10484,182165,1,49.99,19.49,0.0
507,20140116,2,1,10485,182170,1,59.99,22.49,0.0
508,20140116,1,12,10486,182181,1,49.99,19.49,49.99
509,20140116,2,12,10486,182181,0,59.99,22.49,0.0
510,20140116,1,1,10487,182216,1,49.99,19.49,0.0
511,20140116,2,1,10487,182216,0,59.99,22.49,0.0
512,20140116,3,9,10488,182277,1,45.99,14.49,0.0
513,20140116,1,9,10488,182277,0,49.99,19.49,0.0
514,20140116,1,2,10489,182292,1,49.99,19.49,0.0
515,20140116,3,7,10490,182293,1,45.99,14.49,0.0
516,20140116,1,1,10491,182300,1,49.99,19.49,0.0
517,20140117,1,7,10492,182308,1,49.99,19.49,0.0
518,20140117,3,9,10493,182306,1,45.99,14.49,0.0
519,20140117,2,1,10494,182317,1,59.99,22.49,0.0
520,20140117,1,7,10495,182318,1,49.99,19.49,0.0
521,20140117,1,2,10496,182343,1,49.99,19.49,0.0
522,20140117,1,1,10497,182365,1,49.99,19.49,49.99
523,20140117,1,4,10498,182369,1,49.99,19.49,0.0
524,20140117,1,1,10499,182382,1,49.99,19.49,0.0
525,20140117,2,1,10499,182382,0,59.99,22.49,0.0
526,20140117,2,1,10500,182392,1,59.99,22.49,0.0
527,20140117,1,3,10501,182436,1,49.99,19.49,0.0
528,20140117,1,1,10502,182439,1,49.99,19.49,0.0
529,20140117,2,7,10503,182457,1,59.99,22.49,0.0
530,20140117,2,1,10504,182554,1,59.99,22.49,0.0
531,20140117,2,1,10505,182562,1,59.99,22.49,0.0
532,20140117,1,1,10506,182587,1,49.99,19.49,0.0
533,20140117,1,3,10507,182589,1,49.99,19.49,0.0
534,20140117,3,7,10508,182614,1,45.99,14.49,0.0
535,20140117,1,2,10509,182619,1,49.99,19.49,0.0
536,20140117,3,1,10510,182629,1,45.99,14.49,0.0
537,20140117,1,11,10511,182633,1,49.99,19.49,0.0
538,20140117,2,6,10512,182635,1,59.99,22.49,0.0
539,20140117,2,1,10513,182636,1,59.99,22.49,0.0
540,20140117,1,11,10514,182666,1,49.99,19.49,0.0
541,20140117,2,2,10515,182690,1,59.99,22.49,0.0
542,20140117,1,1,10516,182692,1,49.99,19.49,0.0
543,20140117,3,1,10516,182692,0,45.99,14.49,0.0
544,20140117,1,1,10517,182693,1,49.99,19.49,0.0
545,20140117,3,1,10517,182693,0,45.99,14.49,0.0
546,20140117,1,1,10518,182694,1,49.99,19.49,0.0
547,20140117,1,4,10519,182704,1,49.99,19.49,49.99
548,20140117,1,3,10520,182720,1,49.99,19.49,0.0
549,20140117,2,4,10521,182722,1,59.99,22.49,0.0
550,20140117,2,5,10522,182750,1,59.99,22.49,0.0
551,20140117,3,2,10523,182757,1,45.99,14.49,0.0
552,20140117,1,2,10524,182777,1,49.99,19.49,0.0
553,20140117,2,5,10525,182783,1,59.99,22.49,0.0
554,20140117,3,1,10526,182785,1,45.99,14.49,0.0
555,20140117,1,4,10527,182825,1,49.99,19.49,0.0
556,20140117,1,1,10528,182831,1,49.99,19.49,0.0
557,20140117,2,1,10528,182831,0,59.99,22.49,0.0
558,20140117,1,4,10529,182837,1,49.99,19.49,0.0
559,20140117,3,4,10529,182837,0,45.99,14.49,0.0
560,20140117,1,1,10530,182858,1,49.99,19.49,0.0
561,20140118,1,1,10531,182922,1,49.99,19.49,0.0
562,20140118,3,1,10531,182922,0,45.99,14.49,0.0
563,20140118,1,4,10532,182925,1,49.99,19.49,0.0
564,20140118,2,1,10533,182931,1,59.99,22.49,0.0
565,20140118,1,1,10534,182937,1,49.99,19.49,0.0
566,20140118,1,9,10535,182947,1,49.99,19.49,0.0
567,20140118,1,7,10536,182965,1,49.99,19.49,0.0
568,20140118,2,7,10536,182965,0,59.99,22.49,0.0
569,20140118,1,4,10537,182969,1,49.99,19.49,0.0
570,20140118,1,3,10538,182991,1,49.99,19.49,0.0
571,20140118,1,1,10539,183003,1,49.99,19.49,0.0
572,20140118,1,1,10540,183008,1,49.99,19.49,49.99
573,20140118,1,1,10541,183034,1,49.99,19.49,0.0
574,20140118,1,1,10542,183039,1,49.99,19.49,0.0
575,20140118,3,1,10543,183058,1,45.99,14.49,0.0
576,20140118,1,3,10544,183092,1,49.99,19.49,0.0
577,20140118,3,1,10545,183093,1,45.99,14.49,0.0
578,20140118,1,1,10546,183114,1,49.99,19.49,0.0
579,20140118,3,1,10546,183114,0,45.99,14.49,0.0
580,20140118,3,3,10547,183125,1,45.99,14.49,0.0
581,20140119,1,1,10548,183157,1,49.99,19.49,0.0
582,20140119,2,1,10548,183157,0,59.99,22.49,0.0
583,20140119,1,1,10549,183170,1,49.99,19.49,0.0
584,20140119,1,1,10550,183175,1,49.99,19.49,0.0
585,20140119,1,2,10551,183190,1,49.99,19.49,0.0
586,20140119,1,7,10552,183198,1,49.99,19.49,0.0
587,20140119,1,1,10553,183207,1,49.99,19.49,49.99
588,20140119,2,1,10553,183207,0,59.99,22.49,0.0
589,20140119,1,2,10554,183235,1,49.99,19.49,0.0
590,20140119,1,9,10555,183234,1,49.99,19.49,0.0
591,20140119,1,1,10556,183290,1,49.99,19.49,0.0
592,20140119,2,4,10557,183305,1,59.99,22.49,0.0
593,20140119,1,3,10558,183311,1,49.99,19.49,49.99
594,20140119,1,2,10559,183312,1,49.99,19.49,0.0
595,20140119,1,2,10560,183333,1,49.99,19.49,0.0
596,20140119,1,3,10561,183386,1,49.99,19.49,0.0
597,20140119,2,11,10562,183404,1,59.99,22.49,0.0
598,20140119,2,1,10563,183431,1,59.99,22.49,0.0
599,20140120,1,5,10564,183442,1,49.99,19.49,0.0
600,20140120,3,3,10565,183465,1,45.99,14.49,0.0
601,20140120,1,6,10566,183473,1,49.99,19.49,0.0
602,20140120,3,6,10566,183473,0,45.99,14.49,0.0
603,20140120,2,2,10567,183486,1,59.99,22.49,0.0
604,20140120,1,3,10568,183491,1,49.99,19.49,0.0
605,20140120,1,1,10569,183511,1,49.99,19.49,0.0
606,20140120,2,1,10570,183521,1,59.99,22.49,0.0
607,20140120,1,3,10571,183527,1,49.99,19.49,0.0
608,20140120,2,3,10571,183527,0,59.99,22.49,0.0
609,20140120,1,5,10572,183534,1,49.99,19.49,0.0
610,20140120,2,7,10573,183538,1,59.99,22.49,0.0
611,20140120,1,2,10574,183565,1,49.99,19.49,0.0
612,20140120,1,4,10575,183562,1,49.99,19.49,0.0
613,20140120,1,2,10576,183591,1,49.99,19.49,0.0
614,20140120,1,1,10577,183606,1,49.99,19.49,0.0
615,20140120,3,1,10578,183616,1,45.99,14.49,0.0
616,20140120,2,1,10579,183632,1,59.99,22.49,0.0
617,20140120,1,1,10580,183651,1,49.99,19.49,0.0
618,20140120,3,1,10580,183651,0,45.99,14.49,0.0
619,20140120,1,1,10581,183658,1,49.99,19.49,0.0
620,20140120,1,10,10582,183678,1,49.99,19.49,0.0
621,20140120,3,10,10582,183678,0,45.99,14.49,45.99
622,20140120,3,1,10583,183679,1,45.99,14.49,0.0
623,20140120,1,1,10584,183697,1,49.99,19.49,0.0
624,20140120,1,3,10585,183699,1,49.99,19.49,0.0
625,20140120,1,4,10586,183716,1,49.99,19.49,0.0
626,20140120,1,9,10587,183715,1,49.99,19.49,0.0
627,20140120,3,9,10587,183715,0,45.99,14.49,0.0
628,20140120,2,2,10588,183724,1,59.99,22.49,0.0
629,20140120,3,2,10588,183724,0,45.99,14.49,0.0
630,20140120,1,3,10589,183736,1,49.99,19.49,0.0
631,20140120,3,9,10590,183746,1,45.99,14.49,0.0
632,20140120,1,1,10591,183750,1,49.99,19.49,0.0
633,20140120,2,1,10591,183750,0,59.99,22.49,0.0
634,20140120,2,1,10592,183757,1,59.99,22.49,0.0
635,20140120,1,1,10593,183772,1,49.99,19.49,0.0
636,20140120,1,1,10594,183780,1,49.99,19.49,0.0
637,20140120,3,1,10595,183796,1,45.99,14.49,0.0
638,20140120,1,1,10595,183796,0,49.99,19.49,0.0
639,20140120,2,7,10596,183802,1,59.99,22.49,0.0
640,20140120,1,1,10597,183808,1,49.99,19.49,0.0
641,20140120,3,1,10597,183808,0,45.99,14.49,0.0
642,20140120,1,12,10598,183812,1,49.99,19.49,0.0
643,20140120,3,12,10598,183812,0,45.99,14.49,0.0
644,20140120,1,2,10599,183828,1,49.99,19.49,0.0
645,20140120,1,1,10600,183842,1,49.99,19.49,0.0
646,20140120,1,1,10601,183851,1,49.99,19.49,0.0
647,20140120,1,1,10602,183869,1,49.99,19.49,0.0
648,20140120,1,1,10603,183975,1,49.99,19.49,0.0
649,20140121,1,11,10604,184005,1,49.99,19.49,0.0
650,20140121,1,1,10605,184006,1,49.99,19.49,0.0
651,20140121,1,2,10606,184016,1,49.99,19.49,0.0
652,20140121,1,1,10607,184025,1,49.99,19.49,49.99
653,20140121,1,7,10608,184039,1,49.99,19.49,0.0
654,20140121,1,1,10609,184058,1,49.99,19.49,0.0
655,20140121,3,7,10610,184062,1,45.99,14.49,45.99
656,20140121,1,7,10611,184073,1,49.99,19.49,0.0
657,20140121,1,7,10612,184091,1,49.99,19.49,0.0
658,20140121,1,1,10613,184113,1,49.99,19.49,0.0
659,20140121,1,1,10614,184127,1,49.99,19.49,0.0
660,20140121,1,1,10615,184167,1,49.99,19.49,49.99
661,20140121,2,3,10616,184177,1,59.99,22.49,0.0
662,20140121,1,1,10617,184199,1,49.99,19.49,0.0
663,20140121,1,4,10618,184203,1,49.99,19.49,0.0
664,20140121,1,1,10619,184197,1,49.99,19.49,0.0
665,20140121,2,1,10619,184197,0,59.99,22.49,0.0
666,20140121,1,1,10620,184218,1,49.99,19.49,0.0
667,20140121,3,1,10620,184218,0,45.99,14.49,0.0
668,20140121,1,1,10621,184222,1,49.99,19.49,0.0
669,20140121,3,1,10622,184227,1,45.99,14.49,0.0
670,20140121,1,2,10623,184245,1,49.99,19.49,0.0
671,20140121,3,2,10623,184245,0,45.99,14.49,0.0
672,20140121,1,7,10624,184270,1,49.99,19.49,0.0
673,20140121,3,7,10624,184270,0,45.99,14.49,0.0
674,20140121,1,2,10625,184267,1,49.99,19.49,0.0
675,20140121,2,2,10625,184267,0,59.99,22.49,0.0
676,20140121,3,1,10626,184275,1,45.99,14.49,0.0
677,20140121,1,11,10627,184279,1,49.99,19.49,0.0
678,20140121,1,1,10628,184291,1,49.99,19.49,0.0
679,20140121,1,9,10629,184303,1,49.99,19.49,0.0
680,20140121,1,1,10630,184327,1,49.99,19.49,0.0
681,20140121,1,1,10631,184336,1,49.99,19.49,0.0
682,20140121,1,5,10632,184376,1,49.99,19.49,0.0
683,20140121,3,1,10633,184398,1,45.99,14.49,0.0
684,20140121,1,1,10634,184401,1,49.99,19.49,0.0
685,20140121,3,1,10634,184401,0,45.99,14.49,0.0
686,20140121,2,1,10635,184406,1,59.99,22.49,0.0
687,20140121,1,4,10636,184407,1,49.99,19.49,0.0
688,20140121,1,2,10637,184426,1,49.99,19.49,0.0
689,20140121,3,1,10638,184432,1,45.99,14.49,0.0
690,20140121,1,1,10639,184430,1,49.99,19.49,0.0
691,20140121,1,2,10640,184438,1,49.99,19.49,0.0
692,20140121,1,3,10641,184458,1,49.99,19.49,0.0
693,20140121,2,3,10641,184458,0,59.99,22.49,0.0
694,20140121,3,10,10642,184467,1,45.99,14.49,0.0
695,20140121,1,2,10643,184469,1,49.99,19.49,0.0
696,20140121,1,2,10644,184505,1,49.99,19.49,0.0
697,20140121,1,1,10645,184520,1,49.99,19.49,0.0
698,20140121,1,1,10646,184522,1,49.99,19.49,0.0
699,20140121,1,1,10647,184536,1,49.99,19.49,0.0
700,20140122,1,12,10648,184553,1,49.99,19.49,0.0
701,20140122,3,12,10648,184553,0,45.99,14.49,0.0
702,20140122,1,1,10649,184565,1,49.99,19.49,0.0
703,20140122,3,1,10649,184565,0,45.99,14.49,0.0
704,20140122,1,1,10650,184606,1,49.99,19.49,0.0
705,20140122,1,4,10651,184609,1,49.99,19.49,0.0
706,20140122,1,1,10652,184628,1,49.99,19.49,0.0
707,20140122,2,4,10653,184641,1,59.99,22.49,0.0
708,20140122,1,7,10654,184664,1,49.99,19.49,0.0
709,20140122,1,7,10655,184684,1,49.99,19.49,0.0
710,20140122,1,9,10656,184687,1,49.99,19.49,0.0
711,20140122,1,3,10657,184693,1,49.99,19.49,0.0
712,20140122,2,3,10657,184693,0,59.99,22.49,0.0
713,20140122,3,1,10658,184714,1,45.99,14.49,0.0
714,20140122,1,1,10659,184718,1,49.99,19.49,0.0
715,20140122,1,1,10660,184734,1,49.99,19.49,0.0
716,20140122,2,2,10661,184738,1,59.99,22.49,0.0
717,20140122,2,1,10662,184764,1,59.99,22.49,0.0
718,20140122,1,5,10663,184771,1,49.99,19.49,0.0
719,20140122,1,1,10664,184795,1,49.99,19.49,0.0
720,20140122,1,3,10665,184796,1,49.99,19.49,0.0
721,20140122,1,3,10666,184814,1,49.99,19.49,0.0
722,20140122,1,2,10667,184839,1,49.99,19.49,0.0
723,20140122,1,8,10668,184847,1,49.99,19.49,0.0
724,20140122,1,4,10669,184869,1,49.99,19.49,0.0
725,20140122,3,4,10669,184869,0,45.99,14.49,0.0
726,20140122,1,7,10670,184896,1,49.99,19.49,0.0
727,20140122,1,4,10671,184921,1,49.99,19.49,0.0
728,20140122,3,5,10672,184938,1,45.99,14.49,0.0
729,20140122,1,2,10673,184967,1,49.99,19.49,0.0
730,20140122,1,7,10674,184969,1,49.99,19.49,0.0
731,20140122,1,2,10675,184999,1,49.99,19.49,0.0
732,20140122,1,1,10676,185019,1,49.99,19.49,0.0
733,20140122,2,1,10676,185019,0,59.99,22.49,0.0
734,20140122,1,4,10677,185038,1,49.99,19.49,0.0
735,20140122,3,2,10678,185043,1,45.99,14.49,45.99
736,20140122,1,1,10679,185050,1,49.99,19.49,0.0
737,20140122,1,3,10680,185074,1,49.99,19.49,0.0
738,20140122,1,1,10681,185108,1,49.99,19.49,0.0
739,20140122,1,2,10682,185117,1,49.99,19.49,0.0
740,20140123,1,3,10683,185154,1,49.99,19.49,0.0
741,20140123,1,2,10684,185170,1,49.99,19.49,0.0
742,20140123,1,1,10685,185195,1,49.99,19.49,0.0
743,20140123,3,1,10686,185202,1,45.99,14.49,0.0
744,20140123,3,1,10687,185203,1,45.99,14.49,0.0
745,20140123,1,1,10688,185213,1,49.99,19.49,0.0
746,20140123,2,3,10689,185215,1,59.99,22.49,0.0
747,20140123,1,7,10690,185258,1,49.99,19.49,0.0
748,20140123,1,3,10691,185274,1,49.99,19.49,0.0
749,20140123,1,2,10692,185276,1,49.99,19.49,0.0
750,20140123,1,3,10693,185286,1,49.99,19.49,49.99
751,20140123,3,5,10694,185310,1,45.99,14.49,0.0
752,20140123,2,2,10695,185311,1,59.99,22.49,0.0
753,20140123,1,1,10696,185323,1,49.99,19.49,0.0
754,20140123,1,1,10697,185342,1,49.99,19.49,0.0
755,20140123,1,1,10698,185370,1,49.99,19.49,0.0
756,20140123,2,7,10699,185386,1,59.99,22.49,0.0
757,20140123,1,5,10700,185400,1,49.99,19.49,0.0
758,20140123,2,5,10700,185400,0,59.99,22.49,0.0
759,20140123,1,7,10701,185415,1,49.99,19.49,0.0
760,20140123,1,1,10702,185427,1,49.99,19.49,0.0
761,20140123,1,1,10703,185429,1,49.99,19.49,0.0
762,20140123,1,6,10704,185432,1,49.99,19.49,0.0
763,20140123,3,6,10704,185432,0,45.99,14.49,0.0
764,20140123,1,2,10705,185435,1,49.99,19.49,0.0
765,20140123,1,4,10706,185436,1,49.99,19.49,0.0
766,20140123,1,2,10707,185444,1,49.99,19.49,49.99
767,20140123,1,2,10708,185463,1,49.99,19.49,0.0
768,20140123,1,2,10709,185479,1,49.99,19.49,0.0
769,20140123,2,4,10710,185483,1,59.99,22.49,0.0
770,20140123,1,1,10711,185510,1,49.99,19.49,0.0
771,20140123,2,1,10712,185522,1,59.99,22.49,0.0
772,20140123,1,4,10713,185529,1,49.99,19.49,0.0
773,20140123,3,1,10714,185534,1,45.99,14.49,0.0
774,20140123,1,5,10715,185543,1,49.99,19.49,0.0
775,20140123,2,1,10716,185545,1,59.99,22.49,0.0
776,20140123,1,1,10717,185546,1,49.99,19.49,0.0
777,20140123,1,1,10718,185552,1,49.99,19.49,0.0
778,20140123,1,1,10719,185575,1,49.99,19.49,49.99
779,20140123,1,1,10720,185590,1,49.99,19.49,0.0
780,20140123,1,3,10721,185603,1,49.99,19.49,0.0
781,20140123,1,4,10722,185604,1,49.99,19.49,0.0
782,20140123,1,4,10723,185611,1,49.99,19.49,0.0
783,20140123,1,1,10724,185612,1,49.99,19.49,0.0
784,20140123,3,1,10725,185661,1,45.99,14.49,0.0
785,20140123,1,3,10726,185665,1,49.99,19.49,0.0
786,20140123,1,1,10727,185704,1,49.99,19.49,0.0
787,20140123,2,2,10728,185710,1,59.99,22.49,0.0
788,20140123,1,2,10729,185720,1,49.99,19.49,0.0
789,20140124,3,1,10730,185740,1,45.99,14.49,0.0
790,20140124,1,9,10731,185756,1,49.99,19.49,0.0
791,20140124,1,1,10732,185776,1,49.99,19.49,0.0
792,20140124,1,2,10733,185795,1,49.99,19.49,0.0
793,20140124,3,2,10734,185823,1,45.99,14.49,0.0
794,20140124,1,1,10735,185830,1,49.99,19.49,0.0
795,20140124,1,7,10736,185841,1,49.99,19.49,49.99
796,20140124,3,7,10736,185841,0,45.99,14.49,0.0
797,20140124,1,1,10737,185853,1,49.99,19.49,0.0
798,20140124,1,1,10738,185856,1,49.99,19.49,0.0
799,20140124,1,2,10739,185874,1,49.99,19.49,0.0
800,20140124,1,4,10740,185877,1,49.99,19.49,0.0
801,20140124,2,1,10741,185908,1,59.99,22.49,0.0
802,20140124,1,2,10742,185914,1,49.99,19.49,0.0
803,20140124,1,2,10743,185936,1,49.99,19.49,0.0
804,20140124,1,2,10744,185941,1,49.99,19.49,0.0
805,20140124,1,1,10745,185947,1,49.99,19.49,0.0
806,20140124,1,1,10746,185967,1,49.99,19.49,0.0
807,20140124,1,7,10747,185989,1,49.99,19.49,0.0
808,20140124,2,9,10748,185997,1,59.99,22.49,0.0
809,20140124,1,5,10749,186035,1,49.99,19.49,0.0
810,20140124,2,7,10750,186057,1,59.99,22.49,0.0
811,20140124,1,1,10751,186076,1,49.99,19.49,0.0
812,20140124,1,1,10752,186079,1,49.99,19.49,0.0
813,20140124,3,6,10753,186083,1,45.99,14.49,0.0
814,20140124,1,6,10753,186083,0,49.99,19.49,0.0
815,20140124,1,2,10754,186095,1,49.99,19.49,0.0
816,20140124,1,1,10755,186108,1,49.99,19.49,0.0
817,20140124,1,1,10756,186125,1,49.99,19.49,0.0
818,20140124,1,1,10757,186161,1,49.99,19.49,0.0
819,20140124,1,2,10758,186168,1,49.99,19.49,0.0
820,20140124,3,1,10759,186171,1,45.99,14.49,0.0
821,20140124,2,3,10760,186177,1,59.99,22.49,0.0
822,20140124,1,2,10761,186205,1,49.99,19.49,0.0
823,20140124,1,2,10762,186230,1,49.99,19.49,0.0
824,20140124,1,5,10763,186250,1,49.99,19.49,0.0
825,20140124,1,2,10764,186255,1,49.99,19.49,0.0
826,20140125,2,1,10765,186265,1,59.99,22.49,0.0
827,20140125,1,7,10766,186322,1,49.99,19.49,0.0
828,20140125,1,1,10767,186332,1,49.99,19.49,0.0
829,20140125,3,1,10767,186332,0,45.99,14.49,0.0
830,20140125,1,1,10768,186348,1,49.99,19.49,0.0
831,20140125,1,1,10769,186352,1,49.99,19.49,49.99
832,20140125,1,1,10770,186356,1,49.99,19.49,0.0
833,20140125,1,1,10771,186361,1,49.99,19.49,0.0
834,20140125,1,3,10772,186382,1,49.99,19.49,0.0
835,20140125,1,1,10773,186391,1,49.99,19.49,0.0
836,20140125,1,7,10774,186398,1,49.99,19.49,0.0
837,20140125,2,3,10775,186408,1,59.99,22.49,0.0
838,20140125,2,1,10776,186421,1,59.99,22.49,0.0
839,20140125,1,7,10777,186419,1,49.99,19.49,0.0
840,20140125,1,7,10778,186420,1,49.99,19.49,0.0
841,20140125,2,1,10779,186427,1,59.99,22.49,0.0
842,20140125,2,10,10780,186432,1,59.99,22.49,0.0
843,20140125,3,4,10781,186434,1,45.99,14.49,0.0
844,20140125,1,9,10782,186433,1,49.99,19.49,0.0
845,20140125,1,2,10783,186443,1,49.99,19.49,0.0
846,20140125,1,1,10784,186446,1,49.99,19.49,0.0
847,20140125,1,11,10785,186467,1,49.99,19.49,0.0
848,20140125,1,4,10786,186486,1,49.99,19.49,0.0
849,20140126,1,2,10787,186526,1,49.99,19.49,0.0
850,20140126,2,2,10787,186526,0,59.99,22.49,0.0
851,20140126,2,2,10788,186537,1,59.99,22.49,0.0
852,20140126,1,2,10789,186556,1,49.99,19.49,0.0
853,20140126,2,1,10790,186586,1,59.99,22.49,0.0
854,20140126,2,3,10791,186603,1,59.99,22.49,0.0
855,20140126,1,1,10792,186609,1,49.99,19.49,0.0
856,20140126,3,6,10793,186611,1,45.99,14.49,0.0
857,20140126,2,4,10794,186632,1,59.99,22.49,0.0
858,20140126,3,7,10795,186656,1,45.99,14.49,0.0
859,20140126,3,1,10796,186668,1,45.99,14.49,0.0
860,20140126,1,1,10797,186671,1,49.99,19.49,0.0
861,20140126,1,1,10798,186690,1,49.99,19.49,0.0
862,20140126,2,3,10799,186703,1,59.99,22.49,0.0
863,20140126,1,1,10800,186705,1,49.99,19.49,0.0
864,20140126,3,1,10801,186707,1,45.99,14.49,0.0
865,20140126,3,1,10802,186728,1,45.99,14.49,0.0
866,20140126,1,1,10803,186756,1,49.99,19.49,0.0
867,20140126,2,1,10804,186758,1,59.99,22.49,0.0
868,20140126,3,1,10805,186787,1,45.99,14.49,0.0
869,20140126,1,2,10806,186817,1,49.99,19.49,0.0
870,20140126,1,9,10807,186822,1,49.99,19.49,0.0
871,20140126,3,9,10807,186822,0,45.99,14.49,0.0
872,20140126,1,2,10808,186819,1,49.99,19.49,0.0
873,20140126,1,1,10809,186820,1,49.99,19.49,0.0
874,20140127,1,1,10810,186838,1,49.99,19.49,0.0
875,20140127,1,1,10811,186864,1,49.99,19.49,0.0
876,20140127,3,1,10811,186864,0,45.99,14.49,0.0
877,20140127,1,3,10812,186880,1,49.99,19.49,0.0
878,20140127,3,3,10812,186880,0,45.99,14.49,0.0
879,20140127,1,1,10813,186897,1,49.99,19.49,0.0
880,20140127,2,2,10814,186903,1,59.99,22.49,0.0
881,20140127,1,1,10815,186917,1,49.99,19.49,0.0
882,20140127,2,1,10815,186917,0,59.99,22.49,0.0
883,20140127,3,1,10816,186915,1,45.99,14.49,0.0
884,20140127,2,1,10816,186915,0,59.99,22.49,0.0
885,20140127,1,1,10817,186924,1,49.99,19.49,0.0
886,20140127,1,7,10818,186926,1,49.99,19.49,0.0
887,20140127,1,1,10819,186929,1,49.99,19.49,0.0
888,20140127,3,1,10819,186929,0,45.99,14.49,0.0
889,20140127,1,1,10820,186930,1,49.99,19.49,0.0
890,20140127,2,1,10821,186938,1,59.99,22.49,0.0
891,20140127,1,3,10822,186949,1,49.99,19.49,0.0
892,20140127,1,4,10823,186954,1,49.99,19.49,0.0
893,20140127,1,1,10824,186981,1,49.99,19.49,0.0
894,20140127,2,7,10825,186980,1,59.99,22.49,0.0
895,20140127,1,7,10825,186980,0,49.99,19.49,0.0
896,20140127,1,2,10826,186996,1,49.99,19.49,0.0
897,20140127,1,1,10827,187031,1,49.99,19.49,0.0
898,20140127,3,1,10827,187031,0,45.99,14.49,0.0
899,20140127,1,1,10828,187051,1,49.99,19.49,0.0
900,20140127,1,7,10829,187058,1,49.99,19.49,0.0
901,20140127,1,2,10830,187079,1,49.99,19.49,0.0
902,20140127,3,2,10830,187079,0,45.99,14.49,0.0
903,20140127,3,10,10831,187101,1,45.99,14.49,0.0
904,20140127,1,1,10832,187102,1,49.99,19.49,0.0
905,20140127,2,7,10833,187100,1,59.99,22.49,0.0
906,20140127,2,1,10834,187118,1,59.99,22.49,0.0
907,20140127,1,1,10835,187119,1,49.99,19.49,0.0
908,20140127,1,9,10836,187128,1,49.99,19.49,0.0
909,20140127,2,1,10837,187134,1,59.99,22.49,0.0
910,20140127,3,3,10838,187129,1,45.99,14.49,0.0
911,20140127,3,3,10839,187141,1,45.99,14.49,45.99
912,20140127,1,4,10840,187177,1,49.99,19.49,0.0
913,20140127,1,1,10841,187185,1,49.99,19.49,0.0
914,20140127,1,1,10842,187190,1,49.99,19.49,0.0
915,20140127,1,7,10843,187192,1,49.99,19.49,0.0
916,20140127,1,1,10844,187203,1,49.99,19.49,0.0
917,20140127,1,1,10845,187217,1,49.99,19.49,0.0
918,20140127,1,1,10846,187218,1,49.99,19.49,0.0
919,20140127,2,7,10847,187272,1,59.99,22.49,0.0
920,20140127,1,2,10848,187301,1,49.99,19.49,0.0
921,20140127,3,2,10848,187301,0,45.99,14.49,0.0
922,20140127,1,3,10849,187315,1,49.99,19.49,0.0
923,20140127,3,2,10850,187336,1,45.99,14.49,0.0
924,20140127,1,12,10851,187350,1,49.99,19.49,0.0
925,20140127,3,12,10851,187350,0,45.99,14.49,0.0
926,20140127,1,1,10852,187356,1,49.99,19.49,0.0
927,20140127,1,9,10853,187387,1,49.99,19.49,0.0
928,20140127,1,7,10854,187392,1,49.99,19.49,0.0
929,20140127,1,3,10855,187399,1,49.99,19.49,0.0
930,20140127,1,2,10856,187396,1,49.99,19.49,0.0
931,20140127,3,1,10857,187408,1,45.99,14.49,0.0
932,20140127,1,1,10858,187420,1,49.99,19.49,0.0
933,20140128,1,2,10859,187449,1,49.99,19.49,0.0
934,20140128,1,4,10860,187468,1,49.99,19.49,0.0
935,20140128,1,10,10861,187505,1,49.99,19.49,0.0
936,20140128,2,11,10862,187509,1,59.99,22.49,0.0
937,20140128,3,11,10862,187509,0,45.99,14.49,0.0
938,20140128,1,7,10863,187513,1,49.99,19.49,0.0
939,20140128,1,2,10864,187529,1,49.99,19.49,0.0
940,20140128,2,4,10865,187560,1,59.99,22.49,0.0
941,20140128,1,1,10866,187558,1,49.99,19.49,0.0
942,20140128,2,1,10866,187558,0,59.99,22.49,0.0
943,20140128,1,1,10867,187575,1,49.99,19.49,0.0
944,20140128,3,5,10868,187585,1,45.99,14.49,0.0
945,20140128,3,2,10869,187590,1,45.99,14.49,45.99
946,20140128,3,3,10870,187599,1,45.99,14.49,0.0
947,20140128,1,2,10871,187627,1,49.99,19.49,0.0
948,20140128,3,2,10871,187627,0,45.99,14.49,0.0
949,20140128,1,1,10872,187648,1,49.99,19.49,0.0
950,20140128,3,1,10873,187653,1,45.99,14.49,0.0
951,20140128,3,3,10874,187678,1,45.99,14.49,0.0
952,20140128,1,1,10875,187682,1,49.99,19.49,0.0
953,20140128,1,1,10876,187710,1,49.99,19.49,0.0
954,20140128,1,4,10877,187751,1,49.99,19.49,49.99
955,20140128,3,4,10877,187751,0,45.99,14.49,0.0
956,20140128,1,4,10878,187783,1,49.99,19.49,49.99
957,20140128,1,1,10879,187779,1,49.99,19.49,0.0
958,20140128,1,4,10880,187784,1,49.99,19.49,0.0
959,20140128,3,2,10881,187793,1,45.99,14.49,0.0
960,20140128,1,7,10882,187799,1,49.99,19.49,0.0
961,20140128,1,1,10883,187807,1,49.99,19.49,0.0
962,20140128,1,1,10884,187826,1,49.99,19.49,0.0
963,20140128,1,1,10885,187841,1,49.99,19.49,49.99
964,20140128,2,1,10886,187848,1,59.99,22.49,0.0
965,20140128,1,4,10887,187853,1,49.99,19.49,0.0
966,20140128,2,4,10887,187853,0,59.99,22.49,0.0
967,20140128,3,4,10888,187865,1,45.99,14.49,0.0
968,20140128,1,3,10889,187926,1,49.99,19.49,0.0
969,20140128,2,3,10889,187926,0,59.99,22.49,0.0
970,20140128,3,1,10890,187922,1,45.99,14.49,0.0
971,20140128,1,4,10891,187986,1,49.99,19.49,0.0
972,20140128,1,1,10892,188006,1,49.99,19.49,0.0
973,20140128,1,3,10893,188007,1,49.99,19.49,0.0
974,20140128,3,2,10894,188021,1,45.99,14.49,0.0
975,20140128,1,1,10895,188060,1,49.99,19.49,0.0
976,20140128,3,1,10896,188063,1,45.99,14.49,0.0
977,20140128,2,1,10897,188075,1,59.99,22.49,0.0
978,20140129,1,1,10898,188112,1,49.99,19.49,0.0
979,20140129,1,1,10899,188139,1,49.99,19.49,0.0
980,20140129,1,10,10900,188175,1,49.99,19.49,0.0
981,20140129,2,10,10900,188175,0,59.99,22.49,0.0
982,20140129,1,2,10901,188184,1,49.99,19.49,0.0
983,20140129,2,1,10902,188235,1,59.99,22.49,0.0
984,20140129,2,7,10903,188256,1,59.99,22.49,0.0
985,20140129,1,1,10904,188269,1,49.99,19.49,49.99
986,20140129,1,4,10905,188278,1,49.99,19.49,0.0
987,20140129,3,4,10905,188278,0,45.99,14.49,0.0
988,20140129,1,1,10906,188289,1,49.99,19.49,0.0
989,20140129,1,4,10907,188309,1,49.99,19.49,0.0
990,20140129,1,1,10908,188332,1,49.99,19.49,0.0
991,20140129,2,1,10909,188336,1,59.99,22.49,0.0
992,20140129,3,7,10910,188340,1,45.99,14.49,0.0
993,20140129,2,7,10910,188340,0,59.99,22.49,0.0
994,20140129,1,7,10911,188363,1,49.99,19.49,0.0
995,20140129,1,1,10912,188367,1,49.99,19.49,0.0
996,20140129,1,1,10913,188381,1,49.99,19.49,0.0
997,20140129,1,3,10914,188419,1,49.99,19.49,0.0
998,20140129,1,2,10915,188431,1,49.99,19.49,0.0
999,20140129,3,1,10916,188441,1,45.99,14.49,0.0
1000,20140129,3,11,10917,188448,1,45.99,14.49,45.99
1001,20140129,1,3,10918,188470,1,49.99,19.49,0.0
1002,20140129,2,1,10919,188471,1,59.99,22.49,0.0
1003,20140129,2,2,10920,188490,1,59.99,22.49,0.0
1004,20140129,1,1,10921,188503,1,49.99,19.49,0.0
1005,20140129,3,12,10922,188554,1,45.99,14.49,0.0
1006,20140129,1,2,10923,188591,1,49.99,19.49,0.0
1007,20140129,3,4,10924,188590,1,45.99,14.49,0.0
1008,20140129,1,7,10925,188600,1,49.99,19.49,0.0
1009,20140129,3,1,10926,188630,1,45.99,14.49,0.0
1010,20140129,2,1,10926,188630,0,59.99,22.49,0.0
1011,20140129,1,3,10927,188657,1,49.99,19.49,0.0
1012,20140129,2,3,10928,188659,1,59.99,22.49,0.0
1013,20140129,2,10,10929,188689,1,59.99,22.49,0.0
1014,20140129,1,2,10930,188704,1,49.99,19.49,0.0
1015,20140129,1,1,10931,188725,1,49.99,19.49,0.0
1016,20140129,1,3,10932,188770,1,49.99,19.49,0.0
1017,20140130,3,2,10933,188804,1,45.99,14.49,0.0
1018,20140130,1,3,10934,188829,1,49.99,19.49,0.0
1019,20140130,2,1,10935,188834,1,59.99,22.49,0.0
1020,20140130,1,1,10936,188851,1,49.99,19.49,0.0
1021,20140130,1,2,10937,188856,1,49.99,19.49,0.0
1022,20140130,1,7,10938,188859,1,49.99,19.49,0.0
1023,20140130,3,1,10939,188867,1,45.99,14.49,0.0
1024,20140130,1,2,10940,188898,1,49.99,19.49,0.0
1025,20140130,1,1,10941,188920,1,49.99,19.49,0.0
1026,20140130,3,7,10942,188956,1,45.99,14.49,0.0
1027,20140130,3,4,10943,188959,1,45.99,14.49,0.0
1028,20140130,1,1,10944,188962,1,49.99,19.49,0.0
1029,20140130,3,1,10945,188966,1,45.99,14.49,0.0
1030,20140130,1,4,10946,188967,1,49.99,19.49,0.0
1031,20140130,2,4,10946,188967,0,59.99,22.49,0.0
1032,20140130,1,1,10947,188974,1,49.99,19.49,0.0
1033,20140130,1,1,10948,188977,1,49.99,19.49,0.0
1034,20140130,1,1,10949,188993,1,49.99,19.49,0.0
1035,20140130,2,1,10950,189010,1,59.99,22.49,0.0
1036,20140130,1,2,10951,189016,1,49.99,19.49,0.0
1037,20140130,1,4,10952,189020,1,49.99,19.49,0.0
1038,20140130,2,5,10953,189023,1,59.99,22.49,0.0
1039,20140130,1,1,10954,189026,1,49.99,19.49,0.0
1040,20140130,1,12,10955,189102,1,49.99,19.49,0.0
1041,20140130,2,2,10956,189105,1,59.99,22.49,0.0
1042,20140130,1,1,10957,189116,1,49.99,19.49,0.0
1043,20140130,1,1,10958,189110,1,49.99,19.49,0.0
1044,20140130,1,2,10959,189113,1,49.99,19.49,0.0
1045,20140130,1,4,10960,189136,1,49.99,19.49,0.0
1046,20140130,3,4,10960,189136,0,45.99,14.49,0.0
1047,20140130,1,4,10961,189142,1,49.99,19.49,0.0
1048,20140130,3,4,10962,189163,1,45.99,14.49,0.0
1049,20140130,1,7,10963,189182,1,49.99,19.49,0.0
1050,20140130,2,1,10964,189183,1,59.99,22.49,0.0
1051,20140130,1,1,10965,189245,1,49.99,19.49,0.0
1052,20140130,2,3,10966,189259,1,59.99,22.49,0.0
1053,20140130,3,1,10967,189266,1,45.99,14.49,0.0
1054,20140130,1,1,10967,189266,0,49.99,19.49,0.0
1055,20140130,1,1,10968,189269,1,49.99,19.49,0.0
1056,20140130,1,2,10969,189327,1,49.99,19.49,0.0
1057,20140130,3,1,10970,189362,1,45.99,14.49,0.0
1058,20140130,1,1,10971,189367,1,49.99,19.49,0.0
1059,20140130,1,2,10972,189389,1,49.99,19.49,0.0
1060,20140130,1,2,10973,189393,1,49.99,19.49,0.0
1061,20140130,1,1,10974,189397,1,49.99,19.49,0.0
1062,20140130,3,1,10974,189397,0,45.99,14.49,0.0
1063,20140130,1,1,10975,189419,1,49.99,19.49,0.0
1064,20140131,1,10,10976,189457,1,49.99,19.49,0.0
1065,20140131,3,10,10976,189457,0,45.99,14.49,0.0
1066,20140131,1,1,10977,189462,1,49.99,19.49,0.0
1067,20140131,1,1,10978,189463,1,49.99,19.49,0.0
1068,20140131,3,1,10978,189463,0,45.99,14.49,0.0
1069,20140131,3,9,10979,189480,1,45.99,14.49,0.0
1070,20140131,1,7,10980,189483,1,49.99,19.49,0.0
1071,20140131,1,9,10981,189495,1,49.99,19.49,0.0
1072,20140131,1,1,10982,189496,1,49.99,19.49,0.0
1073,20140131,1,4,10983,189499,1,49.99,19.49,49.99
1074,20140131,3,4,10983,189499,0,45.99,14.49,0.0
1075,20140131,2,2,10984,189523,1,59.99,22.49,0.0
1076,20140131,1,10,10985,189532,1,49.99,19.49,0.0
1077,20140131,2,10,10985,189532,0,59.99,22.49,0.0
1078,20140131,2,3,10986,189545,1,59.99,22.49,0.0
1079,20140131,2,1,10987,189549,1,59.99,22.49,0.0
1080,20140131,1,7,10988,189560,1,49.99,19.49,0.0
1081,20140131,3,7,10988,189560,0,45.99,14.49,0.0
1082,20140131,1,2,10989,189558,1,49.99,19.49,0.0
1083,20140131,1,1,10990,189569,1,49.99,19.49,0.0
1084,20140131,1,3,10991,189571,1,49.99,19.49,0.0
1085,20140131,1,1,10992,189588,1,49.99,19.49,0.0
1086,20140131,2,4,10993,189597,1,59.99,22.49,0.0
1087,20140131,1,2,10994,189603,1,49.99,19.49,0.0
1088,20140131,1,6,10995,189610,1,49.99,19.49,0.0
1089,20140131,2,1,10996,189635,1,59.99,22.49,0.0
1090,20140131,1,3,10997,189665,1,49.99,19.49,0.0
1091,20140131,3,1,10998,189690,1,45.99,14.49,0.0
1092,20140131,1,2,10999,189691,1,49.99,19.49,0.0
1093,20140131,1,1,11000,189704,1,49.99,19.49,0.0
1094,20140131,1,1,11001,189701,1,49.99,19.49,0.0
1095,20140131,2,4,11002,189706,1,59.99,22.49,0.0
1096,20140131,2,2,11003,189759,1,59.99,22.49,0.0
1097,20140131,1,1,11004,189763,1,49.99,19.49,0.0
1098,20140131,3,7,11005,189765,1,45.99,14.49,0.0
1099,20140131,2,1,11006,189778,1,59.99,22.49,0.0
1100,20140131,1,3,11007,189788,1,49.99,19.49,0.0
1101,20140131,1,1,11008,189804,1,49.99,19.49,0.0
1102,20140131,1,2,11009,189849,1,49.99,19.49,0.0
1103,20140131,3,2,11009,189849,0,45.99,14.49,0.0
1104,20140131,2,2,11010,189859,1,59.99,22.49,0.0
1105,20140131,1,2,11011,189890,1,49.99,19.49,0.0
1106,20140131,1,2,11012,189954,1,49.99,19.49,0.0
1107,20140131,1,1,11013,190022,1,49.99,19.49,0.0
1108,20140131,1,1,11014,190053,1,49.99,19.49,0.0
1109,20140131,3,1,11014,190053,0,45.99,14.49,0.0
1110,20140131,3,2,11015,190063,1,45.99,14.49,0.0
1111,20140131,1,2,11015,190063,0,49.99,19.49,0.0
1112,20140201,2,6,11016,190076,1,59.99,22.49,0.0
1113,20140201,1,2,11017,190109,1,49.99,19.49,0.0
1114,20140201,1,3,11018,190115,1,49.99,19.49,49.99
1115,20140201,3,3,11018,190115,0,45.99,14.49,0.0
1116,20140201,1,1,11019,190118,1,49.99,19.49,0.0
1117,20140201,2,1,11019,190118,0,59.99,22.49,0.0
1118,20140201,3,9,11020,190133,1,45.99,14.49,0.0
1119,20140201,1,1,11021,190139,1,49.99,19.49,0.0
1120,20140201,3,1,11022,190154,1,45.99,14.49,0.0
1121,20140201,1,2,11023,190169,1,49.99,19.49,0.0
1122,20140201,3,2,11023,190169,0,45.99,14.49,0.0
1123,20140201,1,2,11024,190193,1,49.99,19.49,0.0
1124,20140201,2,2,11024,190193,0,59.99,22.49,0.0
1125,20140201,2,1,11025,190238,1,59.99,22.49,0.0
1126,20140201,1,3,11026,190254,1,49.99,19.49,0.0
1127,20140201,2,4,11027,190264,1,59.99,22.49,0.0
1128,20140201,1,1,11028,190274,1,49.99,19.49,0.0
1129,20140201,1,11,11029,190281,1,49.99,19.49,0.0
1130,20140201,2,11,11029,190281,0,59.99,22.49,0.0
1131,20140201,3,3,11030,190283,1,45.99,14.49,0.0
1132,20140201,3,1,11031,190299,1,45.99,14.49,0.0
1133,20140201,1,1,11032,190300,1,49.99,19.49,0.0
1134,20140201,2,1,11033,190332,1,59.99,22.49,0.0
1135,20140201,1,1,11034,190353,1,49.99,19.49,0.0
1136,20140202,1,1,11035,190364,1,49.99,19.49,0.0
1137,20140202,1,1,11036,190369,1,49.99,19.49,0.0
1138,20140202,2,1,11036,190369,0,59.99,22.49,0.0
1139,20140202,1,4,11037,190381,1,49.99,19.49,0.0
1140,20140202,1,5,11038,190405,1,49.99,19.49,0.0
1141,20140202,2,2,11039,190441,1,59.99,22.49,0.0
1142,20140202,1,1,11040,190446,1,49.99,19.49,0.0
1143,20140202,3,1,11041,190454,1,45.99,14.49,0.0
1144,20140202,1,4,11042,190459,1,49.99,19.49,0.0
1145,20140202,1,2,11043,190477,1,49.99,19.49,0.0
1146,20140202,3,1,11044,190479,1,45.99,14.49,0.0
1147,20140202,1,1,11045,190486,1,49.99,19.49,0.0
1148,20140202,1,4,11046,190523,1,49.99,19.49,0.0
1149,20140202,1,3,11047,190533,1,49.99,19.49,0.0
1150,20140202,1,7,11048,190569,1,49.99,19.49,0.0
1151,20140202,2,7,11048,190569,0,59.99,22.49,0.0
1152,20140202,1,3,11049,190576,1,49.99,19.49,0.0
1153,20140202,3,3,11049,190576,0,45.99,14.49,0.0
1154,20140202,1,4,11050,190584,1,49.99,19.49,0.0
1155,20140202,3,3,11051,190603,1,45.99,14.49,0.0
1156,20140202,2,3,11051,190603,0,59.99,22.49,0.0
1157,20140203,1,5,11052,190666,1,49.99,19.49,0.0
1158,20140203,2,1,11053,190669,1,59.99,22.49,0.0
1159,20140203,3,1,11054,190676,1,45.99,14.49,0.0
1160,20140203,1,1,11054,190676,0,49.99,19.49,0.0
1161,20140203,1,12,11055,190684,1,49.99,19.49,0.0
1162,20140203,1,3,11056,190687,1,49.99,19.49,0.0
1163,20140203,1,2,11057,190690,1,49.99,19.49,0.0
1164,20140203,1,2,11058,190710,1,49.99,19.49,0.0
1165,20140203,3,1,11059,190730,1,45.99,14.49,0.0
1166,20140203,2,1,11059,190730,0,59.99,22.49,0.0
1167,20140203,1,1,11060,190741,1,49.99,19.49,0.0
1168,20140203,1,3,11061,190765,1,49.99,19.49,0.0
1169,20140203,1,5,11062,190812,1,49.99,19.49,49.99
1170,20140203,2,2,11063,190896,1,59.99,22.49,0.0
1171,20140203,1,2,11064,190949,1,49.99,19.49,0.0
1172,20140203,1,1,11065,190972,1,49.99,19.49,0.0
1173,20140203,1,2,11066,191002,1,49.99,19.49,0.0
1174,20140203,1,1,11067,191004,1,49.99,19.49,0.0
1175,20140203,1,7,11068,191010,1,49.99,19.49,0.0
1176,20140203,3,1,11069,191015,1,45.99,14.49,0.0
1177,20140203,3,2,11070,191026,1,45.99,14.49,0.0
1178,20140203,1,1,11071,191040,1,49.99,19.49,0.0
1179,20140203,3,5,11072,191054,1,45.99,14.49,0.0
1180,20140203,1,2,11073,191055,1,49.99,19.49,0.0
1181,20140203,3,2,11074,191064,1,45.99,14.49,0.0
1182,20140203,1,3,11075,191092,1,49.99,19.49,0.0
1183,20140203,3,3,11075,191092,0,45.99,14.49,0.0
1184,20140203,1,2,11076,191099,1,49.99,19.49,0.0
1185,20140203,1,3,11077,191109,1,49.99,19.49,0.0
1186,20140203,3,7,11078,191117,1,45.99,14.49,0.0
1187,20140203,2,7,11079,191135,1,59.99,22.49,0.0
1188,20140203,1,7,11080,191149,1,49.99,19.49,0.0
1189,20140203,1,1,11081,191152,1,49.99,19.49,0.0
1190,20140203,1,1,11082,191155,1,49.99,19.49,0.0
1191,20140203,3,1,11082,191155,0,45.99,14.49,0.0
1192,20140203,3,1,11083,191175,1,45.99,14.49,0.0
1193,20140203,1,1,11084,191188,1,49.99,19.49,0.0
1194,20140203,3,1,11084,191188,0,45.99,14.49,45.99
1195,20140203,2,2,11085,191208,1,59.99,22.49,0.0
1196,20140203,1,2,11086,191225,1,49.99,19.49,0.0
1197,20140203,1,1,11087,191233,1,49.99,19.49,0.0
1198,20140204,1,4,11088,191252,1,49.99,19.49,0.0
1199,20140204,2,1,11089,191264,1,59.99,22.49,0.0
1200,20140204,2,1,11090,191266,1,59.99,22.49,0.0
1201,20140204,1,1,11090,191266,0,49.99,19.49,0.0
1202,20140204,2,2,11091,191289,1,59.99,22.49,0.0
1203,20140204,2,1,11092,191303,1,59.99,22.49,0.0
1204,20140204,1,6,11093,191329,1,49.99,19.49,0.0
1205,20140204,1,2,11094,191325,1,49.99,19.49,0.0
1206,20140204,2,2,11094,191325,0,59.99,22.49,0.0
1207,20140204,1,1,11095,191339,1,49.99,19.49,0.0
1208,20140204,1,5,11096,191342,1,49.99,19.49,0.0
1209,20140204,3,2,11097,191346,1,45.99,14.49,0.0
1210,20140204,1,1,11098,191348,1,49.99,19.49,0.0
1211,20140204,1,2,11099,191350,1,49.99,19.49,0.0
1212,20140204,2,2,11099,191350,0,59.99,22.49,0.0
1213,20140204,1,7,11100,191371,1,49.99,19.49,0.0
1214,20140204,2,7,11101,191369,1,59.99,22.49,0.0
1215,20140204,3,5,11102,191387,1,45.99,14.49,0.0
1216,20140204,3,1,11103,191401,1,45.99,14.49,0.0
1217,20140204,1,2,11104,191404,1,49.99,19.49,0.0
1218,20140204,1,5,11105,191416,1,49.99,19.49,0.0
1219,20140204,1,1,11106,191429,1,49.99,19.49,49.99
1220,20140204,1,2,11107,191451,1,49.99,19.49,0.0
1221,20140204,2,7,11108,191473,1,59.99,22.49,0.0
1222,20140204,1,2,11109,191481,1,49.99,19.49,0.0
1223,20140204,3,1,11110,191482,1,45.99,14.49,0.0
1224,20140204,1,1,11110,191482,0,49.99,19.49,0.0
1225,20140204,2,1,11111,191495,1,59.99,22.49,0.0
1226,20140204,1,1,11112,191513,1,49.99,19.49,0.0
1227,20140204,1,1,11113,191518,1,49.99,19.49,0.0
1228,20140204,1,5,11114,191533,1,49.99,19.49,0.0
1229,20140204,3,2,11115,191547,1,45.99,14.49,0.0
1230,20140204,2,1,11116,191548,1,59.99,22.49,0.0
1231,20140204,1,5,11117,191585,1,49.99,19.49,0.0
1232,20140204,3,5,11117,191585,0,45.99,14.49,0.0
1233,20140204,1,1,11118,191599,1,49.99,19.49,0.0
1234,20140204,2,1,11118,191599,0,59.99,22.49,0.0
1235,20140204,2,3,11119,191596,1,59.99,22.49,0.0
1236,20140204,1,2,11120,191624,1,49.99,19.49,0.0
1237,20140204,1,7,11121,191663,1,49.99,19.49,0.0
1238,20140204,2,7,11122,191660,1,59.99,22.49,0.0
1239,20140204,2,9,11123,191687,1,59.99,22.49,0.0
1240,20140204,1,4,11124,191696,1,49.99,19.49,49.99
1241,20140204,1,4,11125,191703,1,49.99,19.49,0.0
1242,20140204,2,2,11126,191708,1,59.99,22.49,0.0
1243,20140204,1,2,11127,191725,1,49.99,19.49,0.0
1244,20140204,1,5,11128,191726,1,49.99,19.49,0.0
1245,20140204,3,1,11129,191724,1,45.99,14.49,0.0
1246,20140204,3,11,11130,191730,1,45.99,14.49,0.0
1247,20140204,1,1,11131,191735,1,49.99,19.49,0.0
1248,20140204,1,2,11132,191786,1,49.99,19.49,0.0
1249,20140204,1,3,11133,191797,1,49.99,19.49,0.0
1250,20140204,1,1,11134,191807,1,49.99,19.49,0.0
1251,20140204,1,1,11135,191828,1,49.99,19.49,0.0
1252,20140204,3,1,11136,191857,1,45.99,14.49,0.0
1253,20140204,1,11,11137,191858,1,49.99,19.49,0.0
1254,20140204,3,11,11137,191858,0,45.99,14.49,0.0
1255,20140205,2,3,11138,191920,1,59.99,22.49,0.0
1256,20140205,1,2,11139,191940,1,49.99,19.49,49.99
1257,20140205,1,1,11140,191948,1,49.99,19.49,0.0
1258,20140205,1,1,11141,191966,1,49.99,19.49,0.0
1259,20140205,1,4,11142,191968,1,49.99,19.49,0.0
1260,20140205,3,4,11142,191968,0,45.99,14.49,0.0
1261,20140205,3,4,11143,191994,1,45.99,14.49,0.0
1262,20140205,2,4,11144,191996,1,59.99,22.49,0.0
1263,20140205,1,5,11145,192013,1,49.99,19.49,0.0
1264,20140205,1,7,11146,192045,1,49.99,19.49,0.0
1265,20140205,1,1,11147,192059,1,49.99,19.49,0.0
1266,20140205,2,1,11148,192112,1,59.99,22.49,0.0
1267,20140205,4,1,11148,192112,0,29.99,9.49,0.0
1268,20140205,1,1,11149,192175,1,49.99,19.49,0.0
1269,20140205,4,1,11149,192175,0,29.99,9.49,0.0
1270,20140205,3,3,11150,192214,1,45.99,14.49,0.0
1271,20140205,4,3,11150,192214,0,29.99,9.49,0.0
1272,20140205,3,12,11151,192234,1,45.99,14.49,0.0
1273,20140205,1,2,11152,192239,1,49.99,19.49,0.0
1274,20140205,4,2,11152,192239,0,29.99,9.49,0.0
1275,20140205,3,2,11153,192254,1,45.99,14.49,0.0
1276,20140205,4,2,11153,192254,0,29.99,9.49,0.0
1277,20140205,1,1,11154,192276,1,49.99,19.49,0.0
1278,20140205,4,1,11154,192276,0,29.99,9.49,0.0
1279,20140205,1,7,11155,192297,1,49.99,19.49,0.0
1280,20140205,1,1,11156,192346,1,49.99,19.49,0.0
1281,20140205,4,1,11156,192346,0,29.99,9.49,0.0
1282,20140205,1,1,11157,192350,1,49.99,19.49,0.0
1283,20140205,3,1,11157,192350,0,45.99,14.49,45.99
1284,20140205,1,1,11158,192379,1,49.99,19.49,0.0
1285,20140205,1,1,11159,192380,1,49.99,19.49,0.0
1286,20140205,2,2,11160,192413,1,59.99,22.49,0.0
1287,20140205,1,2,11161,192464,1,49.99,19.49,0.0
1288,20140205,1,1,11162,192465,1,49.99,19.49,0.0
1289,20140205,4,1,11162,192465,0,29.99,9.49,0.0
1290,20140205,1,2,11163,192499,1,49.99,19.49,0.0
1291,20140205,4,2,11163,192499,0,29.99,9.49,0.0
1292,20140205,3,4,11164,192503,1,45.99,14.49,0.0
1293,20140205,2,1,11165,192555,1,59.99,22.49,0.0
1294,20140205,4,1,11165,192555,0,29.99,9.49,29.99
1295,20140206,1,1,11166,192568,1,49.99,19.49,0.0
1296,20140206,1,6,11167,192570,1,49.99,19.49,0.0
1297,20140206,1,4,11168,192574,1,49.99,19.49,0.0
1298,20140206,2,1,11169,192575,1,59.99,22.49,0.0
1299,20140206,4,1,11169,192575,0,29.99,9.49,0.0
1300,20140206,3,1,11170,192579,1,45.99,14.49,0.0
1301,20140206,4,1,11170,192579,0,29.99,9.49,0.0
1302,20140206,3,1,11171,192594,1,45.99,14.49,0.0
1303,20140206,3,1,11172,192601,1,45.99,14.49,0.0
1304,20140206,1,1,11172,192601,0,49.99,19.49,0.0
1305,20140206,3,1,11173,192607,1,45.99,14.49,0.0
1306,20140206,4,1,11173,192607,0,29.99,9.49,0.0
1307,20140206,1,1,11174,192633,1,49.99,19.49,0.0
1308,20140206,2,7,11175,192646,1,59.99,22.49,0.0
1309,20140206,2,2,11176,192661,1,59.99,22.49,0.0
1310,20140206,3,4,11177,192678,1,45.99,14.49,0.0
1311,20140206,4,4,11177,192678,0,29.99,9.49,0.0
1312,20140206,1,11,11178,192686,1,49.99,19.49,0.0
1313,20140206,1,1,11179,192705,1,49.99,19.49,0.0
1314,20140206,1,7,11180,192708,1,49.99,19.49,0.0
1315,20140206,4,7,11180,192708,0,29.99,9.49,0.0
1316,20140206,2,3,11181,192710,1,59.99,22.49,0.0
1317,20140206,1,1,11182,192735,1,49.99,19.49,0.0
1318,20140206,2,1,11183,192754,1,59.99,22.49,0.0
1319,20140206,4,1,11183,192754,0,29.99,9.49,0.0
1320,20140206,2,2,11184,192799,1,59.99,22.49,0.0
1321,20140206,3,2,11184,192799,0,45.99,14.49,0.0
1322,20140206,2,2,11185,192810,1,59.99,22.49,0.0
1323,20140206,3,1,11186,192816,1,45.99,14.49,0.0
1324,20140206,4,1,11186,192816,0,29.99,9.49,0.0
1325,20140206,1,7,11187,192824,1,49.99,19.49,0.0
1326,20140206,1,7,11188,192840,1,49.99,19.49,49.99
1327,20140206,1,1,11189,192835,1,49.99,19.49,0.0
1328,20140206,1,5,11190,192852,1,49.99,19.49,0.0
1329,20140206,4,5,11190,192852,0,29.99,9.49,0.0
1330,20140206,3,1,11191,192861,1,45.99,14.49,0.0
1331,20140206,1,1,11192,192896,1,49.99,19.49,0.0
1332,20140206,1,1,11193,192921,1,49.99,19.49,0.0
1333,20140206,3,1,11193,192921,0,45.99,14.49,0.0
1334,20140206,1,3,11194,192926,1,49.99,19.49,0.0
1335,20140206,1,1,11195,192984,1,49.99,19.49,0.0
1336,20140206,2,1,11196,192995,1,59.99,22.49,0.0
1337,20140206,1,4,11197,193034,1,49.99,19.49,0.0
1338,20140206,1,4,11198,193052,1,49.99,19.49,0.0
1339,20140206,3,4,11198,193052,0,45.99,14.49,0.0
1340,20140206,1,2,11199,193066,1,49.99,19.49,0.0
1341,20140206,2,3,11200,193071,1,59.99,22.49,0.0
1342,20140206,4,3,11200,193071,0,29.99,9.49,0.0
1343,20140206,1,4,11201,193082,1,49.99,19.49,0.0
1344,20140206,3,4,11201,193082,0,45.99,14.49,0.0
1345,20140206,1,3,11202,193085,1,49.99,19.49,0.0
1346,20140206,3,3,11202,193085,0,45.99,14.49,0.0
1347,20140206,3,3,11203,193097,1,45.99,14.49,0.0
1348,20140206,1,3,11204,193114,1,49.99,19.49,0.0
1349,20140206,2,3,11204,193114,0,59.99,22.49,0.0
1350,20140206,1,1,11205,193155,1,49.99,19.49,0.0
1351,20140206,3,1,11206,193160,1,45.99,14.49,45.99
1352,20140206,4,1,11206,193160,0,29.99,9.49,0.0
1353,20140206,1,1,11207,193165,1,49.99,19.49,0.0
1354,20140206,1,1,11208,193197,1,49.99,19.49,0.0
1355,20140206,3,1,11208,193197,0,45.99,14.49,45.99
1356,20140206,1,1,11209,193203,1,49.99,19.49,0.0
1357,20140206,1,1,11210,193211,1,49.99,19.49,0.0
1358,20140207,1,2,11211,193252,1,49.99,19.49,49.99
1359,20140207,2,7,11212,193259,1,59.99,22.49,0.0
1360,20140207,1,2,11213,193290,1,49.99,19.49,0.0
1361,20140207,1,2,11214,193357,1,49.99,19.49,0.0
1362,20140207,4,2,11214,193357,0,29.99,9.49,0.0
1363,20140207,2,5,11215,193369,1,59.99,22.49,0.0
1364,20140207,3,4,11216,193382,1,45.99,14.49,0.0
1365,20140207,1,12,11217,193422,1,49.99,19.49,0.0
1366,20140207,1,2,11218,193439,1,49.99,19.49,0.0
1367,20140207,3,2,11219,193461,1,45.99,14.49,0.0
1368,20140207,4,2,11219,193461,0,29.99,9.49,0.0
1369,20140207,1,2,11220,193470,1,49.99,19.49,0.0
1370,20140207,1,7,11221,193530,1,49.99,19.49,0.0
1371,20140207,3,7,11221,193530,0,45.99,14.49,0.0
1372,20140207,1,11,11222,193543,1,49.99,19.49,0.0
1373,20140207,1,1,11223,193554,1,49.99,19.49,0.0
1374,20140207,2,1,11223,193554,0,59.99,22.49,0.0
1375,20140207,1,1,11224,193584,1,49.99,19.49,0.0
1376,20140207,4,1,11224,193584,0,29.99,9.49,0.0
1377,20140207,1,4,11225,193618,1,49.99,19.49,0.0
1378,20140207,1,1,11226,193655,1,49.99,19.49,0.0
1379,20140207,3,1,11226,193655,0,45.99,14.49,0.0
1380,20140207,1,2,11227,193656,1,49.99,19.49,0.0
1381,20140207,2,4,11228,193672,1,59.99,22.49,0.0
1382,20140207,1,4,11228,193672,0,49.99,19.49,0.0
1383,20140207,1,1,11229,193703,1,49.99,19.49,0.0
1384,20140207,1,1,11230,193708,1,49.99,19.49,0.0
1385,20140207,1,4,11231,193746,1,49.99,19.49,0.0
1386,20140207,1,1,11232,193750,1,49.99,19.49,0.0
1387,20140207,1,1,11233,193761,1,49.99,19.49,0.0
1388,20140208,1,3,11234,193787,1,49.99,19.49,0.0
1389,20140208,1,2,11235,193807,1,49.99,19.49,0.0
1390,20140208,1,1,11236,193811,1,49.99,19.49,0.0
1391,20140208,1,1,11237,193822,1,49.99,19.49,0.0
1392,20140208,1,1,11238,193821,1,49.99,19.49,0.0
1393,20140208,1,1,11239,193829,1,49.99,19.49,0.0
1394,20140208,1,1,11240,193832,1,49.99,19.49,0.0
1395,20140208,4,1,11240,193832,0,29.99,9.49,0.0
1396,20140208,2,2,11241,193882,1,59.99,22.49,0.0
1397,20140208,3,2,11241,193882,0,45.99,14.49,0.0
1398,20140208,1,4,11242,193903,1,49.99,19.49,0.0
1399,20140208,4,4,11242,193903,0,29.99,9.49,0.0
1400,20140208,3,7,11243,193918,1,45.99,14.49,0.0
1401,20140208,1,4,11244,193927,1,49.99,19.49,49.99
1402,20140208,2,4,11244,193927,0,59.99,22.49,0.0
1403,20140208,1,1,11245,193939,1,49.99,19.49,0.0
1404,20140208,4,1,11245,193939,0,29.99,9.49,0.0
1405,20140208,1,1,11246,193949,1,49.99,19.49,0.0
1406,20140208,4,1,11246,193949,0,29.99,9.49,0.0
1407,20140208,1,10,11247,193961,1,49.99,19.49,0.0
1408,20140208,4,10,11247,193961,0,29.99,9.49,0.0
1409,20140208,1,2,11248,193968,1,49.99,19.49,0.0
1410,20140208,1,1,11249,193983,1,49.99,19.49,0.0
1411,20140208,1,1,11250,193988,1,49.99,19.49,0.0
1412,20140208,3,1,11251,194006,1,45.99,14.49,0.0
1413,20140208,1,1,11252,194050,1,49.99,19.49,0.0
1414,20140208,1,2,11253,194069,1,49.99,19.49,0.0
1415,20140209,1,7,11254,194095,1,49.99,19.49,0.0
1416,20140209,4,7,11254,194095,0,29.99,9.49,0.0
1417,20140209,2,2,11255,194098,1,59.99,22.49,0.0
1418,20140209,4,2,11255,194098,0,29.99,9.49,0.0
1419,20140209,2,7,11256,194100,1,59.99,22.49,0.0
1420,20140209,2,3,11257,194121,1,59.99,22.49,0.0
1421,20140209,4,3,11257,194121,0,29.99,9.49,0.0
1422,20140209,2,1,11258,194123,1,59.99,22.49,0.0
1423,20140209,2,4,11259,194127,1,59.99,22.49,0.0
1424,20140209,3,1,11260,194128,1,45.99,14.49,0.0
1425,20140209,3,4,11261,194140,1,45.99,14.49,0.0
1426,20140209,1,3,11262,194211,1,49.99,19.49,0.0
1427,20140209,3,3,11262,194211,0,45.99,14.49,0.0
1428,20140209,2,3,11263,194226,1,59.99,22.49,0.0
1429,20140209,2,3,11264,194255,1,59.99,22.49,0.0
1430,20140209,2,4,11265,194257,1,59.99,22.49,59.99
1431,20140209,1,1,11266,194267,1,49.99,19.49,0.0
1432,20140209,1,1,11267,194325,1,49.99,19.49,0.0
1433,20140209,4,1,11267,194325,0,29.99,9.49,0.0
1434,20140209,2,3,11268,194333,1,59.99,22.49,0.0
1435,20140209,1,1,11269,194344,1,49.99,19.49,0.0
1436,20140209,2,9,11270,194362,1,59.99,22.49,0.0
1437,20140209,2,3,11271,194368,1,59.99,22.49,0.0
1438,20140209,1,1,11272,194426,1,49.99,19.49,0.0
1439,20140209,2,1,11273,194439,1,59.99,22.49,0.0
1440,20140210,2,1,11274,194465,1,59.99,22.49,0.0
1441,20140210,2,4,11275,194470,1,59.99,22.49,0.0
1442,20140210,4,4,11275,194470,0,29.99,9.49,0.0
1443,20140210,2,1,11276,194520,1,59.99,22.49,0.0
1444,20140210,2,3,11277,194553,1,59.99,22.49,0.0
1445,20140210,2,1,11278,194557,1,59.99,22.49,0.0
1446,20140210,2,4,11279,194561,1,59.99,22.49,0.0
1447,20140210,2,1,11280,194571,1,59.99,22.49,0.0
1448,20140210,1,1,11281,194587,1,49.99,19.49,0.0
1449,20140210,3,7,11282,194596,1,45.99,14.49,0.0
1450,20140210,2,1,11283,194611,1,59.99,22.49,0.0
1451,20140210,3,12,11284,194620,1,45.99,14.49,0.0
1452,20140210,2,1,11285,194625,1,59.99,22.49,0.0
1453,20140210,2,3,11286,194630,1,59.99,22.49,0.0
1454,20140210,2,1,11287,194661,1,59.99,22.49,0.0
1455,20140210,3,1,11288,194676,1,45.99,14.49,0.0
1456,20140210,4,1,11288,194676,0,29.99,9.49,0.0
1457,20140210,2,2,11289,194672,1,59.99,22.49,0.0
1458,20140210,2,1,11290,194680,1,59.99,22.49,0.0
1459,20140210,3,3,11291,194686,1,45.99,14.49,0.0
1460,20140210,4,3,11291,194686,0,29.99,9.49,0.0
1461,20140210,2,7,11292,194702,1,59.99,22.49,0.0
1462,20140210,2,2,11293,194697,1,59.99,22.49,0.0
1463,20140210,4,2,11293,194697,0,29.99,9.49,0.0
1464,20140210,2,7,11294,194707,1,59.99,22.49,0.0
1465,20140210,2,3,11295,194717,1,59.99,22.49,0.0
1466,20140210,4,3,11295,194717,0,29.99,9.49,0.0
1467,20140210,2,1,11296,194752,1,59.99,22.49,0.0
1468,20140210,2,1,11297,194763,1,59.99,22.49,0.0
1469,20140210,2,2,11298,194764,1,59.99,22.49,0.0
1470,20140210,4,2,11298,194764,0,29.99,9.49,0.0
1471,20140210,2,7,11299,194769,1,59.99,22.49,0.0
1472,20140210,3,1,11300,194789,1,45.99,14.49,0.0
1473,20140210,2,5,11301,194808,1,59.99,22.49,0.0
1474,20140210,2,1,11302,194813,1,59.99,22.49,0.0
1475,20140210,2,2,11303,194832,1,59.99,22.49,0.0
1476,20140210,4,2,11303,194832,0,29.99,9.49,0.0
1477,20140210,2,3,11304,194869,1,59.99,22.49,0.0
1478,20140210,1,1,11305,194890,1,49.99,19.49,0.0
1479,20140210,2,7,11306,194908,1,59.99,22.49,0.0
1480,20140210,1,3,11307,194922,1,49.99,19.49,0.0
1481,20140210,4,3,11307,194922,0,29.99,9.49,0.0
1482,20140210,2,2,11308,194927,1,59.99,22.49,0.0
1483,20140210,4,2,11308,194927,0,29.99,9.49,0.0
1484,20140210,3,3,11309,194988,1,45.99,14.49,0.0
1485,20140210,2,1,11310,195008,1,59.99,22.49,0.0
1486,20140210,2,1,11311,195009,1,59.99,22.49,0.0
1487,20140210,2,1,11312,195010,1,59.99,22.49,0.0
1488,20140210,4,1,11312,195010,0,29.99,9.49,0.0
1489,20140210,1,1,11313,195030,1,49.99,19.49,0.0
1490,20140210,2,2,11314,195051,1,59.99,22.49,0.0
1491,20140210,2,1,11315,195072,1,59.99,22.49,0.0
1492,20140210,3,7,11316,195091,1,45.99,14.49,0.0
1493,20140210,1,1,11317,195099,1,49.99,19.49,0.0
1494,20140210,4,1,11317,195099,0,29.99,9.49,0.0
1495,20140210,1,1,11318,195096,1,49.99,19.49,0.0
1496,20140210,3,1,11318,195096,0,45.99,14.49,0.0
1497,20140210,2,1,11319,195103,1,59.99,22.49,0.0
1498,20140210,2,3,11320,195107,1,59.99,22.49,0.0
1499,20140210,2,1,11321,195130,1,59.99,22.49,0.0
1500,20140210,2,11,11322,195148,1,59.99,22.49,0.0
1501,20140210,2,4,11323,195163,1,59.99,22.49,0.0
1502,20140210,2,2,11324,195170,1,59.99,22.49,0.0
1503,20140210,4,2,11324,195170,0,29.99,9.49,0.0
1504,20140210,2,1,11325,195178,1,59.99,22.49,0.0
1505,20140210,2,3,11326,195201,1,59.99,22.49,0.0
1506,20140210,3,3,11326,195201,0,45.99,14.49,0.0
1507,20140210,2,4,11327,195210,1,59.99,22.49,0.0
1508,20140210,2,1,11328,195212,1,59.99,22.49,0.0
1509,20140210,1,1,11329,195228,1,49.99,19.49,0.0
1510,20140210,2,10,11330,195245,1,59.99,22.49,0.0
1511,20140210,4,10,11330,195245,0,29.99,9.49,0.0
1512,20140210,2,1,11331,195256,1,59.99,22.49,0.0
1513,20140210,4,1,11331,195256,0,29.99,9.49,0.0
1514,20140210,2,1,11332,195263,1,59.99,22.49,0.0
1515,20140210,2,1,11333,195290,1,59.99,22.49,0.0
1516,20140210,4,1,11333,195290,0,29.99,9.49,0.0
1517,20140210,2,4,11334,195293,1,59.99,22.49,0.0
1518,20140210,3,4,11334,195293,0,45.99,14.49,0.0
1519,20140211,1,3,11335,195302,1,49.99,19.49,0.0
1520,20140211,2,1,11336,195306,1,59.99,22.49,0.0
1521,20140211,2,1,11337,195341,1,59.99,22.49,0.0
1522,20140211,2,10,11338,195343,1,59.99,22.49,0.0
1523,20140211,2,4,11339,195346,1,59.99,22.49,0.0
1524,20140211,2,2,11340,195355,1,59.99,22.49,0.0
1525,20140211,3,4,11341,195386,1,45.99,14.49,0.0
1526,20140211,4,4,11341,195386,0,29.99,9.49,0.0
1527,20140211,2,4,11342,195389,1,59.99,22.49,0.0
1528,20140211,3,4,11342,195389,0,45.99,14.49,0.0
1529,20140211,2,2,11343,195388,1,59.99,22.49,0.0
1530,20140211,1,2,11344,195421,1,49.99,19.49,0.0
1531,20140211,2,1,11345,195435,1,59.99,22.49,0.0
1532,20140211,3,4,11346,195451,1,45.99,14.49,0.0
1533,20140211,3,2,11347,195467,1,45.99,14.49,0.0
1534,20140211,1,2,11347,195467,0,49.99,19.49,0.0
1535,20140211,2,1,11348,195474,1,59.99,22.49,0.0
1536,20140211,3,1,11348,195474,0,45.99,14.49,0.0
1537,20140211,2,7,11349,195481,1,59.99,22.49,0.0
1538,20140211,1,4,11350,195483,1,49.99,19.49,0.0
1539,20140211,1,12,11351,195514,1,49.99,19.49,0.0
1540,20140211,2,1,11352,195521,1,59.99,22.49,0.0
1541,20140211,2,2,11353,195526,1,59.99,22.49,0.0
1542,20140211,1,2,11354,195547,1,49.99,19.49,0.0
1543,20140211,3,2,11354,195547,0,45.99,14.49,0.0
1544,20140211,1,1,11355,195556,1,49.99,19.49,0.0
1545,20140211,3,1,11356,195562,1,45.99,14.49,0.0
1546,20140211,1,4,11357,195583,1,49.99,19.49,0.0
1547,20140211,2,2,11358,195589,1,59.99,22.49,0.0
1548,20140211,2,2,11359,195600,1,59.99,22.49,0.0
1549,20140211,2,3,11360,195597,1,59.99,22.49,0.0
1550,20140211,2,3,11361,195617,1,59.99,22.49,0.0
1551,20140211,2,11,11362,195635,1,59.99,22.49,0.0
1552,20140211,2,7,11363,195642,1,59.99,22.49,0.0
1553,20140211,4,7,11363,195642,0,29.99,9.49,0.0
1554,20140211,1,3,11364,195654,1,49.99,19.49,0.0
1555,20140211,2,3,11365,195658,1,59.99,22.49,0.0
1556,20140211,4,3,11365,195658,0,29.99,9.49,0.0
1557,20140211,2,1,11366,195696,1,59.99,22.49,0.0
1558,20140211,4,1,11366,195696,0,29.99,9.49,0.0
1559,20140211,2,1,11367,195715,1,59.99,22.49,59.99
1560,20140211,3,2,11368,195727,1,45.99,14.49,0.0
1561,20140211,4,2,11368,195727,0,29.99,9.49,0.0
1562,20140211,1,4,11369,195734,1,49.99,19.49,0.0
1563,20140211,2,1,11370,195741,1,59.99,22.49,0.0
1564,20140211,2,1,11371,195757,1,59.99,22.49,0.0
1565,20140211,2,4,11372,195770,1,59.99,22.49,0.0
1566,20140211,1,2,11373,195785,1,49.99,19.49,0.0
1567,20140211,2,10,11374,195794,1,59.99,22.49,0.0
1568,20140211,2,1,11375,195812,1,59.99,22.49,0.0
1569,20140211,1,10,11376,195813,1,49.99,19.49,0.0
1570,20140211,3,10,11376,195813,0,45.99,14.49,0.0
1571,20140211,1,4,11377,195823,1,49.99,19.49,0.0
1572,20140211,4,4,11377,195823,0,29.99,9.49,0.0
1573,20140211,1,1,11378,195853,1,49.99,19.49,0.0
1574,20140211,1,3,11379,195880,1,49.99,19.49,0.0
1575,20140211,3,3,11379,195880,0,45.99,14.49,0.0
1576,20140211,1,2,11380,195903,1,49.99,19.49,0.0
1577,20140211,4,2,11380,195903,0,29.99,9.49,0.0
1578,20140211,2,4,11381,195921,1,59.99,22.49,0.0
1579,20140211,2,3,11382,195935,1,59.99,22.49,59.99
1580,20140211,2,9,11383,195958,1,59.99,22.49,0.0
1581,20140211,2,2,11384,195980,1,59.99,22.49,0.0
1582,20140211,1,2,11384,195980,0,49.99,19.49,0.0
1583,20140211,2,1,11385,195995,1,59.99,22.49,0.0
1584,20140211,2,1,11386,196005,1,59.99,22.49,0.0
1585,20140211,2,1,11387,196032,1,59.99,22.49,0.0
1586,20140211,1,12,11388,196055,1,49.99,19.49,0.0
1587,20140211,4,12,11388,196055,0,29.99,9.49,0.0
1588,20140211,2,4,11389,196063,1,59.99,22.49,0.0
1589,20140211,3,4,11390,196071,1,45.99,14.49,45.99
1590,20140211,2,1,11391,196076,1,59.99,22.49,0.0
1591,20140212,2,1,11392,196124,1,59.99,22.49,0.0
1592,20140212,1,1,11393,196136,1,49.99,19.49,0.0
1593,20140212,4,1,11393,196136,0,29.99,9.49,0.0
1594,20140212,1,1,11394,196161,1,49.99,19.49,0.0
1595,20140212,3,1,11394,196161,0,45.99,14.49,0.0
1596,20140212,2,2,11395,196180,1,59.99,22.49,0.0
1597,20140212,2,4,11396,196198,1,59.99,22.49,0.0
1598,20140212,3,4,11396,196198,0,45.99,14.49,0.0
1599,20140212,2,7,11397,196207,1,59.99,22.49,0.0
1600,20140212,4,7,11397,196207,0,29.99,9.49,0.0
1601,20140212,2,1,11398,196232,1,59.99,22.49,0.0
1602,20140212,3,1,11399,196239,1,45.99,14.49,0.0
1603,20140212,4,1,11399,196239,0,29.99,9.49,0.0
1604,20140212,2,1,11400,196240,1,59.99,22.49,0.0
1605,20140212,1,7,11401,196253,1,49.99,19.49,0.0
1606,20140212,2,2,11402,196256,1,59.99,22.49,0.0
1607,20140212,1,1,11403,196305,1,49.99,19.49,0.0
1608,20140212,2,1,11404,196307,1,59.99,22.49,0.0
1609,20140212,4,1,11404,196307,0,29.99,9.49,0.0
1610,20140212,3,1,11405,196303,1,45.99,14.49,0.0
1611,20140212,2,1,11406,196342,1,59.99,22.49,0.0
1612,20140212,3,2,11407,196340,1,45.99,14.49,0.0
1613,20140212,2,1,11408,196348,1,59.99,22.49,0.0
1614,20140212,2,2,11409,196360,1,59.99,22.49,0.0
1615,20140212,3,2,11409,196360,0,45.99,14.49,0.0
1616,20140212,2,3,11410,196369,1,59.99,22.49,0.0
1617,20140212,2,1,11411,196368,1,59.99,22.49,0.0
1618,20140212,2,4,11412,196394,1,59.99,22.49,0.0
1619,20140212,2,4,11413,196397,1,59.99,22.49,0.0
1620,20140212,3,1,11414,196395,1,45.99,14.49,0.0
1621,20140212,2,1,11415,196398,1,59.99,22.49,0.0
1622,20140212,2,1,11416,196409,1,59.99,22.49,0.0
1623,20140212,2,4,11417,196429,1,59.99,22.49,0.0
1624,20140212,4,4,11417,196429,0,29.99,9.49,0.0
1625,20140212,1,1,11418,196430,1,49.99,19.49,0.0
1626,20140212,2,4,11419,196433,1,59.99,22.49,59.99
1627,20140212,1,4,11420,196457,1,49.99,19.49,0.0
1628,20140212,2,5,11421,196455,1,59.99,22.49,0.0
1629,20140212,4,5,11421,196455,0,29.99,9.49,0.0
1630,20140212,1,1,11422,196466,1,49.99,19.49,0.0
1631,20140212,2,1,11422,196466,0,59.99,22.49,0.0
1632,20140212,1,2,11423,196465,1,49.99,19.49,0.0
1633,20140212,1,1,11424,196477,1,49.99,19.49,0.0
1634,20140212,2,1,11425,196479,1,59.99,22.49,0.0
1635,20140212,2,1,11426,196481,1,59.99,22.49,0.0
1636,20140212,1,1,11427,196485,1,49.99,19.49,0.0
1637,20140212,4,1,11427,196485,0,29.99,9.49,0.0
1638,20140212,2,3,11428,196495,1,59.99,22.49,0.0
1639,20140212,1,1,11429,196501,1,49.99,19.49,0.0
1640,20140212,2,4,11430,196533,1,59.99,22.49,0.0
1641,20140212,4,4,11430,196533,0,29.99,9.49,0.0
1642,20140212,2,5,11431,196538,1,59.99,22.49,0.0
1643,20140212,2,9,11432,196570,1,59.99,22.49,0.0
1644,20140212,4,9,11432,196570,0,29.99,9.49,0.0
1645,20140212,1,2,11433,196568,1,49.99,19.49,0.0
1646,20140212,3,2,11433,196568,0,45.99,14.49,0.0
1647,20140212,3,2,11434,196593,1,45.99,14.49,0.0
1648,20140212,2,11,11435,196597,1,59.99,22.49,0.0
1649,20140212,3,1,11436,196602,1,45.99,14.49,0.0
1650,20140212,2,1,11437,196622,1,59.99,22.49,0.0
1651,20140212,4,1,11437,196622,0,29.99,9.49,0.0
1652,20140212,2,4,11438,196648,1,59.99,22.49,0.0
1653,20140212,3,4,11439,196667,1,45.99,14.49,0.0
1654,20140212,1,3,11440,196677,1,49.99,19.49,0.0
1655,20140212,2,2,11441,196690,1,59.99,22.49,0.0
1656,20140212,1,6,11442,196706,1,49.99,19.49,0.0
1657,20140212,4,6,11442,196706,0,29.99,9.49,0.0
1658,20140212,2,5,11443,196741,1,59.99,22.49,0.0
1659,20140212,2,2,11444,196742,1,59.99,22.49,0.0
1660,20140212,1,2,11445,196767,1,49.99,19.49,0.0
1661,20140212,2,1,11446,196765,1,59.99,22.49,0.0
1662,20140212,4,1,11446,196765,0,29.99,9.49,0.0
1663,20140212,2,2,11447,196769,1,59.99,22.49,0.0
1664,20140212,2,2,11448,196778,1,59.99,22.49,0.0
1665,20140212,4,2,11448,196778,0,29.99,9.49,0.0
1666,20140212,2,4,11449,196786,1,59.99,22.49,0.0
1667,20140212,2,1,11450,196789,1,59.99,22.49,0.0
1668,20140212,4,1,11450,196789,0,29.99,9.49,0.0
1669,20140212,1,2,11451,196792,1,49.99,19.49,0.0
1670,20140212,2,3,11452,196820,1,59.99,22.49,0.0
1671,20140212,3,3,11452,196820,0,45.99,14.49,0.0
1672,20140212,2,2,11453,196845,1,59.99,22.49,0.0
1673,20140212,2,1,11454,196847,1,59.99,22.49,0.0
1674,20140212,3,1,11454,196847,0,45.99,14.49,0.0
1675,20140212,2,2,11455,196861,1,59.99,22.49,0.0
1676,20140212,1,5,11456,196866,1,49.99,19.49,0.0
1677,20140212,4,5,11456,196866,0,29.99,9.49,0.0
1678,20140212,2,1,11457,196868,1,59.99,22.49,0.0
1679,20140212,2,1,11458,196871,1,59.99,22.49,0.0
1680,20140212,2,1,11459,196877,1,59.99,22.49,0.0
1681,20140212,2,2,11460,196880,1,59.99,22.49,0.0
1682,20140212,2,4,11461,196896,1,59.99,22.49,0.0
1683,20140212,2,2,11462,196939,1,59.99,22.49,0.0
1684,20140212,3,3,11463,196946,1,45.99,14.49,0.0
1685,20140212,2,1,11464,196959,1,59.99,22.49,0.0
1686,20140212,3,1,11465,196963,1,45.99,14.49,0.0
1687,20140213,2,4,11466,196968,1,59.99,22.49,0.0
1688,20140213,2,1,11467,196976,1,59.99,22.49,0.0
1689,20140213,2,1,11468,196996,1,59.99,22.49,0.0
1690,20140213,2,1,11469,197013,1,59.99,22.49,0.0
1691,20140213,2,2,11470,197028,1,59.99,22.49,0.0
1692,20140213,3,2,11470,197028,0,45.99,14.49,0.0
1693,20140213,2,3,11471,197076,1,59.99,22.49,0.0
1694,20140213,3,1,11472,197079,1,45.99,14.49,0.0
1695,20140213,1,1,11473,197093,1,49.99,19.49,0.0
1696,20140213,2,12,11474,197096,1,59.99,22.49,0.0
1697,20140213,2,4,11475,197121,1,59.99,22.49,0.0
1698,20140213,2,4,11476,197128,1,59.99,22.49,0.0
1699,20140213,2,1,11477,197168,1,59.99,22.49,0.0
1700,20140213,2,3,11478,197169,1,59.99,22.49,0.0
1701,20140213,2,1,11479,197170,1,59.99,22.49,0.0
1702,20140213,4,1,11479,197170,0,29.99,9.49,0.0
1703,20140213,2,1,11480,197174,1,59.99,22.49,0.0
1704,20140213,2,7,11481,197189,1,59.99,22.49,0.0
1705,20140213,1,4,11482,197227,1,49.99,19.49,0.0
1706,20140213,2,1,11483,197240,1,59.99,22.49,0.0
1707,20140213,1,1,11484,197264,1,49.99,19.49,0.0
1708,20140213,4,1,11484,197264,0,29.99,9.49,0.0
1709,20140213,2,1,11485,197280,1,59.99,22.49,0.0
1710,20140213,4,1,11485,197280,0,29.99,9.49,0.0
1711,20140213,2,3,11486,197307,1,59.99,22.49,0.0
1712,20140213,2,1,11487,197308,1,59.99,22.49,0.0
1713,20140213,4,1,11487,197308,0,29.99,9.49,0.0
1714,20140213,2,3,11488,197351,1,59.99,22.49,0.0
1715,20140213,2,4,11489,197361,1,59.99,22.49,0.0
1716,20140213,4,4,11489,197361,0,29.99,9.49,0.0
1717,20140213,1,2,11490,197377,1,49.99,19.49,0.0
1718,20140213,2,5,11491,197384,1,59.99,22.49,0.0
1719,20140213,2,1,11492,197396,1,59.99,22.49,0.0
1720,20140213,1,1,11493,197433,1,49.99,19.49,0.0
1721,20140213,2,1,11494,197426,1,59.99,22.49,0.0
1722,20140213,3,1,11494,197426,0,45.99,14.49,0.0
1723,20140213,3,3,11495,197434,1,45.99,14.49,0.0
1724,20140213,1,1,11496,197435,1,49.99,19.49,0.0
1725,20140213,4,1,11496,197435,0,29.99,9.49,0.0
1726,20140213,2,2,11497,197469,1,59.99,22.49,0.0
1727,20140213,2,11,11498,197483,1,59.99,22.49,0.0
1728,20140213,4,11,11498,197483,0,29.99,9.49,0.0
1729,20140213,2,4,11499,197512,1,59.99,22.49,0.0
1730,20140213,2,1,11500,197529,1,59.99,22.49,0.0
1731,20140213,2,2,11501,197531,1,59.99,22.49,0.0
1732,20140213,2,1,11502,197537,1,59.99,22.49,0.0
1733,20140213,2,2,11503,197558,1,59.99,22.49,0.0
1734,20140213,4,2,11503,197558,0,29.99,9.49,0.0
1735,20140213,2,1,11504,197573,1,59.99,22.49,0.0
1736,20140213,4,1,11504,197573,0,29.99,9.49,0.0
1737,20140213,2,1,11505,197612,1,59.99,22.49,0.0
1738,20140213,1,1,11506,197626,1,49.99,19.49,0.0
1739,20140213,2,1,11507,197624,1,59.99,22.49,0.0
1740,20140213,4,1,11507,197624,0,29.99,9.49,0.0
1741,20140213,2,1,11508,197628,1,59.99,22.49,0.0
1742,20140213,2,3,11509,197666,1,59.99,22.49,0.0
1743,20140213,2,3,11510,197694,1,59.99,22.49,0.0
1744,20140213,2,1,11511,197710,1,59.99,22.49,0.0
1745,20140213,3,1,11511,197710,0,45.99,14.49,45.99
1746,20140213,2,2,11512,197732,1,59.99,22.49,0.0
1747,20140213,1,1,11513,197747,1,49.99,19.49,0.0
1748,20140214,2,2,11514,197795,1,59.99,22.49,0.0
1749,20140214,2,1,11515,197797,1,59.99,22.49,0.0
1750,20140214,1,1,11516,197826,1,49.99,19.49,0.0
1751,20140214,2,1,11517,197878,1,59.99,22.49,0.0
1752,20140214,1,1,11518,197882,1,49.99,19.49,0.0
1753,20140214,2,1,11519,197886,1,59.99,22.49,0.0
1754,20140214,2,1,11520,197888,1,59.99,22.49,0.0
1755,20140214,2,10,11521,197894,1,59.99,22.49,0.0
1756,20140214,2,7,11522,197895,1,59.99,22.49,59.99
1757,20140214,3,7,11522,197895,0,45.99,14.49,0.0
1758,20140214,2,2,11523,197903,1,59.99,22.49,0.0
1759,20140214,4,2,11523,197903,0,29.99,9.49,0.0
1760,20140214,1,1,11524,197936,1,49.99,19.49,0.0
1761,20140214,3,1,11525,197940,1,45.99,14.49,0.0
1762,20140214,1,1,11526,197942,1,49.99,19.49,0.0
1763,20140214,2,2,11527,197960,1,59.99,22.49,0.0
1764,20140214,4,2,11527,197960,0,29.99,9.49,0.0
1765,20140214,2,2,11528,197978,1,59.99,22.49,0.0
1766,20140214,2,1,11529,198002,1,59.99,22.49,0.0
1767,20140214,4,1,11529,198002,0,29.99,9.49,0.0
1768,20140214,2,6,11530,198014,1,59.99,22.49,0.0
1769,20140214,1,6,11530,198014,0,49.99,19.49,0.0
1770,20140214,1,7,11531,198034,1,49.99,19.49,0.0
1771,20140214,2,1,11532,198047,1,59.99,22.49,0.0
1772,20140214,2,1,11533,198043,1,59.99,22.49,0.0
1773,20140214,4,1,11533,198043,0,29.99,9.49,0.0
1774,20140214,2,1,11534,198061,1,59.99,22.49,0.0
1775,20140214,2,5,11535,198080,1,59.99,22.49,59.99
1776,20140214,3,1,11536,198086,1,45.99,14.49,0.0
1777,20140214,1,1,11536,198086,0,49.99,19.49,0.0
1778,20140214,2,6,11537,198149,1,59.99,22.49,0.0
1779,20140214,1,1,11538,198167,1,49.99,19.49,0.0
1780,20140214,4,1,11538,198167,0,29.99,9.49,0.0
1781,20140214,1,1,11539,198170,1,49.99,19.49,0.0
1782,20140214,3,2,11540,198174,1,45.99,14.49,0.0
1783,20140214,1,1,11541,198188,1,49.99,19.49,0.0
1784,20140214,2,1,11542,198189,1,59.99,22.49,0.0
1785,20140214,2,4,11543,198270,1,59.99,22.49,0.0
1786,20140214,2,3,11544,198292,1,59.99,22.49,0.0
1787,20140214,2,2,11545,198309,1,59.99,22.49,0.0
1788,20140214,4,2,11545,198309,0,29.99,9.49,0.0
1789,20140214,2,1,11546,198323,1,59.99,22.49,0.0
1790,20140214,2,6,11547,198333,1,59.99,22.49,0.0
1791,20140214,4,6,11547,198333,0,29.99,9.49,0.0
1792,20140214,2,1,11548,198341,1,59.99,22.49,0.0
1793,20140214,2,1,11549,198340,1,59.99,22.49,0.0
1794,20140214,4,1,11549,198340,0,29.99,9.49,0.0
1795,20140214,2,1,11550,198352,1,59.99,22.49,0.0
1796,20140214,2,2,11551,198379,1,59.99,22.49,0.0
1797,20140214,2,1,11552,198389,1,59.99,22.49,0.0
1798,20140214,4,1,11552,198389,0,29.99,9.49,0.0
1799,20140214,2,1,11553,198396,1,59.99,22.49,0.0
1800,20140214,2,1,11554,198397,1,59.99,22.49,0.0
1801,20140214,4,1,11554,198397,0,29.99,9.49,0.0
1802,20140214,3,1,11555,198430,1,45.99,14.49,0.0
1803,20140214,4,1,11555,198430,0,29.99,9.49,0.0
1804,20140214,2,1,11556,198444,1,59.99,22.49,0.0
1805,20140214,2,1,11557,198455,1,59.99,22.49,0.0
1806,20140214,1,2,11558,198458,1,49.99,19.49,0.0
1807,20140214,3,1,11559,198462,1,45.99,14.49,0.0
1808,20140214,4,1,11559,198462,0,29.99,9.49,0.0
1809,20140214,2,11,11560,198466,1,59.99,22.49,0.0
1810,20140214,2,7,11561,198471,1,59.99,22.49,0.0
1811,20140214,2,2,11562,198497,1,59.99,22.49,0.0
1812,20140214,3,1,11563,198498,1,45.99,14.49,0.0
1813,20140215,2,1,11564,198550,1,59.99,22.49,0.0
1814,20140215,1,1,11565,198574,1,49.99,19.49,0.0
1815,20140215,4,1,11565,198574,0,29.99,9.49,0.0
1816,20140215,2,1,11566,198581,1,59.99,22.49,0.0
1817,20140215,4,1,11566,198581,0,29.99,9.49,0.0
1818,20140215,2,1,11567,198593,1,59.99,22.49,0.0
1819,20140215,2,3,11568,198623,1,59.99,22.49,0.0
1820,20140215,4,3,11568,198623,0,29.99,9.49,0.0
1821,20140215,2,3,11569,198627,1,59.99,22.49,0.0
1822,20140215,1,1,11570,198630,1,49.99,19.49,0.0
1823,20140215,3,1,11571,198640,1,45.99,14.49,0.0
1824,20140215,2,1,11572,198648,1,59.99,22.49,0.0
1825,20140215,1,3,11573,198656,1,49.99,19.49,0.0
1826,20140215,3,9,11574,198705,1,45.99,14.49,0.0
1827,20140215,1,2,11575,198709,1,49.99,19.49,0.0
1828,20140215,1,3,11576,198731,1,49.99,19.49,0.0
1829,20140215,1,3,11577,198734,1,49.99,19.49,0.0
1830,20140215,1,1,11578,198803,1,49.99,19.49,0.0
1831,20140215,2,1,11578,198803,0,59.99,22.49,0.0
1832,20140215,2,4,11579,198802,1,59.99,22.49,0.0
1833,20140215,4,4,11579,198802,0,29.99,9.49,0.0
1834,20140215,1,1,11580,198837,1,49.99,19.49,0.0
1835,20140215,1,2,11581,198849,1,49.99,19.49,0.0
1836,20140215,1,10,11582,198874,1,49.99,19.49,49.99
1837,20140215,4,10,11582,198874,0,29.99,9.49,0.0
1838,20140215,3,1,11583,198880,1,45.99,14.49,0.0
1839,20140215,1,1,11583,198880,0,49.99,19.49,0.0
1840,20140215,1,1,11584,198897,1,49.99,19.49,0.0
1841,20140216,1,1,11585,198938,1,49.99,19.49,0.0
1842,20140216,4,1,11585,198938,0,29.99,9.49,0.0
1843,20140216,2,1,11586,198972,1,59.99,22.49,0.0
1844,20140216,1,1,11587,198995,1,49.99,19.49,0.0
1845,20140216,1,2,11588,199034,1,49.99,19.49,49.99
1846,20140216,1,4,11589,199061,1,49.99,19.49,0.0
1847,20140216,2,1,11590,199079,1,59.99,22.49,0.0
1848,20140216,1,3,11591,199088,1,49.99,19.49,0.0
1849,20140216,3,3,11591,199088,0,45.99,14.49,0.0
1850,20140216,1,3,11592,199084,1,49.99,19.49,0.0
1851,20140216,1,1,11593,199123,1,49.99,19.49,0.0
1852,20140216,4,1,11593,199123,0,29.99,9.49,0.0
1853,20140216,1,7,11594,199183,1,49.99,19.49,0.0
1854,20140216,3,7,11594,199183,0,45.99,14.49,0.0
1855,20140216,1,1,11595,199189,1,49.99,19.49,0.0
1856,20140216,3,1,11595,199189,0,45.99,14.49,0.0
1857,20140217,1,10,11596,199243,1,49.99,19.49,0.0
1858,20140217,1,7,11597,199291,1,49.99,19.49,0.0
1859,20140217,4,7,11597,199291,0,29.99,9.49,0.0
1860,20140217,1,1,11598,199311,1,49.99,19.49,0.0
1861,20140217,4,1,11598,199311,0,29.99,9.49,0.0
1862,20140217,1,2,11599,199309,1,49.99,19.49,0.0
1863,20140217,2,2,11599,199309,0,59.99,22.49,0.0
1864,20140217,1,1,11600,199326,1,49.99,19.49,0.0
1865,20140217,4,1,11600,199326,0,29.99,9.49,0.0
1866,20140217,1,4,11601,199380,1,49.99,19.49,0.0
1867,20140217,4,4,11601,199380,0,29.99,9.49,0.0
1868,20140217,3,1,11602,199388,1,45.99,14.49,0.0
1869,20140217,1,2,11603,199417,1,49.99,19.49,49.99
1870,20140217,4,2,11603,199417,0,29.99,9.49,0.0
1871,20140217,1,4,11604,199429,1,49.99,19.49,0.0
1872,20140217,1,10,11605,199436,1,49.99,19.49,0.0
1873,20140217,1,1,11606,199452,1,49.99,19.49,0.0
1874,20140217,1,2,11607,199447,1,49.99,19.49,0.0
1875,20140217,1,3,11608,199466,1,49.99,19.49,0.0
1876,20140217,1,1,11609,199475,1,49.99,19.49,0.0
1877,20140217,1,11,11610,199531,1,49.99,19.49,0.0
1878,20140217,3,11,11610,199531,0,45.99,14.49,0.0
1879,20140217,1,3,11611,199565,1,49.99,19.49,0.0
1880,20140217,2,3,11612,199613,1,59.99,22.49,0.0
1881,20140217,3,3,11612,199613,0,45.99,14.49,0.0
1882,20140217,2,1,11613,199643,1,59.99,22.49,0.0
1883,20140217,1,1,11614,199646,1,49.99,19.49,0.0
1884,20140217,1,2,11615,199649,1,49.99,19.49,0.0
1885,20140217,2,11,11616,199662,1,59.99,22.49,0.0
1886,20140217,1,1,11617,199659,1,49.99,19.49,0.0
1887,20140217,4,1,11617,199659,0,29.99,9.49,0.0
1888,20140217,1,7,11618,199664,1,49.99,19.49,0.0
1889,20140217,1,1,11619,199677,1,49.99,19.49,0.0
1890,20140217,1,2,11620,199680,1,49.99,19.49,0.0
1891,20140217,4,2,11620,199680,0,29.99,9.49,0.0
1892,20140217,1,2,11621,199728,1,49.99,19.49,0.0
1893,20140217,1,4,11622,199760,1,49.99,19.49,0.0
1894,20140217,1,1,11623,199778,1,49.99,19.49,0.0
1895,20140217,4,1,11623,199778,0,29.99,9.49,0.0
1896,20140217,1,7,11624,199787,1,49.99,19.49,0.0
1897,20140217,2,6,11625,199788,1,59.99,22.49,0.0
1898,20140218,1,1,11626,199828,1,49.99,19.49,49.99
1899,20140218,1,2,11627,199851,1,49.99,19.49,0.0
1900,20140218,1,1,11628,199879,1,49.99,19.49,0.0
1901,20140218,3,1,11628,199879,0,45.99,14.49,0.0
1902,20140218,3,1,11629,199881,1,45.99,14.49,0.0
1903,20140218,1,1,11629,199881,0,49.99,19.49,0.0
1904,20140218,1,1,11630,199885,1,49.99,19.49,0.0
1905,20140218,1,1,11631,199914,1,49.99,19.49,0.0
1906,20140218,2,1,11632,199913,1,59.99,22.49,0.0
1907,20140218,4,1,11632,199913,0,29.99,9.49,0.0
1908,20140218,1,1,11633,199919,1,49.99,19.49,0.0
1909,20140218,2,1,11633,199919,0,59.99,22.49,0.0
1910,20140218,2,7,11634,199920,1,59.99,22.49,0.0
1911,20140218,1,1,11635,199994,1,49.99,19.49,0.0
1912,20140218,2,1,11635,199994,0,59.99,22.49,0.0
1913,20140218,1,4,11636,200018,1,49.99,19.49,0.0
1914,20140218,4,4,11636,200018,0,29.99,9.49,0.0
1915,20140218,2,1,11637,200039,1,59.99,22.49,0.0
1916,20140218,1,1,11638,200034,1,49.99,19.49,0.0
1917,20140218,3,1,11638,200034,0,45.99,14.49,0.0
1918,20140218,1,2,11639,200049,1,49.99,19.49,0.0
1919,20140218,1,1,11640,200044,1,49.99,19.49,0.0
1920,20140218,1,1,11641,200077,1,49.99,19.49,0.0
1921,20140218,3,1,11641,200077,0,45.99,14.49,0.0
1922,20140218,1,1,11642,200087,1,49.99,19.49,0.0
1923,20140218,3,1,11643,200105,1,45.99,14.49,45.99
1924,20140218,1,1,11644,200123,1,49.99,19.49,0.0
1925,20140218,1,1,11645,200122,1,49.99,19.49,0.0
1926,20140218,2,1,11645,200122,0,59.99,22.49,0.0
1927,20140218,1,1,11646,200143,1,49.99,19.49,0.0
1928,20140218,4,1,11646,200143,0,29.99,9.49,0.0
1929,20140218,1,3,11647,200144,1,49.99,19.49,0.0
1930,20140218,1,1,11648,200147,1,49.99,19.49,0.0
1931,20140218,2,1,11648,200147,0,59.99,22.49,0.0
1932,20140218,1,1,11649,200157,1,49.99,19.49,0.0
1933,20140218,3,2,11650,200171,1,45.99,14.49,0.0
1934,20140218,1,1,11651,200189,1,49.99,19.49,0.0
1935,20140218,3,1,11651,200189,0,45.99,14.49,0.0
1936,20140218,1,1,11652,200197,1,49.99,19.49,49.99
1937,20140218,4,1,11652,200197,0,29.99,9.49,0.0
1938,20140218,3,2,11653,200227,1,45.99,14.49,0.0
1939,20140218,4,2,11653,200227,0,29.99,9.49,0.0
1940,20140218,1,2,11654,200263,1,49.99,19.49,0.0
1941,20140218,2,2,11654,200263,0,59.99,22.49,0.0
1942,20140218,1,3,11655,200290,1,49.99,19.49,0.0
1943,20140218,1,2,11656,200294,1,49.99,19.49,0.0
1944,20140218,1,4,11657,200298,1,49.99,19.49,0.0
1945,20140218,1,7,11658,200308,1,49.99,19.49,49.99
1946,20140218,1,1,11659,200307,1,49.99,19.49,0.0
1947,20140218,4,1,11659,200307,0,29.99,9.49,0.0
1948,20140218,1,2,11660,200317,1,49.99,19.49,0.0
1949,20140218,4,2,11660,200317,0,29.99,9.49,0.0
1950,20140218,2,3,11661,200319,1,59.99,22.49,0.0
1951,20140218,2,5,11662,200327,1,59.99,22.49,0.0
1952,20140218,1,1,11663,200411,1,49.99,19.49,0.0
1953,20140218,1,1,11664,200413,1,49.99,19.49,0.0
1954,20140218,1,1,11665,200421,1,49.99,19.49,0.0
1955,20140218,3,1,11666,200423,1,45.99,14.49,0.0
1956,20140218,2,1,11666,200423,0,59.99,22.49,0.0
1957,20140218,1,1,11667,200431,1,49.99,19.49,0.0
1958,20140218,1,2,11668,200433,1,49.99,19.49,0.0
1959,20140218,3,2,11668,200433,0,45.99,14.49,0.0
1960,20140219,1,4,11669,200455,1,49.99,19.49,0.0
1961,20140219,4,4,11669,200455,0,29.99,9.49,0.0
1962,20140219,2,1,11670,200470,1,59.99,22.49,0.0
1963,20140219,1,1,11671,200477,1,49.99,19.49,0.0
1964,20140219,1,3,11672,200482,1,49.99,19.49,0.0
1965,20140219,4,3,11672,200482,0,29.99,9.49,0.0
1966,20140219,1,4,11673,200502,1,49.99,19.49,0.0
1967,20140219,1,1,11674,200562,1,49.99,19.49,0.0
1968,20140219,1,1,11675,200595,1,49.99,19.49,0.0
1969,20140219,4,1,11675,200595,0,29.99,9.49,0.0
1970,20140219,3,1,11676,200596,1,45.99,14.49,0.0
1971,20140219,1,4,11677,200649,1,49.99,19.49,0.0
1972,20140219,1,5,11678,200661,1,49.99,19.49,0.0
1973,20140219,4,5,11678,200661,0,29.99,9.49,0.0
1974,20140219,1,9,11679,200685,1,49.99,19.49,0.0
1975,20140219,1,9,11680,200689,1,49.99,19.49,49.99
1976,20140219,3,2,11681,200707,1,45.99,14.49,45.99
1977,20140219,3,2,11682,200713,1,45.99,14.49,0.0
1978,20140219,1,1,11683,200738,1,49.99,19.49,0.0
1979,20140219,1,3,11684,200741,1,49.99,19.49,0.0
1980,20140219,3,3,11684,200741,0,45.99,14.49,0.0
1981,20140219,1,7,11685,200746,1,49.99,19.49,0.0
1982,20140219,1,1,11686,200749,1,49.99,19.49,0.0
1983,20140219,1,1,11687,200753,1,49.99,19.49,0.0
1984,20140219,1,1,11688,200773,1,49.99,19.49,0.0
1985,20140219,4,1,11688,200773,0,29.99,9.49,0.0
1986,20140219,2,1,11689,200781,1,59.99,22.49,0.0
1987,20140219,1,3,11690,200787,1,49.99,19.49,0.0
1988,20140219,1,3,11691,200790,1,49.99,19.49,0.0
1989,20140219,1,1,11692,200795,1,49.99,19.49,0.0
1990,20140219,1,2,11693,200811,1,49.99,19.49,0.0
1991,20140219,1,5,11694,200821,1,49.99,19.49,0.0
1992,20140219,1,1,11695,200840,1,49.99,19.49,0.0
1993,20140219,2,3,11696,200855,1,59.99,22.49,0.0
1994,20140219,1,9,11697,200851,1,49.99,19.49,0.0
1995,20140219,4,9,11697,200851,0,29.99,9.49,0.0
1996,20140219,1,4,11698,200912,1,49.99,19.49,0.0
1997,20140219,1,1,11699,200917,1,49.99,19.49,0.0
1998,20140219,4,1,11699,200917,0,29.99,9.49,0.0
1999,20140219,1,1,11700,200962,1,49.99,19.49,0.0
2000,20140219,4,1,11700,200962,0,29.99,9.49,0.0
2001,20140219,2,4,11701,200975,1,59.99,22.49,0.0
2002,20140219,3,4,11701,200975,0,45.99,14.49,0.0
2003,20140219,1,3,11702,200994,1,49.99,19.49,0.0
2004,20140219,4,3,11702,200994,0,29.99,9.49,0.0
2005,20140219,1,1,11703,201007,1,49.99,19.49,0.0
2006,20140219,4,1,11703,201007,0,29.99,9.49,0.0
2007,20140219,3,7,11704,201023,1,45.99,14.49,0.0
2008,20140219,1,7,11705,201054,1,49.99,19.49,0.0
2009,20140219,1,2,11706,201062,1,49.99,19.49,0.0
2010,20140219,1,1,11707,201067,1,49.99,19.49,0.0
2011,20140219,3,1,11707,201067,0,45.99,14.49,0.0
2012,20140219,1,1,11708,201069,1,49.99,19.49,0.0
2013,20140219,2,9,11709,201114,1,59.99,22.49,0.0
2014,20140219,2,1,11710,201117,1,59.99,22.49,0.0
2015,20140219,1,2,11711,201131,1,49.99,19.49,0.0
2016,20140219,1,1,11712,201130,1,49.99,19.49,0.0
2017,20140219,4,1,11712,201130,0,29.99,9.49,0.0
2018,20140219,3,2,11713,201152,1,45.99,14.49,0.0
2019,20140220,1,7,11714,201188,1,49.99,19.49,0.0
2020,20140220,1,1,11715,201209,1,49.99,19.49,0.0
2021,20140220,2,7,11716,201210,1,59.99,22.49,0.0
2022,20140220,1,1,11717,201224,1,49.99,19.49,0.0
2023,20140220,4,1,11717,201224,0,29.99,9.49,0.0
2024,20140220,1,3,11718,201230,1,49.99,19.49,0.0
2025,20140220,3,1,11719,201229,1,45.99,14.49,0.0
2026,20140220,1,4,11720,201232,1,49.99,19.49,0.0
2027,20140220,4,4,11720,201232,0,29.99,9.49,0.0
2028,20140220,3,3,11721,201253,1,45.99,14.49,0.0
2029,20140220,1,1,11722,201276,1,49.99,19.49,0.0
2030,20140220,1,3,11723,201300,1,49.99,19.49,0.0
2031,20140220,3,3,11723,201300,0,45.99,14.49,0.0
2032,20140220,2,1,11724,201304,1,59.99,22.49,0.0
2033,20140220,4,1,11724,201304,0,29.99,9.49,0.0
2034,20140220,1,1,11725,201344,1,49.99,19.49,0.0
2035,20140220,1,1,11726,201356,1,49.99,19.49,0.0
2036,20140220,2,1,11726,201356,0,59.99,22.49,0.0
2037,20140220,3,4,11727,201362,1,45.99,14.49,0.0
2038,20140220,1,2,11728,201388,1,49.99,19.49,0.0
2039,20140220,3,2,11728,201388,0,45.99,14.49,0.0
2040,20140220,3,9,11729,201391,1,45.99,14.49,0.0
2041,20140220,3,11,11730,201398,1,45.99,14.49,0.0
2042,20140220,4,11,11730,201398,0,29.99,9.49,0.0
2043,20140220,1,5,11731,201404,1,49.99,19.49,0.0
2044,20140220,1,2,11732,201405,1,49.99,19.49,0.0
2045,20140220,2,1,11733,201411,1,59.99,22.49,0.0
2046,20140220,4,1,11733,201411,0,29.99,9.49,0.0
2047,20140220,1,5,11734,201415,1,49.99,19.49,0.0
2048,20140220,1,1,11735,201417,1,49.99,19.49,0.0
2049,20140220,3,1,11735,201417,0,45.99,14.49,0.0
2050,20140220,1,2,11736,201453,1,49.99,19.49,0.0
2051,20140220,2,2,11736,201453,0,59.99,22.49,0.0
2052,20140220,2,2,11737,201448,1,59.99,22.49,0.0
2053,20140220,2,11,11738,201447,1,59.99,22.49,0.0
2054,20140220,4,11,11738,201447,0,29.99,9.49,0.0
2055,20140220,1,2,11739,201450,1,49.99,19.49,0.0
2056,20140220,3,2,11739,201450,0,45.99,14.49,0.0
2057,20140220,1,1,11740,201460,1,49.99,19.49,0.0
2058,20140220,3,1,11740,201460,0,45.99,14.49,0.0
2059,20140220,1,4,11741,201459,1,49.99,19.49,0.0
2060,20140220,1,1,11742,201455,1,49.99,19.49,0.0
2061,20140220,4,1,11742,201455,0,29.99,9.49,0.0
2062,20140220,1,1,11743,201463,1,49.99,19.49,0.0
2063,20140220,1,1,11744,201470,1,49.99,19.49,0.0
2064,20140220,4,1,11744,201470,0,29.99,9.49,0.0
2065,20140220,3,7,11745,201510,1,45.99,14.49,0.0
2066,20140220,2,7,11745,201510,0,59.99,22.49,0.0
2067,20140220,2,1,11746,201533,1,59.99,22.49,0.0
2068,20140220,4,1,11746,201533,0,29.99,9.49,0.0
2069,20140220,2,1,11747,201544,1,59.99,22.49,0.0
2070,20140220,1,1,11748,201539,1,49.99,19.49,0.0
2071,20140220,1,7,11749,201554,1,49.99,19.49,0.0
2072,20140220,1,1,11750,201579,1,49.99,19.49,0.0
2073,20140220,1,1,11751,201590,1,49.99,19.49,0.0
2074,20140220,3,1,11751,201590,0,45.99,14.49,0.0
2075,20140220,1,1,11752,201585,1,49.99,19.49,0.0
2076,20140220,4,1,11752,201585,0,29.99,9.49,0.0
2077,20140220,1,1,11753,201591,1,49.99,19.49,0.0
2078,20140220,4,1,11753,201591,0,29.99,9.49,0.0
2079,20140220,2,1,11754,201602,1,59.99,22.49,0.0
2080,20140220,1,1,11755,201680,1,49.99,19.49,0.0
2081,20140220,1,1,11756,201712,1,49.99,19.49,0.0
2082,20140220,3,2,11757,201744,1,45.99,14.49,0.0
2083,20140220,4,2,11757,201744,0,29.99,9.49,0.0
2084,20140220,1,1,11758,201748,1,49.99,19.49,0.0
2085,20140220,3,1,11758,201748,0,45.99,14.49,0.0
2086,20140220,1,3,11759,201772,1,49.99,19.49,0.0
2087,20140220,3,3,11759,201772,0,45.99,14.49,0.0
2088,20140220,3,3,11760,201792,1,45.99,14.49,45.99
2089,20140220,4,3,11760,201792,0,29.99,9.49,0.0
2090,20140220,1,2,11761,201814,1,49.99,19.49,0.0
2091,20140220,4,2,11761,201814,0,29.99,9.49,0.0
2092,20140220,1,10,11762,201819,1,49.99,19.49,0.0
2093,20140220,1,2,11763,201830,1,49.99,19.49,0.0
2094,20140220,4,2,11763,201830,0,29.99,9.49,0.0
2095,20140221,3,2,11764,201849,1,45.99,14.49,0.0
2096,20140221,1,1,11765,201852,1,49.99,19.49,0.0
2097,20140221,3,1,11765,201852,0,45.99,14.49,0.0
2098,20140221,1,2,11766,201862,1,49.99,19.49,0.0
2099,20140221,4,2,11766,201862,0,29.99,9.49,0.0
2100,20140221,1,1,11767,201919,1,49.99,19.49,0.0
2101,20140221,1,1,11768,201924,1,49.99,19.49,0.0
2102,20140221,4,1,11768,201924,0,29.99,9.49,0.0
2103,20140221,1,1,11769,201933,1,49.99,19.49,0.0
2104,20140221,4,1,11769,201933,0,29.99,9.49,0.0
2105,20140221,1,10,11770,201928,1,49.99,19.49,0.0
2106,20140221,3,10,11770,201928,0,45.99,14.49,0.0
2107,20140221,2,3,11771,201939,1,59.99,22.49,0.0
2108,20140221,4,3,11771,201939,0,29.99,9.49,0.0
2109,20140221,1,2,11772,201940,1,49.99,19.49,0.0
2110,20140221,1,1,11773,201942,1,49.99,19.49,0.0
2111,20140221,1,5,11774,201956,1,49.99,19.49,0.0
2112,20140221,4,5,11774,201956,0,29.99,9.49,0.0
2113,20140221,1,1,11775,201970,1,49.99,19.49,0.0
2114,20140221,1,4,11776,201988,1,49.99,19.49,0.0
2115,20140221,2,4,11776,201988,0,59.99,22.49,0.0
2116,20140221,1,1,11777,201990,1,49.99,19.49,0.0
2117,20140221,1,1,11778,201995,1,49.99,19.49,0.0
2118,20140221,4,1,11778,201995,0,29.99,9.49,0.0
2119,20140221,1,1,11779,201998,1,49.99,19.49,0.0
2120,20140221,2,1,11779,201998,0,59.99,22.49,0.0
2121,20140221,3,1,11780,202082,1,45.99,14.49,45.99
2122,20140221,1,2,11781,202088,1,49.99,19.49,0.0
2123,20140221,2,10,11782,202099,1,59.99,22.49,0.0
2124,20140221,1,2,11783,202108,1,49.99,19.49,0.0
2125,20140221,1,5,11784,202129,1,49.99,19.49,0.0
2126,20140221,4,5,11784,202129,0,29.99,9.49,0.0
2127,20140221,1,2,11785,202152,1,49.99,19.49,0.0
2128,20140221,3,2,11785,202152,0,45.99,14.49,0.0
2129,20140221,1,1,11786,202155,1,49.99,19.49,0.0
2130,20140221,4,1,11786,202155,0,29.99,9.49,0.0
2131,20140221,3,2,11787,202161,1,45.99,14.49,45.99
2132,20140221,3,2,11788,202159,1,45.99,14.49,0.0
2133,20140221,1,2,11788,202159,0,49.99,19.49,0.0
2134,20140221,2,1,11789,202174,1,59.99,22.49,0.0
2135,20140221,1,7,11790,202171,1,49.99,19.49,0.0
2136,20140221,1,1,11791,202212,1,49.99,19.49,0.0
2137,20140221,2,1,11792,202217,1,59.99,22.49,0.0
2138,20140221,2,1,11793,202220,1,59.99,22.49,0.0
2139,20140221,1,1,11794,202229,1,49.99,19.49,0.0
2140,20140221,1,1,11795,202232,1,49.99,19.49,0.0
2141,20140221,3,7,11796,202240,1,45.99,14.49,0.0
2142,20140221,1,2,11797,202238,1,49.99,19.49,0.0
2143,20140221,4,2,11797,202238,0,29.99,9.49,0.0
2144,20140221,2,3,11798,202270,1,59.99,22.49,0.0
2145,20140221,1,2,11799,202272,1,49.99,19.49,0.0
2146,20140221,4,2,11799,202272,0,29.99,9.49,0.0
2147,20140221,1,1,11800,202279,1,49.99,19.49,0.0
2148,20140221,2,6,11801,202294,1,59.99,22.49,0.0
2149,20140221,1,7,11802,202320,1,49.99,19.49,0.0
2150,20140221,4,7,11802,202320,0,29.99,9.49,0.0
2151,20140221,2,2,11803,202324,1,59.99,22.49,0.0
2152,20140221,2,2,11804,202341,1,59.99,22.49,0.0
2153,20140221,1,5,11805,202349,1,49.99,19.49,0.0
2154,20140221,1,7,11806,202371,1,49.99,19.49,0.0
2155,20140221,3,2,11807,202375,1,45.99,14.49,0.0
2156,20140221,1,1,11808,202378,1,49.99,19.49,0.0
2157,20140221,3,7,11809,202430,1,45.99,14.49,0.0
2158,20140221,1,1,11810,202442,1,49.99,19.49,0.0
2159,20140222,1,9,11811,202516,1,49.99,19.49,0.0
2160,20140222,3,9,11811,202516,0,45.99,14.49,45.99
2161,20140222,1,3,11812,202558,1,49.99,19.49,0.0
2162,20140222,1,3,11813,202579,1,49.99,19.49,0.0
2163,20140222,1,1,11814,202580,1,49.99,19.49,0.0
2164,20140222,4,1,11814,202580,0,29.99,9.49,0.0
2165,20140222,1,2,11815,202589,1,49.99,19.49,0.0
2166,20140222,4,2,11815,202589,0,29.99,9.49,0.0
2167,20140222,1,4,11816,202588,1,49.99,19.49,0.0
2168,20140222,3,2,11817,202606,1,45.99,14.49,0.0
2169,20140222,1,2,11818,202618,1,49.99,19.49,0.0
2170,20140222,1,1,11819,202641,1,49.99,19.49,0.0
2171,20140222,1,2,11820,202646,1,49.99,19.49,0.0
2172,20140222,1,1,11821,202652,1,49.99,19.49,0.0
2173,20140222,3,1,11821,202652,0,45.99,14.49,0.0
2174,20140222,1,4,11822,202659,1,49.99,19.49,49.99
2175,20140222,2,1,11823,202667,1,59.99,22.49,0.0
2176,20140222,1,4,11824,202680,1,49.99,19.49,0.0
2177,20140222,4,4,11824,202680,0,29.99,9.49,0.0
2178,20140222,1,2,11825,202692,1,49.99,19.49,0.0
2179,20140222,2,2,11825,202692,0,59.99,22.49,0.0
2180,20140222,3,1,11826,202696,1,45.99,14.49,0.0
2181,20140222,3,7,11827,202708,1,45.99,14.49,0.0
2182,20140222,2,1,11828,202735,1,59.99,22.49,0.0
2183,20140222,2,1,11829,202740,1,59.99,22.49,0.0
2184,20140223,1,2,11830,202759,1,49.99,19.49,0.0
2185,20140223,1,2,11831,202762,1,49.99,19.49,0.0
2186,20140223,1,5,11832,202773,1,49.99,19.49,0.0
2187,20140223,4,5,11832,202773,0,29.99,9.49,0.0
2188,20140223,1,1,11833,202792,1,49.99,19.49,0.0
2189,20140223,1,4,11834,202795,1,49.99,19.49,0.0
2190,20140223,1,1,11835,202822,1,49.99,19.49,0.0
2191,20140223,4,1,11835,202822,0,29.99,9.49,0.0
2192,20140223,2,1,11836,202837,1,59.99,22.49,0.0
2193,20140223,1,2,11837,202869,1,49.99,19.49,0.0
2194,20140223,1,7,11838,202868,1,49.99,19.49,0.0
2195,20140223,1,1,11839,202892,1,49.99,19.49,0.0
2196,20140223,3,9,11840,202902,1,45.99,14.49,0.0
2197,20140223,1,3,11841,202918,1,49.99,19.49,0.0
2198,20140223,4,3,11841,202918,0,29.99,9.49,0.0
2199,20140223,1,1,11842,202939,1,49.99,19.49,0.0
2200,20140223,3,1,11842,202939,0,45.99,14.49,0.0
2201,20140223,1,10,11843,202956,1,49.99,19.49,0.0
2202,20140223,3,2,11844,202975,1,45.99,14.49,0.0
2203,20140223,4,2,11844,202975,0,29.99,9.49,0.0
2204,20140223,1,2,11845,203030,1,49.99,19.49,49.99
2205,20140224,1,7,11846,203092,1,49.99,19.49,0.0
2206,20140224,1,2,11847,203119,1,49.99,19.49,0.0
2207,20140224,1,2,11848,203144,1,49.99,19.49,49.99
2208,20140224,4,2,11848,203144,0,29.99,9.49,0.0
2209,20140224,2,2,11849,203177,1,59.99,22.49,0.0
2210,20140224,2,4,11850,203219,1,59.99,22.49,0.0
2211,20140224,1,4,11851,203225,1,49.99,19.49,0.0
2212,20140224,1,2,11852,203247,1,49.99,19.49,0.0
2213,20140224,1,1,11853,203252,1,49.99,19.49,0.0
2214,20140224,1,1,11854,203253,1,49.99,19.49,0.0
2215,20140224,2,1,11854,203253,0,59.99,22.49,0.0
2216,20140224,1,1,11855,203302,1,49.99,19.49,0.0
2217,20140224,1,1,11856,203334,1,49.99,19.49,0.0
2218,20140224,2,1,11857,203340,1,59.99,22.49,0.0
2219,20140224,1,3,11858,203357,1,49.99,19.49,0.0
2220,20140224,3,1,11859,203366,1,45.99,14.49,0.0
2221,20140224,2,2,11860,203364,1,59.99,22.49,0.0
2222,20140224,3,2,11860,203364,0,45.99,14.49,0.0
2223,20140224,1,7,11861,203370,1,49.99,19.49,0.0
2224,20140224,1,4,11862,203398,1,49.99,19.49,0.0
2225,20140224,1,3,11863,203389,1,49.99,19.49,0.0
2226,20140224,1,3,11864,203393,1,49.99,19.49,0.0
2227,20140224,3,3,11864,203393,0,45.99,14.49,0.0
2228,20140224,1,2,11865,203437,1,49.99,19.49,0.0
2229,20140224,4,2,11865,203437,0,29.99,9.49,0.0
2230,20140224,1,3,11866,203475,1,49.99,19.49,0.0
2231,20140224,4,3,11866,203475,0,29.99,9.49,29.99
2232,20140224,1,2,11867,203526,1,49.99,19.49,0.0
2233,20140224,1,1,11868,203544,1,49.99,19.49,0.0
2234,20140224,1,1,11869,203581,1,49.99,19.49,0.0
2235,20140224,3,1,11869,203581,0,45.99,14.49,0.0
2236,20140224,1,1,11870,203609,1,49.99,19.49,0.0
2237,20140224,1,1,11871,203618,1,49.99,19.49,0.0
2238,20140224,2,1,11872,203621,1,59.99,22.49,0.0
2239,20140224,3,9,11873,203653,1,45.99,14.49,45.99
2240,20140224,4,9,11873,203653,0,29.99,9.49,0.0
2241,20140224,2,4,11874,203660,1,59.99,22.49,0.0
2242,20140224,2,5,11875,203661,1,59.99,22.49,0.0
2243,20140224,1,2,11876,203669,1,49.99,19.49,0.0
2244,20140224,3,2,11876,203669,0,45.99,14.49,0.0
2245,20140224,1,3,11877,203674,1,49.99,19.49,49.99
2246,20140224,1,2,11878,203676,1,49.99,19.49,0.0
2247,20140224,1,3,11879,203694,1,49.99,19.49,0.0
2248,20140224,1,1,11880,203696,1,49.99,19.49,0.0
2249,20140224,1,4,11881,203705,1,49.99,19.49,0.0
2250,20140224,1,1,11882,203723,1,49.99,19.49,0.0
2251,20140225,1,1,11883,203746,1,49.99,19.49,0.0
2252,20140225,1,1,11884,203761,1,49.99,19.49,0.0
2253,20140225,4,1,11884,203761,0,29.99,9.49,0.0
2254,20140225,3,2,11885,203779,1,45.99,14.49,0.0
2255,20140225,1,2,11886,203784,1,49.99,19.49,0.0
2256,20140225,1,1,11887,203790,1,49.99,19.49,0.0
2257,20140225,1,1,11888,203835,1,49.99,19.49,0.0
2258,20140225,4,1,11888,203835,0,29.99,9.49,0.0
2259,20140225,1,2,11889,203843,1,49.99,19.49,0.0
2260,20140225,4,2,11889,203843,0,29.99,9.49,0.0
2261,20140225,1,2,11890,203842,1,49.99,19.49,0.0
2262,20140225,1,1,11891,203895,1,49.99,19.49,0.0
2263,20140225,2,4,11892,203925,1,59.99,22.49,0.0
2264,20140225,1,1,11893,203940,1,49.99,19.49,0.0
2265,20140225,4,1,11893,203940,0,29.99,9.49,0.0
2266,20140225,3,1,11894,203953,1,45.99,14.49,0.0
2267,20140225,4,1,11894,203953,0,29.99,9.49,0.0
2268,20140225,3,6,11895,204002,1,45.99,14.49,0.0
2269,20140225,4,6,11895,204002,0,29.99,9.49,0.0
2270,20140225,1,2,11896,204004,1,49.99,19.49,0.0
2271,20140225,1,4,11897,204010,1,49.99,19.49,0.0
2272,20140225,4,4,11897,204010,0,29.99,9.49,0.0
2273,20140225,1,1,11898,204045,1,49.99,19.49,0.0
2274,20140225,4,1,11898,204045,0,29.99,9.49,0.0
2275,20140225,1,2,11899,204057,1,49.99,19.49,0.0
2276,20140225,2,2,11899,204057,0,59.99,22.49,0.0
2277,20140225,1,1,11900,204066,1,49.99,19.49,0.0
2278,20140225,4,1,11900,204066,0,29.99,9.49,0.0
2279,20140225,1,1,11901,204102,1,49.99,19.49,0.0
2280,20140225,1,7,11902,204192,1,49.99,19.49,0.0
2281,20140225,1,1,11903,204209,1,49.99,19.49,0.0
2282,20140225,3,1,11903,204209,0,45.99,14.49,0.0
2283,20140225,1,4,11904,204218,1,49.99,19.49,0.0
2284,20140225,1,1,11905,204234,1,49.99,19.49,0.0
2285,20140225,4,1,11905,204234,0,29.99,9.49,0.0
2286,20140225,1,2,11906,204294,1,49.99,19.49,0.0
2287,20140225,1,3,11907,204358,1,49.99,19.49,0.0
2288,20140225,3,4,11908,204367,1,45.99,14.49,0.0
2289,20140225,1,1,11909,204373,1,49.99,19.49,0.0
2290,20140225,3,2,11910,204372,1,45.99,14.49,0.0
2291,20140225,4,2,11910,204372,0,29.99,9.49,0.0
2292,20140226,3,1,11911,204399,1,45.99,14.49,0.0
2293,20140226,1,1,11912,204436,1,49.99,19.49,0.0
2294,20140226,1,1,11913,204451,1,49.99,19.49,0.0
2295,20140226,4,1,11913,204451,0,29.99,9.49,0.0
2296,20140226,1,1,11914,204453,1,49.99,19.49,0.0
2297,20140226,1,1,11915,204454,1,49.99,19.49,0.0
2298,20140226,2,4,11916,204471,1,59.99,22.49,0.0
2299,20140226,4,4,11916,204471,0,29.99,9.49,0.0
2300,20140226,1,2,11917,204480,1,49.99,19.49,0.0
2301,20140226,4,2,11917,204480,0,29.99,9.49,0.0
2302,20140226,1,2,11918,204492,1,49.99,19.49,0.0
2303,20140226,1,5,11919,204514,1,49.99,19.49,0.0
2304,20140226,4,5,11919,204514,0,29.99,9.49,0.0
2305,20140226,1,2,11920,204525,1,49.99,19.49,0.0
2306,20140226,1,2,11921,204522,1,49.99,19.49,0.0
2307,20140226,1,1,11922,204540,1,49.99,19.49,0.0
2308,20140226,3,7,11923,204552,1,45.99,14.49,0.0
2309,20140226,1,3,11924,204564,1,49.99,19.49,0.0
2310,20140226,1,3,11925,204566,1,49.99,19.49,0.0
2311,20140226,3,7,11926,204610,1,45.99,14.49,0.0
2312,20140226,3,1,11927,204621,1,45.99,14.49,0.0
2313,20140226,1,1,11928,204637,1,49.99,19.49,0.0
2314,20140226,4,1,11928,204637,0,29.99,9.49,0.0
2315,20140226,1,1,11929,204635,1,49.99,19.49,0.0
2316,20140226,1,12,11930,204650,1,49.99,19.49,0.0
2317,20140226,1,7,11931,204647,1,49.99,19.49,0.0
2318,20140226,2,2,11932,204660,1,59.99,22.49,0.0
2319,20140226,1,2,11932,204660,0,49.99,19.49,0.0
2320,20140226,1,2,11933,204666,1,49.99,19.49,0.0
2321,20140226,1,1,11934,204694,1,49.99,19.49,0.0
2322,20140226,4,1,11934,204694,0,29.99,9.49,0.0
2323,20140226,3,4,11935,204689,1,45.99,14.49,0.0
2324,20140226,1,2,11936,204698,1,49.99,19.49,0.0
2325,20140226,1,2,11937,204724,1,49.99,19.49,0.0
2326,20140226,1,4,11938,204731,1,49.99,19.49,0.0
2327,20140226,4,4,11938,204731,0,29.99,9.49,0.0
2328,20140226,1,7,11939,204768,1,49.99,19.49,0.0
2329,20140226,4,7,11939,204768,0,29.99,9.49,0.0
2330,20140226,1,1,11940,204841,1,49.99,19.49,0.0
2331,20140226,4,1,11940,204841,0,29.99,9.49,0.0
2332,20140226,1,1,11941,204853,1,49.99,19.49,49.99
2333,20140226,1,1,11942,204869,1,49.99,19.49,0.0
2334,20140226,1,2,11943,204873,1,49.99,19.49,0.0
2335,20140226,1,1,11944,204878,1,49.99,19.49,0.0
2336,20140226,1,1,11945,204884,1,49.99,19.49,0.0
2337,20140226,4,1,11945,204884,0,29.99,9.49,0.0
2338,20140226,1,1,11946,204916,1,49.99,19.49,0.0
2339,20140226,3,1,11946,204916,0,45.99,14.49,0.0
2340,20140226,1,2,11947,204962,1,49.99,19.49,0.0
2341,20140226,4,2,11947,204962,0,29.99,9.49,0.0
2342,20140226,2,10,11948,204971,1,59.99,22.49,0.0
2343,20140226,1,7,11949,204972,1,49.99,19.49,0.0
2344,20140226,1,11,11950,204976,1,49.99,19.49,0.0
2345,20140226,1,4,11951,204983,1,49.99,19.49,49.99
2346,20140226,1,9,11952,204995,1,49.99,19.49,0.0
2347,20140226,3,1,11953,205011,1,45.99,14.49,0.0
2348,20140226,4,1,11953,205011,0,29.99,9.49,0.0
2349,20140226,3,4,11954,205022,1,45.99,14.49,0.0
2350,20140226,1,1,11955,205036,1,49.99,19.49,0.0
2351,20140226,2,1,11956,205041,1,59.99,22.49,0.0
2352,20140226,1,11,11957,205051,1,49.99,19.49,0.0
2353,20140226,1,1,11958,205065,1,49.99,19.49,0.0
2354,20140226,1,1,11959,205068,1,49.99,19.49,0.0
2355,20140227,1,1,11960,205072,1,49.99,19.49,0.0
2356,20140227,1,3,11961,205130,1,49.99,19.49,0.0
2357,20140227,4,3,11961,205130,0,29.99,9.49,0.0
2358,20140227,1,6,11962,205133,1,49.99,19.49,0.0
2359,20140227,4,6,11962,205133,0,29.99,9.49,0.0
2360,20140227,3,1,11963,205176,1,45.99,14.49,0.0
2361,20140227,3,7,11964,205179,1,45.99,14.49,45.99
2362,20140227,4,7,11964,205179,0,29.99,9.49,0.0
2363,20140227,1,7,11965,205199,1,49.99,19.49,0.0
2364,20140227,4,7,11965,205199,0,29.99,9.49,0.0
2365,20140227,2,1,11966,205206,1,59.99,22.49,0.0
2366,20140227,1,4,11967,205238,1,49.99,19.49,0.0
2367,20140227,1,1,11968,205237,1,49.99,19.49,0.0
2368,20140227,1,1,11969,205254,1,49.99,19.49,0.0
2369,20140227,1,4,11970,205276,1,49.99,19.49,0.0
2370,20140227,2,4,11970,205276,0,59.99,22.49,0.0
2371,20140227,1,1,11971,205291,1,49.99,19.49,0.0
2372,20140227,4,1,11971,205291,0,29.99,9.49,0.0
2373,20140227,1,6,11972,205313,1,49.99,19.49,0.0
2374,20140227,3,4,11973,205344,1,45.99,14.49,0.0
2375,20140227,1,1,11974,205343,1,49.99,19.49,0.0
2376,20140227,2,2,11975,205349,1,59.99,22.49,0.0
2377,20140227,1,1,11976,205347,1,49.99,19.49,0.0
2378,20140227,1,8,11977,205400,1,49.99,19.49,0.0
2379,20140227,2,4,11978,205421,1,59.99,22.49,0.0
2380,20140227,1,1,11979,205445,1,49.99,19.49,0.0
2381,20140227,2,1,11980,205459,1,59.99,22.49,0.0
2382,20140227,1,7,11981,205470,1,49.99,19.49,0.0
2383,20140227,3,7,11981,205470,0,45.99,14.49,0.0
2384,20140227,1,9,11982,205471,1,49.99,19.49,0.0
2385,20140227,3,9,11982,205471,0,45.99,14.49,0.0
2386,20140227,1,2,11983,205488,1,49.99,19.49,0.0
2387,20140227,3,2,11983,205488,0,45.99,14.49,0.0
2388,20140227,3,1,11984,205489,1,45.99,14.49,0.0
2389,20140227,1,1,11985,205493,1,49.99,19.49,0.0
2390,20140227,1,1,11986,205516,1,49.99,19.49,0.0
2391,20140227,4,1,11986,205516,0,29.99,9.49,0.0
2392,20140227,1,1,11987,205545,1,49.99,19.49,49.99
2393,20140227,1,1,11988,205581,1,49.99,19.49,0.0
2394,20140227,4,1,11988,205581,0,29.99,9.49,0.0
2395,20140227,2,2,11989,205588,1,59.99,22.49,0.0
2396,20140227,4,2,11989,205588,0,29.99,9.49,0.0
2397,20140227,2,1,11990,205578,1,59.99,22.49,0.0
2398,20140227,1,5,11991,205593,1,49.99,19.49,0.0
2399,20140227,1,1,11992,205617,1,49.99,19.49,0.0
2400,20140227,1,10,11993,205657,1,49.99,19.49,0.0
2401,20140227,3,5,11994,205694,1,45.99,14.49,0.0
2402,20140227,4,5,11994,205694,0,29.99,9.49,0.0
2403,20140227,1,1,11995,205703,1,49.99,19.49,0.0
2404,20140227,3,1,11995,205703,0,45.99,14.49,0.0
2405,20140227,1,1,11996,205718,1,49.99,19.49,0.0
2406,20140227,1,3,11997,205754,1,49.99,19.49,0.0
2407,20140227,3,3,11997,205754,0,45.99,14.49,0.0
2408,20140227,1,1,11998,205759,1,49.99,19.49,0.0
2409,20140228,1,4,11999,205775,1,49.99,19.49,49.99
2410,20140228,3,4,11999,205775,0,45.99,14.49,0.0
2411,20140228,1,3,12000,205779,1,49.99,19.49,0.0
2412,20140228,3,3,12000,205779,0,45.99,14.49,0.0
2413,20140228,1,3,12001,205791,1,49.99,19.49,0.0
2414,20140228,1,1,12002,205826,1,49.99,19.49,0.0
2415,20140228,1,1,12003,205840,1,49.99,19.49,0.0
2416,20140228,1,9,12004,205856,1,49.99,19.49,0.0
2417,20140228,2,2,12005,205890,1,59.99,22.49,0.0
2418,20140228,1,2,12006,205913,1,49.99,19.49,0.0
2419,20140228,4,2,12006,205913,0,29.99,9.49,0.0
2420,20140228,1,7,12007,205919,1,49.99,19.49,0.0
2421,20140228,1,5,12008,205923,1,49.99,19.49,0.0
2422,20140228,1,2,12009,205968,1,49.99,19.49,0.0
2423,20140228,1,3,12010,205972,1,49.99,19.49,0.0
2424,20140228,3,1,12011,205973,1,45.99,14.49,0.0
2425,20140228,1,4,12012,205977,1,49.99,19.49,0.0
2426,20140228,1,1,12013,206009,1,49.99,19.49,0.0
2427,20140228,3,1,12014,206052,1,45.99,14.49,0.0
2428,20140228,1,7,12015,206080,1,49.99,19.49,0.0
2429,20140228,4,7,12015,206080,0,29.99,9.49,0.0
2430,20140228,1,10,12016,206087,1,49.99,19.49,0.0
2431,20140228,3,10,12016,206087,0,45.99,14.49,0.0
2432,20140228,2,1,12017,206117,1,59.99,22.49,0.0
2433,20140228,1,2,12018,206134,1,49.99,19.49,0.0
2434,20140228,4,2,12018,206134,0,29.99,9.49,0.0
2435,20140228,3,3,12019,206140,1,45.99,14.49,0.0
2436,20140228,1,1,12020,206168,1,49.99,19.49,0.0
2437,20140228,2,2,12021,206170,1,59.99,22.49,0.0
2438,20140228,1,1,12022,206175,1,49.99,19.49,0.0
2439,20140228,1,1,12023,206182,1,49.99,19.49,0.0
2440,20140228,4,1,12023,206182,0,29.99,9.49,0.0
2441,20140228,1,2,12024,206218,1,49.99,19.49,0.0
2442,20140228,4,2,12024,206218,0,29.99,9.49,0.0
2443,20140228,1,2,12025,206225,1,49.99,19.49,0.0
2444,20140228,1,1,12026,206241,1,49.99,19.49,0.0
2445,20140228,1,1,12027,206242,1,49.99,19.49,0.0
2446,20140228,3,1,12027,206242,0,45.99,14.49,0.0
2447,20140228,3,1,12028,206245,1,45.99,14.49,0.0
2448,20140228,1,1,12029,206263,1,49.99,19.49,0.0
2449,20140228,1,4,12030,206262,1,49.99,19.49,0.0
2450,20140228,4,4,12030,206262,0,29.99,9.49,0.0
2451,20140228,1,1,12031,206284,1,49.99,19.49,0.0
2452,20140228,4,1,12031,206284,0,29.99,9.49,0.0
2453,20140228,1,1,12032,206299,1,49.99,19.49,0.0
2454,20140228,1,3,12033,206303,1,49.99,19.49,0.0
2455,20140228,1,1,12034,206317,1,49.99,19.49,0.0
2456,20140228,1,1,12035,206336,1,49.99,19.49,0.0
2457,20140228,4,1,12035,206336,0,29.99,9.49,0.0
2458,20140228,1,2,12036,206358,1,49.99,19.49,0.0
2459,20140228,3,2,12036,206358,0,45.99,14.49,0.0
2460,20140301,1,1,12037,206360,1,49.99,19.49,0.0
2461,20140301,4,1,12037,206360,0,29.99,9.49,0.0
2462,20140301,3,3,12038,206371,1,45.99,14.49,0.0
2463,20140301,3,2,12039,206379,1,45.99,14.49,0.0
2464,20140301,1,4,12040,206384,1,49.99,19.49,0.0
2465,20140301,1,1,12041,206389,1,49.99,19.49,0.0
2466,20140301,1,10,12042,206412,1,49.99,19.49,0.0
2467,20140301,4,10,12042,206412,0,29.99,9.49,0.0
2468,20140301,1,1,12043,206435,1,49.99,19.49,0.0
2469,20140301,3,1,12043,206435,0,45.99,14.49,0.0
2470,20140301,1,1,12044,206443,1,49.99,19.49,0.0
2471,20140301,1,3,12045,206446,1,49.99,19.49,0.0
2472,20140301,1,2,12046,206470,1,49.99,19.49,0.0
2473,20140301,4,2,12046,206470,0,29.99,9.49,0.0
2474,20140301,1,2,12047,206483,1,49.99,19.49,0.0
2475,20140301,1,7,12048,206506,1,49.99,19.49,0.0
2476,20140301,2,1,12049,206510,1,59.99,22.49,0.0
2477,20140301,4,1,12049,206510,0,29.99,9.49,0.0
2478,20140301,1,9,12050,206573,1,49.99,19.49,0.0
2479,20140301,1,4,12051,206605,1,49.99,19.49,0.0
2480,20140301,4,4,12051,206605,0,29.99,9.49,0.0
2481,20140301,1,4,12052,206606,1,49.99,19.49,0.0
2482,20140301,3,12,12053,206620,1,45.99,14.49,0.0
2483,20140301,2,12,12053,206620,0,59.99,22.49,0.0
2484,20140301,2,1,12054,206626,1,59.99,22.49,0.0
2485,20140301,1,1,12055,206625,1,49.99,19.49,0.0
2486,20140301,3,1,12055,206625,0,45.99,14.49,0.0
2487,20140301,3,5,12056,206649,1,45.99,14.49,0.0
2488,20140302,2,3,12057,206657,1,59.99,22.49,0.0
2489,20140302,1,1,12058,206660,1,49.99,19.49,0.0
2490,20140302,3,1,12058,206660,0,45.99,14.49,0.0
2491,20140302,1,1,12059,206666,1,49.99,19.49,0.0
2492,20140302,2,1,12059,206666,0,59.99,22.49,0.0
2493,20140302,1,1,12060,206688,1,49.99,19.49,0.0
2494,20140302,3,11,12061,206757,1,45.99,14.49,0.0
2495,20140302,1,4,12062,206770,1,49.99,19.49,0.0
2496,20140302,3,10,12063,206786,1,45.99,14.49,0.0
2497,20140302,1,7,12064,206807,1,49.99,19.49,0.0
2498,20140302,1,12,12065,206815,1,49.99,19.49,0.0
2499,20140302,4,12,12065,206815,0,29.99,9.49,0.0
2500,20140302,3,5,12066,206835,1,45.99,14.49,0.0
2501,20140302,1,1,12067,206882,1,49.99,19.49,0.0
2502,20140302,1,1,12068,206880,1,49.99,19.49,0.0
2503,20140302,4,1,12068,206880,0,29.99,9.49,0.0
2504,20140302,1,1,12069,206888,1,49.99,19.49,0.0
2505,20140302,1,1,12070,206911,1,49.99,19.49,0.0
2506,20140302,2,3,12071,206912,1,59.99,22.49,0.0
2507,20140302,1,3,12072,206949,1,49.99,19.49,0.0
2508,20140302,3,3,12072,206949,0,45.99,14.49,0.0
2509,20140302,1,1,12073,206955,1,49.99,19.49,0.0
2510,20140302,1,2,12074,206979,1,49.99,19.49,0.0
2511,20140302,4,2,12074,206979,0,29.99,9.49,0.0
2512,20140303,1,5,12075,206981,1,49.99,19.49,0.0
2513,20140303,3,1,12076,206987,1,45.99,14.49,0.0
2514,20140303,1,1,12076,206987,0,49.99,19.49,0.0
2515,20140303,2,1,12077,206988,1,59.99,22.49,0.0
2516,20140303,1,2,12078,206998,1,49.99,19.49,0.0
2517,20140303,1,1,12079,207005,1,49.99,19.49,0.0
2518,20140303,4,1,12079,207005,0,29.99,9.49,0.0
2519,20140303,2,1,12080,207022,1,59.99,22.49,0.0
2520,20140303,1,1,12081,207080,1,49.99,19.49,0.0
2521,20140303,1,1,12082,207098,1,49.99,19.49,0.0
2522,20140303,2,1,12082,207098,0,59.99,22.49,0.0
2523,20140303,1,7,12083,207104,1,49.99,19.49,0.0
2524,20140303,1,3,12084,207121,1,49.99,19.49,0.0
2525,20140303,1,1,12085,207132,1,49.99,19.49,49.99
2526,20140303,3,5,12086,207131,1,45.99,14.49,0.0
2527,20140303,1,5,12086,207131,0,49.99,19.49,0.0
2528,20140303,1,3,12087,207133,1,49.99,19.49,0.0
2529,20140303,3,3,12087,207133,0,45.99,14.49,0.0
2530,20140303,2,6,12088,207170,1,59.99,22.49,0.0
2531,20140303,3,2,12089,207199,1,45.99,14.49,0.0
2532,20140303,1,1,12090,207200,1,49.99,19.49,0.0
2533,20140303,1,9,12091,207201,1,49.99,19.49,0.0
2534,20140303,1,1,12092,207205,1,49.99,19.49,0.0
2535,20140303,2,1,12092,207205,0,59.99,22.49,0.0
2536,20140303,1,7,12093,207227,1,49.99,19.49,0.0
2537,20140303,1,2,12094,207242,1,49.99,19.49,0.0
2538,20140303,1,1,12095,207238,1,49.99,19.49,49.99
2539,20140303,1,1,12096,207243,1,49.99,19.49,49.99
2540,20140303,2,7,12097,207250,1,59.99,22.49,0.0
2541,20140303,1,10,12098,207264,1,49.99,19.49,0.0
2542,20140303,1,11,12099,207277,1,49.99,19.49,0.0
2543,20140303,3,11,12099,207277,0,45.99,14.49,0.0
2544,20140303,2,2,12100,207279,1,59.99,22.49,0.0
2545,20140303,1,1,12101,207291,1,49.99,19.49,49.99
2546,20140303,2,2,12102,207294,1,59.99,22.49,0.0
2547,20140303,1,4,12103,207335,1,49.99,19.49,0.0
2548,20140303,1,4,12104,207369,1,49.99,19.49,0.0
2549,20140303,1,4,12105,207409,1,49.99,19.49,0.0
2550,20140303,1,1,12106,207431,1,49.99,19.49,0.0
2551,20140303,4,1,12106,207431,0,29.99,9.49,0.0
2552,20140303,1,1,12107,207439,1,49.99,19.49,0.0
2553,20140303,3,1,12108,207454,1,45.99,14.49,0.0
2554,20140303,1,1,12108,207454,0,49.99,19.49,0.0
2555,20140303,1,3,12109,207481,1,49.99,19.49,0.0
2556,20140303,3,3,12110,207482,1,45.99,14.49,0.0
2557,20140303,1,3,12111,207480,1,49.99,19.49,0.0
2558,20140303,1,2,12112,207483,1,49.99,19.49,0.0
2559,20140303,1,7,12113,207510,1,49.99,19.49,0.0
2560,20140303,4,7,12113,207510,0,29.99,9.49,0.0
2561,20140303,2,4,12114,207533,1,59.99,22.49,0.0
2562,20140303,3,1,12115,207542,1,45.99,14.49,45.99
2563,20140304,1,1,12116,207577,1,49.99,19.49,0.0
2564,20140304,3,1,12116,207577,0,45.99,14.49,0.0
2565,20140304,2,1,12117,207579,1,59.99,22.49,0.0
2566,20140304,1,3,12118,207585,1,49.99,19.49,0.0
2567,20140304,4,3,12118,207585,0,29.99,9.49,0.0
2568,20140304,1,11,12119,207593,1,49.99,19.49,0.0
2569,20140304,1,1,12120,207600,1,49.99,19.49,0.0
2570,20140304,3,7,12121,207624,1,45.99,14.49,0.0
2571,20140304,2,2,12122,207637,1,59.99,22.49,0.0
2572,20140304,1,2,12122,207637,0,49.99,19.49,0.0
2573,20140304,1,1,12123,207638,1,49.99,19.49,0.0
2574,20140304,1,4,12124,207640,1,49.99,19.49,0.0
2575,20140304,2,5,12125,207643,1,59.99,22.49,0.0
2576,20140304,1,7,12126,207659,1,49.99,19.49,0.0
2577,20140304,2,7,12126,207659,0,59.99,22.49,0.0
2578,20140304,1,1,12127,207674,1,49.99,19.49,0.0
2579,20140304,1,1,12128,207691,1,49.99,19.49,0.0
2580,20140304,1,8,12129,207712,1,49.99,19.49,0.0
2581,20140304,1,1,12130,207757,1,49.99,19.49,0.0
2582,20140304,4,1,12130,207757,0,29.99,9.49,0.0
2583,20140304,2,1,12131,207801,1,59.99,22.49,0.0
2584,20140304,4,1,12131,207801,0,29.99,9.49,0.0
2585,20140304,1,1,12132,207813,1,49.99,19.49,0.0
2586,20140304,4,1,12132,207813,0,29.99,9.49,0.0
2587,20140304,2,2,12133,207812,1,59.99,22.49,0.0
2588,20140304,1,5,12134,207828,1,49.99,19.49,0.0
2589,20140304,3,1,12135,207838,1,45.99,14.49,0.0
2590,20140304,2,1,12135,207838,0,59.99,22.49,0.0
2591,20140304,1,2,12136,207839,1,49.99,19.49,0.0
2592,20140304,4,2,12136,207839,0,29.99,9.49,0.0
2593,20140304,1,7,12137,207861,1,49.99,19.49,0.0
2594,20140304,1,2,12138,207945,1,49.99,19.49,0.0
2595,20140304,1,3,12139,207953,1,49.99,19.49,0.0
2596,20140304,1,1,12140,207987,1,49.99,19.49,0.0
2597,20140304,2,1,12141,208013,1,59.99,22.49,0.0
2598,20140304,1,2,12142,208022,1,49.99,19.49,0.0
2599,20140304,1,1,12143,208042,1,49.99,19.49,0.0
2600,20140304,3,4,12144,208053,1,45.99,14.49,0.0
2601,20140304,1,1,12145,208052,1,49.99,19.49,0.0
2602,20140304,4,1,12145,208052,0,29.99,9.49,0.0
2603,20140304,3,2,12146,208060,1,45.99,14.49,0.0
2604,20140304,2,3,12147,208069,1,59.99,22.49,0.0
2605,20140304,4,3,12147,208069,0,29.99,9.49,0.0
2606,20140304,1,2,12148,208127,1,49.99,19.49,0.0
2607,20140304,4,2,12148,208127,0,29.99,9.49,0.0
2608,20140304,1,9,12149,208128,1,49.99,19.49,0.0
2609,20140304,1,10,12150,208148,1,49.99,19.49,0.0
2610,20140304,2,10,12150,208148,0,59.99,22.49,0.0
2611,20140304,1,2,12151,208150,1,49.99,19.49,0.0
2612,20140304,3,1,12152,208173,1,45.99,14.49,0.0
2613,20140304,3,1,12153,208180,1,45.99,14.49,0.0
2614,20140304,2,9,12154,208182,1,59.99,22.49,0.0
2615,20140304,1,1,12155,208190,1,49.99,19.49,0.0
2616,20140304,2,1,12155,208190,0,59.99,22.49,0.0
2617,20140304,2,3,12156,208204,1,59.99,22.49,0.0
2618,20140304,4,3,12156,208204,0,29.99,9.49,0.0
2619,20140305,1,4,12157,208239,1,49.99,19.49,0.0
2620,20140305,3,1,12158,208249,1,45.99,14.49,0.0
2621,20140305,1,2,12159,208259,1,49.99,19.49,0.0
2622,20140305,1,11,12160,208271,1,49.99,19.49,0.0
2623,20140305,1,7,12161,208336,1,49.99,19.49,0.0
2624,20140305,2,2,12162,208363,1,59.99,22.49,0.0
2625,20140305,1,5,12163,208373,1,49.99,19.49,0.0
2626,20140305,1,2,12164,208421,1,49.99,19.49,0.0
2627,20140305,1,7,12165,208433,1,49.99,19.49,0.0
2628,20140305,1,4,12166,208449,1,49.99,19.49,0.0
2629,20140305,1,2,12167,208461,1,49.99,19.49,0.0
2630,20140305,3,2,12167,208461,0,45.99,14.49,0.0
2631,20140305,1,3,12168,208469,1,49.99,19.49,0.0
2632,20140305,3,3,12168,208469,0,45.99,14.49,0.0
2633,20140305,1,2,12169,208483,1,49.99,19.49,0.0
2634,20140305,3,4,12170,208501,1,45.99,14.49,0.0
2635,20140305,1,4,12171,208504,1,49.99,19.49,0.0
2636,20140305,3,10,12172,208513,1,45.99,14.49,0.0
2637,20140305,1,2,12173,208526,1,49.99,19.49,0.0
2638,20140305,2,1,12174,208545,1,59.99,22.49,0.0
2639,20140305,1,2,12175,208538,1,49.99,19.49,0.0
2640,20140305,2,2,12175,208538,0,59.99,22.49,0.0
2641,20140305,1,3,12176,208544,1,49.99,19.49,0.0
2642,20140305,1,4,12177,208563,1,49.99,19.49,0.0
2643,20140305,1,2,12178,208573,1,49.99,19.49,0.0
2644,20140305,4,2,12178,208573,0,29.99,9.49,0.0
2645,20140305,2,4,12179,208601,1,59.99,22.49,59.99
2646,20140305,1,10,12180,208635,1,49.99,19.49,0.0
2647,20140305,3,10,12180,208635,0,45.99,14.49,0.0
2648,20140305,1,11,12181,208644,1,49.99,19.49,0.0
2649,20140305,4,11,12181,208644,0,29.99,9.49,0.0
2650,20140305,1,1,12182,208647,1,49.99,19.49,0.0
2651,20140305,3,3,12183,208648,1,45.99,14.49,0.0
2652,20140305,1,1,12184,208663,1,49.99,19.49,0.0
2653,20140305,1,1,12185,208672,1,49.99,19.49,0.0
2654,20140305,1,3,12186,208693,1,49.99,19.49,0.0
2655,20140305,1,1,12187,208738,1,49.99,19.49,0.0
2656,20140305,4,1,12187,208738,0,29.99,9.49,0.0
2657,20140305,1,9,12188,208772,1,49.99,19.49,0.0
2658,20140305,3,9,12188,208772,0,45.99,14.49,0.0
2659,20140305,1,2,12189,208786,1,49.99,19.49,0.0
2660,20140305,1,1,12190,208800,1,49.99,19.49,0.0
2661,20140305,3,1,12191,208820,1,45.99,14.49,0.0
2662,20140305,1,1,12192,208831,1,49.99,19.49,0.0
2663,20140305,1,2,12193,208839,1,49.99,19.49,0.0
2664,20140305,1,2,12194,208880,1,49.99,19.49,0.0
2665,20140305,1,3,12195,208890,1,49.99,19.49,0.0
2666,20140305,4,3,12195,208890,0,29.99,9.49,0.0
2667,20140305,3,2,12196,208899,1,45.99,14.49,0.0
2668,20140305,1,2,12196,208899,0,49.99,19.49,0.0
2669,20140305,1,1,12197,208918,1,49.99,19.49,0.0
2670,20140305,1,11,12198,208937,1,49.99,19.49,49.99
2671,20140306,1,1,12199,208963,1,49.99,19.49,0.0
2672,20140306,1,9,12200,208969,1,49.99,19.49,0.0
2673,20140306,3,1,12201,208987,1,45.99,14.49,0.0
2674,20140306,1,1,12201,208987,0,49.99,19.49,0.0
2675,20140306,2,2,12202,208991,1,59.99,22.49,0.0
2676,20140306,3,3,12203,208997,1,45.99,14.49,0.0
2677,20140306,3,1,12204,209001,1,45.99,14.49,0.0
2678,20140306,4,1,12204,209001,0,29.99,9.49,0.0
2679,20140306,3,1,12205,209013,1,45.99,14.49,0.0
2680,20140306,2,2,12206,209053,1,59.99,22.49,0.0
2681,20140306,2,7,12207,209085,1,59.99,22.49,0.0
2682,20140306,2,1,12208,209080,1,59.99,22.49,0.0
2683,20140306,1,2,12209,209090,1,49.99,19.49,0.0
2684,20140306,3,2,12209,209090,0,45.99,14.49,0.0
2685,20140306,1,2,12210,209105,1,49.99,19.49,0.0
2686,20140306,1,1,12211,209115,1,49.99,19.49,0.0
2687,20140306,1,1,12212,209123,1,49.99,19.49,0.0
2688,20140306,1,1,12213,209133,1,49.99,19.49,0.0
2689,20140306,4,1,12213,209133,0,29.99,9.49,0.0
2690,20140306,1,2,12214,209156,1,49.99,19.49,0.0
2691,20140306,1,1,12215,209174,1,49.99,19.49,0.0
2692,20140306,1,1,12216,209181,1,49.99,19.49,0.0
2693,20140306,3,6,12217,209191,1,45.99,14.49,0.0
2694,20140306,2,1,12218,209194,1,59.99,22.49,0.0
2695,20140306,1,7,12219,209217,1,49.99,19.49,0.0
2696,20140306,3,7,12219,209217,0,45.99,14.49,0.0
2697,20140306,1,4,12220,209248,1,49.99,19.49,0.0
2698,20140306,3,4,12221,209261,1,45.99,14.49,0.0
2699,20140306,1,1,12222,209267,1,49.99,19.49,0.0
2700,20140306,1,1,12223,209273,1,49.99,19.49,0.0
2701,20140306,3,1,12223,209273,0,45.99,14.49,0.0
2702,20140306,1,1,12224,209284,1,49.99,19.49,0.0
2703,20140306,3,1,12225,209288,1,45.99,14.49,45.99
2704,20140306,1,1,12225,209288,0,49.99,19.49,0.0
2705,20140306,1,2,12226,209335,1,49.99,19.49,0.0
2706,20140306,4,2,12226,209335,0,29.99,9.49,0.0
2707,20140306,1,5,12227,209345,1,49.99,19.49,0.0
2708,20140306,1,4,12228,209361,1,49.99,19.49,0.0
2709,20140306,4,4,12228,209361,0,29.99,9.49,0.0
2710,20140306,1,1,12229,209372,1,49.99,19.49,0.0
2711,20140306,1,1,12230,209422,1,49.99,19.49,0.0
2712,20140306,3,2,12231,209428,1,45.99,14.49,0.0
2713,20140306,1,11,12232,209449,1,49.99,19.49,0.0
2714,20140306,4,11,12232,209449,0,29.99,9.49,0.0
2715,20140306,2,4,12233,209456,1,59.99,22.49,0.0
2716,20140306,1,2,12234,209516,1,49.99,19.49,0.0
2717,20140306,1,2,12235,209521,1,49.99,19.49,0.0
2718,20140306,1,4,12236,209536,1,49.99,19.49,0.0
2719,20140306,1,1,12237,209574,1,49.99,19.49,0.0
2720,20140306,1,1,12238,209603,1,49.99,19.49,0.0
2721,20140307,1,9,12239,209644,1,49.99,19.49,0.0
2722,20140307,1,2,12240,209693,1,49.99,19.49,0.0
2723,20140307,4,2,12240,209693,0,29.99,9.49,0.0
2724,20140307,3,3,12241,209701,1,45.99,14.49,0.0
2725,20140307,4,3,12241,209701,0,29.99,9.49,0.0
2726,20140307,3,3,12242,209700,1,45.99,14.49,0.0
2727,20140307,4,3,12242,209700,0,29.99,9.49,0.0
2728,20140307,1,1,12243,209711,1,49.99,19.49,0.0
2729,20140307,1,2,12244,209738,1,49.99,19.49,0.0
2730,20140307,1,1,12245,209771,1,49.99,19.49,0.0
2731,20140307,4,1,12245,209771,0,29.99,9.49,0.0
2732,20140307,1,4,12246,209774,1,49.99,19.49,0.0
2733,20140307,4,4,12246,209774,0,29.99,9.49,0.0
2734,20140307,1,4,12247,209790,1,49.99,19.49,0.0
2735,20140307,3,4,12247,209790,0,45.99,14.49,0.0
2736,20140307,1,1,12248,209804,1,49.99,19.49,0.0
2737,20140307,2,11,12249,209839,1,59.99,22.49,0.0
2738,20140307,4,11,12249,209839,0,29.99,9.49,0.0
2739,20140307,1,10,12250,209846,1,49.99,19.49,0.0
2740,20140307,1,3,12251,209844,1,49.99,19.49,0.0
2741,20140307,1,1,12252,209852,1,49.99,19.49,0.0
2742,20140307,1,1,12253,209924,1,49.99,19.49,0.0
2743,20140307,1,10,12254,209930,1,49.99,19.49,0.0
2744,20140307,1,3,12255,209979,1,49.99,19.49,0.0
2745,20140307,1,1,12256,209987,1,49.99,19.49,0.0
2746,20140307,1,1,12257,210004,1,49.99,19.49,0.0
2747,20140307,4,1,12257,210004,0,29.99,9.49,0.0
2748,20140307,3,7,12258,210038,1,45.99,14.49,0.0
2749,20140307,4,7,12258,210038,0,29.99,9.49,0.0
2750,20140307,3,2,12259,210079,1,45.99,14.49,0.0
2751,20140307,3,2,12260,210112,1,45.99,14.49,0.0
2752,20140307,2,2,12261,210127,1,59.99,22.49,0.0
2753,20140307,4,2,12261,210127,0,29.99,9.49,0.0
2754,20140307,3,2,12262,210129,1,45.99,14.49,0.0
2755,20140307,1,2,12262,210129,0,49.99,19.49,0.0
2756,20140307,1,1,12263,210147,1,49.99,19.49,0.0
2757,20140307,1,11,12264,210171,1,49.99,19.49,0.0
2758,20140307,4,11,12264,210171,0,29.99,9.49,0.0
2759,20140307,1,2,12265,210208,1,49.99,19.49,0.0
2760,20140308,1,1,12266,210215,1,49.99,19.49,0.0
2761,20140308,3,1,12267,210224,1,45.99,14.49,45.99
2762,20140308,1,1,12268,210228,1,49.99,19.49,0.0
2763,20140308,4,1,12268,210228,0,29.99,9.49,0.0
2764,20140308,1,5,12269,210264,1,49.99,19.49,0.0
2765,20140308,4,5,12269,210264,0,29.99,9.49,0.0
2766,20140308,1,2,12270,210266,1,49.99,19.49,0.0
2767,20140308,1,4,12271,210284,1,49.99,19.49,0.0
2768,20140308,4,4,12271,210284,0,29.99,9.49,0.0
2769,20140308,1,1,12272,210298,1,49.99,19.49,0.0
2770,20140308,1,2,12273,210314,1,49.99,19.49,0.0
2771,20140308,3,2,12273,210314,0,45.99,14.49,45.99
2772,20140308,1,1,12274,210324,1,49.99,19.49,0.0
2773,20140308,1,2,12275,210340,1,49.99,19.49,0.0
2774,20140308,4,2,12275,210340,0,29.99,9.49,0.0
2775,20140308,1,2,12276,210354,1,49.99,19.49,0.0
2776,20140308,1,1,12277,210368,1,49.99,19.49,0.0
2777,20140308,4,1,12277,210368,0,29.99,9.49,0.0
2778,20140308,1,1,12278,210374,1,49.99,19.49,0.0
2779,20140308,4,1,12278,210374,0,29.99,9.49,0.0
2780,20140308,1,1,12279,210387,1,49.99,19.49,0.0
2781,20140308,2,1,12279,210387,0,59.99,22.49,0.0
2782,20140308,1,1,12280,210400,1,49.99,19.49,0.0
2783,20140308,3,1,12280,210400,0,45.99,14.49,0.0
2784,20140308,1,4,12281,210439,1,49.99,19.49,0.0
2785,20140308,4,4,12281,210439,0,29.99,9.49,0.0
2786,20140308,3,4,12282,210441,1,45.99,14.49,0.0
2787,20140308,1,2,12283,210444,1,49.99,19.49,0.0
2788,20140308,3,2,12283,210444,0,45.99,14.49,0.0
2789,20140308,1,1,12284,210458,1,49.99,19.49,0.0
2790,20140308,1,9,12285,210487,1,49.99,19.49,0.0
2791,20140308,3,1,12286,210516,1,45.99,14.49,0.0
2792,20140308,1,1,12286,210516,0,49.99,19.49,0.0
2793,20140308,1,4,12287,210518,1,49.99,19.49,0.0
2794,20140309,2,3,12288,210530,1,59.99,22.49,0.0
2795,20140309,1,9,12289,210564,1,49.99,19.49,0.0
2796,20140309,1,1,12290,210580,1,49.99,19.49,0.0
2797,20140309,2,9,12291,210587,1,59.99,22.49,0.0
2798,20140309,4,9,12291,210587,0,29.99,9.49,0.0
2799,20140309,1,1,12292,210590,1,49.99,19.49,0.0
2800,20140309,4,1,12292,210590,0,29.99,9.49,0.0
2801,20140309,3,1,12293,210595,1,45.99,14.49,0.0
2802,20140309,1,1,12294,210648,1,49.99,19.49,0.0
2803,20140309,3,1,12294,210648,0,45.99,14.49,0.0
2804,20140309,1,1,12295,210657,1,49.99,19.49,49.99
2805,20140309,4,1,12295,210657,0,29.99,9.49,0.0
2806,20140309,2,2,12296,210670,1,59.99,22.49,0.0
2807,20140309,1,1,12297,210677,1,49.99,19.49,0.0
2808,20140309,1,1,12298,210691,1,49.99,19.49,0.0
2809,20140309,2,1,12298,210691,0,59.99,22.49,0.0
2810,20140309,1,4,12299,210693,1,49.99,19.49,0.0
2811,20140309,1,3,12300,210706,1,49.99,19.49,0.0
2812,20140309,1,3,12301,210725,1,49.99,19.49,0.0
2813,20140309,3,1,12302,210745,1,45.99,14.49,0.0
2814,20140309,4,1,12302,210745,0,29.99,9.49,0.0
2815,20140309,1,2,12303,210747,1,49.99,19.49,0.0
2816,20140309,1,7,12304,210763,1,49.99,19.49,0.0
2817,20140309,1,1,12305,210774,1,49.99,19.49,0.0
2818,20140309,1,5,12306,210791,1,49.99,19.49,0.0
2819,20140309,1,1,12307,210793,1,49.99,19.49,0.0
2820,20140309,1,1,12308,210808,1,49.99,19.49,0.0
2821,20140310,1,4,12309,210826,1,49.99,19.49,0.0
2822,20140310,1,1,12310,210851,1,49.99,19.49,0.0
2823,20140310,2,3,12311,210855,1,59.99,22.49,0.0
2824,20140310,1,2,12312,210858,1,49.99,19.49,0.0
2825,20140310,1,1,12313,210860,1,49.99,19.49,0.0
2826,20140310,2,2,12314,210874,1,59.99,22.49,0.0
2827,20140310,1,1,12315,210877,1,49.99,19.49,0.0
2828,20140310,1,1,12316,210901,1,49.99,19.49,0.0
2829,20140310,1,1,12317,210920,1,49.99,19.49,0.0
2830,20140310,3,1,12318,210929,1,45.99,14.49,0.0
2831,20140310,3,2,12319,210936,1,45.99,14.49,0.0
2832,20140310,4,2,12319,210936,0,29.99,9.49,0.0
2833,20140310,1,2,12320,210948,1,49.99,19.49,0.0
2834,20140310,3,2,12320,210948,0,45.99,14.49,0.0
2835,20140310,1,6,12321,210954,1,49.99,19.49,0.0
2836,20140310,3,6,12321,210954,0,45.99,14.49,0.0
2837,20140310,1,2,12322,210967,1,49.99,19.49,0.0
2838,20140310,4,2,12322,210967,0,29.99,9.49,0.0
2839,20140310,1,4,12323,210970,1,49.99,19.49,0.0
2840,20140310,3,4,12323,210970,0,45.99,14.49,0.0
2841,20140310,1,4,12324,210989,1,49.99,19.49,0.0
2842,20140310,2,1,12325,211001,1,59.99,22.49,0.0
2843,20140310,1,1,12325,211001,0,49.99,19.49,0.0
2844,20140310,1,1,12326,211003,1,49.99,19.49,0.0
2845,20140310,1,1,12327,211059,1,49.99,19.49,0.0
2846,20140310,4,1,12327,211059,0,29.99,9.49,0.0
2847,20140310,1,2,12328,211067,1,49.99,19.49,0.0
2848,20140310,1,1,12329,211074,1,49.99,19.49,0.0
2849,20140310,3,1,12329,211074,0,45.99,14.49,0.0
2850,20140310,3,1,12330,211077,1,45.99,14.49,0.0
2851,20140310,3,1,12331,211079,1,45.99,14.49,0.0
2852,20140310,1,1,12331,211079,0,49.99,19.49,0.0
2853,20140310,2,1,12332,211086,1,59.99,22.49,0.0
2854,20140310,2,2,12333,211110,1,59.99,22.49,0.0
2855,20140310,1,1,12334,211111,1,49.99,19.49,0.0
2856,20140310,1,10,12335,211129,1,49.99,19.49,0.0
2857,20140310,2,1,12336,211147,1,59.99,22.49,0.0
2858,20140310,1,1,12337,211141,1,49.99,19.49,0.0
2859,20140310,1,1,12338,211148,1,49.99,19.49,0.0
2860,20140310,3,1,12339,211167,1,45.99,14.49,0.0
2861,20140310,1,1,12340,211168,1,49.99,19.49,0.0
2862,20140310,2,9,12341,211175,1,59.99,22.49,0.0
2863,20140310,1,4,12342,211228,1,49.99,19.49,0.0
2864,20140310,2,7,12343,211257,1,59.99,22.49,0.0
2865,20140310,1,2,12344,211263,1,49.99,19.49,0.0
2866,20140310,4,2,12344,211263,0,29.99,9.49,0.0
2867,20140310,1,2,12345,211282,1,49.99,19.49,0.0
2868,20140310,2,3,12346,211292,1,59.99,22.49,0.0
2869,20140310,1,4,12347,211295,1,49.99,19.49,0.0
2870,20140310,3,4,12347,211295,0,45.99,14.49,0.0
2871,20140310,1,2,12348,211303,1,49.99,19.49,0.0
2872,20140310,1,9,12349,211314,1,49.99,19.49,0.0
2873,20140310,1,1,12350,211322,1,49.99,19.49,0.0
2874,20140310,1,1,12351,211328,1,49.99,19.49,0.0
2875,20140310,3,4,12352,211342,1,45.99,14.49,0.0
2876,20140310,3,1,12353,211366,1,45.99,14.49,0.0
2877,20140310,1,1,12354,211375,1,49.99,19.49,0.0
2878,20140310,1,4,12355,211382,1,49.99,19.49,0.0
2879,20140310,1,7,12356,211412,1,49.99,19.49,0.0
2880,20140310,3,3,12357,211451,1,45.99,14.49,0.0
2881,20140311,2,3,12358,211509,1,59.99,22.49,0.0
2882,20140311,3,3,12358,211509,0,45.99,14.49,0.0
2883,20140311,1,4,12359,211520,1,49.99,19.49,0.0
2884,20140311,3,4,12359,211520,0,45.99,14.49,0.0
2885,20140311,1,7,12360,211524,1,49.99,19.49,0.0
2886,20140311,1,1,12361,211532,1,49.99,19.49,0.0
2887,20140311,1,1,12362,211541,1,49.99,19.49,0.0
2888,20140311,3,9,12363,211553,1,45.99,14.49,0.0
2889,20140311,1,9,12363,211553,0,49.99,19.49,0.0
2890,20140311,1,2,12364,211562,1,49.99,19.49,0.0
2891,20140311,1,1,12365,211581,1,49.99,19.49,0.0
2892,20140311,2,1,12366,211588,1,59.99,22.49,0.0
2893,20140311,3,1,12366,211588,0,45.99,14.49,0.0
2894,20140311,1,2,12367,211601,1,49.99,19.49,0.0
2895,20140311,4,2,12367,211601,0,29.99,9.49,0.0
2896,20140311,3,1,12368,211603,1,45.99,14.49,0.0
2897,20140311,1,1,12369,211605,1,49.99,19.49,0.0
2898,20140311,1,5,12370,211611,1,49.99,19.49,0.0
2899,20140311,4,5,12370,211611,0,29.99,9.49,0.0
2900,20140311,1,1,12371,211610,1,49.99,19.49,0.0
2901,20140311,2,1,12372,211615,1,59.99,22.49,0.0
2902,20140311,1,7,12373,211629,1,49.99,19.49,0.0
2903,20140311,4,7,12373,211629,0,29.99,9.49,0.0
2904,20140311,1,1,12374,211658,1,49.99,19.49,0.0
2905,20140311,4,1,12374,211658,0,29.99,9.49,0.0
2906,20140311,1,7,12375,211678,1,49.99,19.49,0.0
2907,20140311,4,7,12375,211678,0,29.99,9.49,0.0
2908,20140311,1,5,12376,211726,1,49.99,19.49,0.0
2909,20140311,1,1,12377,211725,1,49.99,19.49,49.99
2910,20140311,1,2,12378,211733,1,49.99,19.49,0.0
2911,20140311,1,1,12379,211758,1,49.99,19.49,0.0
2912,20140311,1,7,12380,211764,1,49.99,19.49,0.0
2913,20140311,3,1,12381,211797,1,45.99,14.49,0.0
2914,20140311,1,1,12382,211809,1,49.99,19.49,0.0
2915,20140311,3,1,12382,211809,0,45.99,14.49,0.0
2916,20140311,1,3,12383,211806,1,49.99,19.49,0.0
2917,20140311,1,2,12384,211827,1,49.99,19.49,0.0
2918,20140311,1,2,12385,211832,1,49.99,19.49,0.0
2919,20140311,1,1,12386,211842,1,49.99,19.49,0.0
2920,20140311,2,1,12387,211848,1,59.99,22.49,0.0
2921,20140311,1,2,12388,211850,1,49.99,19.49,0.0
2922,20140311,2,2,12388,211850,0,59.99,22.49,0.0
2923,20140311,1,3,12389,211863,1,49.99,19.49,0.0
2924,20140311,3,1,12390,211864,1,45.99,14.49,0.0
2925,20140311,1,1,12391,211872,1,49.99,19.49,0.0
2926,20140311,3,1,12392,211879,1,45.99,14.49,0.0
2927,20140311,2,1,12392,211879,0,59.99,22.49,0.0
2928,20140311,1,1,12393,211882,1,49.99,19.49,0.0
2929,20140311,1,1,12394,211896,1,49.99,19.49,0.0
2930,20140311,3,1,12394,211896,0,45.99,14.49,0.0
2931,20140311,2,4,12395,211908,1,59.99,22.49,0.0
2932,20140311,2,1,12396,211929,1,59.99,22.49,0.0
2933,20140311,1,2,12397,211941,1,49.99,19.49,0.0
2934,20140311,1,1,12398,211944,1,49.99,19.49,0.0
2935,20140311,1,1,12399,211953,1,49.99,19.49,0.0
2936,20140311,1,1,12400,211964,1,49.99,19.49,0.0
2937,20140311,2,1,12401,211975,1,59.99,22.49,0.0
2938,20140311,1,1,12402,211998,1,49.99,19.49,0.0
2939,20140311,2,3,12403,212027,1,59.99,22.49,0.0
2940,20140311,1,3,12404,212065,1,49.99,19.49,0.0
2941,20140311,1,9,12405,212076,1,49.99,19.49,0.0
2942,20140312,1,3,12406,212105,1,49.99,19.49,0.0
2943,20140312,1,9,12407,212104,1,49.99,19.49,0.0
2944,20140312,1,1,12408,212113,1,49.99,19.49,0.0
2945,20140312,3,1,12408,212113,0,45.99,14.49,0.0
2946,20140312,1,6,12409,212122,1,49.99,19.49,0.0
2947,20140312,2,9,12410,212126,1,59.99,22.49,0.0
2948,20140312,1,1,12411,212130,1,49.99,19.49,0.0
2949,20140312,1,1,12412,212185,1,49.99,19.49,0.0
2950,20140312,1,2,12413,212199,1,49.99,19.49,0.0
2951,20140312,1,1,12414,212207,1,49.99,19.49,49.99
2952,20140312,2,1,12414,212207,0,59.99,22.49,0.0
2953,20140312,2,4,12415,212215,1,59.99,22.49,0.0
2954,20140312,3,1,12416,212222,1,45.99,14.49,0.0
2955,20140312,1,7,12417,212226,1,49.99,19.49,0.0
2956,20140312,1,2,12418,212256,1,49.99,19.49,0.0
2957,20140312,1,3,12419,212266,1,49.99,19.49,0.0
2958,20140312,1,3,12420,212273,1,49.99,19.49,0.0
2959,20140312,2,11,12421,212275,1,59.99,22.49,0.0
2960,20140312,1,7,12422,212291,1,49.99,19.49,0.0
2961,20140312,1,2,12423,212346,1,49.99,19.49,0.0
2962,20140312,1,2,12424,212342,1,49.99,19.49,0.0
2963,20140312,1,7,12425,212410,1,49.99,19.49,0.0
2964,20140312,1,1,12426,212414,1,49.99,19.49,0.0
2965,20140312,1,1,12427,212412,1,49.99,19.49,0.0
2966,20140312,1,3,12428,212459,1,49.99,19.49,49.99
2967,20140312,1,2,12429,212478,1,49.99,19.49,0.0
2968,20140312,1,2,12430,212513,1,49.99,19.49,0.0
2969,20140312,1,4,12431,212529,1,49.99,19.49,0.0
2970,20140312,2,4,12431,212529,0,59.99,22.49,0.0
2971,20140312,1,1,12432,212551,1,49.99,19.49,0.0
2972,20140312,1,1,12433,212577,1,49.99,19.49,0.0
2973,20140312,2,4,12434,212579,1,59.99,22.49,0.0
2974,20140312,2,2,12435,212597,1,59.99,22.49,0.0
2975,20140312,4,2,12435,212597,0,29.99,9.49,0.0
2976,20140312,1,1,12436,212603,1,49.99,19.49,49.99
2977,20140312,1,2,12437,212616,1,49.99,19.49,0.0
2978,20140312,4,2,12437,212616,0,29.99,9.49,0.0
2979,20140312,1,1,12438,212627,1,49.99,19.49,0.0
2980,20140312,1,4,12439,212653,1,49.99,19.49,0.0
2981,20140312,3,4,12439,212653,0,45.99,14.49,0.0
2982,20140312,2,4,12440,212686,1,59.99,22.49,0.0
2983,20140312,1,1,12441,212692,1,49.99,19.49,0.0
2984,20140312,4,1,12441,212692,0,29.99,9.49,0.0
2985,20140312,3,1,12442,212712,1,45.99,14.49,0.0
2986,20140312,1,1,12443,212728,1,49.99,19.49,0.0
2987,20140312,1,7,12444,212737,1,49.99,19.49,0.0
2988,20140312,4,7,12444,212737,0,29.99,9.49,0.0
2989,20140312,1,2,12445,212741,1,49.99,19.49,0.0
2990,20140312,4,2,12445,212741,0,29.99,9.49,0.0
2991,20140312,1,7,12446,212760,1,49.99,19.49,0.0
2992,20140312,1,7,12447,212767,1,49.99,19.49,0.0
2993,20140312,4,7,12447,212767,0,29.99,9.49,0.0
2994,20140312,1,7,12448,212768,1,49.99,19.49,0.0
2995,20140312,4,7,12448,212768,0,29.99,9.49,0.0
2996,20140312,1,2,12449,212771,1,49.99,19.49,0.0
2997,20140312,4,2,12449,212771,0,29.99,9.49,0.0
2998,20140312,1,9,12450,212824,1,49.99,19.49,0.0
2999,20140312,1,3,12451,212837,1,49.99,19.49,0.0
3000,20140312,4,3,12451,212837,0,29.99,9.49,0.0
3001,20140313,1,1,12452,212840,1,49.99,19.49,0.0
3002,20140313,4,1,12452,212840,0,29.99,9.49,0.0
3003,20140313,3,1,12453,212842,1,45.99,14.49,0.0
3004,20140313,4,1,12453,212842,0,29.99,9.49,0.0
3005,20140313,1,3,12454,212858,1,49.99,19.49,0.0
3006,20140313,3,1,12455,212859,1,45.99,14.49,0.0
3007,20140313,1,4,12456,212876,1,49.99,19.49,0.0
3008,20140313,1,2,12457,212875,1,49.99,19.49,0.0
3009,20140313,4,2,12457,212875,0,29.99,9.49,0.0
3010,20140313,3,1,12458,212886,1,45.99,14.49,0.0
3011,20140313,4,1,12458,212886,0,29.99,9.49,0.0
3012,20140313,1,1,12459,212900,1,49.99,19.49,0.0
3013,20140313,4,1,12459,212900,0,29.99,9.49,0.0
3014,20140313,1,2,12460,212923,1,49.99,19.49,0.0
3015,20140313,2,1,12461,212922,1,59.99,22.49,0.0
3016,20140313,2,3,12462,212933,1,59.99,22.49,0.0
3017,20140313,1,1,12463,212937,1,49.99,19.49,0.0
3018,20140313,1,4,12464,212945,1,49.99,19.49,0.0
3019,20140313,1,5,12465,212964,1,49.99,19.49,0.0
3020,20140313,1,3,12466,212980,1,49.99,19.49,0.0
3021,20140313,3,3,12466,212980,0,45.99,14.49,0.0
3022,20140313,1,4,12467,212983,1,49.99,19.49,0.0
3023,20140313,1,1,12468,212999,1,49.99,19.49,0.0
3024,20140313,1,6,12469,213023,1,49.99,19.49,0.0
3025,20140313,1,1,12470,213037,1,49.99,19.49,49.99
3026,20140313,1,3,12471,213071,1,49.99,19.49,0.0
3027,20140313,3,1,12472,213077,1,45.99,14.49,0.0
3028,20140313,1,1,12473,213081,1,49.99,19.49,0.0
3029,20140313,2,1,12473,213081,0,59.99,22.49,0.0
3030,20140313,2,2,12474,213089,1,59.99,22.49,0.0
3031,20140313,4,2,12474,213089,0,29.99,9.49,29.99
3032,20140313,1,1,12475,213097,1,49.99,19.49,0.0
3033,20140313,1,1,12476,213099,1,49.99,19.49,0.0
3034,20140313,1,1,12477,213100,1,49.99,19.49,0.0
3035,20140313,1,1,12478,213111,1,49.99,19.49,0.0
3036,20140313,1,1,12479,213108,1,49.99,19.49,0.0
3037,20140313,2,9,12480,213121,1,59.99,22.49,0.0
3038,20140313,1,1,12481,213126,1,49.99,19.49,0.0
3039,20140313,3,1,12481,213126,0,45.99,14.49,0.0
3040,20140313,1,5,12482,213117,1,49.99,19.49,0.0
3041,20140313,1,1,12483,213162,1,49.99,19.49,0.0
3042,20140313,4,1,12483,213162,0,29.99,9.49,0.0
3043,20140313,1,1,12484,213163,1,49.99,19.49,0.0
3044,20140313,4,1,12484,213163,0,29.99,9.49,0.0
3045,20140313,3,5,12485,213180,1,45.99,14.49,0.0
3046,20140313,1,1,12486,213189,1,49.99,19.49,0.0
3047,20140313,2,3,12487,213218,1,59.99,22.49,0.0
3048,20140313,1,2,12488,213227,1,49.99,19.49,0.0
3049,20140313,1,1,12489,213235,1,49.99,19.49,0.0
3050,20140313,1,4,12490,213254,1,49.99,19.49,0.0
3051,20140313,4,4,12490,213254,0,29.99,9.49,0.0
3052,20140313,3,2,12491,213300,1,45.99,14.49,45.99
3053,20140313,4,2,12491,213300,0,29.99,9.49,0.0
3054,20140313,1,1,12492,213320,1,49.99,19.49,0.0
3055,20140313,1,1,12493,213341,1,49.99,19.49,0.0
3056,20140313,1,9,12494,213347,1,49.99,19.49,0.0
3057,20140313,3,1,12495,213387,1,45.99,14.49,0.0
3058,20140313,4,1,12495,213387,0,29.99,9.49,0.0
3059,20140313,2,2,12496,213393,1,59.99,22.49,0.0
3060,20140313,3,1,12497,213404,1,45.99,14.49,45.99
3061,20140313,2,1,12498,213418,1,59.99,22.49,0.0
3062,20140313,3,1,12499,213434,1,45.99,14.49,0.0
3063,20140313,1,2,12500,213471,1,49.99,19.49,0.0
3064,20140313,1,1,12501,213493,1,49.99,19.49,0.0
3065,20140313,3,7,12502,213518,1,45.99,14.49,0.0
3066,20140313,1,7,12502,213518,0,49.99,19.49,0.0
3067,20140313,1,7,12503,213519,1,49.99,19.49,0.0
3068,20140313,3,7,12503,213519,0,45.99,14.49,0.0
3069,20140314,1,2,12504,213531,1,49.99,19.49,0.0
3070,20140314,1,1,12505,213542,1,49.99,19.49,0.0
3071,20140314,4,1,12505,213542,0,29.99,9.49,0.0
3072,20140314,1,1,12506,213546,1,49.99,19.49,0.0
3073,20140314,3,1,12506,213546,0,45.99,14.49,0.0
3074,20140314,1,2,12507,213561,1,49.99,19.49,0.0
3075,20140314,1,1,12508,213586,1,49.99,19.49,0.0
3076,20140314,3,1,12508,213586,0,45.99,14.49,0.0
3077,20140314,1,4,12509,213605,1,49.99,19.49,0.0
3078,20140314,4,4,12509,213605,0,29.99,9.49,0.0
3079,20140314,1,1,12510,213602,1,49.99,19.49,0.0
3080,20140314,1,1,12511,213692,1,49.99,19.49,0.0
3081,20140314,4,1,12511,213692,0,29.99,9.49,0.0
3082,20140314,1,7,12512,213696,1,49.99,19.49,0.0
3083,20140314,1,7,12513,213697,1,49.99,19.49,0.0
3084,20140314,1,2,12514,213727,1,49.99,19.49,0.0
3085,20140314,3,1,12515,213735,1,45.99,14.49,0.0
3086,20140314,3,2,12516,213758,1,45.99,14.49,0.0
3087,20140314,1,4,12517,213771,1,49.99,19.49,0.0
3088,20140314,4,4,12517,213771,0,29.99,9.49,0.0
3089,20140314,1,7,12518,213776,1,49.99,19.49,0.0
3090,20140314,1,7,12519,213786,1,49.99,19.49,0.0
3091,20140314,4,7,12519,213786,0,29.99,9.49,0.0
3092,20140314,2,1,12520,213818,1,59.99,22.49,0.0
3093,20140314,4,1,12520,213818,0,29.99,9.49,0.0
3094,20140314,3,1,12521,213838,1,45.99,14.49,0.0
3095,20140314,1,2,12522,213846,1,49.99,19.49,0.0
3096,20140314,4,2,12522,213846,0,29.99,9.49,0.0
3097,20140314,3,2,12523,213853,1,45.99,14.49,0.0
3098,20140314,2,2,12523,213853,0,59.99,22.49,0.0
3099,20140314,1,1,12524,213857,1,49.99,19.49,0.0
3100,20140314,1,2,12525,213866,1,49.99,19.49,0.0
3101,20140314,3,2,12525,213866,0,45.99,14.49,0.0
3102,20140314,1,1,12526,213864,1,49.99,19.49,0.0
3103,20140314,2,10,12527,213884,1,59.99,22.49,0.0
3104,20140314,1,11,12528,213902,1,49.99,19.49,0.0
3105,20140314,3,11,12528,213902,0,45.99,14.49,0.0
3106,20140314,1,7,12529,213950,1,49.99,19.49,0.0
3107,20140314,4,7,12529,213950,0,29.99,9.49,0.0
3108,20140314,3,5,12530,213982,1,45.99,14.49,0.0
3109,20140314,2,8,12531,213987,1,59.99,22.49,0.0
3110,20140314,1,1,12532,214011,1,49.99,19.49,0.0
3111,20140314,1,11,12533,214006,1,49.99,19.49,0.0
3112,20140314,1,2,12534,214030,1,49.99,19.49,0.0
3113,20140314,2,2,12534,214030,0,59.99,22.49,0.0
3114,20140314,1,1,12535,214048,1,49.99,19.49,0.0
3115,20140314,4,1,12535,214048,0,29.99,9.49,0.0
3116,20140314,1,1,12536,214059,1,49.99,19.49,0.0
3117,20140314,4,1,12536,214059,0,29.99,9.49,0.0
3118,20140314,1,4,12537,214089,1,49.99,19.49,0.0
3119,20140314,2,4,12537,214089,0,59.99,22.49,0.0
3120,20140314,2,1,12538,214088,1,59.99,22.49,0.0
3121,20140314,3,1,12538,214088,0,45.99,14.49,0.0
3122,20140314,3,7,12539,214093,1,45.99,14.49,0.0
3123,20140314,2,7,12539,214093,0,59.99,22.49,0.0
3124,20140315,2,3,12540,214169,1,59.99,22.49,0.0
3125,20140315,2,4,12541,214178,1,59.99,22.49,0.0
3126,20140315,1,1,12542,214193,1,49.99,19.49,0.0
3127,20140315,4,1,12542,214193,0,29.99,9.49,0.0
3128,20140315,1,7,12543,214211,1,49.99,19.49,0.0
3129,20140315,3,7,12543,214211,0,45.99,14.49,0.0
3130,20140315,1,1,12544,214218,1,49.99,19.49,0.0
3131,20140315,4,1,12544,214218,0,29.99,9.49,0.0
3132,20140315,1,1,12545,214219,1,49.99,19.49,0.0
3133,20140315,3,1,12545,214219,0,45.99,14.49,0.0
3134,20140315,2,1,12546,214237,1,59.99,22.49,0.0
3135,20140315,1,4,12547,214238,1,49.99,19.49,0.0
3136,20140315,1,2,12548,214241,1,49.99,19.49,0.0
3137,20140315,3,2,12548,214241,0,45.99,14.49,0.0
3138,20140315,1,3,12549,214242,1,49.99,19.49,0.0
3139,20140315,1,1,12550,214245,1,49.99,19.49,0.0
3140,20140315,3,1,12550,214245,0,45.99,14.49,0.0
3141,20140315,1,2,12551,214248,1,49.99,19.49,0.0
3142,20140315,2,1,12552,214253,1,59.99,22.49,0.0
3143,20140315,1,3,12553,214258,1,49.99,19.49,0.0
3144,20140315,2,3,12553,214258,0,59.99,22.49,59.99
3145,20140315,3,1,12554,214277,1,45.99,14.49,0.0
3146,20140315,1,2,12555,214284,1,49.99,19.49,0.0
3147,20140315,1,4,12556,214300,1,49.99,19.49,0.0
3148,20140315,3,1,12557,214317,1,45.99,14.49,0.0
3149,20140315,2,3,12558,214330,1,59.99,22.49,0.0
3150,20140315,4,3,12558,214330,0,29.99,9.49,0.0
3151,20140315,2,4,12559,214349,1,59.99,22.49,0.0
3152,20140315,1,2,12560,214353,1,49.99,19.49,0.0
3153,20140315,1,1,12561,214433,1,49.99,19.49,0.0
3154,20140315,4,1,12561,214433,0,29.99,9.49,0.0
3155,20140315,3,3,12562,214443,1,45.99,14.49,0.0
3156,20140315,1,1,12563,214454,1,49.99,19.49,0.0
3157,20140315,4,1,12563,214454,0,29.99,9.49,0.0
3158,20140315,1,2,12564,214455,1,49.99,19.49,0.0
3159,20140316,3,1,12565,214475,1,45.99,14.49,0.0
3160,20140316,1,1,12566,214488,1,49.99,19.49,0.0
3161,20140316,1,9,12567,214493,1,49.99,19.49,0.0
3162,20140316,1,7,12568,214538,1,49.99,19.49,0.0
3163,20140316,1,1,12569,214558,1,49.99,19.49,0.0
3164,20140316,4,1,12569,214558,0,29.99,9.49,0.0
3165,20140316,1,2,12570,214563,1,49.99,19.49,0.0
3166,20140316,1,1,12571,214578,1,49.99,19.49,0.0
3167,20140316,3,1,12571,214578,0,45.99,14.49,0.0
3168,20140316,1,7,12572,214591,1,49.99,19.49,0.0
3169,20140316,2,1,12573,214597,1,59.99,22.49,0.0
3170,20140316,2,1,12574,214609,1,59.99,22.49,0.0
3171,20140316,4,1,12574,214609,0,29.99,9.49,0.0
3172,20140316,1,1,12575,214610,1,49.99,19.49,0.0
3173,20140316,1,1,12576,214635,1,49.99,19.49,0.0
3174,20140316,1,1,12577,214648,1,49.99,19.49,0.0
3175,20140316,1,7,12578,214670,1,49.99,19.49,0.0
3176,20140316,4,7,12578,214670,0,29.99,9.49,0.0
3177,20140316,1,2,12579,214678,1,49.99,19.49,0.0
3178,20140316,1,4,12580,214687,1,49.99,19.49,0.0
3179,20140316,1,1,12581,214709,1,49.99,19.49,0.0
3180,20140316,1,7,12582,214713,1,49.99,19.49,0.0
3181,20140316,1,4,12583,214715,1,49.99,19.49,0.0
3182,20140316,1,1,12584,214721,1,49.99,19.49,0.0
3183,20140316,3,1,12584,214721,0,45.99,14.49,0.0
3184,20140316,1,1,12585,214719,1,49.99,19.49,0.0
3185,20140316,1,3,12586,214738,1,49.99,19.49,0.0
3186,20140316,2,3,12586,214738,0,59.99,22.49,0.0
3187,20140316,3,2,12587,214748,1,45.99,14.49,0.0
3188,20140317,1,1,12588,214762,1,49.99,19.49,0.0
3189,20140317,1,3,12589,214764,1,49.99,19.49,0.0
3190,20140317,2,3,12589,214764,0,59.99,22.49,0.0
3191,20140317,1,5,12590,214766,1,49.99,19.49,0.0
3192,20140317,4,5,12590,214766,0,29.99,9.49,0.0
3193,20140317,1,5,12591,214767,1,49.99,19.49,0.0
3194,20140317,3,1,12592,214789,1,45.99,14.49,0.0
3195,20140317,2,1,12592,214789,0,59.99,22.49,0.0
3196,20140317,1,1,12593,214806,1,49.99,19.49,0.0
3197,20140317,4,1,12593,214806,0,29.99,9.49,0.0
3198,20140317,1,7,12594,214817,1,49.99,19.49,0.0
3199,20140317,3,1,12595,214828,1,45.99,14.49,0.0
3200,20140317,2,1,12595,214828,0,59.99,22.49,0.0
3201,20140317,1,7,12596,214859,1,49.99,19.49,49.99
3202,20140317,1,3,12597,214868,1,49.99,19.49,0.0
3203,20140317,1,7,12598,214889,1,49.99,19.49,0.0
3204,20140317,2,1,12599,214887,1,59.99,22.49,0.0
3205,20140317,2,4,12600,214911,1,59.99,22.49,0.0
3206,20140317,1,1,12601,214943,1,49.99,19.49,49.99
3207,20140317,3,1,12601,214943,0,45.99,14.49,0.0
3208,20140317,3,1,12602,214958,1,45.99,14.49,0.0
3209,20140317,1,3,12603,214963,1,49.99,19.49,0.0
3210,20140317,1,2,12604,214976,1,49.99,19.49,0.0
3211,20140317,1,7,12605,214980,1,49.99,19.49,0.0
3212,20140317,1,3,12606,214986,1,49.99,19.49,0.0
3213,20140317,1,1,12607,214994,1,49.99,19.49,0.0
3214,20140317,3,1,12607,214994,0,45.99,14.49,0.0
3215,20140317,1,7,12608,215002,1,49.99,19.49,0.0
3216,20140317,1,3,12609,215012,1,49.99,19.49,0.0
3217,20140317,4,3,12609,215012,0,29.99,9.49,0.0
3218,20140317,1,2,12610,215020,1,49.99,19.49,0.0
3219,20140317,1,1,12611,215028,1,49.99,19.49,0.0
3220,20140317,1,1,12612,215032,1,49.99,19.49,0.0
3221,20140317,1,3,12613,215057,1,49.99,19.49,0.0
3222,20140317,3,3,12613,215057,0,45.99,14.49,0.0
3223,20140317,1,9,12614,215064,1,49.99,19.49,0.0
3224,20140317,1,2,12615,215069,1,49.99,19.49,0.0
3225,20140317,1,4,12616,215071,1,49.99,19.49,0.0
3226,20140317,1,2,12617,215083,1,49.99,19.49,0.0
3227,20140317,4,2,12617,215083,0,29.99,9.49,0.0
3228,20140317,1,1,12618,215121,1,49.99,19.49,0.0
3229,20140317,4,1,12618,215121,0,29.99,9.49,0.0
3230,20140317,1,4,12619,215123,1,49.99,19.49,0.0
3231,20140317,2,7,12620,215124,1,59.99,22.49,0.0
3232,20140317,1,2,12621,215143,1,49.99,19.49,0.0
3233,20140317,4,2,12621,215143,0,29.99,9.49,0.0
3234,20140317,3,1,12622,215154,1,45.99,14.49,0.0
3235,20140317,3,2,12623,215158,1,45.99,14.49,0.0
3236,20140317,1,3,12624,215173,1,49.99,19.49,0.0
3237,20140317,3,1,12625,215175,1,45.99,14.49,0.0
3238,20140317,4,1,12625,215175,0,29.99,9.49,0.0
3239,20140317,3,1,12626,215207,1,45.99,14.49,45.99
3240,20140317,1,1,12627,215209,1,49.99,19.49,0.0
3241,20140317,1,6,12628,215236,1,49.99,19.49,0.0
3242,20140317,4,6,12628,215236,0,29.99,9.49,0.0
3243,20140317,1,1,12629,215244,1,49.99,19.49,0.0
3244,20140317,3,1,12629,215244,0,45.99,14.49,0.0
3245,20140317,2,5,12630,215286,1,59.99,22.49,0.0
3246,20140317,1,1,12631,215285,1,49.99,19.49,0.0
3247,20140318,1,4,12632,215292,1,49.99,19.49,0.0
3248,20140318,3,1,12633,215302,1,45.99,14.49,0.0
3249,20140318,1,2,12634,215306,1,49.99,19.49,0.0
3250,20140318,4,2,12634,215306,0,29.99,9.49,0.0
3251,20140318,1,1,12635,215339,1,49.99,19.49,0.0
3252,20140318,2,1,12636,215349,1,59.99,22.49,0.0
3253,20140318,1,5,12637,215363,1,49.99,19.49,49.99
3254,20140318,4,5,12637,215363,0,29.99,9.49,0.0
3255,20140318,1,9,12638,215399,1,49.99,19.49,0.0
3256,20140318,4,9,12638,215399,0,29.99,9.49,0.0
3257,20140318,1,2,12639,215403,1,49.99,19.49,0.0
3258,20140318,3,2,12639,215403,0,45.99,14.49,0.0
3259,20140318,1,1,12640,215408,1,49.99,19.49,49.99
3260,20140318,1,1,12641,215414,1,49.99,19.49,0.0
3261,20140318,1,4,12642,215423,1,49.99,19.49,0.0
3262,20140318,4,4,12642,215423,0,29.99,9.49,0.0
3263,20140318,3,1,12643,215444,1,45.99,14.49,0.0
3264,20140318,1,5,12644,215453,1,49.99,19.49,0.0
3265,20140318,4,5,12644,215453,0,29.99,9.49,0.0
3266,20140318,1,1,12645,215466,1,49.99,19.49,0.0
3267,20140318,3,3,12646,215487,1,45.99,14.49,0.0
3268,20140318,1,3,12646,215487,0,49.99,19.49,0.0
3269,20140318,1,2,12647,215482,1,49.99,19.49,0.0
3270,20140318,3,2,12647,215482,0,45.99,14.49,0.0
3271,20140318,1,1,12648,215486,1,49.99,19.49,0.0
3272,20140318,4,1,12648,215486,0,29.99,9.49,0.0
3273,20140318,1,1,12649,215504,1,49.99,19.49,0.0
3274,20140318,1,1,12650,215517,1,49.99,19.49,0.0
3275,20140318,2,5,12651,215524,1,59.99,22.49,0.0
3276,20140318,2,3,12652,215527,1,59.99,22.49,0.0
3277,20140318,2,3,12653,215542,1,59.99,22.49,0.0
3278,20140318,1,4,12654,215564,1,49.99,19.49,0.0
3279,20140318,1,2,12655,215565,1,49.99,19.49,0.0
3280,20140318,4,2,12655,215565,0,29.99,9.49,0.0
3281,20140318,1,2,12656,215567,1,49.99,19.49,0.0
3282,20140318,1,1,12657,215580,1,49.99,19.49,0.0
3283,20140318,3,1,12658,215598,1,45.99,14.49,0.0
3284,20140318,1,1,12659,215614,1,49.99,19.49,0.0
3285,20140318,4,1,12659,215614,0,29.99,9.49,0.0
3286,20140318,1,9,12660,215621,1,49.99,19.49,0.0
3287,20140318,4,9,12660,215621,0,29.99,9.49,0.0
3288,20140318,1,7,12661,215674,1,49.99,19.49,0.0
3289,20140318,3,7,12661,215674,0,45.99,14.49,0.0
3290,20140318,1,2,12662,215687,1,49.99,19.49,0.0
3291,20140318,1,1,12663,215698,1,49.99,19.49,0.0
3292,20140318,3,1,12663,215698,0,45.99,14.49,0.0
3293,20140318,1,1,12664,215732,1,49.99,19.49,0.0
3294,20140318,1,4,12665,215740,1,49.99,19.49,0.0
3295,20140318,1,1,12666,215758,1,49.99,19.49,0.0
3296,20140318,3,1,12667,215765,1,45.99,14.49,0.0
3297,20140318,4,1,12667,215765,0,29.99,9.49,0.0
3298,20140318,1,1,12668,215790,1,49.99,19.49,0.0
3299,20140318,1,1,12669,215806,1,49.99,19.49,0.0
3300,20140318,1,1,12670,215812,1,49.99,19.49,0.0
3301,20140318,1,1,12671,215832,1,49.99,19.49,0.0
3302,20140318,3,1,12671,215832,0,45.99,14.49,0.0
3303,20140318,1,2,12672,215847,1,49.99,19.49,0.0
3304,20140318,2,2,12672,215847,0,59.99,22.49,0.0
3305,20140318,1,9,12673,215870,1,49.99,19.49,0.0
3306,20140319,1,1,12674,215873,1,49.99,19.49,0.0
3307,20140319,1,7,12675,215912,1,49.99,19.49,0.0
3308,20140319,1,1,12676,215960,1,49.99,19.49,0.0
3309,20140319,3,1,12677,215963,1,45.99,14.49,45.99
3310,20140319,2,3,12678,215978,1,59.99,22.49,0.0
3311,20140319,3,7,12679,215990,1,45.99,14.49,0.0
3312,20140319,3,1,12680,215988,1,45.99,14.49,0.0
3313,20140319,2,1,12681,216004,1,59.99,22.49,0.0
3314,20140319,1,3,12682,216012,1,49.99,19.49,0.0
3315,20140319,4,3,12682,216012,0,29.99,9.49,0.0
3316,20140319,1,1,12683,216041,1,49.99,19.49,0.0
3317,20140319,1,10,12684,216052,1,49.99,19.49,0.0
3318,20140319,1,4,12685,216057,1,49.99,19.49,0.0
3319,20140319,1,1,12686,216085,1,49.99,19.49,0.0
3320,20140319,1,1,12687,216096,1,49.99,19.49,0.0
3321,20140319,4,1,12687,216096,0,29.99,9.49,0.0
3322,20140319,3,1,12688,216107,1,45.99,14.49,0.0
3323,20140319,1,1,12689,216119,1,49.99,19.49,0.0
3324,20140319,2,1,12689,216119,0,59.99,22.49,0.0
3325,20140319,1,1,12690,216120,1,49.99,19.49,0.0
3326,20140319,1,3,12691,216123,1,49.99,19.49,0.0
3327,20140319,2,4,12692,216167,1,59.99,22.49,0.0
3328,20140319,4,4,12692,216167,0,29.99,9.49,0.0
3329,20140319,1,1,12693,216175,1,49.99,19.49,0.0
3330,20140319,4,1,12693,216175,0,29.99,9.49,0.0
3331,20140319,3,7,12694,216184,1,45.99,14.49,45.99
3332,20140319,1,1,12695,216217,1,49.99,19.49,0.0
3333,20140319,1,1,12696,216221,1,49.99,19.49,0.0
3334,20140319,3,1,12696,216221,0,45.99,14.49,0.0
3335,20140319,1,1,12697,216225,1,49.99,19.49,0.0
3336,20140319,1,2,12698,216237,1,49.99,19.49,0.0
3337,20140319,2,1,12699,216231,1,59.99,22.49,0.0
3338,20140319,1,9,12700,216233,1,49.99,19.49,0.0
3339,20140319,1,2,12701,216246,1,49.99,19.49,0.0
3340,20140319,3,2,12701,216246,0,45.99,14.49,0.0
3341,20140319,1,1,12702,216249,1,49.99,19.49,0.0
3342,20140319,1,7,12703,216253,1,49.99,19.49,0.0
3343,20140319,1,1,12704,216252,1,49.99,19.49,49.99
3344,20140319,1,7,12705,216293,1,49.99,19.49,0.0
3345,20140319,2,3,12706,216302,1,59.99,22.49,0.0
3346,20140319,1,1,12707,216297,1,49.99,19.49,0.0
3347,20140319,3,1,12707,216297,0,45.99,14.49,0.0
3348,20140319,3,10,12708,216299,1,45.99,14.49,0.0
3349,20140319,1,10,12708,216299,0,49.99,19.49,0.0
3350,20140319,2,7,12709,216320,1,59.99,22.49,0.0
3351,20140319,4,7,12709,216320,0,29.99,9.49,0.0
3352,20140319,1,1,12710,216331,1,49.99,19.49,0.0
3353,20140319,2,1,12711,216337,1,59.99,22.49,0.0
3354,20140319,1,1,12712,216349,1,49.99,19.49,0.0
3355,20140319,3,1,12712,216349,0,45.99,14.49,0.0
3356,20140319,1,1,12713,216359,1,49.99,19.49,0.0
3357,20140319,1,3,12714,216360,1,49.99,19.49,0.0
3358,20140319,1,1,12715,216377,1,49.99,19.49,0.0
3359,20140319,3,1,12715,216377,0,45.99,14.49,0.0
3360,20140319,2,3,12716,216390,1,59.99,22.49,0.0
3361,20140319,4,3,12716,216390,0,29.99,9.49,0.0
3362,20140319,1,1,12717,216407,1,49.99,19.49,0.0
3363,20140319,1,3,12718,216410,1,49.99,19.49,0.0
3364,20140319,4,3,12718,216410,0,29.99,9.49,0.0
3365,20140319,1,2,12719,216415,1,49.99,19.49,0.0
3366,20140319,1,1,12720,216424,1,49.99,19.49,0.0
3367,20140319,1,1,12721,216448,1,49.99,19.49,0.0
3368,20140319,1,3,12722,216454,1,49.99,19.49,0.0
3369,20140319,4,3,12722,216454,0,29.99,9.49,0.0
3370,20140319,1,3,12723,216461,1,49.99,19.49,0.0
3371,20140319,4,3,12723,216461,0,29.99,9.49,0.0
3372,20140319,1,9,12724,216473,1,49.99,19.49,0.0
3373,20140319,3,9,12724,216473,0,45.99,14.49,0.0
3374,20140319,2,9,12725,216502,1,59.99,22.49,0.0
3375,20140319,4,9,12725,216502,0,29.99,9.49,0.0
3376,20140319,2,5,12726,216505,1,59.99,22.49,0.0
3377,20140319,1,4,12727,216508,1,49.99,19.49,0.0
3378,20140319,3,4,12727,216508,0,45.99,14.49,0.0
3379,20140319,1,3,12728,216535,1,49.99,19.49,0.0
3380,20140320,1,1,12729,216546,1,49.99,19.49,0.0
3381,20140320,1,7,12730,216566,1,49.99,19.49,0.0
3382,20140320,4,7,12730,216566,0,29.99,9.49,0.0
3383,20140320,1,4,12731,216572,1,49.99,19.49,0.0
3384,20140320,1,3,12732,216584,1,49.99,19.49,0.0
3385,20140320,1,2,12733,216593,1,49.99,19.49,0.0
3386,20140320,1,6,12734,216607,1,49.99,19.49,0.0
3387,20140320,1,1,12735,216619,1,49.99,19.49,0.0
3388,20140320,4,1,12735,216619,0,29.99,9.49,0.0
3389,20140320,1,4,12736,216631,1,49.99,19.49,0.0
3390,20140320,2,5,12737,216641,1,59.99,22.49,0.0
3391,20140320,1,2,12738,216653,1,49.99,19.49,0.0
3392,20140320,3,3,12739,216680,1,45.99,14.49,0.0
3393,20140320,4,3,12739,216680,0,29.99,9.49,0.0
3394,20140320,1,3,12740,216682,1,49.99,19.49,0.0
3395,20140320,3,3,12740,216682,0,45.99,14.49,0.0
3396,20140320,1,4,12741,216701,1,49.99,19.49,0.0
3397,20140320,1,7,12742,216708,1,49.99,19.49,0.0
3398,20140320,1,3,12743,216717,1,49.99,19.49,0.0
3399,20140320,1,7,12744,216723,1,49.99,19.49,0.0
3400,20140320,3,7,12744,216723,0,45.99,14.49,0.0
3401,20140320,1,2,12745,216718,1,49.99,19.49,0.0
3402,20140320,4,2,12745,216718,0,29.99,9.49,0.0
3403,20140320,3,7,12746,216749,1,45.99,14.49,0.0
3404,20140320,4,7,12746,216749,0,29.99,9.49,0.0
3405,20140320,2,1,12747,216766,1,59.99,22.49,0.0
3406,20140320,1,4,12748,216786,1,49.99,19.49,0.0
3407,20140320,3,7,12749,216792,1,45.99,14.49,45.99
3408,20140320,1,7,12750,216796,1,49.99,19.49,0.0
3409,20140320,4,7,12750,216796,0,29.99,9.49,0.0
3410,20140320,2,2,12751,216812,1,59.99,22.49,0.0
3411,20140320,1,1,12752,216828,1,49.99,19.49,0.0
3412,20140320,1,1,12753,216832,1,49.99,19.49,0.0
3413,20140320,2,3,12754,216835,1,59.99,22.49,0.0
3414,20140320,1,1,12755,216842,1,49.99,19.49,0.0
3415,20140320,1,2,12756,216851,1,49.99,19.49,0.0
3416,20140320,3,2,12756,216851,0,45.99,14.49,0.0
3417,20140320,1,1,12757,216882,1,49.99,19.49,0.0
3418,20140320,3,1,12757,216882,0,45.99,14.49,0.0
3419,20140320,3,1,12758,216900,1,45.99,14.49,0.0
3420,20140320,2,9,12759,216903,1,59.99,22.49,0.0
3421,20140320,1,9,12759,216903,0,49.99,19.49,0.0
3422,20140320,1,1,12760,216917,1,49.99,19.49,0.0
3423,20140320,1,1,12761,216928,1,49.99,19.49,0.0
3424,20140320,2,3,12762,216935,1,59.99,22.49,0.0
3425,20140320,1,1,12763,216940,1,49.99,19.49,0.0
3426,20140320,3,1,12763,216940,0,45.99,14.49,0.0
3427,20140320,3,1,12764,216950,1,45.99,14.49,0.0
3428,20140320,4,1,12764,216950,0,29.99,9.49,0.0
3429,20140320,1,1,12765,216952,1,49.99,19.49,0.0
3430,20140320,2,4,12766,216974,1,59.99,22.49,0.0
3431,20140320,1,2,12767,216990,1,49.99,19.49,0.0
3432,20140320,4,2,12767,216990,0,29.99,9.49,0.0
3433,20140320,1,4,12768,217017,1,49.99,19.49,0.0
3434,20140320,4,4,12768,217017,0,29.99,9.49,0.0
3435,20140320,1,4,12769,217018,1,49.99,19.49,0.0
3436,20140320,1,1,12770,217034,1,49.99,19.49,0.0
3437,20140320,1,2,12771,217037,1,49.99,19.49,0.0
3438,20140320,3,2,12771,217037,0,45.99,14.49,0.0
3439,20140320,2,2,12772,217046,1,59.99,22.49,0.0
3440,20140320,1,2,12773,217047,1,49.99,19.49,0.0
3441,20140320,2,1,12774,217064,1,59.99,22.49,0.0
3442,20140320,4,1,12774,217064,0,29.99,9.49,0.0
3443,20140320,1,3,12775,217078,1,49.99,19.49,0.0
3444,20140321,1,3,12776,217109,1,49.99,19.49,0.0
3445,20140321,3,3,12777,217111,1,45.99,14.49,0.0
3446,20140321,2,3,12777,217111,0,59.99,22.49,0.0
3447,20140321,1,1,12778,217172,1,49.99,19.49,0.0
3448,20140321,1,1,12779,217179,1,49.99,19.49,0.0
3449,20140321,1,1,12780,217201,1,49.99,19.49,0.0
3450,20140321,1,7,12781,217204,1,49.99,19.49,0.0
3451,20140321,2,1,12782,217217,1,59.99,22.49,0.0
3452,20140321,1,2,12783,217231,1,49.99,19.49,49.99
3453,20140321,3,2,12783,217231,0,45.99,14.49,0.0
3454,20140321,1,1,12784,217240,1,49.99,19.49,0.0
3455,20140321,4,1,12784,217240,0,29.99,9.49,0.0
3456,20140321,2,4,12785,217253,1,59.99,22.49,0.0
3457,20140321,1,1,12786,217279,1,49.99,19.49,0.0
3458,20140321,3,2,12787,217280,1,45.99,14.49,0.0
3459,20140321,1,2,12787,217280,0,49.99,19.49,0.0
3460,20140321,1,1,12788,217277,1,49.99,19.49,0.0
3461,20140321,1,2,12789,217286,1,49.99,19.49,0.0
3462,20140321,3,2,12790,217287,1,45.99,14.49,0.0
3463,20140321,1,7,12791,217290,1,49.99,19.49,0.0
3464,20140321,2,1,12792,217308,1,59.99,22.49,0.0
3465,20140321,1,1,12793,217323,1,49.99,19.49,0.0
3466,20140321,1,1,12794,217337,1,49.99,19.49,0.0
3467,20140321,3,4,12795,217360,1,45.99,14.49,0.0
3468,20140321,3,1,12796,217367,1,45.99,14.49,0.0
3469,20140321,1,1,12797,217405,1,49.99,19.49,0.0
3470,20140321,1,4,12798,217411,1,49.99,19.49,49.99
3471,20140321,1,1,12799,217460,1,49.99,19.49,0.0
3472,20140321,4,1,12799,217460,0,29.99,9.49,0.0
3473,20140321,2,1,12800,217466,1,59.99,22.49,0.0
3474,20140321,4,1,12800,217466,0,29.99,9.49,0.0
3475,20140321,1,3,12801,217484,1,49.99,19.49,0.0
3476,20140321,4,3,12801,217484,0,29.99,9.49,0.0
3477,20140321,2,1,12802,217483,1,59.99,22.49,0.0
3478,20140321,3,1,12802,217483,0,45.99,14.49,0.0
3479,20140321,1,10,12803,217485,1,49.99,19.49,0.0
3480,20140321,4,10,12803,217485,0,29.99,9.49,0.0
3481,20140321,1,1,12804,217504,1,49.99,19.49,0.0
3482,20140321,4,1,12804,217504,0,29.99,9.49,0.0
3483,20140321,1,9,12805,217539,1,49.99,19.49,0.0
3484,20140322,2,2,12806,217603,1,59.99,22.49,0.0
3485,20140322,1,1,12807,217610,1,49.99,19.49,0.0
3486,20140322,4,1,12807,217610,0,29.99,9.49,0.0
3487,20140322,3,7,12808,217609,1,45.99,14.49,0.0
3488,20140322,1,1,12809,217615,1,49.99,19.49,0.0
3489,20140322,1,2,12810,217621,1,49.99,19.49,0.0
3490,20140322,1,1,12811,217671,1,49.99,19.49,0.0
3491,20140322,3,1,12812,217669,1,45.99,14.49,0.0
3492,20140322,4,1,12812,217669,0,29.99,9.49,0.0
3493,20140322,2,1,12813,217691,1,59.99,22.49,0.0
3494,20140322,1,3,12814,217707,1,49.99,19.49,0.0
3495,20140322,3,3,12814,217707,0,45.99,14.49,0.0
3496,20140322,1,1,12815,217734,1,49.99,19.49,0.0
3497,20140322,1,1,12816,217738,1,49.99,19.49,0.0
3498,20140322,4,1,12816,217738,0,29.99,9.49,0.0
3499,20140322,3,1,12817,217759,1,45.99,14.49,0.0
3500,20140322,1,2,12818,217784,1,49.99,19.49,0.0
3501,20140322,1,1,12819,217795,1,49.99,19.49,0.0
3502,20140322,1,1,12820,217827,1,49.99,19.49,0.0
3503,20140323,1,2,12821,217855,1,49.99,19.49,0.0
3504,20140323,1,2,12822,217872,1,49.99,19.49,0.0
3505,20140323,2,1,12823,217878,1,59.99,22.49,0.0
3506,20140323,3,1,12823,217878,0,45.99,14.49,0.0
3507,20140323,1,1,12824,217881,1,49.99,19.49,0.0
3508,20140323,3,1,12825,217932,1,45.99,14.49,0.0
3509,20140323,4,1,12825,217932,0,29.99,9.49,0.0
3510,20140323,1,1,12826,217935,1,49.99,19.49,0.0
3511,20140323,1,5,12827,217942,1,49.99,19.49,0.0
3512,20140323,1,3,12828,217963,1,49.99,19.49,0.0
3513,20140323,1,3,12829,217975,1,49.99,19.49,0.0
3514,20140323,1,1,12830,217991,1,49.99,19.49,0.0
3515,20140323,3,1,12830,217991,0,45.99,14.49,0.0
3516,20140323,1,4,12831,218019,1,49.99,19.49,0.0
3517,20140323,4,4,12831,218019,0,29.99,9.49,0.0
3518,20140323,1,3,12832,218023,1,49.99,19.49,0.0
3519,20140323,1,2,12833,218027,1,49.99,19.49,0.0
3520,20140323,3,2,12833,218027,0,45.99,14.49,0.0
3521,20140323,2,5,12834,218029,1,59.99,22.49,0.0
3522,20140323,3,5,12834,218029,0,45.99,14.49,0.0
3523,20140323,1,3,12835,218045,1,49.99,19.49,0.0
3524,20140323,1,1,12836,218066,1,49.99,19.49,0.0
3525,20140324,1,2,12837,218107,1,49.99,19.49,0.0
3526,20140324,2,1,12838,218111,1,59.99,22.49,0.0
3527,20140324,1,3,12839,218123,1,49.99,19.49,0.0
3528,20140324,2,1,12840,218127,1,59.99,22.49,0.0
3529,20140324,3,3,12841,218133,1,45.99,14.49,0.0
3530,20140324,1,3,12841,218133,0,49.99,19.49,0.0
3531,20140324,1,5,12842,218137,1,49.99,19.49,0.0
3532,20140324,4,5,12842,218137,0,29.99,9.49,0.0
3533,20140324,3,5,12843,218161,1,45.99,14.49,0.0
3534,20140324,1,5,12844,218169,1,49.99,19.49,0.0
3535,20140324,4,5,12844,218169,0,29.99,9.49,0.0
3536,20140324,1,3,12845,218199,1,49.99,19.49,0.0
3537,20140324,4,3,12845,218199,0,29.99,9.49,0.0
3538,20140324,1,1,12846,218233,1,49.99,19.49,0.0
3539,20140324,1,1,12847,218243,1,49.99,19.49,0.0
3540,20140324,2,2,12848,218251,1,59.99,22.49,0.0
3541,20140324,4,2,12848,218251,0,29.99,9.49,0.0
3542,20140324,2,2,12849,218269,1,59.99,22.49,0.0
3543,20140324,4,2,12849,218269,0,29.99,9.49,0.0
3544,20140324,1,1,12850,218277,1,49.99,19.49,0.0
3545,20140324,3,1,12850,218277,0,45.99,14.49,0.0
3546,20140324,3,1,12851,218282,1,45.99,14.49,0.0
3547,20140324,4,1,12851,218282,0,29.99,9.49,0.0
3548,20140324,1,2,12852,218284,1,49.99,19.49,0.0
3549,20140324,2,1,12853,218283,1,59.99,22.49,0.0
3550,20140324,1,1,12854,218297,1,49.99,19.49,0.0
3551,20140324,2,1,12854,218297,0,59.99,22.49,0.0
3552,20140324,1,1,12855,218303,1,49.99,19.49,0.0
3553,20140324,3,1,12855,218303,0,45.99,14.49,0.0
3554,20140324,1,5,12856,218351,1,49.99,19.49,0.0
3555,20140324,3,1,12857,218360,1,45.99,14.49,0.0
3556,20140324,4,1,12857,218360,0,29.99,9.49,0.0
3557,20140324,1,3,12858,218363,1,49.99,19.49,0.0
3558,20140324,1,2,12859,218385,1,49.99,19.49,0.0
3559,20140324,1,2,12860,218418,1,49.99,19.49,0.0
3560,20140324,2,1,12861,218424,1,59.99,22.49,0.0
3561,20140324,3,1,12862,218448,1,45.99,14.49,0.0
3562,20140324,4,1,12862,218448,0,29.99,9.49,0.0
3563,20140324,1,2,12863,218462,1,49.99,19.49,0.0
3564,20140324,4,2,12863,218462,0,29.99,9.49,0.0
3565,20140324,3,1,12864,218466,1,45.99,14.49,0.0
3566,20140324,1,4,12865,218469,1,49.99,19.49,0.0
3567,20140324,1,1,12866,218478,1,49.99,19.49,49.99
3568,20140324,4,1,12866,218478,0,29.99,9.49,0.0
3569,20140324,2,2,12867,218485,1,59.99,22.49,0.0
3570,20140324,3,1,12868,218492,1,45.99,14.49,45.99
3571,20140324,2,2,12869,218502,1,59.99,22.49,0.0
3572,20140324,1,1,12870,218526,1,49.99,19.49,0.0
3573,20140324,3,1,12870,218526,0,45.99,14.49,0.0
3574,20140324,2,3,12871,218535,1,59.99,22.49,0.0
3575,20140324,2,1,12872,218612,1,59.99,22.49,0.0
3576,20140324,1,3,12873,218629,1,49.99,19.49,0.0
3577,20140324,4,3,12873,218629,0,29.99,9.49,0.0
3578,20140325,1,2,12874,218648,1,49.99,19.49,0.0
3579,20140325,3,2,12874,218648,0,45.99,14.49,0.0
3580,20140325,1,2,12875,218673,1,49.99,19.49,0.0
3581,20140325,1,1,12876,218687,1,49.99,19.49,0.0
3582,20140325,1,7,12877,218701,1,49.99,19.49,0.0
3583,20140325,1,6,12878,218713,1,49.99,19.49,0.0
3584,20140325,1,7,12879,218711,1,49.99,19.49,0.0
3585,20140325,2,7,12879,218711,0,59.99,22.49,0.0
3586,20140325,1,1,12880,218717,1,49.99,19.49,0.0
3587,20140325,1,2,12881,218725,1,49.99,19.49,0.0
3588,20140325,2,3,12882,218727,1,59.99,22.49,0.0
3589,20140325,1,1,12883,218731,1,49.99,19.49,0.0
3590,20140325,1,1,12884,218745,1,49.99,19.49,0.0
3591,20140325,1,2,12885,218766,1,49.99,19.49,0.0
3592,20140325,1,1,12886,218767,1,49.99,19.49,0.0
3593,20140325,1,9,12887,218774,1,49.99,19.49,0.0
3594,20140325,4,9,12887,218774,0,29.99,9.49,0.0
3595,20140325,1,7,12888,218793,1,49.99,19.49,0.0
3596,20140325,3,7,12889,218806,1,45.99,14.49,0.0
3597,20140325,1,2,12890,218808,1,49.99,19.49,0.0
3598,20140325,4,2,12890,218808,0,29.99,9.49,0.0
3599,20140325,3,3,12891,218827,1,45.99,14.49,45.99
3600,20140325,4,3,12891,218827,0,29.99,9.49,0.0
3601,20140325,1,4,12892,218837,1,49.99,19.49,0.0
3602,20140325,4,4,12892,218837,0,29.99,9.49,0.0
3603,20140325,2,1,12893,218843,1,59.99,22.49,0.0
3604,20140325,1,2,12894,218849,1,49.99,19.49,0.0
3605,20140325,1,1,12895,218880,1,49.99,19.49,0.0
3606,20140325,1,1,12896,218894,1,49.99,19.49,0.0
3607,20140325,1,1,12897,218938,1,49.99,19.49,0.0
3608,20140325,4,1,12897,218938,0,29.99,9.49,0.0
3609,20140325,1,7,12898,218947,1,49.99,19.49,0.0
3610,20140325,1,1,12899,218988,1,49.99,19.49,0.0
3611,20140325,1,1,12900,218993,1,49.99,19.49,0.0
3612,20140325,1,1,12901,219014,1,49.99,19.49,0.0
3613,20140325,2,3,12902,219017,1,59.99,22.49,0.0
3614,20140325,4,3,12902,219017,0,29.99,9.49,0.0
3615,20140325,1,1,12903,219015,1,49.99,19.49,0.0
3616,20140325,2,2,12904,219049,1,59.99,22.49,0.0
3617,20140325,4,2,12904,219049,0,29.99,9.49,0.0
3618,20140325,1,1,12905,219071,1,49.99,19.49,49.99
3619,20140325,1,1,12906,219081,1,49.99,19.49,0.0
3620,20140325,2,1,12907,219088,1,59.99,22.49,0.0
3621,20140325,1,1,12908,219085,1,49.99,19.49,0.0
3622,20140325,3,2,12909,219127,1,45.99,14.49,0.0
3623,20140325,1,1,12910,219133,1,49.99,19.49,0.0
3624,20140325,4,1,12910,219133,0,29.99,9.49,0.0
3625,20140325,3,2,12911,219168,1,45.99,14.49,0.0
3626,20140325,1,7,12912,219175,1,49.99,19.49,0.0
3627,20140325,2,7,12912,219175,0,59.99,22.49,0.0
3628,20140325,3,2,12913,219173,1,45.99,14.49,0.0
3629,20140325,1,2,12913,219173,0,49.99,19.49,0.0
3630,20140325,2,1,12914,219182,1,59.99,22.49,0.0
3631,20140326,1,7,12915,219208,1,49.99,19.49,0.0
3632,20140326,1,1,12916,219232,1,49.99,19.49,0.0
3633,20140326,1,2,12917,219263,1,49.99,19.49,0.0
3634,20140326,1,3,12918,219281,1,49.99,19.49,0.0
3635,20140326,3,3,12918,219281,0,45.99,14.49,0.0
3636,20140326,1,1,12919,219321,1,49.99,19.49,0.0
3637,20140326,1,1,12920,219349,1,49.99,19.49,0.0
3638,20140326,2,3,12921,219395,1,59.99,22.49,0.0
3639,20140326,1,2,12922,219442,1,49.99,19.49,0.0
3640,20140326,4,2,12922,219442,0,29.99,9.49,0.0
3641,20140326,3,1,12923,219452,1,45.99,14.49,0.0
3642,20140326,1,4,12924,219443,1,49.99,19.49,0.0
3643,20140326,1,3,12925,219451,1,49.99,19.49,0.0
3644,20140326,1,4,12926,219463,1,49.99,19.49,0.0
3645,20140326,3,4,12926,219463,0,45.99,14.49,0.0
3646,20140326,1,1,12927,219502,1,49.99,19.49,0.0
3647,20140326,3,1,12927,219502,0,45.99,14.49,0.0
3648,20140326,1,2,12928,219510,1,49.99,19.49,0.0
3649,20140326,4,2,12928,219510,0,29.99,9.49,0.0
3650,20140326,1,1,12929,219550,1,49.99,19.49,0.0
3651,20140326,2,1,12929,219550,0,59.99,22.49,0.0
3652,20140326,1,2,12930,219570,1,49.99,19.49,0.0
3653,20140326,4,2,12930,219570,0,29.99,9.49,0.0
3654,20140326,1,3,12931,219594,1,49.99,19.49,0.0
3655,20140326,4,3,12931,219594,0,29.99,9.49,0.0
3656,20140326,3,1,12932,219614,1,45.99,14.49,45.99
3657,20140326,1,1,12933,219663,1,49.99,19.49,0.0
3658,20140326,4,1,12933,219663,0,29.99,9.49,0.0
3659,20140326,1,1,12934,219680,1,49.99,19.49,0.0
3660,20140326,4,1,12934,219680,0,29.99,9.49,0.0
3661,20140326,1,1,12935,219684,1,49.99,19.49,0.0
3662,20140326,1,2,12936,219722,1,49.99,19.49,0.0
3663,20140326,2,2,12937,219758,1,59.99,22.49,0.0
3664,20140326,3,2,12937,219758,0,45.99,14.49,0.0
3665,20140326,1,3,12938,219792,1,49.99,19.49,0.0
3666,20140326,3,3,12938,219792,0,45.99,14.49,0.0
3667,20140326,1,2,12939,219797,1,49.99,19.49,0.0
3668,20140326,4,2,12939,219797,0,29.99,9.49,0.0
3669,20140327,1,1,12940,219841,1,49.99,19.49,0.0
3670,20140327,4,1,12940,219841,0,29.99,9.49,0.0
3671,20140327,3,2,12941,219842,1,45.99,14.49,0.0
3672,20140327,2,6,12942,219854,1,59.99,22.49,0.0
3673,20140327,1,1,12943,219866,1,49.99,19.49,0.0
3674,20140327,1,9,12944,219885,1,49.99,19.49,0.0
3675,20140327,2,1,12945,219891,1,59.99,22.49,0.0
3676,20140327,1,1,12946,219902,1,49.99,19.49,0.0
3677,20140327,4,1,12946,219902,0,29.99,9.49,0.0
3678,20140327,2,9,12947,219931,1,59.99,22.49,0.0
3679,20140327,1,1,12948,220005,1,49.99,19.49,0.0
3680,20140327,4,1,12948,220005,0,29.99,9.49,0.0
3681,20140327,1,1,12949,220013,1,49.99,19.49,0.0
3682,20140327,1,1,12950,220011,1,49.99,19.49,0.0
3683,20140327,1,1,12951,220019,1,49.99,19.49,0.0
3684,20140327,2,1,12951,220019,0,59.99,22.49,59.99
3685,20140327,1,1,12952,220027,1,49.99,19.49,0.0
3686,20140327,4,1,12952,220027,0,29.99,9.49,0.0
3687,20140327,1,2,12953,220029,1,49.99,19.49,0.0
3688,20140327,1,3,12954,220038,1,49.99,19.49,0.0
3689,20140327,4,3,12954,220038,0,29.99,9.49,0.0
3690,20140327,1,2,12955,220044,1,49.99,19.49,0.0
3691,20140327,2,3,12956,220047,1,59.99,22.49,0.0
3692,20140327,1,7,12957,220054,1,49.99,19.49,0.0
3693,20140327,1,1,12958,220083,1,49.99,19.49,0.0
3694,20140327,2,1,12958,220083,0,59.99,22.49,0.0
3695,20140327,1,3,12959,220091,1,49.99,19.49,0.0
3696,20140327,2,4,12960,220094,1,59.99,22.49,0.0
3697,20140327,1,2,12961,220141,1,49.99,19.49,0.0
3698,20140327,1,1,12962,220150,1,49.99,19.49,0.0
3699,20140327,2,4,12963,220168,1,59.99,22.49,0.0
3700,20140327,3,2,12964,220162,1,45.99,14.49,0.0
3701,20140327,4,2,12964,220162,0,29.99,9.49,0.0
3702,20140327,1,1,12965,220174,1,49.99,19.49,0.0
3703,20140327,1,1,12966,220176,1,49.99,19.49,0.0
3704,20140327,3,1,12967,220179,1,45.99,14.49,45.99
3705,20140327,3,2,12968,220196,1,45.99,14.49,45.99
3706,20140327,1,1,12969,220203,1,49.99,19.49,0.0
3707,20140327,1,2,12970,220222,1,49.99,19.49,0.0
3708,20140327,2,1,12971,220254,1,59.99,22.49,0.0
3709,20140327,1,2,12972,220258,1,49.99,19.49,0.0
3710,20140327,1,1,12973,220265,1,49.99,19.49,0.0
3711,20140327,3,1,12973,220265,0,45.99,14.49,0.0
3712,20140327,2,4,12974,220277,1,59.99,22.49,0.0
3713,20140327,4,4,12974,220277,0,29.99,9.49,0.0
3714,20140327,1,1,12975,220288,1,49.99,19.49,0.0
3715,20140327,4,1,12975,220288,0,29.99,9.49,0.0
3716,20140327,2,1,12976,220295,1,59.99,22.49,0.0
3717,20140327,1,9,12977,220310,1,49.99,19.49,0.0
3718,20140327,2,1,12978,220340,1,59.99,22.49,0.0
3719,20140327,1,2,12979,220364,1,49.99,19.49,0.0
3720,20140327,4,2,12979,220364,0,29.99,9.49,0.0
3721,20140328,1,1,12980,220387,1,49.99,19.49,0.0
3722,20140328,1,1,12981,220388,1,49.99,19.49,0.0
3723,20140328,3,1,12981,220388,0,45.99,14.49,0.0
3724,20140328,3,1,12982,220403,1,45.99,14.49,0.0
3725,20140328,1,1,12983,220407,1,49.99,19.49,0.0
3726,20140328,4,1,12983,220407,0,29.99,9.49,0.0
3727,20140328,1,4,12984,220409,1,49.99,19.49,0.0
3728,20140328,4,4,12984,220409,0,29.99,9.49,0.0
3729,20140328,2,1,12985,220428,1,59.99,22.49,0.0
3730,20140328,4,1,12985,220428,0,29.99,9.49,0.0
3731,20140328,1,2,12986,220432,1,49.99,19.49,0.0
3732,20140328,1,1,12987,220438,1,49.99,19.49,0.0
3733,20140328,4,1,12987,220438,0,29.99,9.49,0.0
3734,20140328,1,5,12988,220443,1,49.99,19.49,0.0
3735,20140328,1,1,12989,220451,1,49.99,19.49,49.99
3736,20140328,2,10,12990,220461,1,59.99,22.49,0.0
3737,20140328,1,1,12991,220463,1,49.99,19.49,0.0
3738,20140328,1,1,12992,220476,1,49.99,19.49,0.0
3739,20140328,1,1,12993,220511,1,49.99,19.49,0.0
3740,20140328,1,9,12994,220516,1,49.99,19.49,49.99
3741,20140328,4,9,12994,220516,0,29.99,9.49,0.0
3742,20140328,3,4,12995,220522,1,45.99,14.49,0.0
3743,20140328,1,1,12996,220525,1,49.99,19.49,0.0
3744,20140328,1,1,12997,220586,1,49.99,19.49,0.0
3745,20140328,1,1,12998,220587,1,49.99,19.49,0.0
3746,20140328,4,1,12998,220587,0,29.99,9.49,0.0
3747,20140328,1,1,12999,220585,1,49.99,19.49,0.0
3748,20140328,3,2,13000,220588,1,45.99,14.49,0.0
3749,20140328,1,2,13000,220588,0,49.99,19.49,0.0
3750,20140328,1,3,13001,220616,1,49.99,19.49,0.0
3751,20140328,1,1,13002,220632,1,49.99,19.49,0.0
3752,20140328,4,1,13002,220632,0,29.99,9.49,0.0
3753,20140328,1,2,13003,220638,1,49.99,19.49,0.0
3754,20140328,2,7,13004,220661,1,59.99,22.49,0.0
3755,20140328,1,2,13005,220674,1,49.99,19.49,0.0
3756,20140328,4,2,13005,220674,0,29.99,9.49,0.0
3757,20140328,3,1,13006,220675,1,45.99,14.49,45.99
3758,20140328,2,3,13007,220730,1,59.99,22.49,0.0
3759,20140328,1,4,13008,220746,1,49.99,19.49,0.0
3760,20140328,1,2,13009,220759,1,49.99,19.49,0.0
3761,20140328,4,2,13009,220759,0,29.99,9.49,0.0
3762,20140328,1,2,13010,220760,1,49.99,19.49,0.0
3763,20140328,1,1,13011,220762,1,49.99,19.49,49.99
3764,20140328,3,1,13011,220762,0,45.99,14.49,0.0
3765,20140328,1,5,13012,220771,1,49.99,19.49,49.99
3766,20140328,1,2,13013,220799,1,49.99,19.49,0.0
3767,20140328,3,4,13014,220814,1,45.99,14.49,0.0
3768,20140328,1,3,13015,220824,1,49.99,19.49,0.0
3769,20140328,1,1,13016,220849,1,49.99,19.49,0.0
3770,20140328,3,1,13016,220849,0,45.99,14.49,0.0
3771,20140329,3,3,13017,220879,1,45.99,14.49,0.0
3772,20140329,1,3,13018,220882,1,49.99,19.49,0.0
3773,20140329,3,3,13018,220882,0,45.99,14.49,0.0
3774,20140329,1,2,13019,220885,1,49.99,19.49,0.0
3775,20140329,1,2,13020,220891,1,49.99,19.49,0.0
3776,20140329,1,1,13021,220902,1,49.99,19.49,0.0
3777,20140329,1,2,13022,220914,1,49.99,19.49,0.0
3778,20140329,2,1,13023,220925,1,59.99,22.49,0.0
3779,20140329,3,1,13023,220925,0,45.99,14.49,0.0
3780,20140329,3,1,13024,220930,1,45.99,14.49,0.0
3781,20140329,1,1,13025,220962,1,49.99,19.49,0.0
3782,20140329,1,4,13026,220963,1,49.99,19.49,0.0
3783,20140329,2,1,13027,220972,1,59.99,22.49,0.0
3784,20140329,3,2,13028,220988,1,45.99,14.49,45.99
3785,20140329,1,2,13028,220988,0,49.99,19.49,0.0
3786,20140329,1,7,13029,220996,1,49.99,19.49,0.0
3787,20140329,2,4,13030,220997,1,59.99,22.49,0.0
3788,20140329,1,1,13031,221000,1,49.99,19.49,0.0
3789,20140329,1,1,13032,221010,1,49.99,19.49,0.0
3790,20140329,3,1,13032,221010,0,45.99,14.49,0.0
3791,20140329,1,4,13033,221037,1,49.99,19.49,0.0
3792,20140329,3,4,13033,221037,0,45.99,14.49,0.0
3793,20140329,1,2,13034,221042,1,49.99,19.49,0.0
3794,20140329,4,2,13034,221042,0,29.99,9.49,0.0
3795,20140329,1,1,13035,221045,1,49.99,19.49,0.0
3796,20140329,3,1,13036,221058,1,45.99,14.49,0.0
3797,20140329,4,1,13036,221058,0,29.99,9.49,0.0
3798,20140329,1,1,13037,221059,1,49.99,19.49,0.0
3799,20140329,2,1,13038,221064,1,59.99,22.49,0.0
3800,20140329,1,4,13039,221085,1,49.99,19.49,0.0
3801,20140329,1,1,13040,221087,1,49.99,19.49,0.0
3802,20140329,3,9,13041,221090,1,45.99,14.49,0.0
3803,20140330,1,2,13042,221108,1,49.99,19.49,0.0
3804,20140330,3,2,13042,221108,0,45.99,14.49,0.0
3805,20140330,3,1,13043,221112,1,45.99,14.49,0.0
3806,20140330,1,1,13044,221120,1,49.99,19.49,0.0
3807,20140330,1,3,13045,221136,1,49.99,19.49,0.0
3808,20140330,2,3,13045,221136,0,59.99,22.49,0.0
3809,20140330,1,1,13046,221161,1,49.99,19.49,0.0
3810,20140330,1,1,13047,221163,1,49.99,19.49,0.0
3811,20140330,3,2,13048,221171,1,45.99,14.49,0.0
3812,20140330,2,2,13049,221216,1,59.99,22.49,0.0
3813,20140330,4,2,13049,221216,0,29.99,9.49,0.0
3814,20140330,1,3,13050,221240,1,49.99,19.49,0.0
3815,20140330,1,1,13051,221241,1,49.99,19.49,0.0
3816,20140330,4,1,13051,221241,0,29.99,9.49,0.0
3817,20140330,1,1,13052,221251,1,49.99,19.49,0.0
3818,20140330,4,1,13052,221251,0,29.99,9.49,0.0
3819,20140330,1,3,13053,221257,1,49.99,19.49,0.0
3820,20140330,3,3,13053,221257,0,45.99,14.49,0.0
3821,20140330,2,2,13054,221268,1,59.99,22.49,0.0
3822,20140330,4,2,13054,221268,0,29.99,9.49,0.0
3823,20140330,1,1,13055,221283,1,49.99,19.49,0.0
3824,20140330,1,4,13056,221288,1,49.99,19.49,0.0
3825,20140330,1,1,13057,221310,1,49.99,19.49,0.0
3826,20140330,2,1,13058,221328,1,59.99,22.49,0.0
3827,20140330,4,1,13058,221328,0,29.99,9.49,0.0
3828,20140330,1,1,13059,221345,1,49.99,19.49,0.0
3829,20140330,4,1,13059,221345,0,29.99,9.49,0.0
3830,20140330,1,2,13060,221372,1,49.99,19.49,0.0
3831,20140330,3,2,13060,221372,0,45.99,14.49,0.0
3832,20140330,3,2,13061,221390,1,45.99,14.49,0.0
3833,20140330,2,2,13062,221398,1,59.99,22.49,0.0
3834,20140330,3,2,13062,221398,0,45.99,14.49,0.0
3835,20140330,1,1,13063,221401,1,49.99,19.49,0.0
3836,20140330,1,1,13064,221421,1,49.99,19.49,0.0
3837,20140330,1,4,13065,221425,1,49.99,19.49,0.0
3838,20140331,2,5,13066,221487,1,59.99,22.49,0.0
3839,20140331,1,2,13067,221512,1,49.99,19.49,0.0
3840,20140331,4,2,13067,221512,0,29.99,9.49,0.0
3841,20140331,1,7,13068,221523,1,49.99,19.49,0.0
3842,20140331,4,7,13068,221523,0,29.99,9.49,0.0
3843,20140331,1,1,13069,221536,1,49.99,19.49,0.0
3844,20140331,1,1,13070,221554,1,49.99,19.49,0.0
3845,20140331,3,7,13071,221564,1,45.99,14.49,0.0
3846,20140331,1,7,13072,221563,1,49.99,19.49,0.0
3847,20140331,2,7,13072,221563,0,59.99,22.49,0.0
3848,20140331,1,7,13073,221566,1,49.99,19.49,0.0
3849,20140331,1,2,13074,221586,1,49.99,19.49,0.0
3850,20140331,1,3,13075,221598,1,49.99,19.49,0.0
3851,20140331,1,1,13076,221606,1,49.99,19.49,0.0
3852,20140331,1,7,13077,221607,1,49.99,19.49,0.0
3853,20140331,4,7,13077,221607,0,29.99,9.49,0.0
3854,20140331,1,1,13078,221618,1,49.99,19.49,0.0
3855,20140331,1,1,13079,221615,1,49.99,19.49,0.0
3856,20140331,2,1,13080,221620,1,59.99,22.49,0.0
3857,20140331,3,1,13080,221620,0,45.99,14.49,0.0
3858,20140331,1,1,13081,221621,1,49.99,19.49,0.0
3859,20140331,1,4,13082,221648,1,49.99,19.49,0.0
3860,20140331,4,4,13082,221648,0,29.99,9.49,0.0
3861,20140331,1,1,13083,221670,1,49.99,19.49,0.0
3862,20140331,4,1,13083,221670,0,29.99,9.49,0.0
3863,20140331,1,1,13084,221678,1,49.99,19.49,0.0
3864,20140331,3,1,13084,221678,0,45.99,14.49,0.0
3865,20140331,1,3,13085,221688,1,49.99,19.49,0.0
3866,20140331,1,7,13086,221694,1,49.99,19.49,0.0
3867,20140331,1,3,13087,221695,1,49.99,19.49,0.0
3868,20140331,1,1,13088,221718,1,49.99,19.49,0.0
3869,20140331,4,1,13088,221718,0,29.99,9.49,0.0
3870,20140331,3,1,13089,221729,1,45.99,14.49,0.0
3871,20140331,4,1,13089,221729,0,29.99,9.49,0.0
3872,20140331,1,1,13090,221761,1,49.99,19.49,0.0
3873,20140331,2,1,13090,221761,0,59.99,22.49,0.0
3874,20140331,1,1,13091,221795,1,49.99,19.49,0.0
3875,20140331,1,4,13092,221798,1,49.99,19.49,0.0
3876,20140331,1,1,13093,221809,1,49.99,19.49,0.0
3877,20140331,3,1,13094,221828,1,45.99,14.49,0.0
3878,20140331,1,2,13095,221874,1,49.99,19.49,0.0
3879,20140331,1,7,13096,221870,1,49.99,19.49,0.0
3880,20140331,1,1,13097,221883,1,49.99,19.49,0.0
3881,20140331,1,10,13098,221884,1,49.99,19.49,0.0
3882,20140331,1,4,13099,221889,1,49.99,19.49,0.0
3883,20140331,2,4,13100,221970,1,59.99,22.49,0.0
3884,20140331,3,1,13101,221984,1,45.99,14.49,0.0
3885,20140331,1,1,13102,222013,1,49.99,19.49,0.0
3886,20140331,2,1,13102,222013,0,59.99,22.49,0.0
3887,20140401,1,4,13103,222035,1,49.99,19.49,0.0
3888,20140401,3,4,13103,222035,0,45.99,14.49,0.0
3889,20140401,1,1,13104,222051,1,49.99,19.49,0.0
3890,20140401,3,1,13105,222061,1,45.99,14.49,0.0
3891,20140401,3,1,13106,222081,1,45.99,14.49,0.0
3892,20140401,2,1,13106,222081,0,59.99,22.49,0.0
3893,20140401,2,4,13107,222092,1,59.99,22.49,0.0
3894,20140401,3,1,13108,222093,1,45.99,14.49,0.0
3895,20140401,1,1,13108,222093,0,49.99,19.49,0.0
3896,20140401,1,1,13109,222176,1,49.99,19.49,0.0
3897,20140401,1,2,13110,222219,1,49.99,19.49,0.0
3898,20140401,2,1,13111,222237,1,59.99,22.49,0.0
3899,20140401,1,2,13112,222252,1,49.99,19.49,0.0
3900,20140401,1,2,13113,222258,1,49.99,19.49,0.0
3901,20140401,1,1,13114,222260,1,49.99,19.49,0.0
3902,20140401,4,1,13114,222260,0,29.99,9.49,0.0
3903,20140401,1,2,13115,222259,1,49.99,19.49,0.0
3904,20140401,4,2,13115,222259,0,29.99,9.49,0.0
3905,20140401,1,7,13116,222250,1,49.99,19.49,0.0
3906,20140401,1,3,13117,222277,1,49.99,19.49,0.0
3907,20140401,3,3,13117,222277,0,45.99,14.49,0.0
3908,20140401,1,1,13118,222290,1,49.99,19.49,0.0
3909,20140401,1,2,13119,222298,1,49.99,19.49,0.0
3910,20140401,1,7,13120,222362,1,49.99,19.49,0.0
3911,20140401,4,7,13120,222362,0,29.99,9.49,0.0
3912,20140401,1,1,13121,222366,1,49.99,19.49,0.0
3913,20140401,1,2,13122,222370,1,49.99,19.49,0.0
3914,20140401,1,2,13123,222373,1,49.99,19.49,0.0
3915,20140401,1,2,13124,222383,1,49.99,19.49,0.0
3916,20140401,1,2,13125,222430,1,49.99,19.49,0.0
3917,20140401,1,1,13126,222434,1,49.99,19.49,0.0
3918,20140401,3,1,13126,222434,0,45.99,14.49,0.0
3919,20140401,1,2,13127,222440,1,49.99,19.49,0.0
3920,20140401,3,2,13127,222440,0,45.99,14.49,0.0
3921,20140401,3,5,13128,222459,1,45.99,14.49,0.0
3922,20140401,4,5,13128,222459,0,29.99,9.49,0.0
3923,20140401,1,1,13129,222461,1,49.99,19.49,0.0
3924,20140401,1,2,13130,222469,1,49.99,19.49,0.0
3925,20140401,2,2,13130,222469,0,59.99,22.49,0.0
3926,20140401,1,1,13131,222474,1,49.99,19.49,0.0
3927,20140401,1,7,13132,222496,1,49.99,19.49,0.0
3928,20140401,1,1,13133,222525,1,49.99,19.49,0.0
3929,20140401,3,7,13134,222528,1,45.99,14.49,0.0
3930,20140401,2,2,13135,222527,1,59.99,22.49,0.0
3931,20140401,1,1,13136,222546,1,49.99,19.49,0.0
3932,20140401,1,1,13137,222550,1,49.99,19.49,0.0
3933,20140401,1,1,13138,222573,1,49.99,19.49,0.0
3934,20140401,1,5,13139,222572,1,49.99,19.49,0.0
3935,20140401,1,1,13140,222615,1,49.99,19.49,0.0
3936,20140401,1,1,13141,222633,1,49.99,19.49,0.0
3937,20140401,1,4,13142,222652,1,49.99,19.49,0.0
3938,20140401,3,4,13142,222652,0,45.99,14.49,0.0
3939,20140401,1,9,13143,222653,1,49.99,19.49,0.0
3940,20140401,4,9,13143,222653,0,29.99,9.49,0.0
3941,20140401,2,1,13144,222654,1,59.99,22.49,0.0
3942,20140402,1,4,13145,222687,1,49.99,19.49,0.0
3943,20140402,1,1,13146,222735,1,49.99,19.49,0.0
3944,20140402,4,1,13146,222735,0,29.99,9.49,0.0
3945,20140402,1,2,13147,222752,1,49.99,19.49,0.0
3946,20140402,3,1,13148,222766,1,45.99,14.49,0.0
3947,20140402,1,1,13149,222770,1,49.99,19.49,0.0
3948,20140402,1,1,13150,222776,1,49.99,19.49,0.0
3949,20140402,3,10,13151,222778,1,45.99,14.49,0.0
3950,20140402,1,3,13152,222829,1,49.99,19.49,0.0
3951,20140402,1,4,13153,222832,1,49.99,19.49,0.0
3952,20140402,1,7,13154,222844,1,49.99,19.49,0.0
3953,20140402,1,1,13155,222856,1,49.99,19.49,0.0
3954,20140402,1,4,13156,222868,1,49.99,19.49,0.0
3955,20140402,2,4,13156,222868,0,59.99,22.49,0.0
3956,20140402,1,1,13157,222881,1,49.99,19.49,0.0
3957,20140402,4,1,13157,222881,0,29.99,9.49,0.0
3958,20140402,1,10,13158,222888,1,49.99,19.49,0.0
3959,20140402,1,7,13159,222897,1,49.99,19.49,0.0
3960,20140402,1,4,13160,222905,1,49.99,19.49,0.0
3961,20140402,1,3,13161,222907,1,49.99,19.49,49.99
3962,20140402,1,5,13162,222968,1,49.99,19.49,49.99
3963,20140402,4,5,13162,222968,0,29.99,9.49,0.0
3964,20140402,1,4,13163,222996,1,49.99,19.49,0.0
3965,20140402,2,4,13164,223041,1,59.99,22.49,0.0
3966,20140402,4,4,13164,223041,0,29.99,9.49,0.0
3967,20140402,1,9,13165,223053,1,49.99,19.49,0.0
3968,20140402,4,9,13165,223053,0,29.99,9.49,0.0
3969,20140402,2,1,13166,223070,1,59.99,22.49,0.0
3970,20140402,3,2,13167,223071,1,45.99,14.49,0.0
3971,20140402,2,3,13168,223076,1,59.99,22.49,0.0
3972,20140402,1,3,13169,223086,1,49.99,19.49,0.0
3973,20140402,2,1,13170,223088,1,59.99,22.49,0.0
3974,20140402,1,1,13171,223100,1,49.99,19.49,0.0
3975,20140402,4,1,13171,223100,0,29.99,9.49,0.0
3976,20140402,1,2,13172,223104,1,49.99,19.49,49.99
3977,20140402,2,2,13172,223104,0,59.99,22.49,0.0
3978,20140402,3,7,13173,223099,1,45.99,14.49,0.0
3979,20140402,1,7,13174,223124,1,49.99,19.49,0.0
3980,20140402,1,5,13175,223128,1,49.99,19.49,0.0
3981,20140402,4,5,13175,223128,0,29.99,9.49,0.0
3982,20140402,1,1,13176,223150,1,49.99,19.49,0.0
3983,20140402,2,1,13177,223147,1,59.99,22.49,0.0
3984,20140402,1,2,13178,223159,1,49.99,19.49,0.0
3985,20140402,1,1,13179,223170,1,49.99,19.49,0.0
3986,20140402,1,4,13180,223175,1,49.99,19.49,0.0
3987,20140402,4,4,13180,223175,0,29.99,9.49,0.0
3988,20140402,1,4,13181,223191,1,49.99,19.49,0.0
3989,20140402,1,4,13182,223192,1,49.99,19.49,0.0
3990,20140402,2,4,13182,223192,0,59.99,22.49,0.0
3991,20140402,2,10,13183,223215,1,59.99,22.49,0.0
3992,20140402,1,3,13184,223221,1,49.99,19.49,0.0
3993,20140402,4,3,13184,223221,0,29.99,9.49,0.0
3994,20140402,1,2,13185,223239,1,49.99,19.49,0.0
3995,20140402,2,2,13186,223252,1,59.99,22.49,0.0
3996,20140402,3,4,13187,223259,1,45.99,14.49,0.0
3997,20140402,1,3,13188,223268,1,49.99,19.49,0.0
3998,20140402,1,2,13189,223285,1,49.99,19.49,0.0
3999,20140402,2,2,13190,223291,1,59.99,22.49,0.0
4000,20140402,2,2,13191,223299,1,59.99,22.49,0.0
4001,20140402,2,1,13192,223304,1,59.99,22.49,0.0
4002,20140402,4,1,13192,223304,0,29.99,9.49,0.0
4003,20140402,1,2,13193,223303,1,49.99,19.49,0.0
4004,20140402,1,3,13194,223317,1,49.99,19.49,0.0
4005,20140402,1,3,13195,223332,1,49.99,19.49,0.0
4006,20140402,1,4,13196,223336,1,49.99,19.49,0.0
4007,20140402,1,1,13197,223340,1,49.99,19.49,0.0
4008,20140403,2,1,13198,223370,1,59.99,22.49,0.0
4009,20140403,1,5,13199,223406,1,49.99,19.49,0.0
4010,20140403,3,4,13200,223418,1,45.99,14.49,0.0
4011,20140403,1,4,13200,223418,0,49.99,19.49,0.0
4012,20140403,1,1,13201,223430,1,49.99,19.49,0.0
4013,20140403,1,4,13202,223431,1,49.99,19.49,0.0
4014,20140403,3,1,13203,223443,1,45.99,14.49,0.0
4015,20140403,1,2,13204,223442,1,49.99,19.49,0.0
4016,20140403,2,3,13205,223449,1,59.99,22.49,0.0
4017,20140403,1,5,13206,223458,1,49.99,19.49,49.99
4018,20140403,1,2,13207,223465,1,49.99,19.49,0.0
4019,20140403,4,2,13207,223465,0,29.99,9.49,0.0
4020,20140403,1,6,13208,223474,1,49.99,19.49,0.0
4021,20140403,1,1,13209,223477,1,49.99,19.49,0.0
4022,20140403,2,1,13209,223477,0,59.99,22.49,0.0
4023,20140403,1,2,13210,223478,1,49.99,19.49,0.0
4024,20140403,4,2,13210,223478,0,29.99,9.49,0.0
4025,20140403,3,1,13211,223489,1,45.99,14.49,0.0
4026,20140403,1,9,13212,223490,1,49.99,19.49,0.0
4027,20140403,3,4,13213,223504,1,45.99,14.49,0.0
4028,20140403,1,2,13214,223549,1,49.99,19.49,0.0
4029,20140403,1,3,13215,223562,1,49.99,19.49,0.0
4030,20140403,1,4,13216,223561,1,49.99,19.49,0.0
4031,20140403,1,1,13217,223592,1,49.99,19.49,0.0
4032,20140403,2,1,13217,223592,0,59.99,22.49,0.0
4033,20140403,2,1,13218,223595,1,59.99,22.49,0.0
4034,20140403,1,1,13219,223615,1,49.99,19.49,0.0
4035,20140403,1,1,13220,223647,1,49.99,19.49,0.0
4036,20140403,1,9,13221,223649,1,49.99,19.49,0.0
4037,20140403,3,9,13221,223649,0,45.99,14.49,0.0
4038,20140403,1,4,13222,223654,1,49.99,19.49,0.0
4039,20140403,2,1,13223,223680,1,59.99,22.49,0.0
4040,20140403,1,1,13224,223701,1,49.99,19.49,0.0
4041,20140403,4,1,13224,223701,0,29.99,9.49,0.0
4042,20140403,1,3,13225,223726,1,49.99,19.49,0.0
4043,20140403,2,3,13225,223726,0,59.99,22.49,0.0
4044,20140403,1,1,13226,223725,1,49.99,19.49,0.0
4045,20140403,1,1,13227,223745,1,49.99,19.49,49.99
4046,20140403,1,1,13228,223747,1,49.99,19.49,0.0
4047,20140403,1,1,13229,223750,1,49.99,19.49,0.0
4048,20140403,1,3,13230,223752,1,49.99,19.49,0.0
4049,20140403,1,1,13231,223783,1,49.99,19.49,0.0
4050,20140403,1,3,13232,223794,1,49.99,19.49,0.0
4051,20140403,1,2,13233,223810,1,49.99,19.49,0.0
4052,20140403,1,5,13234,223813,1,49.99,19.49,0.0
4053,20140403,2,5,13234,223813,0,59.99,22.49,0.0
4054,20140403,1,1,13235,223815,1,49.99,19.49,0.0
4055,20140403,4,1,13235,223815,0,29.99,9.49,0.0
4056,20140403,1,1,13236,223830,1,49.99,19.49,0.0
4057,20140403,4,1,13236,223830,0,29.99,9.49,0.0
4058,20140403,1,1,13237,223853,1,49.99,19.49,0.0
4059,20140403,1,1,13238,223869,1,49.99,19.49,0.0
4060,20140403,4,1,13238,223869,0,29.99,9.49,0.0
4061,20140403,1,2,13239,223935,1,49.99,19.49,0.0
4062,20140403,1,1,13240,223942,1,49.99,19.49,0.0
4063,20140403,3,1,13240,223942,0,45.99,14.49,0.0
4064,20140403,1,4,13241,223972,1,49.99,19.49,0.0
4065,20140403,3,4,13241,223972,0,45.99,14.49,0.0
4066,20140404,1,1,13242,223983,1,49.99,19.49,0.0
4067,20140404,4,1,13242,223983,0,29.99,9.49,0.0
4068,20140404,3,1,13243,223986,1,45.99,14.49,0.0
4069,20140404,1,3,13244,224006,1,49.99,19.49,0.0
4070,20140404,4,3,13244,224006,0,29.99,9.49,0.0
4071,20140404,3,9,13245,224012,1,45.99,14.49,0.0
4072,20140404,1,7,13246,224014,1,49.99,19.49,0.0
4073,20140404,3,2,13247,224019,1,45.99,14.49,0.0
4074,20140404,1,2,13247,224019,0,49.99,19.49,0.0
4075,20140404,1,1,13248,224030,1,49.99,19.49,0.0
4076,20140404,1,3,13249,224065,1,49.99,19.49,0.0
4077,20140404,1,1,13250,224141,1,49.99,19.49,0.0
4078,20140404,1,1,13251,224165,1,49.99,19.49,0.0
4079,20140404,1,1,13252,224196,1,49.99,19.49,0.0
4080,20140404,3,1,13253,224212,1,45.99,14.49,0.0
4081,20140404,1,1,13253,224212,0,49.99,19.49,0.0
4082,20140404,1,1,13254,224223,1,49.99,19.49,0.0
4083,20140404,1,3,13255,224220,1,49.99,19.49,0.0
4084,20140404,1,4,13256,224224,1,49.99,19.49,0.0
4085,20140404,1,1,13257,224226,1,49.99,19.49,0.0
4086,20140404,1,1,13258,224284,1,49.99,19.49,0.0
4087,20140404,1,1,13259,224305,1,49.99,19.49,0.0
4088,20140404,1,2,13260,224316,1,49.99,19.49,0.0
4089,20140404,1,2,13261,224317,1,49.99,19.49,0.0
4090,20140404,1,2,13262,224322,1,49.99,19.49,0.0
4091,20140404,3,1,13263,224338,1,45.99,14.49,0.0
4092,20140404,1,1,13264,224369,1,49.99,19.49,0.0
4093,20140404,1,6,13265,224389,1,49.99,19.49,0.0
4094,20140404,4,6,13265,224389,0,29.99,9.49,0.0
4095,20140404,1,3,13266,224393,1,49.99,19.49,0.0
4096,20140404,1,7,13267,224417,1,49.99,19.49,0.0
4097,20140404,1,1,13268,224423,1,49.99,19.49,0.0
4098,20140404,4,1,13268,224423,0,29.99,9.49,0.0
4099,20140404,2,1,13269,224446,1,59.99,22.49,0.0
4100,20140404,1,3,13270,224448,1,49.99,19.49,0.0
4101,20140404,1,1,13271,224472,1,49.99,19.49,0.0
4102,20140404,4,1,13271,224472,0,29.99,9.49,0.0
4103,20140404,1,1,13272,224477,1,49.99,19.49,0.0
4104,20140404,4,1,13272,224477,0,29.99,9.49,0.0
4105,20140404,1,7,13273,224482,1,49.99,19.49,0.0
4106,20140404,1,1,13274,224488,1,49.99,19.49,0.0
4107,20140404,1,1,13275,224493,1,49.99,19.49,0.0
4108,20140404,4,1,13275,224493,0,29.99,9.49,0.0
4109,20140404,2,1,13276,224498,1,59.99,22.49,0.0
4110,20140404,2,1,13277,224516,1,59.99,22.49,0.0
4111,20140404,3,2,13278,224519,1,45.99,14.49,0.0
4112,20140404,1,7,13279,224539,1,49.99,19.49,0.0
4113,20140404,3,7,13279,224539,0,45.99,14.49,0.0
4114,20140404,1,3,13280,224544,1,49.99,19.49,0.0
4115,20140404,1,3,13281,224546,1,49.99,19.49,0.0
4116,20140404,1,3,13282,224549,1,49.99,19.49,0.0
4117,20140404,4,3,13282,224549,0,29.99,9.49,0.0
4118,20140404,1,5,13283,224584,1,49.99,19.49,0.0
4119,20140405,1,4,13284,224594,1,49.99,19.49,0.0
4120,20140405,4,4,13284,224594,0,29.99,9.49,0.0
4121,20140405,1,1,13285,224605,1,49.99,19.49,49.99
4122,20140405,3,1,13286,224610,1,45.99,14.49,0.0
4123,20140405,1,1,13287,224612,1,49.99,19.49,0.0
4124,20140405,3,1,13287,224612,0,45.99,14.49,0.0
4125,20140405,3,1,13288,224634,1,45.99,14.49,0.0
4126,20140405,3,7,13289,224652,1,45.99,14.49,0.0
4127,20140405,4,7,13289,224652,0,29.99,9.49,0.0
4128,20140405,1,4,13290,224687,1,49.99,19.49,0.0
4129,20140405,2,7,13291,224692,1,59.99,22.49,0.0
4130,20140405,4,7,13291,224692,0,29.99,9.49,0.0
4131,20140405,1,2,13292,224703,1,49.99,19.49,0.0
4132,20140405,1,3,13293,224710,1,49.99,19.49,49.99
4133,20140405,3,3,13293,224710,0,45.99,14.49,0.0
4134,20140405,1,2,13294,224712,1,49.99,19.49,0.0
4135,20140405,2,2,13294,224712,0,59.99,22.49,0.0
4136,20140405,1,2,13295,224762,1,49.99,19.49,0.0
4137,20140405,1,4,13296,224766,1,49.99,19.49,0.0
4138,20140405,1,1,13297,224787,1,49.99,19.49,0.0
4139,20140405,4,1,13297,224787,0,29.99,9.49,0.0
4140,20140405,1,7,13298,224812,1,49.99,19.49,0.0
4141,20140405,3,7,13298,224812,0,45.99,14.49,0.0
4142,20140405,1,1,13299,224823,1,49.99,19.49,0.0
4143,20140405,3,1,13299,224823,0,45.99,14.49,0.0
4144,20140405,1,4,13300,224842,1,49.99,19.49,0.0
4145,20140405,4,4,13300,224842,0,29.99,9.49,0.0
4146,20140405,1,1,13301,224845,1,49.99,19.49,0.0
4147,20140405,4,1,13301,224845,0,29.99,9.49,0.0
4148,20140405,1,2,13302,224853,1,49.99,19.49,0.0
4149,20140405,4,2,13302,224853,0,29.99,9.49,0.0
4150,20140405,3,2,13303,224856,1,45.99,14.49,0.0
4151,20140405,1,1,13304,224862,1,49.99,19.49,0.0
4152,20140405,2,1,13304,224862,0,59.99,22.49,0.0
4153,20140405,3,1,13305,224886,1,45.99,14.49,0.0
4154,20140405,2,1,13306,224889,1,59.99,22.49,0.0
4155,20140405,4,1,13306,224889,0,29.99,9.49,0.0
4156,20140405,3,7,13307,224893,1,45.99,14.49,0.0
4157,20140405,4,7,13307,224893,0,29.99,9.49,0.0
4158,20140406,3,1,13308,224900,1,45.99,14.49,0.0
4159,20140406,1,1,13309,224902,1,49.99,19.49,0.0
4160,20140406,3,1,13309,224902,0,45.99,14.49,0.0
4161,20140406,2,3,13310,224919,1,59.99,22.49,0.0
4162,20140406,4,3,13310,224919,0,29.99,9.49,0.0
4163,20140406,1,1,13311,224953,1,49.99,19.49,0.0
4164,20140406,3,2,13312,224957,1,45.99,14.49,0.0
4165,20140406,3,1,13313,225011,1,45.99,14.49,0.0
4166,20140406,1,4,13314,225025,1,49.99,19.49,0.0
4167,20140406,4,4,13314,225025,0,29.99,9.49,0.0
4168,20140406,2,1,13315,225032,1,59.99,22.49,0.0
4169,20140406,1,1,13316,225044,1,49.99,19.49,0.0
4170,20140406,2,4,13317,225052,1,59.99,22.49,0.0
4171,20140406,2,2,13318,225065,1,59.99,22.49,0.0
4172,20140406,1,9,13319,225123,1,49.99,19.49,0.0
4173,20140406,1,4,13320,225125,1,49.99,19.49,0.0
4174,20140406,1,6,13321,225155,1,49.99,19.49,0.0
4175,20140406,4,6,13321,225155,0,29.99,9.49,0.0
4176,20140406,2,3,13322,225162,1,59.99,22.49,0.0
4177,20140406,2,4,13323,225169,1,59.99,22.49,0.0
4178,20140406,1,1,13324,225175,1,49.99,19.49,49.99
4179,20140406,3,2,13325,225214,1,45.99,14.49,0.0
4180,20140406,1,1,13326,225227,1,49.99,19.49,0.0
4181,20140406,4,1,13326,225227,0,29.99,9.49,0.0
4182,20140407,2,4,13327,225238,1,59.99,22.49,0.0
4183,20140407,1,1,13328,225239,1,49.99,19.49,0.0
4184,20140407,3,1,13329,225253,1,45.99,14.49,0.0
4185,20140407,4,1,13329,225253,0,29.99,9.49,0.0
4186,20140407,1,2,13330,225259,1,49.99,19.49,0.0
4187,20140407,3,3,13331,225272,1,45.99,14.49,0.0
4188,20140407,1,10,13332,225289,1,49.99,19.49,0.0
4189,20140407,1,2,13333,225304,1,49.99,19.49,0.0
4190,20140407,3,2,13333,225304,0,45.99,14.49,0.0
4191,20140407,3,1,13334,225306,1,45.99,14.49,0.0
4192,20140407,1,1,13335,225324,1,49.99,19.49,0.0
4193,20140407,4,1,13335,225324,0,29.99,9.49,0.0
4194,20140407,1,1,13336,225375,1,49.99,19.49,0.0
4195,20140407,3,1,13337,225380,1,45.99,14.49,0.0
4196,20140407,1,2,13338,225394,1,49.99,19.49,0.0
4197,20140407,1,1,13339,225391,1,49.99,19.49,0.0
4198,20140407,3,1,13339,225391,0,45.99,14.49,45.99
4199,20140407,1,2,13340,225419,1,49.99,19.49,0.0
4200,20140407,3,2,13340,225419,0,45.99,14.49,0.0
4201,20140407,3,1,13341,225435,1,45.99,14.49,0.0
4202,20140407,4,1,13341,225435,0,29.99,9.49,0.0
4203,20140407,1,1,13342,225458,1,49.99,19.49,0.0
4204,20140407,4,1,13342,225458,0,29.99,9.49,0.0
4205,20140407,2,9,13343,225461,1,59.99,22.49,0.0
4206,20140407,1,2,13344,225471,1,49.99,19.49,0.0
4207,20140407,3,2,13344,225471,0,45.99,14.49,0.0
4208,20140407,1,2,13345,225482,1,49.99,19.49,49.99
4209,20140407,1,1,13346,225496,1,49.99,19.49,0.0
4210,20140407,1,2,13347,225511,1,49.99,19.49,0.0
4211,20140407,1,1,13348,225513,1,49.99,19.49,0.0
4212,20140407,1,1,13349,225519,1,49.99,19.49,0.0
4213,20140407,4,1,13349,225519,0,29.99,9.49,0.0
4214,20140407,1,10,13350,225548,1,49.99,19.49,0.0
4215,20140407,3,2,13351,225570,1,45.99,14.49,0.0
4216,20140407,1,2,13352,225586,1,49.99,19.49,0.0
4217,20140407,3,9,13353,225611,1,45.99,14.49,0.0
4218,20140407,4,9,13353,225611,0,29.99,9.49,0.0
4219,20140407,1,3,13354,225655,1,49.99,19.49,0.0
4220,20140407,4,3,13354,225655,0,29.99,9.49,0.0
4221,20140407,3,1,13355,225671,1,45.99,14.49,0.0
4222,20140407,4,1,13355,225671,0,29.99,9.49,0.0
4223,20140407,1,1,13356,225676,1,49.99,19.49,0.0
4224,20140407,4,1,13356,225676,0,29.99,9.49,0.0
4225,20140407,1,1,13357,225683,1,49.99,19.49,0.0
4226,20140407,1,1,13358,225702,1,49.99,19.49,0.0
4227,20140407,1,2,13359,225750,1,49.99,19.49,0.0
4228,20140407,1,1,13360,225773,1,49.99,19.49,49.99
4229,20140407,4,1,13360,225773,0,29.99,9.49,0.0
4230,20140407,1,1,13361,225788,1,49.99,19.49,49.99
4231,20140407,3,1,13361,225788,0,45.99,14.49,0.0
4232,20140407,1,2,13362,225797,1,49.99,19.49,0.0
4233,20140407,1,1,13363,225802,1,49.99,19.49,49.99
4234,20140407,2,10,13364,225825,1,59.99,22.49,0.0
4235,20140407,3,1,13365,225830,1,45.99,14.49,0.0
4236,20140407,1,1,13365,225830,0,49.99,19.49,0.0
4237,20140407,1,3,13366,225840,1,49.99,19.49,0.0
4238,20140407,1,1,13367,225878,1,49.99,19.49,0.0
4239,20140408,1,4,13368,225929,1,49.99,19.49,0.0
4240,20140408,4,4,13368,225929,0,29.99,9.49,0.0
4241,20140408,1,2,13369,225933,1,49.99,19.49,0.0
4242,20140408,1,1,13370,225942,1,49.99,19.49,0.0
4243,20140408,4,1,13370,225942,0,29.99,9.49,0.0
4244,20140408,1,1,13371,225943,1,49.99,19.49,0.0
4245,20140408,1,1,13372,225952,1,49.99,19.49,49.99
4246,20140408,1,4,13373,225958,1,49.99,19.49,0.0
4247,20140408,1,10,13374,225961,1,49.99,19.49,0.0
4248,20140408,3,1,13375,225988,1,45.99,14.49,0.0
4249,20140408,1,3,13376,225992,1,49.99,19.49,0.0
4250,20140408,1,1,13377,225999,1,49.99,19.49,0.0
4251,20140408,4,1,13377,225999,0,29.99,9.49,0.0
4252,20140408,1,4,13378,226006,1,49.99,19.49,0.0
4253,20140408,4,4,13378,226006,0,29.99,9.49,0.0
4254,20140408,1,1,13379,226024,1,49.99,19.49,0.0
4255,20140408,4,1,13379,226024,0,29.99,9.49,0.0
4256,20140408,1,1,13380,226046,1,49.99,19.49,0.0
4257,20140408,2,1,13381,226050,1,59.99,22.49,0.0
4258,20140408,1,1,13382,226066,1,49.99,19.49,0.0
4259,20140408,1,2,13383,226074,1,49.99,19.49,0.0
4260,20140408,3,2,13383,226074,0,45.99,14.49,0.0
4261,20140408,1,4,13384,226082,1,49.99,19.49,0.0
4262,20140408,1,2,13385,226098,1,49.99,19.49,0.0
4263,20140408,1,2,13386,226152,1,49.99,19.49,0.0
4264,20140408,1,7,13387,226159,1,49.99,19.49,0.0
4265,20140408,3,4,13388,226234,1,45.99,14.49,0.0
4266,20140408,1,4,13388,226234,0,49.99,19.49,0.0
4267,20140408,1,5,13389,226237,1,49.99,19.49,49.99
4268,20140408,4,5,13389,226237,0,29.99,9.49,0.0
4269,20140408,1,1,13390,226255,1,49.99,19.49,0.0
4270,20140408,2,1,13390,226255,0,59.99,22.49,0.0
4271,20140408,1,1,13391,226272,1,49.99,19.49,0.0
4272,20140408,4,1,13391,226272,0,29.99,9.49,0.0
4273,20140408,1,3,13392,226284,1,49.99,19.49,0.0
4274,20140408,1,2,13393,226288,1,49.99,19.49,0.0
4275,20140408,4,2,13393,226288,0,29.99,9.49,0.0
4276,20140408,1,7,13394,226307,1,49.99,19.49,0.0
4277,20140408,2,1,13395,226316,1,59.99,22.49,0.0
4278,20140408,2,1,13396,226322,1,59.99,22.49,0.0
4279,20140408,1,9,13397,226349,1,49.99,19.49,0.0
4280,20140408,1,5,13398,226352,1,49.99,19.49,0.0
4281,20140408,2,5,13398,226352,0,59.99,22.49,0.0
4282,20140408,1,4,13399,226355,1,49.99,19.49,0.0
4283,20140408,2,1,13400,226368,1,59.99,22.49,0.0
4284,20140408,1,4,13401,226377,1,49.99,19.49,0.0
4285,20140408,1,1,13402,226393,1,49.99,19.49,0.0
4286,20140408,3,2,13403,226391,1,45.99,14.49,0.0
4287,20140408,2,1,13404,226415,1,59.99,22.49,0.0
4288,20140408,1,1,13405,226444,1,49.99,19.49,0.0
4289,20140408,1,2,13406,226450,1,49.99,19.49,0.0
4290,20140408,1,2,13407,226467,1,49.99,19.49,0.0
4291,20140408,1,2,13408,226513,1,49.99,19.49,0.0
4292,20140408,3,2,13408,226513,0,45.99,14.49,0.0
4293,20140408,1,2,13409,226522,1,49.99,19.49,0.0
4294,20140408,2,4,13410,226523,1,59.99,22.49,0.0
4295,20140408,3,2,13411,226532,1,45.99,14.49,0.0
4296,20140408,1,2,13412,226537,1,49.99,19.49,0.0
4297,20140409,3,4,13413,226571,1,45.99,14.49,0.0
4298,20140409,1,4,13414,226585,1,49.99,19.49,0.0
4299,20140409,2,4,13414,226585,0,59.99,22.49,0.0
4300,20140409,3,4,13415,226590,1,45.99,14.49,0.0
4301,20140409,1,2,13416,226665,1,49.99,19.49,0.0
4302,20140409,1,1,13417,226680,1,49.99,19.49,0.0
4303,20140409,1,1,13418,226696,1,49.99,19.49,0.0
4304,20140409,1,1,13419,226697,1,49.99,19.49,0.0
4305,20140409,2,1,13420,226710,1,59.99,22.49,0.0
4306,20140409,1,1,13421,226709,1,49.99,19.49,0.0
4307,20140409,1,4,13422,226760,1,49.99,19.49,0.0
4308,20140409,4,4,13422,226760,0,29.99,9.49,0.0
4309,20140409,1,4,13423,226764,1,49.99,19.49,0.0
4310,20140409,4,4,13423,226764,0,29.99,9.49,0.0
4311,20140409,1,2,13424,226774,1,49.99,19.49,0.0
4312,20140409,4,2,13424,226774,0,29.99,9.49,0.0
4313,20140409,1,1,13425,226832,1,49.99,19.49,0.0
4314,20140409,1,7,13426,226846,1,49.99,19.49,0.0
4315,20140409,1,1,13427,226849,1,49.99,19.49,0.0
4316,20140409,1,1,13428,226857,1,49.99,19.49,0.0
4317,20140409,1,2,13429,226856,1,49.99,19.49,0.0
4318,20140409,1,4,13430,226865,1,49.99,19.49,0.0
4319,20140409,4,4,13430,226865,0,29.99,9.49,0.0
4320,20140409,2,1,13431,226876,1,59.99,22.49,0.0
4321,20140409,3,1,13432,226888,1,45.99,14.49,0.0
4322,20140409,1,1,13433,226920,1,49.99,19.49,0.0
4323,20140409,2,1,13434,226934,1,59.99,22.49,0.0
4324,20140409,4,1,13434,226934,0,29.99,9.49,0.0
4325,20140409,1,7,13435,226956,1,49.99,19.49,0.0
4326,20140409,1,1,13436,226974,1,49.99,19.49,0.0
4327,20140409,1,1,13437,227008,1,49.99,19.49,0.0
4328,20140409,3,2,13438,227016,1,45.99,14.49,0.0
4329,20140409,1,1,13439,227024,1,49.99,19.49,0.0
4330,20140409,1,1,13440,227047,1,49.99,19.49,0.0
4331,20140409,1,1,13441,227059,1,49.99,19.49,0.0
4332,20140409,1,2,13442,227074,1,49.99,19.49,0.0
4333,20140409,1,2,13443,227110,1,49.99,19.49,0.0
4334,20140409,1,1,13444,227115,1,49.99,19.49,0.0
4335,20140409,3,1,13445,227123,1,45.99,14.49,0.0
4336,20140409,1,2,13446,227131,1,49.99,19.49,0.0
4337,20140409,3,2,13446,227131,0,45.99,14.49,0.0
4338,20140409,1,1,13447,227148,1,49.99,19.49,0.0
4339,20140409,3,1,13447,227148,0,45.99,14.49,0.0
4340,20140409,1,1,13448,227172,1,49.99,19.49,0.0
4341,20140409,4,1,13448,227172,0,29.99,9.49,0.0
4342,20140409,3,1,13449,227183,1,45.99,14.49,0.0
4343,20140409,4,1,13449,227183,0,29.99,9.49,0.0
4344,20140409,2,1,13450,227184,1,59.99,22.49,0.0
4345,20140409,1,1,13451,227193,1,49.99,19.49,0.0
4346,20140409,2,1,13452,227211,1,59.99,22.49,0.0
4347,20140409,3,1,13453,227267,1,45.99,14.49,0.0
4348,20140409,1,1,13453,227267,0,49.99,19.49,0.0
4349,20140409,1,4,13454,227280,1,49.99,19.49,0.0
4350,20140409,3,4,13454,227280,0,45.99,14.49,0.0
4351,20140409,1,1,13455,227306,1,49.99,19.49,0.0
4352,20140409,4,1,13455,227306,0,29.99,9.49,0.0
4353,20140410,1,1,13456,227338,1,49.99,19.49,0.0
4354,20140410,1,1,13457,227369,1,49.99,19.49,0.0
4355,20140410,1,1,13458,227424,1,49.99,19.49,49.99
4356,20140410,2,1,13459,227425,1,59.99,22.49,0.0
4357,20140410,2,6,13460,227448,1,59.99,22.49,0.0
4358,20140410,1,1,13461,227457,1,49.99,19.49,0.0
4359,20140410,1,1,13462,227471,1,49.99,19.49,0.0
4360,20140410,4,1,13462,227471,0,29.99,9.49,0.0
4361,20140410,3,2,13463,227469,1,45.99,14.49,0.0
4362,20140410,1,7,13464,227486,1,49.99,19.49,0.0
4363,20140410,1,5,13465,227491,1,49.99,19.49,0.0
4364,20140410,4,5,13465,227491,0,29.99,9.49,0.0
4365,20140410,2,9,13466,227490,1,59.99,22.49,0.0
4366,20140410,1,4,13467,227492,1,49.99,19.49,0.0
4367,20140410,4,4,13467,227492,0,29.99,9.49,0.0
4368,20140410,2,2,13468,227501,1,59.99,22.49,0.0
4369,20140410,2,4,13469,227506,1,59.99,22.49,0.0
4370,20140410,1,1,13470,227515,1,49.99,19.49,0.0
4371,20140410,1,1,13471,227518,1,49.99,19.49,0.0
4372,20140410,1,1,13472,227540,1,49.99,19.49,0.0
4373,20140410,3,3,13473,227535,1,45.99,14.49,0.0
4374,20140410,1,1,13474,227537,1,49.99,19.49,0.0
4375,20140410,1,1,13475,227593,1,49.99,19.49,0.0
4376,20140410,1,3,13476,227611,1,49.99,19.49,0.0
4377,20140410,3,1,13477,227615,1,45.99,14.49,0.0
4378,20140410,3,1,13478,227621,1,45.99,14.49,0.0
4379,20140410,1,1,13479,227642,1,49.99,19.49,0.0
4380,20140410,4,1,13479,227642,0,29.99,9.49,0.0
4381,20140410,1,2,13480,227677,1,49.99,19.49,0.0
4382,20140410,1,1,13481,227725,1,49.99,19.49,0.0
4383,20140410,2,2,13482,227745,1,59.99,22.49,0.0
4384,20140410,1,2,13482,227745,0,49.99,19.49,0.0
4385,20140410,2,1,13483,227744,1,59.99,22.49,0.0
4386,20140410,1,2,13484,227753,1,49.99,19.49,0.0
4387,20140410,3,1,13485,227764,1,45.99,14.49,0.0
4388,20140410,2,3,13486,227769,1,59.99,22.49,0.0
4389,20140410,1,1,13487,227773,1,49.99,19.49,0.0
4390,20140410,1,9,13488,227776,1,49.99,19.49,0.0
4391,20140410,4,9,13488,227776,0,29.99,9.49,0.0
4392,20140410,3,1,13489,227787,1,45.99,14.49,45.99
4393,20140410,1,2,13490,227798,1,49.99,19.49,0.0
4394,20140410,4,2,13490,227798,0,29.99,9.49,0.0
4395,20140410,1,1,13491,227814,1,49.99,19.49,0.0
4396,20140410,4,1,13491,227814,0,29.99,9.49,0.0
4397,20140410,1,1,13492,227818,1,49.99,19.49,0.0
4398,20140410,1,1,13493,227823,1,49.99,19.49,0.0
4399,20140410,1,4,13494,227891,1,49.99,19.49,0.0
4400,20140410,1,3,13495,227896,1,49.99,19.49,0.0
4401,20140410,1,3,13496,227893,1,49.99,19.49,0.0
4402,20140410,3,10,13497,227901,1,45.99,14.49,0.0
4403,20140410,2,3,13498,227912,1,59.99,22.49,0.0
4404,20140410,3,1,13499,227933,1,45.99,14.49,0.0
4405,20140410,4,1,13499,227933,0,29.99,9.49,0.0
4406,20140410,1,4,13500,227946,1,49.99,19.49,0.0
4407,20140410,4,4,13500,227946,0,29.99,9.49,0.0
4408,20140410,1,4,13501,227983,1,49.99,19.49,0.0
4409,20140410,1,7,13502,227990,1,49.99,19.49,0.0
4410,20140410,3,7,13502,227990,0,45.99,14.49,0.0
4411,20140410,1,7,13503,228016,1,49.99,19.49,49.99
4412,20140410,1,2,13504,228029,1,49.99,19.49,0.0
4413,20140410,4,2,13504,228029,0,29.99,9.49,0.0
4414,20140411,2,1,13505,228102,1,59.99,22.49,0.0
4415,20140411,1,3,13506,228105,1,49.99,19.49,0.0
4416,20140411,1,5,13507,228110,1,49.99,19.49,0.0
4417,20140411,1,7,13508,228119,1,49.99,19.49,0.0
4418,20140411,4,7,13508,228119,0,29.99,9.49,0.0
4419,20140411,1,1,13509,228125,1,49.99,19.49,0.0
4420,20140411,4,1,13509,228125,0,29.99,9.49,0.0
4421,20140411,1,4,13510,228193,1,49.99,19.49,0.0
4422,20140411,3,1,13511,228250,1,45.99,14.49,0.0
4423,20140411,2,1,13512,228253,1,59.99,22.49,0.0
4424,20140411,2,4,13513,228259,1,59.99,22.49,0.0
4425,20140411,4,4,13513,228259,0,29.99,9.49,0.0
4426,20140411,1,1,13514,228266,1,49.99,19.49,0.0
4427,20140411,2,1,13514,228266,0,59.99,22.49,0.0
4428,20140411,1,7,13515,228294,1,49.99,19.49,0.0
4429,20140411,3,2,13516,228318,1,45.99,14.49,45.99
4430,20140411,1,1,13517,228327,1,49.99,19.49,0.0
4431,20140411,4,1,13517,228327,0,29.99,9.49,0.0
4432,20140411,1,2,13518,228337,1,49.99,19.49,0.0
4433,20140411,4,2,13518,228337,0,29.99,9.49,0.0
4434,20140411,2,5,13519,228353,1,59.99,22.49,0.0
4435,20140411,1,1,13520,228373,1,49.99,19.49,0.0
4436,20140411,1,2,13521,228391,1,49.99,19.49,0.0
4437,20140411,1,1,13522,228412,1,49.99,19.49,0.0
4438,20140411,4,1,13522,228412,0,29.99,9.49,0.0
4439,20140411,3,3,13523,228428,1,45.99,14.49,0.0
4440,20140411,2,1,13524,228424,1,59.99,22.49,0.0
4441,20140411,1,4,13525,228442,1,49.99,19.49,0.0
4442,20140411,1,1,13526,228443,1,49.99,19.49,0.0
4443,20140411,1,2,13527,228451,1,49.99,19.49,0.0
4444,20140411,1,4,13528,228464,1,49.99,19.49,0.0
4445,20140411,1,1,13529,228482,1,49.99,19.49,0.0
4446,20140411,1,3,13530,228491,1,49.99,19.49,0.0
4447,20140411,3,3,13530,228491,0,45.99,14.49,0.0
4448,20140411,1,2,13531,228494,1,49.99,19.49,0.0
4449,20140411,1,1,13532,228503,1,49.99,19.49,0.0
4450,20140411,3,1,13533,228527,1,45.99,14.49,0.0
4451,20140411,2,1,13534,228539,1,59.99,22.49,0.0
4452,20140411,1,1,13535,228544,1,49.99,19.49,0.0
4453,20140411,3,1,13535,228544,0,45.99,14.49,0.0
4454,20140411,3,1,13536,228550,1,45.99,14.49,0.0
4455,20140411,4,1,13536,228550,0,29.99,9.49,0.0
4456,20140411,3,1,13537,228558,1,45.99,14.49,0.0
4457,20140411,3,2,13538,228563,1,45.99,14.49,0.0
4458,20140411,1,4,13539,228571,1,49.99,19.49,0.0
4459,20140411,1,1,13540,228572,1,49.99,19.49,0.0
4460,20140411,3,1,13540,228572,0,45.99,14.49,0.0
4461,20140411,1,1,13541,228589,1,49.99,19.49,0.0
4462,20140411,1,1,13542,228654,1,49.99,19.49,0.0
4463,20140411,1,2,13543,228663,1,49.99,19.49,0.0
4464,20140411,3,2,13544,228670,1,45.99,14.49,0.0
4465,20140412,1,1,13545,228691,1,49.99,19.49,0.0
4466,20140412,3,1,13545,228691,0,45.99,14.49,0.0
4467,20140412,1,1,13546,228697,1,49.99,19.49,0.0
4468,20140412,1,1,13547,228724,1,49.99,19.49,0.0
4469,20140412,1,1,13548,228730,1,49.99,19.49,0.0
4470,20140412,1,1,13549,228736,1,49.99,19.49,0.0
4471,20140412,4,1,13549,228736,0,29.99,9.49,0.0
4472,20140412,1,1,13550,228746,1,49.99,19.49,0.0
4473,20140412,2,9,13551,228771,1,59.99,22.49,0.0
4474,20140412,1,7,13552,228789,1,49.99,19.49,0.0
4475,20140412,4,7,13552,228789,0,29.99,9.49,0.0
4476,20140412,1,1,13553,228860,1,49.99,19.49,0.0
4477,20140412,1,1,13554,228897,1,49.99,19.49,0.0
4478,20140412,1,7,13555,228918,1,49.99,19.49,0.0
4479,20140412,3,7,13555,228918,0,45.99,14.49,0.0
4480,20140412,1,1,13556,228931,1,49.99,19.49,0.0
4481,20140412,4,1,13556,228931,0,29.99,9.49,0.0
4482,20140412,2,3,13557,228973,1,59.99,22.49,0.0
4483,20140412,4,3,13557,228973,0,29.99,9.49,0.0
4484,20140413,1,2,13558,228986,1,49.99,19.49,0.0
4485,20140413,3,1,13559,228990,1,45.99,14.49,0.0
4486,20140413,1,4,13560,229004,1,49.99,19.49,0.0
4487,20140413,4,4,13560,229004,0,29.99,9.49,0.0
4488,20140413,1,1,13561,229017,1,49.99,19.49,0.0
4489,20140413,2,10,13562,229029,1,59.99,22.49,0.0
4490,20140413,1,2,13563,229038,1,49.99,19.49,0.0
4491,20140413,1,7,13564,229054,1,49.99,19.49,0.0
4492,20140413,1,1,13565,229083,1,49.99,19.49,0.0
4493,20140413,3,1,13565,229083,0,45.99,14.49,0.0
4494,20140413,1,1,13566,229094,1,49.99,19.49,0.0
4495,20140413,2,1,13567,229113,1,59.99,22.49,0.0
4496,20140413,4,1,13567,229113,0,29.99,9.49,0.0
4497,20140413,1,2,13568,229123,1,49.99,19.49,0.0
4498,20140413,3,1,13569,229125,1,45.99,14.49,0.0
4499,20140413,3,1,13570,229133,1,45.99,14.49,0.0
4500,20140413,1,1,13571,229150,1,49.99,19.49,0.0
4501,20140413,3,1,13571,229150,0,45.99,14.49,0.0
4502,20140413,1,1,13572,229158,1,49.99,19.49,0.0
4503,20140413,4,1,13572,229158,0,29.99,9.49,0.0
4504,20140413,1,4,13573,229176,1,49.99,19.49,0.0
4505,20140413,2,4,13574,229202,1,59.99,22.49,0.0
4506,20140413,3,3,13575,229220,1,45.99,14.49,0.0
4507,20140413,1,3,13575,229220,0,49.99,19.49,0.0
4508,20140413,1,9,13576,229302,1,49.99,19.49,0.0
4509,20140413,2,9,13576,229302,0,59.99,22.49,0.0
4510,20140414,1,3,13577,229336,1,49.99,19.49,0.0
4511,20140414,2,4,13578,229341,1,59.99,22.49,0.0
4512,20140414,1,1,13579,229351,1,49.99,19.49,0.0
4513,20140414,2,1,13579,229351,0,59.99,22.49,0.0
4514,20140414,1,7,13580,229373,1,49.99,19.49,0.0
4515,20140414,1,1,13581,229391,1,49.99,19.49,0.0
4516,20140414,3,1,13582,229423,1,45.99,14.49,0.0
4517,20140414,1,1,13583,229438,1,49.99,19.49,0.0
4518,20140414,4,1,13583,229438,0,29.99,9.49,0.0
4519,20140414,3,5,13584,229476,1,45.99,14.49,0.0
4520,20140414,1,2,13585,229486,1,49.99,19.49,0.0
4521,20140414,1,1,13586,229499,1,49.99,19.49,0.0
4522,20140414,3,1,13586,229499,0,45.99,14.49,45.99
4523,20140414,1,1,13587,229500,1,49.99,19.49,0.0
4524,20140414,3,1,13587,229500,0,45.99,14.49,0.0
4525,20140414,1,2,13588,229508,1,49.99,19.49,0.0
4526,20140414,3,1,13589,229516,1,45.99,14.49,0.0
4527,20140414,1,3,13590,229539,1,49.99,19.49,0.0
4528,20140414,1,3,13591,229536,1,49.99,19.49,0.0
4529,20140414,4,3,13591,229536,0,29.99,9.49,0.0
4530,20140414,2,1,13592,229546,1,59.99,22.49,0.0
4531,20140414,1,1,13593,229552,1,49.99,19.49,0.0
4532,20140414,1,2,13594,229581,1,49.99,19.49,0.0
4533,20140414,4,2,13594,229581,0,29.99,9.49,0.0
4534,20140414,2,4,13595,229604,1,59.99,22.49,0.0
4535,20140414,1,3,13596,229603,1,49.99,19.49,0.0
4536,20140414,1,2,13597,229615,1,49.99,19.49,0.0
4537,20140414,3,2,13597,229615,0,45.99,14.49,0.0
4538,20140414,1,1,13598,229630,1,49.99,19.49,0.0
4539,20140414,2,1,13598,229630,0,59.99,22.49,0.0
4540,20140414,3,5,13599,229658,1,45.99,14.49,0.0
4541,20140414,1,2,13600,229681,1,49.99,19.49,0.0
4542,20140414,1,2,13601,229703,1,49.99,19.49,0.0
4543,20140414,1,9,13602,229708,1,49.99,19.49,49.99
4544,20140414,2,9,13602,229708,0,59.99,22.49,0.0
4545,20140414,2,4,13603,229715,1,59.99,22.49,0.0
4546,20140414,1,5,13604,229739,1,49.99,19.49,0.0
4547,20140414,4,5,13604,229739,0,29.99,9.49,0.0
4548,20140414,1,1,13605,229748,1,49.99,19.49,0.0
4549,20140414,2,1,13605,229748,0,59.99,22.49,0.0
4550,20140414,1,7,13606,229762,1,49.99,19.49,0.0
4551,20140414,3,7,13606,229762,0,45.99,14.49,0.0
4552,20140414,1,1,13607,229760,1,49.99,19.49,0.0
4553,20140414,2,1,13608,229765,1,59.99,22.49,0.0
4554,20140414,1,1,13609,229778,1,49.99,19.49,0.0
4555,20140414,1,4,13610,229788,1,49.99,19.49,0.0
4556,20140414,4,4,13610,229788,0,29.99,9.49,0.0
4557,20140414,1,1,13611,229790,1,49.99,19.49,0.0
4558,20140414,1,2,13612,229783,1,49.99,19.49,0.0
4559,20140414,1,1,13613,229797,1,49.99,19.49,0.0
4560,20140414,3,1,13613,229797,0,45.99,14.49,0.0
4561,20140414,1,6,13614,229806,1,49.99,19.49,0.0
4562,20140414,3,6,13614,229806,0,45.99,14.49,0.0
4563,20140414,3,2,13615,229812,1,45.99,14.49,0.0
4564,20140414,2,2,13615,229812,0,59.99,22.49,0.0
4565,20140414,2,1,13616,229833,1,59.99,22.49,0.0
4566,20140414,1,1,13617,229836,1,49.99,19.49,0.0
4567,20140414,3,4,13618,229841,1,45.99,14.49,45.99
4568,20140414,3,1,13619,229846,1,45.99,14.49,0.0
4569,20140414,3,2,13620,229855,1,45.99,14.49,0.0
4570,20140414,1,4,13621,229879,1,49.99,19.49,0.0
4571,20140414,3,4,13621,229879,0,45.99,14.49,0.0
4572,20140414,1,1,13622,229882,1,49.99,19.49,49.99
4573,20140414,4,1,13622,229882,0,29.99,9.49,0.0
4574,20140414,3,4,13623,229888,1,45.99,14.49,0.0
4575,20140414,3,1,13624,229890,1,45.99,14.49,0.0
4576,20140414,1,1,13624,229890,0,49.99,19.49,0.0
4577,20140414,2,1,13625,229904,1,59.99,22.49,0.0
4578,20140414,4,1,13625,229904,0,29.99,9.49,0.0
4579,20140414,1,1,13626,229906,1,49.99,19.49,0.0
4580,20140414,3,2,13627,229909,1,45.99,14.49,0.0
4581,20140414,4,2,13627,229909,0,29.99,9.49,0.0
4582,20140414,1,4,13628,229912,1,49.99,19.49,0.0
4583,20140414,4,4,13628,229912,0,29.99,9.49,0.0
4584,20140414,2,2,13629,229926,1,59.99,22.49,0.0
4585,20140414,1,4,13630,229934,1,49.99,19.49,0.0
4586,20140414,3,4,13630,229934,0,45.99,14.49,45.99
4587,20140414,2,4,13631,229939,1,59.99,22.49,0.0
4588,20140414,1,4,13632,229961,1,49.99,19.49,0.0
4589,20140414,4,4,13632,229961,0,29.99,9.49,0.0
4590,20140414,1,1,13633,229969,1,49.99,19.49,0.0
4591,20140414,1,7,13634,229994,1,49.99,19.49,0.0
4592,20140414,2,2,13635,230004,1,59.99,22.49,0.0
4593,20140415,3,1,13636,230023,1,45.99,14.49,0.0
4594,20140415,4,1,13636,230023,0,29.99,9.49,0.0
4595,20140415,2,1,13637,230039,1,59.99,22.49,0.0
4596,20140415,4,1,13637,230039,0,29.99,9.49,0.0
4597,20140415,1,1,13638,230045,1,49.99,19.49,0.0
4598,20140415,1,2,13639,230049,1,49.99,19.49,0.0
4599,20140415,1,1,13640,230054,1,49.99,19.49,49.99
4600,20140415,2,2,13641,230064,1,59.99,22.49,0.0
4601,20140415,1,2,13642,230086,1,49.99,19.49,0.0
4602,20140415,3,2,13642,230086,0,45.99,14.49,0.0
4603,20140415,1,1,13643,230095,1,49.99,19.49,0.0
4604,20140415,1,1,13644,230145,1,49.99,19.49,49.99
4605,20140415,4,1,13644,230145,0,29.99,9.49,0.0
4606,20140415,1,2,13645,230158,1,49.99,19.49,0.0
4607,20140415,1,7,13646,230162,1,49.99,19.49,0.0
4608,20140415,2,1,13647,230191,1,59.99,22.49,0.0
4609,20140415,4,1,13647,230191,0,29.99,9.49,0.0
4610,20140415,1,1,13648,230209,1,49.99,19.49,0.0
4611,20140415,3,1,13649,230211,1,45.99,14.49,0.0
4612,20140415,1,1,13650,230247,1,49.99,19.49,0.0
4613,20140415,3,1,13650,230247,0,45.99,14.49,0.0
4614,20140415,1,2,13651,230270,1,49.99,19.49,0.0
4615,20140415,2,2,13651,230270,0,59.99,22.49,0.0
4616,20140415,1,1,13652,230269,1,49.99,19.49,0.0
4617,20140415,1,3,13653,230289,1,49.99,19.49,0.0
4618,20140415,1,1,13654,230336,1,49.99,19.49,0.0
4619,20140415,2,1,13654,230336,0,59.99,22.49,0.0
4620,20140415,1,1,13655,230352,1,49.99,19.49,0.0
4621,20140415,1,1,13656,230361,1,49.99,19.49,0.0
4622,20140415,1,1,13657,230383,1,49.99,19.49,0.0
4623,20140415,3,1,13658,230394,1,45.99,14.49,0.0
4624,20140415,3,10,13659,230408,1,45.99,14.49,0.0
4625,20140415,1,1,13660,230418,1,49.99,19.49,0.0
4626,20140415,3,7,13661,230427,1,45.99,14.49,0.0
4627,20140415,1,1,13662,230455,1,49.99,19.49,0.0
4628,20140415,3,1,13663,230456,1,45.99,14.49,0.0
4629,20140415,1,1,13664,230461,1,49.99,19.49,0.0
4630,20140415,3,1,13664,230461,0,45.99,14.49,0.0
4631,20140415,1,1,13665,230509,1,49.99,19.49,0.0
4632,20140415,3,1,13666,230520,1,45.99,14.49,0.0
4633,20140415,3,1,13667,230522,1,45.99,14.49,45.99
4634,20140415,1,1,13668,230535,1,49.99,19.49,0.0
4635,20140415,1,7,13669,230547,1,49.99,19.49,0.0
4636,20140415,2,1,13670,230561,1,59.99,22.49,0.0
4637,20140415,1,2,13671,230568,1,49.99,19.49,0.0
4638,20140415,2,2,13671,230568,0,59.99,22.49,0.0
4639,20140415,1,1,13672,230584,1,49.99,19.49,49.99
4640,20140415,4,1,13672,230584,0,29.99,9.49,0.0
4641,20140415,3,1,13673,230601,1,45.99,14.49,0.0
4642,20140415,1,1,13674,230617,1,49.99,19.49,0.0
4643,20140415,1,1,13675,230627,1,49.99,19.49,0.0
4644,20140415,1,7,13676,230635,1,49.99,19.49,0.0
4645,20140415,1,1,13677,230642,1,49.99,19.49,0.0
4646,20140416,1,5,13678,230663,1,49.99,19.49,0.0
4647,20140416,1,1,13679,230689,1,49.99,19.49,0.0
4648,20140416,4,1,13679,230689,0,29.99,9.49,0.0
4649,20140416,3,1,13680,230723,1,45.99,14.49,0.0
4650,20140416,3,1,13681,230730,1,45.99,14.49,0.0
4651,20140416,1,1,13682,230735,1,49.99,19.49,0.0
4652,20140416,1,1,13683,230745,1,49.99,19.49,49.99
4653,20140416,2,4,13684,230765,1,59.99,22.49,0.0
4654,20140416,1,3,13685,230775,1,49.99,19.49,0.0
4655,20140416,1,1,13686,230784,1,49.99,19.49,0.0
4656,20140416,1,2,13687,230807,1,49.99,19.49,49.99
4657,20140416,2,3,13688,230835,1,59.99,22.49,0.0
4658,20140416,1,2,13689,230840,1,49.99,19.49,0.0
4659,20140416,3,2,13689,230840,0,45.99,14.49,0.0
4660,20140416,1,7,13690,230864,1,49.99,19.49,0.0
4661,20140416,4,7,13690,230864,0,29.99,9.49,0.0
4662,20140416,2,1,13691,230884,1,59.99,22.49,0.0
4663,20140416,1,2,13692,230901,1,49.99,19.49,0.0
4664,20140416,1,3,13693,230944,1,49.99,19.49,0.0
4665,20140416,2,1,13694,230948,1,59.99,22.49,0.0
4666,20140416,1,3,13695,230953,1,49.99,19.49,0.0
4667,20140416,4,3,13695,230953,0,29.99,9.49,0.0
4668,20140416,2,4,13696,230963,1,59.99,22.49,0.0
4669,20140416,1,5,13697,230967,1,49.99,19.49,0.0
4670,20140416,4,5,13697,230967,0,29.99,9.49,0.0
4671,20140416,1,1,13698,231011,1,49.99,19.49,0.0
4672,20140416,1,10,13699,231028,1,49.99,19.49,0.0
4673,20140416,1,2,13700,231044,1,49.99,19.49,0.0
4674,20140416,1,1,13701,231051,1,49.99,19.49,0.0
4675,20140416,1,4,13702,231082,1,49.99,19.49,0.0
4676,20140416,1,2,13703,231116,1,49.99,19.49,0.0
4677,20140416,1,1,13704,231118,1,49.99,19.49,0.0
4678,20140416,4,1,13704,231118,0,29.99,9.49,0.0
4679,20140416,3,2,13705,231128,1,45.99,14.49,0.0
4680,20140416,2,7,13706,231138,1,59.99,22.49,0.0
4681,20140416,2,4,13707,231152,1,59.99,22.49,0.0
4682,20140416,1,3,13708,231165,1,49.99,19.49,0.0
4683,20140416,4,3,13708,231165,0,29.99,9.49,0.0
4684,20140416,3,1,13709,231191,1,45.99,14.49,0.0
4685,20140416,1,2,13710,231190,1,49.99,19.49,0.0
4686,20140416,1,2,13711,231194,1,49.99,19.49,0.0
4687,20140416,4,2,13711,231194,0,29.99,9.49,0.0
4688,20140416,1,1,13712,231269,1,49.99,19.49,0.0
4689,20140416,1,1,13713,231277,1,49.99,19.49,0.0
4690,20140416,3,2,13714,231287,1,45.99,14.49,0.0
4691,20140416,1,1,13715,231292,1,49.99,19.49,0.0
4692,20140416,4,1,13715,231292,0,29.99,9.49,0.0
4693,20140416,2,5,13716,231294,1,59.99,22.49,0.0
4694,20140416,1,5,13717,231299,1,49.99,19.49,0.0
4695,20140416,3,5,13717,231299,0,45.99,14.49,0.0
4696,20140416,3,3,13718,231302,1,45.99,14.49,0.0
4697,20140416,1,1,13719,231326,1,49.99,19.49,0.0
4698,20140417,1,7,13720,231380,1,49.99,19.49,0.0
4699,20140417,2,7,13720,231380,0,59.99,22.49,0.0
4700,20140417,1,1,13721,231378,1,49.99,19.49,0.0
4701,20140417,1,1,13722,231390,1,49.99,19.49,0.0
4702,20140417,2,2,13723,231438,1,59.99,22.49,0.0
4703,20140417,1,2,13724,231439,1,49.99,19.49,0.0
4704,20140417,1,3,13725,231444,1,49.99,19.49,0.0
4705,20140417,3,3,13725,231444,0,45.99,14.49,0.0
4706,20140417,2,7,13726,231445,1,59.99,22.49,0.0
4707,20140417,1,1,13727,231474,1,49.99,19.49,0.0
4708,20140417,4,1,13727,231474,0,29.99,9.49,0.0
4709,20140417,3,1,13728,231477,1,45.99,14.49,0.0
4710,20140417,1,1,13729,231472,1,49.99,19.49,0.0
4711,20140417,1,1,13730,231480,1,49.99,19.49,0.0
4712,20140417,2,1,13730,231480,0,59.99,22.49,0.0
4713,20140417,1,1,13731,231485,1,49.99,19.49,0.0
4714,20140417,1,1,13732,231491,1,49.99,19.49,0.0
4715,20140417,3,1,13732,231491,0,45.99,14.49,0.0
4716,20140417,1,7,13733,231486,1,49.99,19.49,0.0
4717,20140417,1,1,13734,231512,1,49.99,19.49,0.0
4718,20140417,1,2,13735,231539,1,49.99,19.49,0.0
4719,20140417,4,2,13735,231539,0,29.99,9.49,0.0
4720,20140417,1,10,13736,231545,1,49.99,19.49,0.0
4721,20140417,3,2,13737,231549,1,45.99,14.49,45.99
4722,20140417,1,2,13738,231551,1,49.99,19.49,0.0
4723,20140417,3,2,13738,231551,0,45.99,14.49,0.0
4724,20140417,1,1,13739,231569,1,49.99,19.49,0.0
4725,20140417,4,1,13739,231569,0,29.99,9.49,0.0
4726,20140417,1,7,13740,231598,1,49.99,19.49,0.0
4727,20140417,1,1,13741,231605,1,49.99,19.49,0.0
4728,20140417,1,2,13742,231611,1,49.99,19.49,0.0
4729,20140417,3,2,13742,231611,0,45.99,14.49,0.0
4730,20140417,1,5,13743,231632,1,49.99,19.49,0.0
4731,20140417,4,5,13743,231632,0,29.99,9.49,0.0
4732,20140417,1,2,13744,231644,1,49.99,19.49,0.0
4733,20140417,1,2,13745,231667,1,49.99,19.49,0.0
4734,20140417,2,9,13746,231703,1,59.99,22.49,0.0
4735,20140417,1,7,13747,231720,1,49.99,19.49,0.0
4736,20140417,2,1,13748,231724,1,59.99,22.49,0.0
4737,20140417,3,1,13748,231724,0,45.99,14.49,0.0
4738,20140417,1,1,13749,231752,1,49.99,19.49,0.0
4739,20140417,1,7,13750,231747,1,49.99,19.49,0.0
4740,20140417,2,7,13750,231747,0,59.99,22.49,0.0
4741,20140417,1,6,13751,231745,1,49.99,19.49,0.0
4742,20140417,3,2,13752,231756,1,45.99,14.49,0.0
4743,20140417,1,4,13753,231772,1,49.99,19.49,0.0
4744,20140417,1,1,13754,231778,1,49.99,19.49,0.0
4745,20140417,1,2,13755,231787,1,49.99,19.49,0.0
4746,20140417,2,1,13756,231795,1,59.99,22.49,0.0
4747,20140417,3,1,13756,231795,0,45.99,14.49,45.99
4748,20140417,1,10,13757,231811,1,49.99,19.49,0.0
4749,20140417,1,1,13758,231827,1,49.99,19.49,0.0
4750,20140417,4,1,13758,231827,0,29.99,9.49,0.0
4751,20140417,1,1,13759,231838,1,49.99,19.49,0.0
4752,20140417,3,3,13760,231849,1,45.99,14.49,0.0
4753,20140417,1,1,13761,231853,1,49.99,19.49,0.0
4754,20140417,3,1,13761,231853,0,45.99,14.49,0.0
4755,20140417,2,1,13762,231866,1,59.99,22.49,0.0
4756,20140417,1,1,13763,231865,1,49.99,19.49,0.0
4757,20140417,4,1,13763,231865,0,29.99,9.49,0.0
4758,20140417,1,4,13764,231883,1,49.99,19.49,0.0
4759,20140417,4,4,13764,231883,0,29.99,9.49,0.0
4760,20140417,1,1,13765,231911,1,49.99,19.49,0.0
4761,20140417,1,1,13766,231919,1,49.99,19.49,0.0
4762,20140417,1,1,13767,231927,1,49.99,19.49,0.0
4763,20140417,4,1,13767,231927,0,29.99,9.49,0.0
4764,20140417,1,1,13768,231932,1,49.99,19.49,0.0
4765,20140417,1,1,13769,231937,1,49.99,19.49,0.0
4766,20140417,1,5,13770,231948,1,49.99,19.49,0.0
4767,20140417,3,3,13771,231947,1,45.99,14.49,0.0
4768,20140417,1,2,13772,231949,1,49.99,19.49,0.0
4769,20140417,4,2,13772,231949,0,29.99,9.49,0.0
4770,20140417,1,1,13773,231958,1,49.99,19.49,0.0
4771,20140417,1,3,13774,231966,1,49.99,19.49,0.0
4772,20140417,4,3,13774,231966,0,29.99,9.49,0.0
4773,20140417,1,1,13775,231972,1,49.99,19.49,0.0
4774,20140417,3,1,13776,232040,1,45.99,14.49,0.0
4775,20140417,1,1,13777,232052,1,49.99,19.49,0.0
4776,20140418,1,1,13778,232066,1,49.99,19.49,49.99
4777,20140418,3,1,13778,232066,0,45.99,14.49,0.0
4778,20140418,1,1,13779,232070,1,49.99,19.49,0.0
4779,20140418,1,2,13780,232075,1,49.99,19.49,0.0
4780,20140418,4,2,13780,232075,0,29.99,9.49,0.0
4781,20140418,1,2,13781,232087,1,49.99,19.49,0.0
4782,20140418,1,1,13782,232086,1,49.99,19.49,0.0
4783,20140418,1,3,13783,232105,1,49.99,19.49,0.0
4784,20140418,1,1,13784,232125,1,49.99,19.49,0.0
4785,20140418,4,1,13784,232125,0,29.99,9.49,0.0
4786,20140418,1,9,13785,232138,1,49.99,19.49,49.99
4787,20140418,1,1,13786,232142,1,49.99,19.49,0.0
4788,20140418,3,1,13786,232142,0,45.99,14.49,0.0
4789,20140418,2,7,13787,232144,1,59.99,22.49,0.0
4790,20140418,4,7,13787,232144,0,29.99,9.49,0.0
4791,20140418,1,2,13788,232147,1,49.99,19.49,0.0
4792,20140418,1,1,13789,232175,1,49.99,19.49,0.0
4793,20140418,4,1,13789,232175,0,29.99,9.49,0.0
4794,20140418,3,1,13790,232177,1,45.99,14.49,0.0
4795,20140418,1,9,13791,232224,1,49.99,19.49,0.0
4796,20140418,3,9,13791,232224,0,45.99,14.49,0.0
4797,20140418,2,1,13792,232238,1,59.99,22.49,59.99
4798,20140418,1,1,13793,232239,1,49.99,19.49,0.0
4799,20140418,4,1,13793,232239,0,29.99,9.49,0.0
4800,20140418,1,7,13794,232247,1,49.99,19.49,0.0
4801,20140418,4,7,13794,232247,0,29.99,9.49,0.0
4802,20140418,1,3,13795,232250,1,49.99,19.49,0.0
4803,20140418,3,1,13796,232268,1,45.99,14.49,0.0
4804,20140418,1,1,13796,232268,0,49.99,19.49,0.0
4805,20140418,2,7,13797,232274,1,59.99,22.49,0.0
4806,20140418,1,4,13798,232286,1,49.99,19.49,49.99
4807,20140418,1,7,13799,232291,1,49.99,19.49,0.0
4808,20140418,4,7,13799,232291,0,29.99,9.49,0.0
4809,20140418,1,1,13800,232314,1,49.99,19.49,0.0
4810,20140418,4,1,13800,232314,0,29.99,9.49,0.0
4811,20140418,2,7,13801,232331,1,59.99,22.49,0.0
4812,20140418,2,2,13802,232338,1,59.99,22.49,0.0
4813,20140418,3,2,13803,232334,1,45.99,14.49,0.0
4814,20140418,4,2,13803,232334,0,29.99,9.49,0.0
4815,20140418,1,2,13804,232344,1,49.99,19.49,0.0
4816,20140418,2,2,13805,232393,1,59.99,22.49,0.0
4817,20140418,1,1,13806,232404,1,49.99,19.49,0.0
4818,20140418,1,1,13807,232411,1,49.99,19.49,0.0
4819,20140418,1,1,13808,232445,1,49.99,19.49,0.0
4820,20140418,1,2,13809,232451,1,49.99,19.49,0.0
4821,20140418,1,1,13810,232458,1,49.99,19.49,0.0
4822,20140418,4,1,13810,232458,0,29.99,9.49,0.0
4823,20140418,2,1,13811,232492,1,59.99,22.49,0.0
4824,20140418,3,2,13812,232494,1,45.99,14.49,0.0
4825,20140418,4,2,13812,232494,0,29.99,9.49,0.0
4826,20140418,1,1,13813,232506,1,49.99,19.49,0.0
4827,20140418,1,7,13814,232523,1,49.99,19.49,0.0
4828,20140418,1,3,13815,232531,1,49.99,19.49,0.0
4829,20140418,1,1,13816,232532,1,49.99,19.49,0.0
4830,20140418,4,1,13816,232532,0,29.99,9.49,0.0
4831,20140418,1,1,13817,232536,1,49.99,19.49,0.0
4832,20140418,3,1,13817,232536,0,45.99,14.49,0.0
4833,20140418,1,4,13818,232534,1,49.99,19.49,0.0
4834,20140418,1,1,13819,232602,1,49.99,19.49,0.0
4835,20140418,1,1,13820,232605,1,49.99,19.49,0.0
4836,20140418,1,2,13821,232614,1,49.99,19.49,0.0
4837,20140418,4,2,13821,232614,0,29.99,9.49,0.0
4838,20140418,1,9,13822,232616,1,49.99,19.49,0.0
4839,20140418,2,9,13822,232616,0,59.99,22.49,0.0
4840,20140418,1,1,13823,232617,1,49.99,19.49,0.0
4841,20140418,2,1,13824,232625,1,59.99,22.49,0.0
4842,20140418,3,1,13824,232625,0,45.99,14.49,0.0
4843,20140418,2,1,13825,232640,1,59.99,22.49,0.0
4844,20140418,1,1,13826,232657,1,49.99,19.49,0.0
4845,20140418,1,1,13827,232671,1,49.99,19.49,0.0
4846,20140418,3,1,13827,232671,0,45.99,14.49,0.0
4847,20140418,2,2,13828,232676,1,59.99,22.49,0.0
4848,20140418,4,2,13828,232676,0,29.99,9.49,0.0
4849,20140419,1,4,13829,232692,1,49.99,19.49,0.0
4850,20140419,4,4,13829,232692,0,29.99,9.49,0.0
4851,20140419,3,1,13830,232707,1,45.99,14.49,0.0
4852,20140419,1,4,13831,232727,1,49.99,19.49,0.0
4853,20140419,1,2,13832,232729,1,49.99,19.49,0.0
4854,20140419,4,2,13832,232729,0,29.99,9.49,0.0
4855,20140419,1,3,13833,232768,1,49.99,19.49,0.0
4856,20140419,1,1,13834,232798,1,49.99,19.49,0.0
4857,20140419,4,1,13834,232798,0,29.99,9.49,0.0
4858,20140419,1,3,13835,232801,1,49.99,19.49,0.0
4859,20140419,1,1,13836,232814,1,49.99,19.49,0.0
4860,20140419,1,3,13837,232815,1,49.99,19.49,0.0
4861,20140419,4,3,13837,232815,0,29.99,9.49,0.0
4862,20140419,1,1,13838,232833,1,49.99,19.49,0.0
4863,20140419,1,4,13839,232859,1,49.99,19.49,0.0
4864,20140419,1,1,13840,232863,1,49.99,19.49,0.0
4865,20140419,3,7,13841,232871,1,45.99,14.49,0.0
4866,20140419,1,1,13842,232902,1,49.99,19.49,0.0
4867,20140419,1,2,13843,232904,1,49.99,19.49,0.0
4868,20140419,1,1,13844,232925,1,49.99,19.49,0.0
4869,20140419,4,1,13844,232925,0,29.99,9.49,0.0
4870,20140419,2,6,13845,232926,1,59.99,22.49,0.0
4871,20140419,3,1,13846,232947,1,45.99,14.49,0.0
4872,20140419,4,1,13846,232947,0,29.99,9.49,0.0
4873,20140419,1,1,13847,232965,1,49.99,19.49,0.0
4874,20140419,4,1,13847,232965,0,29.99,9.49,0.0
4875,20140419,1,4,13848,232969,1,49.99,19.49,0.0
4876,20140419,4,4,13848,232969,0,29.99,9.49,0.0
4877,20140419,1,4,13849,232973,1,49.99,19.49,0.0
4878,20140419,1,1,13850,232988,1,49.99,19.49,0.0
4879,20140420,3,2,13851,232994,1,45.99,14.49,0.0
4880,20140420,4,2,13851,232994,0,29.99,9.49,0.0
4881,20140420,1,2,13852,232997,1,49.99,19.49,0.0
4882,20140420,1,7,13853,232996,1,49.99,19.49,0.0
4883,20140420,1,3,13854,233005,1,49.99,19.49,0.0
4884,20140420,1,6,13855,233022,1,49.99,19.49,0.0
4885,20140420,4,6,13855,233022,0,29.99,9.49,0.0
4886,20140420,2,4,13856,233024,1,59.99,22.49,0.0
4887,20140420,2,2,13857,233048,1,59.99,22.49,0.0
4888,20140420,4,2,13857,233048,0,29.99,9.49,0.0
4889,20140420,1,2,13858,233079,1,49.99,19.49,0.0
4890,20140420,1,3,13859,233125,1,49.99,19.49,0.0
4891,20140420,3,2,13860,233126,1,45.99,14.49,0.0
4892,20140420,4,2,13860,233126,0,29.99,9.49,0.0
4893,20140420,1,1,13861,233156,1,49.99,19.49,0.0
4894,20140420,4,1,13861,233156,0,29.99,9.49,0.0
4895,20140420,3,10,13862,233158,1,45.99,14.49,0.0
4896,20140420,4,10,13862,233158,0,29.99,9.49,0.0
4897,20140420,1,2,13863,233203,1,49.99,19.49,0.0
4898,20140420,4,2,13863,233203,0,29.99,9.49,0.0
4899,20140420,1,1,13864,233215,1,49.99,19.49,0.0
4900,20140420,4,1,13864,233215,0,29.99,9.49,0.0
4901,20140420,1,2,13865,233227,1,49.99,19.49,0.0
4902,20140420,2,2,13865,233227,0,59.99,22.49,0.0
4903,20140420,1,1,13866,233237,1,49.99,19.49,0.0
4904,20140420,1,7,13867,233238,1,49.99,19.49,0.0
4905,20140420,1,1,13868,233257,1,49.99,19.49,0.0
4906,20140420,1,1,13869,233279,1,49.99,19.49,0.0
4907,20140420,1,5,13870,233282,1,49.99,19.49,0.0
4908,20140420,4,5,13870,233282,0,29.99,9.49,0.0
4909,20140420,1,2,13871,233280,1,49.99,19.49,49.99
4910,20140420,1,1,13872,233289,1,49.99,19.49,0.0
4911,20140420,4,1,13872,233289,0,29.99,9.49,0.0
4912,20140420,1,7,13873,233300,1,49.99,19.49,0.0
4913,20140420,2,7,13873,233300,0,59.99,22.49,0.0
4914,20140420,3,1,13874,233308,1,45.99,14.49,0.0
4915,20140420,4,1,13874,233308,0,29.99,9.49,0.0
4916,20140421,1,1,13875,233318,1,49.99,19.49,49.99
4917,20140421,1,1,13876,233322,1,49.99,19.49,0.0
4918,20140421,1,7,13877,233343,1,49.99,19.49,0.0
4919,20140421,3,7,13877,233343,0,45.99,14.49,0.0
4920,20140421,1,2,13878,233346,1,49.99,19.49,0.0
4921,20140421,4,2,13878,233346,0,29.99,9.49,0.0
4922,20140421,2,7,13879,233358,1,59.99,22.49,0.0
4923,20140421,4,7,13879,233358,0,29.99,9.49,0.0
4924,20140421,1,1,13880,233360,1,49.99,19.49,0.0
4925,20140421,1,6,13881,233361,1,49.99,19.49,0.0
4926,20140421,1,1,13882,233374,1,49.99,19.49,0.0
4927,20140421,3,1,13883,233380,1,45.99,14.49,0.0
4928,20140421,3,3,13884,233390,1,45.99,14.49,0.0
4929,20140421,1,1,13885,233411,1,49.99,19.49,0.0
4930,20140421,1,1,13886,233415,1,49.99,19.49,0.0
4931,20140421,2,1,13886,233415,0,59.99,22.49,0.0
4932,20140421,3,1,13887,233413,1,45.99,14.49,0.0
4933,20140421,1,6,13888,233439,1,49.99,19.49,0.0
4934,20140421,2,1,13889,233449,1,59.99,22.49,59.99
4935,20140421,2,1,13890,233453,1,59.99,22.49,0.0
4936,20140421,4,1,13890,233453,0,29.99,9.49,0.0
4937,20140421,1,1,13891,233466,1,49.99,19.49,0.0
4938,20140421,1,7,13892,233472,1,49.99,19.49,0.0
4939,20140421,1,3,13893,233481,1,49.99,19.49,0.0
4940,20140421,4,3,13893,233481,0,29.99,9.49,0.0
4941,20140421,3,3,13894,233492,1,45.99,14.49,45.99
4942,20140421,1,6,13895,233508,1,49.99,19.49,0.0
4943,20140421,2,5,13896,233520,1,59.99,22.49,0.0
4944,20140421,1,5,13897,233531,1,49.99,19.49,0.0
4945,20140421,1,4,13898,233542,1,49.99,19.49,0.0
4946,20140421,3,4,13898,233542,0,45.99,14.49,0.0
4947,20140421,1,1,13899,233545,1,49.99,19.49,0.0
4948,20140421,1,1,13900,233555,1,49.99,19.49,0.0
4949,20140421,4,1,13900,233555,0,29.99,9.49,0.0
4950,20140421,1,7,13901,233560,1,49.99,19.49,0.0
4951,20140421,1,5,13902,233567,1,49.99,19.49,0.0
4952,20140421,3,5,13902,233567,0,45.99,14.49,0.0
4953,20140421,1,1,13903,233580,1,49.99,19.49,0.0
4954,20140421,2,1,13903,233580,0,59.99,22.49,0.0
4955,20140421,1,3,13904,233592,1,49.99,19.49,0.0
4956,20140421,1,7,13905,233601,1,49.99,19.49,0.0
4957,20140421,4,7,13905,233601,0,29.99,9.49,0.0
4958,20140421,1,1,13906,233610,1,49.99,19.49,0.0
4959,20140421,2,4,13907,233614,1,59.99,22.49,0.0
4960,20140421,1,3,13908,233636,1,49.99,19.49,0.0
4961,20140421,1,1,13909,233671,1,49.99,19.49,0.0
4962,20140421,1,7,13910,233687,1,49.99,19.49,0.0
4963,20140421,3,7,13910,233687,0,45.99,14.49,0.0
4964,20140421,1,2,13911,233707,1,49.99,19.49,0.0
4965,20140421,4,2,13911,233707,0,29.99,9.49,0.0
4966,20140421,1,9,13912,233737,1,49.99,19.49,0.0
4967,20140421,1,4,13913,233777,1,49.99,19.49,0.0
4968,20140421,1,1,13914,233781,1,49.99,19.49,0.0
4969,20140421,1,1,13915,233799,1,49.99,19.49,0.0
4970,20140421,1,1,13916,233820,1,49.99,19.49,0.0
4971,20140421,2,1,13916,233820,0,59.99,22.49,0.0
4972,20140421,1,1,13917,233849,1,49.99,19.49,0.0
4973,20140421,1,3,13918,233852,1,49.99,19.49,0.0
4974,20140421,4,3,13918,233852,0,29.99,9.49,0.0
4975,20140421,1,1,13919,233865,1,49.99,19.49,0.0
4976,20140421,1,1,13920,233874,1,49.99,19.49,0.0
4977,20140421,1,4,13921,233892,1,49.99,19.49,0.0
4978,20140421,1,1,13922,233894,1,49.99,19.49,0.0
4979,20140421,4,1,13922,233894,0,29.99,9.49,0.0
4980,20140421,1,4,13923,233922,1,49.99,19.49,0.0
4981,20140421,1,4,13924,233932,1,49.99,19.49,0.0
4982,20140421,1,1,13925,233946,1,49.99,19.49,0.0
4983,20140421,1,1,13926,233962,1,49.99,19.49,0.0
4984,20140421,3,1,13927,233964,1,45.99,14.49,0.0
4985,20140421,4,1,13927,233964,0,29.99,9.49,0.0
4986,20140422,1,1,13928,234005,1,49.99,19.49,0.0
4987,20140422,1,2,13929,234028,1,49.99,19.49,0.0
4988,20140422,4,2,13929,234028,0,29.99,9.49,0.0
4989,20140422,1,9,13930,234039,1,49.99,19.49,49.99
4990,20140422,1,1,13931,234044,1,49.99,19.49,0.0
4991,20140422,1,2,13932,234083,1,49.99,19.49,0.0
4992,20140422,1,1,13933,234087,1,49.99,19.49,0.0
4993,20140422,1,1,13934,234086,1,49.99,19.49,0.0
4994,20140422,1,3,13935,234098,1,49.99,19.49,0.0
4995,20140422,2,3,13935,234098,0,59.99,22.49,0.0
4996,20140422,1,2,13936,234114,1,49.99,19.49,0.0
4997,20140422,1,7,13937,234128,1,49.99,19.49,0.0
4998,20140422,1,5,13938,234129,1,49.99,19.49,0.0
4999,20140422,3,7,13939,234137,1,45.99,14.49,0.0
5000,20140422,4,7,13939,234137,0,29.99,9.49,0.0
5001,20140422,1,5,13940,234146,1,49.99,19.49,0.0
5002,20140422,1,2,13941,234155,1,49.99,19.49,0.0
5003,20140422,4,2,13941,234155,0,29.99,9.49,0.0
5004,20140422,2,1,13942,234194,1,59.99,22.49,0.0
5005,20140422,1,1,13943,234191,1,49.99,19.49,0.0
5006,20140422,3,1,13944,234197,1,45.99,14.49,0.0
5007,20140422,2,1,13945,234246,1,59.99,22.49,0.0
5008,20140422,3,4,13946,234251,1,45.99,14.49,45.99
5009,20140422,1,1,13947,234263,1,49.99,19.49,0.0
5010,20140422,1,1,13948,234267,1,49.99,19.49,0.0
5011,20140422,1,2,13949,234304,1,49.99,19.49,0.0
5012,20140422,4,2,13949,234304,0,29.99,9.49,0.0
5013,20140422,1,1,13950,234308,1,49.99,19.49,0.0
5014,20140422,3,3,13951,234321,1,45.99,14.49,0.0
5015,20140422,4,3,13951,234321,0,29.99,9.49,0.0
5016,20140422,1,4,13952,234336,1,49.99,19.49,0.0
5017,20140422,1,2,13953,234338,1,49.99,19.49,0.0
5018,20140422,1,1,13954,234339,1,49.99,19.49,0.0
5019,20140422,1,1,13955,234376,1,49.99,19.49,0.0
5020,20140422,4,1,13955,234376,0,29.99,9.49,0.0
5021,20140422,1,1,13956,234403,1,49.99,19.49,0.0
5022,20140422,1,4,13957,234410,1,49.99,19.49,0.0
5023,20140422,1,1,13958,234408,1,49.99,19.49,0.0
5024,20140422,2,1,13959,234421,1,59.99,22.49,0.0
5025,20140422,1,1,13960,234430,1,49.99,19.49,0.0
5026,20140422,3,1,13961,234448,1,45.99,14.49,0.0
5027,20140422,3,1,13962,234469,1,45.99,14.49,0.0
5028,20140422,1,4,13963,234474,1,49.99,19.49,0.0
5029,20140422,2,4,13963,234474,0,59.99,22.49,0.0
5030,20140422,1,4,13964,234484,1,49.99,19.49,0.0
5031,20140422,1,3,13965,234596,1,49.99,19.49,0.0
5032,20140422,1,3,13966,234611,1,49.99,19.49,0.0
5033,20140422,1,1,13967,234616,1,49.99,19.49,0.0
5034,20140423,1,1,13968,234642,1,49.99,19.49,0.0
5035,20140423,4,1,13968,234642,0,29.99,9.49,0.0
5036,20140423,2,7,13969,234655,1,59.99,22.49,0.0
5037,20140423,1,9,13970,234671,1,49.99,19.49,0.0
5038,20140423,4,9,13970,234671,0,29.99,9.49,0.0
5039,20140423,1,2,13971,234710,1,49.99,19.49,0.0
5040,20140423,2,7,13972,234718,1,59.99,22.49,0.0
5041,20140423,1,1,13973,234728,1,49.99,19.49,0.0
5042,20140423,1,1,13974,234733,1,49.99,19.49,0.0
5043,20140423,1,1,13975,234734,1,49.99,19.49,0.0
5044,20140423,2,2,13976,234741,1,59.99,22.49,0.0
5045,20140423,1,1,13977,234745,1,49.99,19.49,0.0
5046,20140423,4,1,13977,234745,0,29.99,9.49,0.0
5047,20140423,1,1,13978,234749,1,49.99,19.49,0.0
5048,20140423,1,5,13979,234760,1,49.99,19.49,0.0
5049,20140423,4,5,13979,234760,0,29.99,9.49,0.0
5050,20140423,2,1,13980,234769,1,59.99,22.49,0.0
5051,20140423,3,4,13981,234764,1,45.99,14.49,0.0
5052,20140423,1,1,13982,234781,1,49.99,19.49,0.0
5053,20140423,1,1,13983,234784,1,49.99,19.49,0.0
5054,20140423,1,1,13984,234786,1,49.99,19.49,0.0
5055,20140423,4,1,13984,234786,0,29.99,9.49,0.0
5056,20140423,2,7,13985,234795,1,59.99,22.49,59.99
5057,20140423,3,7,13986,234808,1,45.99,14.49,45.99
5058,20140423,1,9,13987,234818,1,49.99,19.49,0.0
5059,20140423,4,9,13987,234818,0,29.99,9.49,0.0
5060,20140423,1,1,13988,234816,1,49.99,19.49,0.0
5061,20140423,2,1,13989,234840,1,59.99,22.49,0.0
5062,20140423,3,7,13990,234839,1,45.99,14.49,0.0
5063,20140423,1,5,13991,234854,1,49.99,19.49,0.0
5064,20140423,1,3,13992,234861,1,49.99,19.49,0.0
5065,20140423,1,1,13993,234867,1,49.99,19.49,0.0
5066,20140423,1,1,13994,234878,1,49.99,19.49,0.0
5067,20140423,4,1,13994,234878,0,29.99,9.49,29.99
5068,20140423,1,2,13995,234891,1,49.99,19.49,0.0
5069,20140423,3,2,13995,234891,0,45.99,14.49,0.0
5070,20140423,1,5,13996,234903,1,49.99,19.49,0.0
5071,20140423,1,4,13997,234912,1,49.99,19.49,0.0
5072,20140423,4,4,13997,234912,0,29.99,9.49,0.0
5073,20140423,3,2,13998,234918,1,45.99,14.49,0.0
5074,20140423,3,2,13999,234955,1,45.99,14.49,0.0
5075,20140423,2,7,14000,234953,1,59.99,22.49,0.0
5076,20140423,1,2,14001,234966,1,49.99,19.49,0.0
5077,20140423,3,5,14002,234969,1,45.99,14.49,0.0
5078,20140423,4,5,14002,234969,0,29.99,9.49,0.0
5079,20140423,3,5,14003,234979,1,45.99,14.49,0.0
5080,20140423,4,5,14003,234979,0,29.99,9.49,0.0
5081,20140423,1,4,14004,234999,1,49.99,19.49,0.0
5082,20140423,1,1,14005,235013,1,49.99,19.49,0.0
5083,20140423,1,3,14006,235027,1,49.99,19.49,0.0
5084,20140423,1,2,14007,235025,1,49.99,19.49,0.0
5085,20140423,4,2,14007,235025,0,29.99,9.49,0.0
5086,20140423,1,4,14008,235032,1,49.99,19.49,0.0
5087,20140423,4,4,14008,235032,0,29.99,9.49,0.0
5088,20140423,3,2,14009,235079,1,45.99,14.49,0.0
5089,20140423,1,7,14010,235098,1,49.99,19.49,0.0
5090,20140423,4,7,14010,235098,0,29.99,9.49,0.0
5091,20140423,3,2,14011,235106,1,45.99,14.49,0.0
5092,20140423,1,4,14012,235130,1,49.99,19.49,0.0
5093,20140423,2,1,14013,235132,1,59.99,22.49,0.0
5094,20140423,4,1,14013,235132,0,29.99,9.49,0.0
5095,20140423,1,2,14014,235142,1,49.99,19.49,0.0
5096,20140423,3,7,14015,235143,1,45.99,14.49,0.0
5097,20140423,1,1,14016,235152,1,49.99,19.49,0.0
5098,20140423,4,1,14016,235152,0,29.99,9.49,0.0
5099,20140423,1,2,14017,235158,1,49.99,19.49,0.0
5100,20140423,3,2,14017,235158,0,45.99,14.49,0.0
5101,20140423,1,1,14018,235176,1,49.99,19.49,0.0
5102,20140423,1,1,14019,235188,1,49.99,19.49,0.0
5103,20140423,4,1,14019,235188,0,29.99,9.49,0.0
5104,20140423,2,1,14020,235215,1,59.99,22.49,0.0
5105,20140423,4,1,14020,235215,0,29.99,9.49,0.0
5106,20140423,1,4,14021,235220,1,49.99,19.49,0.0
5107,20140423,4,4,14021,235220,0,29.99,9.49,0.0
5108,20140423,1,1,14022,235260,1,49.99,19.49,0.0
5109,20140423,1,3,14023,235266,1,49.99,19.49,0.0
5110,20140423,4,3,14023,235266,0,29.99,9.49,0.0
5111,20140423,1,5,14024,235265,1,49.99,19.49,0.0
5112,20140423,1,1,14025,235272,1,49.99,19.49,0.0
5113,20140423,1,2,14026,235285,1,49.99,19.49,0.0
5114,20140423,1,5,14027,235306,1,49.99,19.49,0.0
5115,20140423,4,5,14027,235306,0,29.99,9.49,0.0
5116,20140423,2,3,14028,235308,1,59.99,22.49,0.0
5117,20140423,1,3,14029,235313,1,49.99,19.49,0.0
5118,20140423,2,1,14030,235312,1,59.99,22.49,0.0
5119,20140423,1,1,14030,235312,0,49.99,19.49,0.0
5120,20140423,1,1,14031,235323,1,49.99,19.49,0.0
5121,20140423,2,1,14031,235323,0,59.99,22.49,0.0
5122,20140423,3,2,14032,235332,1,45.99,14.49,0.0
5123,20140423,4,2,14032,235332,0,29.99,9.49,0.0
5124,20140423,2,5,14033,235355,1,59.99,22.49,0.0
5125,20140423,1,3,14034,235362,1,49.99,19.49,0.0
5126,20140423,4,3,14034,235362,0,29.99,9.49,0.0
5127,20140423,1,1,14035,235375,1,49.99,19.49,0.0
5128,20140423,3,1,14035,235375,0,45.99,14.49,0.0
5129,20140424,1,1,14036,235393,1,49.99,19.49,0.0
5130,20140424,4,1,14036,235393,0,29.99,9.49,0.0
5131,20140424,1,1,14037,235406,1,49.99,19.49,0.0
5132,20140424,4,1,14037,235406,0,29.99,9.49,0.0
5133,20140424,1,1,14038,235413,1,49.99,19.49,0.0
5134,20140424,1,1,14039,235440,1,49.99,19.49,0.0
5135,20140424,1,1,14040,235442,1,49.99,19.49,0.0
5136,20140424,1,2,14041,235445,1,49.99,19.49,0.0
5137,20140424,1,1,14042,235448,1,49.99,19.49,0.0
5138,20140424,1,7,14043,235457,1,49.99,19.49,0.0
5139,20140424,1,1,14044,235468,1,49.99,19.49,0.0
5140,20140424,3,1,14045,235473,1,45.99,14.49,0.0
5141,20140424,1,2,14046,235478,1,49.99,19.49,0.0
5142,20140424,1,1,14047,235480,1,49.99,19.49,0.0
5143,20140424,3,1,14047,235480,0,45.99,14.49,0.0
5144,20140424,1,4,14048,235479,1,49.99,19.49,0.0
5145,20140424,4,4,14048,235479,0,29.99,9.49,0.0
5146,20140424,1,1,14049,235501,1,49.99,19.49,0.0
5147,20140424,4,1,14049,235501,0,29.99,9.49,0.0
5148,20140424,1,1,14050,235510,1,49.99,19.49,0.0
5149,20140424,1,7,14051,235540,1,49.99,19.49,0.0
5150,20140424,2,4,14052,235621,1,59.99,22.49,0.0
5151,20140424,4,4,14052,235621,0,29.99,9.49,0.0
5152,20140424,1,1,14053,235627,1,49.99,19.49,0.0
5153,20140424,4,1,14053,235627,0,29.99,9.49,0.0
5154,20140424,1,4,14054,235632,1,49.99,19.49,49.99
5155,20140424,1,1,14055,235648,1,49.99,19.49,0.0
5156,20140424,3,1,14055,235648,0,45.99,14.49,0.0
5157,20140424,1,1,14056,235653,1,49.99,19.49,0.0
5158,20140424,4,1,14056,235653,0,29.99,9.49,0.0
5159,20140424,3,1,14057,235669,1,45.99,14.49,0.0
5160,20140424,1,4,14058,235674,1,49.99,19.49,0.0
5161,20140424,4,4,14058,235674,0,29.99,9.49,0.0
5162,20140424,1,2,14059,235679,1,49.99,19.49,0.0
5163,20140424,4,2,14059,235679,0,29.99,9.49,0.0
5164,20140424,3,1,14060,235695,1,45.99,14.49,0.0
5165,20140424,4,1,14060,235695,0,29.99,9.49,0.0
5166,20140424,3,7,14061,235735,1,45.99,14.49,0.0
5167,20140424,4,7,14061,235735,0,29.99,9.49,0.0
5168,20140424,1,9,14062,235738,1,49.99,19.49,0.0
5169,20140424,1,1,14063,235742,1,49.99,19.49,0.0
5170,20140424,1,3,14064,235746,1,49.99,19.49,0.0
5171,20140424,4,3,14064,235746,0,29.99,9.49,0.0
5172,20140424,1,6,14065,235754,1,49.99,19.49,0.0
5173,20140424,1,1,14066,235753,1,49.99,19.49,0.0
5174,20140424,1,1,14067,235798,1,49.99,19.49,0.0
5175,20140424,1,1,14068,235811,1,49.99,19.49,0.0
5176,20140424,2,1,14069,235831,1,59.99,22.49,0.0
5177,20140424,1,1,14069,235831,0,49.99,19.49,0.0
5178,20140424,3,7,14070,235844,1,45.99,14.49,45.99
5179,20140424,4,7,14070,235844,0,29.99,9.49,0.0
5180,20140424,1,2,14071,235845,1,49.99,19.49,0.0
5181,20140424,2,1,14072,235867,1,59.99,22.49,0.0
5182,20140424,1,2,14073,235876,1,49.99,19.49,0.0
5183,20140424,1,2,14074,235896,1,49.99,19.49,0.0
5184,20140424,1,1,14075,235893,1,49.99,19.49,0.0
5185,20140424,3,1,14075,235893,0,45.99,14.49,0.0
5186,20140424,1,1,14076,235918,1,49.99,19.49,0.0
5187,20140424,1,5,14077,235915,1,49.99,19.49,0.0
5188,20140424,1,1,14078,235917,1,49.99,19.49,0.0
5189,20140424,1,3,14079,235938,1,49.99,19.49,0.0
5190,20140424,1,1,14080,235946,1,49.99,19.49,0.0
5191,20140424,4,1,14080,235946,0,29.99,9.49,0.0
5192,20140424,3,4,14081,235949,1,45.99,14.49,45.99
5193,20140424,4,4,14081,235949,0,29.99,9.49,0.0
5194,20140424,1,2,14082,235954,1,49.99,19.49,0.0
5195,20140424,2,2,14082,235954,0,59.99,22.49,0.0
5196,20140424,1,7,14083,235992,1,49.99,19.49,0.0
5197,20140424,1,1,14084,236026,1,49.99,19.49,0.0
5198,20140424,4,1,14084,236026,0,29.99,9.49,0.0
5199,20140424,1,1,14085,236035,1,49.99,19.49,0.0
5200,20140424,1,9,14086,236043,1,49.99,19.49,49.99
5201,20140424,1,1,14087,236045,1,49.99,19.49,0.0
5202,20140424,2,1,14087,236045,0,59.99,22.49,0.0
5203,20140424,1,4,14088,236079,1,49.99,19.49,0.0
5204,20140424,3,4,14088,236079,0,45.99,14.49,0.0
5205,20140425,1,2,14089,236106,1,49.99,19.49,0.0
5206,20140425,4,2,14089,236106,0,29.99,9.49,0.0
5207,20140425,3,1,14090,236110,1,45.99,14.49,0.0
5208,20140425,4,1,14090,236110,0,29.99,9.49,0.0
5209,20140425,1,3,14091,236118,1,49.99,19.49,0.0
5210,20140425,3,3,14091,236118,0,45.99,14.49,0.0
5211,20140425,1,1,14092,236121,1,49.99,19.49,0.0
5212,20140425,1,7,14093,236127,1,49.99,19.49,0.0
5213,20140425,1,1,14094,236139,1,49.99,19.49,0.0
5214,20140425,3,3,14095,236197,1,45.99,14.49,0.0
5215,20140425,1,1,14096,236206,1,49.99,19.49,0.0
5216,20140425,1,7,14097,236208,1,49.99,19.49,0.0
5217,20140425,4,7,14097,236208,0,29.99,9.49,0.0
5218,20140425,1,2,14098,236213,1,49.99,19.49,0.0
5219,20140425,1,1,14099,236215,1,49.99,19.49,0.0
5220,20140425,4,1,14099,236215,0,29.99,9.49,0.0
5221,20140425,1,1,14100,236225,1,49.99,19.49,0.0
5222,20140425,1,1,14101,236246,1,49.99,19.49,0.0
5223,20140425,1,4,14102,236256,1,49.99,19.49,0.0
5224,20140425,4,4,14102,236256,0,29.99,9.49,0.0
5225,20140425,1,1,14103,236260,1,49.99,19.49,0.0
5226,20140425,1,1,14104,236273,1,49.99,19.49,0.0
5227,20140425,4,1,14104,236273,0,29.99,9.49,0.0
5228,20140425,1,2,14105,236277,1,49.99,19.49,0.0
5229,20140425,1,1,14106,236318,1,49.99,19.49,0.0
5230,20140425,1,4,14107,236350,1,49.99,19.49,0.0
5231,20140425,2,7,14108,236363,1,59.99,22.49,0.0
5232,20140425,2,1,14109,236372,1,59.99,22.49,0.0
5233,20140425,1,1,14110,236370,1,49.99,19.49,0.0
5234,20140425,1,3,14111,236406,1,49.99,19.49,0.0
5235,20140425,2,3,14111,236406,0,59.99,22.49,0.0
5236,20140425,1,7,14112,236414,1,49.99,19.49,0.0
5237,20140425,1,4,14113,236416,1,49.99,19.49,0.0
5238,20140425,1,1,14114,236420,1,49.99,19.49,0.0
5239,20140425,3,2,14115,236445,1,45.99,14.49,0.0
5240,20140425,4,2,14115,236445,0,29.99,9.49,0.0
5241,20140425,1,1,14116,236454,1,49.99,19.49,0.0
5242,20140425,1,3,14117,236463,1,49.99,19.49,0.0
5243,20140425,4,3,14117,236463,0,29.99,9.49,0.0
5244,20140425,1,5,14118,236471,1,49.99,19.49,0.0
5245,20140425,1,2,14119,236467,1,49.99,19.49,0.0
5246,20140425,3,2,14119,236467,0,45.99,14.49,0.0
5247,20140425,3,2,14120,236484,1,45.99,14.49,0.0
5248,20140425,2,2,14120,236484,0,59.99,22.49,0.0
5249,20140425,2,1,14121,236501,1,59.99,22.49,0.0
5250,20140425,3,2,14122,236527,1,45.99,14.49,0.0
5251,20140425,1,1,14123,236530,1,49.99,19.49,0.0
5252,20140425,2,1,14123,236530,0,59.99,22.49,0.0
5253,20140425,1,4,14124,236574,1,49.99,19.49,0.0
5254,20140425,4,4,14124,236574,0,29.99,9.49,0.0
5255,20140425,1,4,14125,236580,1,49.99,19.49,0.0
5256,20140425,4,4,14125,236580,0,29.99,9.49,0.0
5257,20140425,1,1,14126,236604,1,49.99,19.49,0.0
5258,20140425,1,10,14127,236605,1,49.99,19.49,0.0
5259,20140425,3,4,14128,236610,1,45.99,14.49,0.0
5260,20140425,1,3,14129,236625,1,49.99,19.49,0.0
5261,20140425,1,4,14130,236636,1,49.99,19.49,0.0
5262,20140425,1,1,14131,236656,1,49.99,19.49,0.0
5263,20140425,4,1,14131,236656,0,29.99,9.49,29.99
5264,20140425,3,3,14132,236669,1,45.99,14.49,0.0
5265,20140425,4,3,14132,236669,0,29.99,9.49,0.0
5266,20140425,1,4,14133,236675,1,49.99,19.49,0.0
5267,20140425,1,2,14134,236690,1,49.99,19.49,0.0
5268,20140425,3,2,14134,236690,0,45.99,14.49,0.0
5269,20140425,2,3,14135,236705,1,59.99,22.49,0.0
5270,20140425,1,1,14136,236704,1,49.99,19.49,0.0
5271,20140426,1,1,14137,236741,1,49.99,19.49,0.0
5272,20140426,3,2,14138,236752,1,45.99,14.49,0.0
5273,20140426,1,7,14139,236767,1,49.99,19.49,0.0
5274,20140426,1,5,14140,236774,1,49.99,19.49,0.0
5275,20140426,2,5,14140,236774,0,59.99,22.49,0.0
5276,20140426,1,5,14141,236804,1,49.99,19.49,0.0
5277,20140426,3,1,14142,236806,1,45.99,14.49,0.0
5278,20140426,3,1,14143,236809,1,45.99,14.49,0.0
5279,20140426,4,1,14143,236809,0,29.99,9.49,0.0
5280,20140426,1,1,14144,236817,1,49.99,19.49,0.0
5281,20140426,3,4,14145,236829,1,45.99,14.49,0.0
5282,20140426,1,1,14146,236852,1,49.99,19.49,0.0
5283,20140426,4,1,14146,236852,0,29.99,9.49,29.99
5284,20140426,1,1,14147,236859,1,49.99,19.49,0.0
5285,20140426,1,1,14148,236873,1,49.99,19.49,0.0
5286,20140426,3,7,14149,236890,1,45.99,14.49,0.0
5287,20140426,4,7,14149,236890,0,29.99,9.49,0.0
5288,20140426,1,2,14150,236904,1,49.99,19.49,0.0
5289,20140426,3,2,14150,236904,0,45.99,14.49,0.0
5290,20140426,1,1,14151,236925,1,49.99,19.49,0.0
5291,20140426,2,1,14151,236925,0,59.99,22.49,0.0
5292,20140426,1,1,14152,236929,1,49.99,19.49,0.0
5293,20140426,1,2,14153,236930,1,49.99,19.49,0.0
5294,20140426,3,2,14154,236936,1,45.99,14.49,0.0
5295,20140426,3,1,14155,236934,1,45.99,14.49,0.0
5296,20140426,4,1,14155,236934,0,29.99,9.49,0.0
5297,20140426,1,4,14156,236935,1,49.99,19.49,0.0
5298,20140426,2,4,14156,236935,0,59.99,22.49,0.0
5299,20140426,1,4,14157,236961,1,49.99,19.49,0.0
5300,20140426,1,2,14158,236971,1,49.99,19.49,0.0
5301,20140426,2,1,14159,236975,1,59.99,22.49,0.0
5302,20140426,2,7,14160,237002,1,59.99,22.49,0.0
5303,20140427,1,2,14161,237030,1,49.99,19.49,0.0
5304,20140427,1,5,14162,237046,1,49.99,19.49,0.0
5305,20140427,3,3,14163,237050,1,45.99,14.49,0.0
5306,20140427,1,3,14163,237050,0,49.99,19.49,0.0
5307,20140427,1,1,14164,237059,1,49.99,19.49,0.0
5308,20140427,4,1,14164,237059,0,29.99,9.49,0.0
5309,20140427,3,7,14165,237095,1,45.99,14.49,45.99
5310,20140427,1,2,14166,237097,1,49.99,19.49,0.0
5311,20140427,2,1,14167,237109,1,59.99,22.49,0.0
5312,20140427,1,1,14168,237123,1,49.99,19.49,0.0
5313,20140427,1,1,14169,237153,1,49.99,19.49,0.0
5314,20140427,4,1,14169,237153,0,29.99,9.49,0.0
5315,20140427,1,1,14170,237152,1,49.99,19.49,0.0
5316,20140427,3,1,14170,237152,0,45.99,14.49,0.0
5317,20140427,1,1,14171,237156,1,49.99,19.49,0.0
5318,20140427,1,1,14172,237174,1,49.99,19.49,0.0
5319,20140427,4,1,14172,237174,0,29.99,9.49,29.99
5320,20140427,1,1,14173,237192,1,49.99,19.49,0.0
5321,20140427,4,1,14173,237192,0,29.99,9.49,0.0
5322,20140427,1,5,14174,237214,1,49.99,19.49,0.0
5323,20140427,2,1,14175,237225,1,59.99,22.49,0.0
5324,20140427,1,9,14176,237237,1,49.99,19.49,0.0
5325,20140427,1,1,14177,237250,1,49.99,19.49,0.0
5326,20140427,1,2,14178,237257,1,49.99,19.49,0.0
5327,20140427,2,7,14179,237277,1,59.99,22.49,0.0
5328,20140427,1,7,14180,237290,1,49.99,19.49,0.0
5329,20140427,2,1,14181,237328,1,59.99,22.49,0.0
5330,20140428,2,2,14182,237353,1,59.99,22.49,0.0
5331,20140428,3,2,14183,237354,1,45.99,14.49,0.0
5332,20140428,1,3,14184,237360,1,49.99,19.49,0.0
5333,20140428,1,1,14185,237367,1,49.99,19.49,0.0
5334,20140428,1,1,14186,237381,1,49.99,19.49,0.0
5335,20140428,4,1,14186,237381,0,29.99,9.49,0.0
5336,20140428,1,1,14187,237390,1,49.99,19.49,0.0
5337,20140428,1,1,14188,237406,1,49.99,19.49,0.0
5338,20140428,1,1,14189,237430,1,49.99,19.49,0.0
5339,20140428,4,1,14189,237430,0,29.99,9.49,0.0
5340,20140428,1,4,14190,237458,1,49.99,19.49,0.0
5341,20140428,4,4,14190,237458,0,29.99,9.49,0.0
5342,20140428,2,7,14191,237464,1,59.99,22.49,0.0
5343,20140428,1,3,14192,237465,1,49.99,19.49,0.0
5344,20140428,4,3,14192,237465,0,29.99,9.49,0.0
5345,20140428,1,1,14193,237479,1,49.99,19.49,0.0
5346,20140428,2,2,14194,237540,1,59.99,22.49,0.0
5347,20140428,4,2,14194,237540,0,29.99,9.49,0.0
5348,20140428,1,3,14195,237539,1,49.99,19.49,0.0
5349,20140428,4,3,14195,237539,0,29.99,9.49,0.0
5350,20140428,1,1,14196,237551,1,49.99,19.49,0.0
5351,20140428,1,1,14197,237582,1,49.99,19.49,0.0
5352,20140428,1,1,14198,237613,1,49.99,19.49,0.0
5353,20140428,3,1,14198,237613,0,45.99,14.49,0.0
5354,20140428,2,2,14199,237617,1,59.99,22.49,0.0
5355,20140428,2,2,14200,237628,1,59.99,22.49,0.0
5356,20140428,1,1,14201,237626,1,49.99,19.49,0.0
5357,20140428,1,4,14202,237629,1,49.99,19.49,0.0
5358,20140428,1,2,14203,237639,1,49.99,19.49,0.0
5359,20140428,4,2,14203,237639,0,29.99,9.49,0.0
5360,20140428,1,1,14204,237642,1,49.99,19.49,0.0
5361,20140428,1,2,14205,237663,1,49.99,19.49,0.0
5362,20140428,1,4,14206,237660,1,49.99,19.49,0.0
5363,20140428,3,3,14207,237666,1,45.99,14.49,0.0
5364,20140428,2,4,14208,237689,1,59.99,22.49,0.0
5365,20140428,4,4,14208,237689,0,29.99,9.49,0.0
5366,20140428,1,1,14209,237693,1,49.99,19.49,0.0
5367,20140428,1,1,14210,237704,1,49.99,19.49,0.0
5368,20140428,1,2,14211,237707,1,49.99,19.49,0.0
5369,20140428,4,2,14211,237707,0,29.99,9.49,0.0
5370,20140428,1,1,14212,237724,1,49.99,19.49,0.0
5371,20140428,1,1,14213,237737,1,49.99,19.49,0.0
5372,20140428,3,1,14213,237737,0,45.99,14.49,45.99
5373,20140428,1,1,14214,237760,1,49.99,19.49,0.0
5374,20140428,2,1,14214,237760,0,59.99,22.49,0.0
5375,20140428,1,7,14215,237758,1,49.99,19.49,0.0
5376,20140428,1,2,14216,237818,1,49.99,19.49,0.0
5377,20140428,1,7,14217,237842,1,49.99,19.49,0.0
5378,20140428,1,2,14218,237870,1,49.99,19.49,0.0
5379,20140428,1,3,14219,237875,1,49.99,19.49,0.0
5380,20140428,2,3,14219,237875,0,59.99,22.49,0.0
5381,20140428,1,1,14220,237878,1,49.99,19.49,0.0
5382,20140428,4,1,14220,237878,0,29.99,9.49,0.0
5383,20140428,2,4,14221,237895,1,59.99,22.49,0.0
5384,20140428,2,1,14222,237896,1,59.99,22.49,0.0
5385,20140428,1,7,14223,237914,1,49.99,19.49,0.0
5386,20140428,1,2,14224,237925,1,49.99,19.49,0.0
5387,20140428,1,7,14225,237949,1,49.99,19.49,0.0
5388,20140428,1,2,14226,237960,1,49.99,19.49,0.0
5389,20140429,1,10,14227,237984,1,49.99,19.49,0.0
5390,20140429,3,10,14227,237984,0,45.99,14.49,0.0
5391,20140429,1,10,14228,238003,1,49.99,19.49,0.0
5392,20140429,2,10,14228,238003,0,59.99,22.49,0.0
5393,20140429,1,10,14229,238008,1,49.99,19.49,0.0
5394,20140429,1,4,14230,238031,1,49.99,19.49,49.99
5395,20140429,4,4,14230,238031,0,29.99,9.49,0.0
5396,20140429,1,4,14231,238042,1,49.99,19.49,0.0
5397,20140429,2,4,14232,238051,1,59.99,22.49,0.0
5398,20140429,1,2,14233,238052,1,49.99,19.49,0.0
5399,20140429,1,1,14234,238064,1,49.99,19.49,0.0
5400,20140429,2,1,14235,238063,1,59.99,22.49,0.0
5401,20140429,3,2,14236,238070,1,45.99,14.49,0.0
5402,20140429,1,2,14236,238070,0,49.99,19.49,0.0
5403,20140429,1,4,14237,238077,1,49.99,19.49,0.0
5404,20140429,1,2,14238,238101,1,49.99,19.49,0.0
5405,20140429,1,1,14239,238123,1,49.99,19.49,0.0
5406,20140429,3,1,14240,238129,1,45.99,14.49,0.0
5407,20140429,4,1,14240,238129,0,29.99,9.49,0.0
5408,20140429,1,3,14241,238135,1,49.99,19.49,0.0
5409,20140429,1,3,14242,238138,1,49.99,19.49,0.0
5410,20140429,2,1,14243,238139,1,59.99,22.49,0.0
5411,20140429,3,3,14244,238145,1,45.99,14.49,0.0
5412,20140429,2,1,14245,238158,1,59.99,22.49,0.0
5413,20140429,4,1,14245,238158,0,29.99,9.49,0.0
5414,20140429,1,3,14246,238155,1,49.99,19.49,0.0
5415,20140429,3,4,14247,238178,1,45.99,14.49,0.0
5416,20140429,1,1,14248,238185,1,49.99,19.49,0.0
5417,20140429,1,1,14249,238204,1,49.99,19.49,0.0
5418,20140429,3,3,14250,238209,1,45.99,14.49,0.0
5419,20140429,1,1,14251,238225,1,49.99,19.49,0.0
5420,20140429,1,1,14252,238239,1,49.99,19.49,0.0
5421,20140429,4,1,14252,238239,0,29.99,9.49,0.0
5422,20140429,1,2,14253,238252,1,49.99,19.49,0.0
5423,20140429,3,2,14253,238252,0,45.99,14.49,0.0
5424,20140429,3,1,14254,238274,1,45.99,14.49,0.0
5425,20140429,1,4,14255,238271,1,49.99,19.49,0.0
5426,20140429,1,4,14256,238275,1,49.99,19.49,0.0
5427,20140429,4,4,14256,238275,0,29.99,9.49,0.0
5428,20140429,1,3,14257,238269,1,49.99,19.49,0.0
5429,20140429,1,4,14258,238283,1,49.99,19.49,0.0
5430,20140429,2,1,14259,238293,1,59.99,22.49,0.0
5431,20140429,3,2,14260,238292,1,45.99,14.49,45.99
5432,20140429,2,2,14260,238292,0,59.99,22.49,0.0
5433,20140429,3,2,14261,238297,1,45.99,14.49,0.0
5434,20140429,1,1,14262,238315,1,49.99,19.49,0.0
5435,20140429,3,1,14262,238315,0,45.99,14.49,0.0
5436,20140429,2,7,14263,238311,1,59.99,22.49,0.0
5437,20140429,1,4,14264,238338,1,49.99,19.49,0.0
5438,20140429,4,4,14264,238338,0,29.99,9.49,0.0
5439,20140429,1,4,14265,238361,1,49.99,19.49,0.0
5440,20140429,1,1,14266,238378,1,49.99,19.49,0.0
5441,20140429,1,3,14267,238410,1,49.99,19.49,0.0
5442,20140429,3,2,14268,238414,1,45.99,14.49,0.0
5443,20140429,2,2,14268,238414,0,59.99,22.49,0.0
5444,20140429,1,2,14269,238419,1,49.99,19.49,0.0
5445,20140429,1,3,14270,238432,1,49.99,19.49,0.0
5446,20140429,3,3,14270,238432,0,45.99,14.49,0.0
5447,20140429,1,2,14271,238467,1,49.99,19.49,0.0
5448,20140429,2,2,14271,238467,0,59.99,22.49,0.0
5449,20140429,1,3,14272,238474,1,49.99,19.49,0.0
5450,20140429,1,5,14273,238503,1,49.99,19.49,0.0
5451,20140429,1,2,14274,238519,1,49.99,19.49,0.0
5452,20140429,4,2,14274,238519,0,29.99,9.49,0.0
5453,20140429,1,9,14275,238535,1,49.99,19.49,0.0
5454,20140429,1,1,14276,238542,1,49.99,19.49,0.0
5455,20140429,2,4,14277,238553,1,59.99,22.49,0.0
5456,20140429,4,4,14277,238553,0,29.99,9.49,0.0
5457,20140429,1,1,14278,238563,1,49.99,19.49,0.0
5458,20140429,1,1,14279,238587,1,49.99,19.49,0.0
5459,20140429,1,3,14280,238592,1,49.99,19.49,0.0
5460,20140429,2,1,14281,238598,1,59.99,22.49,0.0
5461,20140429,1,2,14282,238600,1,49.99,19.49,0.0
5462,20140429,3,1,14283,238608,1,45.99,14.49,0.0
5463,20140429,1,1,14284,238632,1,49.99,19.49,0.0
5464,20140429,1,7,14285,238654,1,49.99,19.49,0.0
5465,20140430,1,2,14286,238681,1,49.99,19.49,0.0
5466,20140430,1,4,14287,238690,1,49.99,19.49,0.0
5467,20140430,4,4,14287,238690,0,29.99,9.49,0.0
5468,20140430,1,1,14288,238698,1,49.99,19.49,0.0
5469,20140430,2,1,14288,238698,0,59.99,22.49,0.0
5470,20140430,2,1,14289,238710,1,59.99,22.49,0.0
5471,20140430,4,1,14289,238710,0,29.99,9.49,0.0
5472,20140430,1,3,14290,238729,1,49.99,19.49,0.0
5473,20140430,3,3,14290,238729,0,45.99,14.49,0.0
5474,20140430,1,1,14291,238741,1,49.99,19.49,0.0
5475,20140430,1,4,14292,238744,1,49.99,19.49,0.0
5476,20140430,4,4,14292,238744,0,29.99,9.49,0.0
5477,20140430,3,4,14293,238746,1,45.99,14.49,0.0
5478,20140430,2,4,14293,238746,0,59.99,22.49,0.0
5479,20140430,1,2,14294,238761,1,49.99,19.49,0.0
5480,20140430,2,4,14295,238771,1,59.99,22.49,0.0
5481,20140430,1,3,14296,238774,1,49.99,19.49,0.0
5482,20140430,2,10,14297,238798,1,59.99,22.49,0.0
5483,20140430,1,1,14298,238822,1,49.99,19.49,0.0
5484,20140430,3,4,14299,238830,1,45.99,14.49,0.0
5485,20140430,1,4,14300,238850,1,49.99,19.49,0.0
5486,20140430,4,4,14300,238850,0,29.99,9.49,0.0
5487,20140430,1,2,14301,238868,1,49.99,19.49,0.0
5488,20140430,1,9,14302,238897,1,49.99,19.49,0.0
5489,20140430,3,10,14303,238931,1,45.99,14.49,0.0
5490,20140430,1,1,14304,238929,1,49.99,19.49,0.0
5491,20140430,3,1,14304,238929,0,45.99,14.49,0.0
5492,20140430,1,1,14305,238937,1,49.99,19.49,0.0
5493,20140430,4,1,14305,238937,0,29.99,9.49,0.0
5494,20140430,1,7,14306,238942,1,49.99,19.49,0.0
5495,20140430,3,1,14307,238960,1,45.99,14.49,0.0
5496,20140430,3,3,14308,238952,1,45.99,14.49,0.0
5497,20140430,1,4,14309,238961,1,49.99,19.49,0.0
5498,20140430,1,2,14310,238965,1,49.99,19.49,0.0
5499,20140430,3,3,14311,238976,1,45.99,14.49,0.0
5500,20140430,1,7,14312,238980,1,49.99,19.49,0.0
5501,20140430,3,7,14312,238980,0,45.99,14.49,0.0
5502,20140430,1,1,14313,239002,1,49.99,19.49,0.0
5503,20140430,3,1,14313,239002,0,45.99,14.49,0.0
5504,20140430,3,9,14314,239008,1,45.99,14.49,45.99
5505,20140430,4,9,14314,239008,0,29.99,9.49,0.0
5506,20140430,1,4,14315,239018,1,49.99,19.49,0.0
5507,20140430,2,4,14315,239018,0,59.99,22.49,0.0
5508,20140430,3,2,14316,239029,1,45.99,14.49,0.0
5509,20140430,4,2,14316,239029,0,29.99,9.49,0.0
5510,20140430,2,1,14317,239034,1,59.99,22.49,59.99
5511,20140430,1,7,14318,239081,1,49.99,19.49,0.0
5512,20140430,3,7,14318,239081,0,45.99,14.49,0.0
5513,20140430,1,2,14319,239094,1,49.99,19.49,0.0
5514,20140430,4,2,14319,239094,0,29.99,9.49,0.0
5515,20140430,2,1,14320,239109,1,59.99,22.49,0.0
5516,20140430,2,3,14321,239121,1,59.99,22.49,0.0
5517,20140430,4,3,14321,239121,0,29.99,9.49,0.0
5518,20140430,1,3,14322,239120,1,49.99,19.49,0.0
5519,20140430,2,1,14323,239126,1,59.99,22.49,0.0
5520,20140430,1,10,14324,239128,1,49.99,19.49,0.0
5521,20140430,1,4,14325,239135,1,49.99,19.49,0.0
5522,20140430,1,2,14326,239142,1,49.99,19.49,0.0
5523,20140430,1,1,14327,239144,1,49.99,19.49,0.0
5524,20140430,1,1,14328,239143,1,49.99,19.49,0.0
5525,20140430,3,1,14328,239143,0,45.99,14.49,0.0
5526,20140430,1,4,14329,239145,1,49.99,19.49,0.0
5527,20140430,1,1,14330,239150,1,49.99,19.49,0.0
5528,20140430,2,1,14330,239150,0,59.99,22.49,0.0
5529,20140430,1,1,14331,239149,1,49.99,19.49,0.0
5530,20140430,1,5,14332,239163,1,49.99,19.49,0.0
5531,20140430,1,1,14333,239175,1,49.99,19.49,0.0
5532,20140430,1,7,14334,239181,1,49.99,19.49,0.0
5533,20140430,1,2,14335,239191,1,49.99,19.49,0.0
5534,20140430,3,9,14336,239190,1,45.99,14.49,0.0
5535,20140430,1,4,14337,239213,1,49.99,19.49,0.0
5536,20140430,1,1,14338,239255,1,49.99,19.49,0.0
5537,20140430,3,1,14338,239255,0,45.99,14.49,0.0
5538,20140430,3,9,14339,239261,1,45.99,14.49,0.0
5539,20140430,3,4,14340,239282,1,45.99,14.49,0.0
5540,20140430,1,4,14340,239282,0,49.99,19.49,0.0
5541,20140430,1,1,14341,239332,1,49.99,19.49,0.0
5542,20140430,1,2,14342,239347,1,49.99,19.49,0.0
5543,20140430,1,2,14343,239372,1,49.99,19.49,0.0
5544,20140501,1,2,14344,239385,1,49.99,19.49,0.0
5545,20140501,1,10,14345,239389,1,49.99,19.49,0.0
5546,20140501,1,4,14346,239424,1,49.99,19.49,0.0
5547,20140501,4,4,14346,239424,0,29.99,9.49,0.0
5548,20140501,1,1,14347,239448,1,49.99,19.49,0.0
5549,20140501,3,4,14348,239458,1,45.99,14.49,0.0
5550,20140501,2,1,14349,239459,1,59.99,22.49,0.0
5551,20140501,4,1,14349,239459,0,29.99,9.49,0.0
5552,20140501,1,1,14350,239516,1,49.99,19.49,0.0
5553,20140501,1,1,14351,239524,1,49.99,19.49,0.0
5554,20140501,4,1,14351,239524,0,29.99,9.49,0.0
5555,20140501,1,1,14352,239523,1,49.99,19.49,0.0
5556,20140501,4,1,14352,239523,0,29.99,9.49,0.0
5557,20140501,1,1,14353,239528,1,49.99,19.49,0.0
5558,20140501,4,1,14353,239528,0,29.99,9.49,0.0
5559,20140501,1,1,14354,239536,1,49.99,19.49,0.0
5560,20140501,3,1,14354,239536,0,45.99,14.49,0.0
5561,20140501,1,1,14355,239558,1,49.99,19.49,0.0
5562,20140501,2,1,14356,239566,1,59.99,22.49,0.0
5563,20140501,2,2,14357,239565,1,59.99,22.49,0.0
5564,20140501,4,2,14357,239565,0,29.99,9.49,0.0
5565,20140501,2,1,14358,239585,1,59.99,22.49,0.0
5566,20140501,3,1,14358,239585,0,45.99,14.49,0.0
5567,20140501,3,3,14359,239593,1,45.99,14.49,0.0
5568,20140501,1,2,14360,239603,1,49.99,19.49,0.0
5569,20140501,2,2,14360,239603,0,59.99,22.49,0.0
5570,20140501,2,9,14361,239604,1,59.99,22.49,0.0
5571,20140501,3,2,14362,239608,1,45.99,14.49,0.0
5572,20140501,1,2,14362,239608,0,49.99,19.49,0.0
5573,20140501,1,1,14363,239623,1,49.99,19.49,0.0
5574,20140501,1,7,14364,239631,1,49.99,19.49,0.0
5575,20140501,1,1,14365,239644,1,49.99,19.49,0.0
5576,20140501,3,1,14365,239644,0,45.99,14.49,0.0
5577,20140501,2,1,14366,239651,1,59.99,22.49,0.0
5578,20140501,1,4,14367,239657,1,49.99,19.49,0.0
5579,20140501,1,1,14368,239659,1,49.99,19.49,0.0
5580,20140501,4,1,14368,239659,0,29.99,9.49,0.0
5581,20140501,1,1,14369,239683,1,49.99,19.49,0.0
5582,20140501,2,1,14369,239683,0,59.99,22.49,0.0
5583,20140501,1,4,14370,239731,1,49.99,19.49,0.0
5584,20140501,4,4,14370,239731,0,29.99,9.49,0.0
5585,20140501,1,3,14371,239759,1,49.99,19.49,0.0
5586,20140501,1,1,14372,239763,1,49.99,19.49,0.0
5587,20140501,1,7,14373,239791,1,49.99,19.49,0.0
5588,20140501,1,1,14374,239792,1,49.99,19.49,0.0
5589,20140501,1,4,14375,239809,1,49.99,19.49,0.0
5590,20140501,3,4,14375,239809,0,45.99,14.49,0.0
5591,20140501,1,2,14376,239805,1,49.99,19.49,0.0
5592,20140501,1,1,14377,239812,1,49.99,19.49,0.0
5593,20140501,1,2,14378,239819,1,49.99,19.49,0.0
5594,20140501,4,2,14378,239819,0,29.99,9.49,0.0
5595,20140501,1,2,14379,239823,1,49.99,19.49,0.0
5596,20140501,4,2,14379,239823,0,29.99,9.49,0.0
5597,20140501,1,1,14380,239848,1,49.99,19.49,0.0
5598,20140501,3,2,14381,239854,1,45.99,14.49,0.0
5599,20140501,1,1,14382,239863,1,49.99,19.49,0.0
5600,20140501,2,1,14382,239863,0,59.99,22.49,0.0
5601,20140501,3,7,14383,239861,1,45.99,14.49,0.0
5602,20140501,1,7,14383,239861,0,49.99,19.49,0.0
5603,20140501,2,1,14384,239862,1,59.99,22.49,0.0
5604,20140501,4,1,14384,239862,0,29.99,9.49,0.0
5605,20140501,1,2,14385,239890,1,49.99,19.49,0.0
5606,20140501,2,2,14386,239926,1,59.99,22.49,0.0
5607,20140501,1,1,14387,239931,1,49.99,19.49,0.0
5608,20140501,1,1,14388,239929,1,49.99,19.49,0.0
5609,20140501,1,4,14389,239954,1,49.99,19.49,0.0
5610,20140501,3,1,14390,239970,1,45.99,14.49,0.0
5611,20140501,1,1,14391,239993,1,49.99,19.49,0.0
5612,20140501,1,1,14392,239995,1,49.99,19.49,49.99
5613,20140501,1,2,14393,240024,1,49.99,19.49,0.0
5614,20140501,4,2,14393,240024,0,29.99,9.49,0.0
5615,20140501,1,9,14394,240050,1,49.99,19.49,0.0
5616,20140501,4,9,14394,240050,0,29.99,9.49,0.0
5617,20140501,1,1,14395,240053,1,49.99,19.49,0.0
5618,20140501,4,1,14395,240053,0,29.99,9.49,0.0
5619,20140501,1,2,14396,240052,1,49.99,19.49,0.0
5620,20140501,1,1,14397,240056,1,49.99,19.49,0.0
5621,20140501,1,1,14398,240060,1,49.99,19.49,0.0
5622,20140502,1,2,14399,240078,1,49.99,19.49,0.0
5623,20140502,2,1,14400,240089,1,59.99,22.49,0.0
5624,20140502,1,1,14401,240113,1,49.99,19.49,0.0
5625,20140502,3,1,14401,240113,0,45.99,14.49,45.99
5626,20140502,3,2,14402,240118,1,45.99,14.49,0.0
5627,20140502,1,1,14403,240120,1,49.99,19.49,0.0
5628,20140502,4,1,14403,240120,0,29.99,9.49,0.0
5629,20140502,3,1,14404,240144,1,45.99,14.49,0.0
5630,20140502,1,1,14405,240166,1,49.99,19.49,0.0
5631,20140502,1,1,14406,240171,1,49.99,19.49,0.0
5632,20140502,2,1,14406,240171,0,59.99,22.49,0.0
5633,20140502,1,3,14407,240172,1,49.99,19.49,0.0
5634,20140502,3,1,14408,240175,1,45.99,14.49,45.99
5635,20140502,1,1,14409,240201,1,49.99,19.49,0.0
5636,20140502,1,4,14410,240217,1,49.99,19.49,0.0
5637,20140502,1,3,14411,240223,1,49.99,19.49,0.0
5638,20140502,3,3,14411,240223,0,45.99,14.49,0.0
5639,20140502,2,7,14412,240233,1,59.99,22.49,0.0
5640,20140502,2,7,14413,240255,1,59.99,22.49,0.0
5641,20140502,1,7,14413,240255,0,49.99,19.49,0.0
5642,20140502,3,6,14414,240258,1,45.99,14.49,0.0
5643,20140502,1,3,14415,240287,1,49.99,19.49,0.0
5644,20140502,3,1,14416,240285,1,45.99,14.49,45.99
5645,20140502,4,1,14416,240285,0,29.99,9.49,0.0
5646,20140502,1,2,14417,240307,1,49.99,19.49,0.0
5647,20140502,1,1,14418,240311,1,49.99,19.49,0.0
5648,20140502,1,1,14419,240320,1,49.99,19.49,0.0
5649,20140502,3,1,14419,240320,0,45.99,14.49,45.99
5650,20140502,3,2,14420,240342,1,45.99,14.49,0.0
5651,20140502,1,4,14421,240343,1,49.99,19.49,0.0
5652,20140502,1,2,14422,240359,1,49.99,19.49,0.0
5653,20140502,1,3,14423,240393,1,49.99,19.49,0.0
5654,20140502,3,3,14423,240393,0,45.99,14.49,45.99
5655,20140502,1,1,14424,240395,1,49.99,19.49,0.0
5656,20140502,1,1,14425,240420,1,49.99,19.49,0.0
5657,20140502,1,5,14426,240423,1,49.99,19.49,0.0
5658,20140502,4,5,14426,240423,0,29.99,9.49,0.0
5659,20140502,1,2,14427,240436,1,49.99,19.49,0.0
5660,20140502,1,1,14428,240443,1,49.99,19.49,0.0
5661,20140502,1,6,14429,240465,1,49.99,19.49,0.0
5662,20140502,4,6,14429,240465,0,29.99,9.49,0.0
5663,20140502,3,1,14430,240475,1,45.99,14.49,0.0
5664,20140502,4,1,14430,240475,0,29.99,9.49,0.0
5665,20140502,1,1,14431,240492,1,49.99,19.49,0.0
5666,20140502,4,1,14431,240492,0,29.99,9.49,0.0
5667,20140502,2,1,14432,240509,1,59.99,22.49,0.0
5668,20140502,4,1,14432,240509,0,29.99,9.49,0.0
5669,20140502,3,1,14433,240519,1,45.99,14.49,0.0
5670,20140502,2,1,14434,240524,1,59.99,22.49,0.0
5671,20140502,3,1,14435,240534,1,45.99,14.49,0.0
5672,20140502,1,4,14436,240537,1,49.99,19.49,0.0
5673,20140502,4,4,14436,240537,0,29.99,9.49,0.0
5674,20140502,1,1,14437,240575,1,49.99,19.49,0.0
5675,20140502,3,1,14437,240575,0,45.99,14.49,0.0
5676,20140502,1,1,14438,240581,1,49.99,19.49,0.0
5677,20140502,2,1,14439,240599,1,59.99,22.49,0.0
5678,20140502,1,1,14440,240608,1,49.99,19.49,0.0
5679,20140502,3,2,14441,240609,1,45.99,14.49,0.0
5680,20140502,1,1,14442,240619,1,49.99,19.49,0.0
5681,20140502,1,3,14443,240637,1,49.99,19.49,0.0
5682,20140502,1,7,14444,240654,1,49.99,19.49,0.0
5683,20140502,1,2,14445,240657,1,49.99,19.49,0.0
5684,20140502,1,1,14446,240667,1,49.99,19.49,0.0
5685,20140502,1,2,14447,240675,1,49.99,19.49,0.0
5686,20140502,1,1,14448,240686,1,49.99,19.49,0.0
5687,20140502,3,1,14448,240686,0,45.99,14.49,0.0
5688,20140502,1,5,14449,240706,1,49.99,19.49,0.0
5689,20140503,1,1,14450,240713,1,49.99,19.49,0.0
5690,20140503,1,1,14451,240727,1,49.99,19.49,0.0
5691,20140503,4,1,14451,240727,0,29.99,9.49,0.0
5692,20140503,1,7,14452,240753,1,49.99,19.49,0.0
5693,20140503,3,7,14452,240753,0,45.99,14.49,0.0
5694,20140503,1,3,14453,240773,1,49.99,19.49,0.0
5695,20140503,1,7,14454,240779,1,49.99,19.49,0.0
5696,20140503,1,6,14455,240810,1,49.99,19.49,0.0
5697,20140503,1,1,14456,240820,1,49.99,19.49,0.0
5698,20140503,1,7,14457,240831,1,49.99,19.49,0.0
5699,20140503,1,1,14458,240834,1,49.99,19.49,0.0
5700,20140503,4,1,14458,240834,0,29.99,9.49,0.0
5701,20140503,1,2,14459,240866,1,49.99,19.49,0.0
5702,20140503,1,4,14460,240879,1,49.99,19.49,0.0
5703,20140503,3,4,14460,240879,0,45.99,14.49,0.0
5704,20140503,1,1,14461,240886,1,49.99,19.49,0.0
5705,20140503,4,1,14461,240886,0,29.99,9.49,0.0
5706,20140503,1,1,14462,240888,1,49.99,19.49,0.0
5707,20140503,1,2,14463,240892,1,49.99,19.49,0.0
5708,20140503,1,1,14464,240918,1,49.99,19.49,0.0
5709,20140503,4,1,14464,240918,0,29.99,9.49,0.0
5710,20140503,1,2,14465,240940,1,49.99,19.49,0.0
5711,20140503,4,2,14465,240940,0,29.99,9.49,0.0
5712,20140503,1,1,14466,240948,1,49.99,19.49,0.0
5713,20140503,3,1,14466,240948,0,45.99,14.49,0.0
5714,20140504,3,1,14467,240996,1,45.99,14.49,0.0
5715,20140504,1,1,14468,241006,1,49.99,19.49,0.0
5716,20140504,2,4,14469,241036,1,59.99,22.49,0.0
5717,20140504,3,9,14470,241084,1,45.99,14.49,0.0
5718,20140504,4,9,14470,241084,0,29.99,9.49,0.0
5719,20140504,2,7,14471,241099,1,59.99,22.49,0.0
5720,20140504,1,4,14472,241115,1,49.99,19.49,0.0
5721,20140504,4,4,14472,241115,0,29.99,9.49,0.0
5722,20140504,1,1,14473,241114,1,49.99,19.49,0.0
5723,20140504,1,3,14474,241125,1,49.99,19.49,0.0
5724,20140504,4,3,14474,241125,0,29.99,9.49,0.0
5725,20140504,1,1,14475,241134,1,49.99,19.49,49.99
5726,20140504,2,1,14475,241134,0,59.99,22.49,0.0
5727,20140504,3,1,14476,241152,1,45.99,14.49,45.99
5728,20140504,4,1,14476,241152,0,29.99,9.49,0.0
5729,20140504,1,1,14477,241155,1,49.99,19.49,0.0
5730,20140504,2,1,14477,241155,0,59.99,22.49,0.0
5731,20140504,1,3,14478,241175,1,49.99,19.49,0.0
5732,20140504,1,3,14479,241180,1,49.99,19.49,0.0
5733,20140504,3,3,14479,241180,0,45.99,14.49,0.0
5734,20140504,1,7,14480,241191,1,49.99,19.49,0.0
5735,20140504,4,7,14480,241191,0,29.99,9.49,0.0
5736,20140504,1,4,14481,241298,1,49.99,19.49,0.0
5737,20140505,1,2,14482,241303,1,49.99,19.49,0.0
5738,20140505,2,2,14482,241303,0,59.99,22.49,0.0
5739,20140505,1,1,14483,241311,1,49.99,19.49,0.0
5740,20140505,4,1,14483,241311,0,29.99,9.49,0.0
5741,20140505,1,1,14484,241317,1,49.99,19.49,0.0
5742,20140505,1,2,14485,241325,1,49.99,19.49,0.0
5743,20140505,1,3,14486,241336,1,49.99,19.49,0.0
5744,20140505,4,3,14486,241336,0,29.99,9.49,0.0
5745,20140505,1,1,14487,241348,1,49.99,19.49,0.0
5746,20140505,1,5,14488,241354,1,49.99,19.49,0.0
5747,20140505,4,5,14488,241354,0,29.99,9.49,0.0
5748,20140505,2,1,14489,241357,1,59.99,22.49,0.0
5749,20140505,1,1,14490,241359,1,49.99,19.49,0.0
5750,20140505,4,1,14490,241359,0,29.99,9.49,0.0
5751,20140505,1,1,14491,241375,1,49.99,19.49,0.0
5752,20140505,4,1,14491,241375,0,29.99,9.49,0.0
5753,20140505,2,1,14492,241377,1,59.99,22.49,0.0
5754,20140505,3,1,14493,241382,1,45.99,14.49,0.0
5755,20140505,3,2,14494,241396,1,45.99,14.49,0.0
5756,20140505,1,2,14494,241396,0,49.99,19.49,0.0
5757,20140505,1,3,14495,241403,1,49.99,19.49,0.0
5758,20140505,2,3,14495,241403,0,59.99,22.49,0.0
5759,20140505,1,7,14496,241414,1,49.99,19.49,0.0
5760,20140505,3,7,14496,241414,0,45.99,14.49,0.0
5761,20140505,3,1,14497,241418,1,45.99,14.49,0.0
5762,20140505,1,3,14498,241426,1,49.99,19.49,0.0
5763,20140505,1,1,14499,241429,1,49.99,19.49,0.0
5764,20140505,1,1,14500,241439,1,49.99,19.49,0.0
5765,20140505,4,1,14500,241439,0,29.99,9.49,0.0
5766,20140505,1,1,14501,241465,1,49.99,19.49,0.0
5767,20140505,1,1,14502,241468,1,49.99,19.49,0.0
5768,20140505,1,1,14503,241475,1,49.99,19.49,0.0
5769,20140505,3,1,14503,241475,0,45.99,14.49,0.0
5770,20140505,1,4,14504,241486,1,49.99,19.49,0.0
5771,20140505,4,4,14504,241486,0,29.99,9.49,0.0
5772,20140505,1,2,14505,241495,1,49.99,19.49,0.0
5773,20140505,3,2,14505,241495,0,45.99,14.49,0.0
5774,20140505,2,5,14506,241502,1,59.99,22.49,0.0
5775,20140505,1,5,14507,241540,1,49.99,19.49,49.99
5776,20140505,1,1,14508,241548,1,49.99,19.49,0.0
5777,20140505,4,1,14508,241548,0,29.99,9.49,0.0
5778,20140505,1,4,14509,241560,1,49.99,19.49,0.0
5779,20140505,1,2,14510,241565,1,49.99,19.49,0.0
5780,20140505,1,3,14511,241617,1,49.99,19.49,0.0
5781,20140505,2,7,14512,241618,1,59.99,22.49,0.0
5782,20140505,4,7,14512,241618,0,29.99,9.49,0.0
5783,20140505,2,3,14513,241619,1,59.99,22.49,0.0
5784,20140505,1,10,14514,241630,1,49.99,19.49,0.0
5785,20140505,1,3,14515,241627,1,49.99,19.49,0.0
5786,20140505,2,1,14516,241625,1,59.99,22.49,0.0
5787,20140505,4,1,14516,241625,0,29.99,9.49,0.0
5788,20140505,1,1,14517,241634,1,49.99,19.49,0.0
5789,20140505,4,1,14517,241634,0,29.99,9.49,0.0
5790,20140505,2,1,14518,241642,1,59.99,22.49,0.0
5791,20140505,1,1,14519,241649,1,49.99,19.49,0.0
5792,20140505,4,1,14519,241649,0,29.99,9.49,0.0
5793,20140505,1,1,14520,241704,1,49.99,19.49,0.0
5794,20140505,4,1,14520,241704,0,29.99,9.49,0.0
5795,20140505,1,1,14521,241710,1,49.99,19.49,0.0
5796,20140505,1,1,14522,241715,1,49.99,19.49,0.0
5797,20140505,1,1,14523,241721,1,49.99,19.49,0.0
5798,20140505,4,1,14523,241721,0,29.99,9.49,0.0
5799,20140505,1,1,14524,241733,1,49.99,19.49,0.0
5800,20140505,1,1,14525,241749,1,49.99,19.49,0.0
5801,20140505,3,1,14526,241802,1,45.99,14.49,0.0
5802,20140505,3,7,14527,241807,1,45.99,14.49,0.0
5803,20140505,4,7,14527,241807,0,29.99,9.49,0.0
5804,20140505,2,10,14528,241805,1,59.99,22.49,0.0
5805,20140505,1,7,14529,241828,1,49.99,19.49,0.0
5806,20140505,1,1,14530,241821,1,49.99,19.49,0.0
5807,20140505,1,1,14531,241837,1,49.99,19.49,0.0
5808,20140505,4,1,14531,241837,0,29.99,9.49,0.0
5809,20140505,3,1,14532,241841,1,45.99,14.49,0.0
5810,20140505,1,2,14533,241858,1,49.99,19.49,0.0
5811,20140505,1,4,14534,241877,1,49.99,19.49,0.0
5812,20140505,4,4,14534,241877,0,29.99,9.49,0.0
5813,20140505,1,6,14535,241882,1,49.99,19.49,0.0
5814,20140505,1,2,14536,241887,1,49.99,19.49,0.0
5815,20140505,1,2,14537,241890,1,49.99,19.49,0.0
5816,20140505,1,1,14538,241935,1,49.99,19.49,0.0
5817,20140505,3,1,14539,241948,1,45.99,14.49,0.0
5818,20140505,4,1,14539,241948,0,29.99,9.49,0.0
5819,20140505,1,3,14540,241956,1,49.99,19.49,0.0
5820,20140505,3,3,14541,241969,1,45.99,14.49,0.0
5821,20140505,1,3,14542,241976,1,49.99,19.49,49.99
5822,20140505,4,3,14542,241976,0,29.99,9.49,0.0
5823,20140505,1,4,14543,241989,1,49.99,19.49,0.0
5824,20140505,1,4,14544,241993,1,49.99,19.49,0.0
5825,20140505,4,4,14544,241993,0,29.99,9.49,0.0
5826,20140506,1,4,14545,242022,1,49.99,19.49,0.0
5827,20140506,4,4,14545,242022,0,29.99,9.49,0.0
5828,20140506,1,1,14546,242034,1,49.99,19.49,0.0
5829,20140506,3,1,14546,242034,0,45.99,14.49,0.0
5830,20140506,1,2,14547,242047,1,49.99,19.49,0.0
5831,20140506,3,2,14547,242047,0,45.99,14.49,45.99
5832,20140506,3,1,14548,242053,1,45.99,14.49,0.0
5833,20140506,4,1,14548,242053,0,29.99,9.49,0.0
5834,20140506,1,2,14549,242062,1,49.99,19.49,0.0
5835,20140506,1,7,14550,242117,1,49.99,19.49,0.0
5836,20140506,1,2,14551,242122,1,49.99,19.49,0.0
5837,20140506,3,2,14551,242122,0,45.99,14.49,0.0
5838,20140506,1,1,14552,242133,1,49.99,19.49,0.0
5839,20140506,1,5,14553,242143,1,49.99,19.49,0.0
5840,20140506,4,5,14553,242143,0,29.99,9.49,0.0
5841,20140506,1,1,14554,242148,1,49.99,19.49,0.0
5842,20140506,4,1,14554,242148,0,29.99,9.49,0.0
5843,20140506,1,9,14555,242149,1,49.99,19.49,0.0
5844,20140506,3,2,14556,242160,1,45.99,14.49,0.0
5845,20140506,1,4,14557,242210,1,49.99,19.49,0.0
5846,20140506,3,4,14557,242210,0,45.99,14.49,0.0
5847,20140506,1,1,14558,242215,1,49.99,19.49,0.0
5848,20140506,1,1,14559,242217,1,49.99,19.49,0.0
5849,20140506,1,3,14560,242226,1,49.99,19.49,0.0
5850,20140506,1,3,14561,242253,1,49.99,19.49,0.0
5851,20140506,3,1,14562,242275,1,45.99,14.49,0.0
5852,20140506,1,2,14563,242280,1,49.99,19.49,0.0
5853,20140506,4,2,14563,242280,0,29.99,9.49,0.0
5854,20140506,2,9,14564,242279,1,59.99,22.49,0.0
5855,20140506,1,1,14565,242326,1,49.99,19.49,0.0
5856,20140506,4,1,14565,242326,0,29.99,9.49,0.0
5857,20140506,1,1,14566,242339,1,49.99,19.49,49.99
5858,20140506,1,4,14567,242345,1,49.99,19.49,0.0
5859,20140506,4,4,14567,242345,0,29.99,9.49,0.0
5860,20140506,1,9,14568,242343,1,49.99,19.49,0.0
5861,20140506,4,9,14568,242343,0,29.99,9.49,0.0
5862,20140506,2,2,14569,242390,1,59.99,22.49,0.0
5863,20140506,1,7,14570,242406,1,49.99,19.49,49.99
5864,20140506,1,1,14571,242423,1,49.99,19.49,0.0
5865,20140506,1,10,14572,242440,1,49.99,19.49,0.0
5866,20140506,1,2,14573,242449,1,49.99,19.49,0.0
5867,20140506,1,1,14574,242447,1,49.99,19.49,0.0
5868,20140506,1,1,14575,242455,1,49.99,19.49,0.0
5869,20140506,1,1,14576,242466,1,49.99,19.49,0.0
5870,20140506,4,1,14576,242466,0,29.99,9.49,0.0
5871,20140506,1,3,14577,242495,1,49.99,19.49,0.0
5872,20140506,3,2,14578,242496,1,45.99,14.49,0.0
5873,20140506,4,2,14578,242496,0,29.99,9.49,0.0
5874,20140506,1,4,14579,242516,1,49.99,19.49,0.0
5875,20140506,1,2,14580,242528,1,49.99,19.49,0.0
5876,20140506,1,7,14581,242531,1,49.99,19.49,0.0
5877,20140506,3,7,14581,242531,0,45.99,14.49,0.0
5878,20140506,1,1,14582,242569,1,49.99,19.49,0.0
5879,20140506,4,1,14582,242569,0,29.99,9.49,0.0
5880,20140506,1,7,14583,242568,1,49.99,19.49,0.0
5881,20140506,3,3,14584,242577,1,45.99,14.49,0.0
5882,20140506,1,4,14585,242596,1,49.99,19.49,0.0
5883,20140506,4,4,14585,242596,0,29.99,9.49,29.99
5884,20140506,1,1,14586,242599,1,49.99,19.49,0.0
5885,20140506,1,3,14587,242647,1,49.99,19.49,0.0
5886,20140506,3,3,14587,242647,0,45.99,14.49,0.0
5887,20140506,1,4,14588,242664,1,49.99,19.49,0.0
5888,20140506,1,1,14589,242694,1,49.99,19.49,0.0
5889,20140507,1,2,14590,242697,1,49.99,19.49,0.0
5890,20140507,1,1,14591,242721,1,49.99,19.49,0.0
5891,20140507,1,7,14592,242750,1,49.99,19.49,0.0
5892,20140507,3,7,14592,242750,0,45.99,14.49,0.0
5893,20140507,2,1,14593,242749,1,59.99,22.49,0.0
5894,20140507,4,1,14593,242749,0,29.99,9.49,0.0
5895,20140507,1,2,14594,242778,1,49.99,19.49,0.0
5896,20140507,1,2,14595,242785,1,49.99,19.49,0.0
5897,20140507,4,2,14595,242785,0,29.99,9.49,0.0
5898,20140507,1,1,14596,242790,1,49.99,19.49,0.0
5899,20140507,1,1,14597,242793,1,49.99,19.49,0.0
5900,20140507,3,1,14598,242799,1,45.99,14.49,0.0
5901,20140507,2,3,14599,242796,1,59.99,22.49,0.0
5902,20140507,2,7,14600,242814,1,59.99,22.49,0.0
5903,20140507,1,1,14601,242811,1,49.99,19.49,0.0
5904,20140507,3,1,14601,242811,0,45.99,14.49,0.0
5905,20140507,1,1,14602,242824,1,49.99,19.49,0.0
5906,20140507,3,1,14603,242854,1,45.99,14.49,0.0
5907,20140507,4,1,14603,242854,0,29.99,9.49,0.0
5908,20140507,1,1,14604,242863,1,49.99,19.49,0.0
5909,20140507,2,1,14604,242863,0,59.99,22.49,0.0
5910,20140507,1,3,14605,242875,1,49.99,19.49,0.0
5911,20140507,4,3,14605,242875,0,29.99,9.49,0.0
5912,20140507,1,3,14606,242890,1,49.99,19.49,0.0
5913,20140507,1,4,14607,242892,1,49.99,19.49,0.0
5914,20140507,1,1,14608,242895,1,49.99,19.49,0.0
5915,20140507,1,3,14609,242912,1,49.99,19.49,0.0
5916,20140507,1,1,14610,242921,1,49.99,19.49,0.0
5917,20140507,3,4,14611,242989,1,45.99,14.49,0.0
5918,20140507,1,7,14612,243007,1,49.99,19.49,0.0
5919,20140507,1,5,14613,243015,1,49.99,19.49,0.0
5920,20140507,1,1,14614,243025,1,49.99,19.49,0.0
5921,20140507,1,5,14615,243029,1,49.99,19.49,0.0
5922,20140507,1,1,14616,243059,1,49.99,19.49,0.0
5923,20140507,2,1,14616,243059,0,59.99,22.49,0.0
5924,20140507,1,1,14617,243071,1,49.99,19.49,0.0
5925,20140507,4,1,14617,243071,0,29.99,9.49,0.0
5926,20140507,1,2,14618,243106,1,49.99,19.49,0.0
5927,20140507,1,7,14619,243117,1,49.99,19.49,0.0
5928,20140507,1,1,14620,243119,1,49.99,19.49,0.0
5929,20140507,1,2,14621,243134,1,49.99,19.49,0.0
5930,20140507,3,2,14621,243134,0,45.99,14.49,0.0
5931,20140507,2,2,14622,243146,1,59.99,22.49,0.0
5932,20140507,4,2,14622,243146,0,29.99,9.49,0.0
5933,20140507,1,1,14623,243144,1,49.99,19.49,0.0
5934,20140507,1,1,14624,243166,1,49.99,19.49,0.0
5935,20140507,1,4,14625,243174,1,49.99,19.49,0.0
5936,20140507,1,5,14626,243188,1,49.99,19.49,0.0
5937,20140507,2,1,14627,243203,1,59.99,22.49,0.0
5938,20140507,1,4,14628,243209,1,49.99,19.49,0.0
5939,20140507,2,4,14629,243220,1,59.99,22.49,0.0
5940,20140507,3,4,14630,243240,1,45.99,14.49,0.0
5941,20140507,1,1,14631,243245,1,49.99,19.49,0.0
5942,20140507,1,3,14632,243248,1,49.99,19.49,0.0
5943,20140507,4,3,14632,243248,0,29.99,9.49,0.0
5944,20140507,2,1,14633,243258,1,59.99,22.49,0.0
5945,20140507,1,1,14634,243255,1,49.99,19.49,0.0
5946,20140507,3,1,14635,243320,1,45.99,14.49,0.0
5947,20140507,1,4,14636,243330,1,49.99,19.49,0.0
5948,20140507,3,4,14636,243330,0,45.99,14.49,0.0
5949,20140507,1,4,14637,243375,1,49.99,19.49,0.0
5950,20140507,1,1,14638,243392,1,49.99,19.49,0.0
5951,20140508,1,1,14639,243413,1,49.99,19.49,0.0
5952,20140508,3,1,14639,243413,0,45.99,14.49,0.0
5953,20140508,1,7,14640,243421,1,49.99,19.49,0.0
5954,20140508,4,7,14640,243421,0,29.99,9.49,0.0
5955,20140508,3,1,14641,243427,1,45.99,14.49,0.0
5956,20140508,4,1,14641,243427,0,29.99,9.49,0.0
5957,20140508,3,1,14642,243437,1,45.99,14.49,0.0
5958,20140508,1,2,14643,243488,1,49.99,19.49,0.0
5959,20140508,4,2,14643,243488,0,29.99,9.49,0.0
5960,20140508,1,1,14644,243487,1,49.99,19.49,0.0
5961,20140508,1,1,14645,243497,1,49.99,19.49,0.0
5962,20140508,3,1,14645,243497,0,45.99,14.49,0.0
5963,20140508,1,1,14646,243534,1,49.99,19.49,0.0
5964,20140508,3,1,14646,243534,0,45.99,14.49,0.0
5965,20140508,2,1,14647,243542,1,59.99,22.49,0.0
5966,20140508,1,1,14648,243586,1,49.99,19.49,0.0
5967,20140508,3,1,14648,243586,0,45.99,14.49,0.0
5968,20140508,1,1,14649,243577,1,49.99,19.49,0.0
5969,20140508,1,8,14650,243599,1,49.99,19.49,0.0
5970,20140508,1,1,14651,243621,1,49.99,19.49,0.0
5971,20140508,1,5,14652,243632,1,49.99,19.49,0.0
5972,20140508,4,5,14652,243632,0,29.99,9.49,0.0
5973,20140508,1,7,14653,243636,1,49.99,19.49,0.0
5974,20140508,3,7,14653,243636,0,45.99,14.49,45.99
5975,20140508,2,3,14654,243652,1,59.99,22.49,0.0
5976,20140508,1,1,14655,243678,1,49.99,19.49,0.0
5977,20140508,1,3,14656,243701,1,49.99,19.49,0.0
5978,20140508,4,3,14656,243701,0,29.99,9.49,0.0
5979,20140508,1,1,14657,243709,1,49.99,19.49,0.0
5980,20140508,1,1,14658,243732,1,49.99,19.49,0.0
5981,20140508,1,1,14659,243733,1,49.99,19.49,0.0
5982,20140508,1,2,14660,243756,1,49.99,19.49,0.0
5983,20140508,3,2,14660,243756,0,45.99,14.49,0.0
5984,20140508,1,1,14661,243771,1,49.99,19.49,0.0
5985,20140508,4,1,14661,243771,0,29.99,9.49,0.0
5986,20140508,1,7,14662,243774,1,49.99,19.49,0.0
5987,20140508,4,7,14662,243774,0,29.99,9.49,0.0
5988,20140508,1,1,14663,243815,1,49.99,19.49,0.0
5989,20140508,1,2,14664,243819,1,49.99,19.49,0.0
5990,20140508,2,7,14665,243821,1,59.99,22.49,0.0
5991,20140508,1,9,14666,243822,1,49.99,19.49,0.0
5992,20140508,4,9,14666,243822,0,29.99,9.49,0.0
5993,20140508,1,4,14667,243835,1,49.99,19.49,0.0
5994,20140508,1,1,14668,243879,1,49.99,19.49,0.0
5995,20140508,4,1,14668,243879,0,29.99,9.49,0.0
5996,20140508,1,1,14669,243883,1,49.99,19.49,0.0
5997,20140508,3,1,14669,243883,0,45.99,14.49,0.0
5998,20140508,1,5,14670,243913,1,49.99,19.49,0.0
5999,20140508,2,4,14671,243941,1,59.99,22.49,0.0
6000,20140508,4,4,14671,243941,0,29.99,9.49,0.0
6001,20140508,2,1,14672,243935,1,59.99,22.49,0.0
6002,20140508,1,4,14673,243937,1,49.99,19.49,0.0
6003,20140508,4,4,14673,243937,0,29.99,9.49,0.0
6004,20140508,1,1,14674,243950,1,49.99,19.49,0.0
6005,20140508,4,1,14674,243950,0,29.99,9.49,0.0
6006,20140508,1,1,14675,243974,1,49.99,19.49,0.0
6007,20140508,1,1,14676,243992,1,49.99,19.49,0.0
6008,20140508,1,4,14677,244023,1,49.99,19.49,0.0
6009,20140508,1,1,14678,244033,1,49.99,19.49,0.0
6010,20140508,4,1,14678,244033,0,29.99,9.49,0.0
6011,20140508,1,3,14679,244043,1,49.99,19.49,0.0
6012,20140508,1,1,14680,244051,1,49.99,19.49,0.0
6013,20140508,4,1,14680,244051,0,29.99,9.49,0.0
6014,20140508,2,1,14681,244066,1,59.99,22.49,0.0
6015,20140508,4,1,14681,244066,0,29.99,9.49,0.0
6016,20140508,1,3,14682,244072,1,49.99,19.49,0.0
6017,20140508,1,1,14683,244076,1,49.99,19.49,0.0
6018,20140508,3,1,14683,244076,0,45.99,14.49,0.0
6019,20140508,1,7,14684,244080,1,49.99,19.49,0.0
6020,20140508,1,1,14685,244079,1,49.99,19.49,0.0
6021,20140508,3,1,14685,244079,0,45.99,14.49,0.0
6022,20140508,1,3,14686,244111,1,49.99,19.49,0.0
6023,20140508,4,3,14686,244111,0,29.99,9.49,0.0
6024,20140508,1,3,14687,244120,1,49.99,19.49,0.0
6025,20140508,4,3,14687,244120,0,29.99,9.49,0.0
6026,20140509,1,2,14688,244140,1,49.99,19.49,0.0
6027,20140509,4,2,14688,244140,0,29.99,9.49,0.0
6028,20140509,1,1,14689,244152,1,49.99,19.49,0.0
6029,20140509,2,3,14690,244163,1,59.99,22.49,0.0
6030,20140509,3,7,14691,244174,1,45.99,14.49,0.0
6031,20140509,1,1,14692,244177,1,49.99,19.49,0.0
6032,20140509,1,2,14693,244186,1,49.99,19.49,0.0
6033,20140509,1,3,14694,244196,1,49.99,19.49,0.0
6034,20140509,1,4,14695,244245,1,49.99,19.49,0.0
6035,20140509,1,3,14696,244271,1,49.99,19.49,0.0
6036,20140509,3,4,14697,244281,1,45.99,14.49,45.99
6037,20140509,1,7,14698,244285,1,49.99,19.49,0.0
6038,20140509,3,1,14699,244297,1,45.99,14.49,0.0
6039,20140509,1,4,14700,244307,1,49.99,19.49,0.0
6040,20140509,4,4,14700,244307,0,29.99,9.49,0.0
6041,20140509,1,9,14701,244319,1,49.99,19.49,0.0
6042,20140509,3,9,14701,244319,0,45.99,14.49,0.0
6043,20140509,1,3,14702,244353,1,49.99,19.49,0.0
6044,20140509,1,1,14703,244373,1,49.99,19.49,0.0
6045,20140509,1,3,14704,244400,1,49.99,19.49,0.0
6046,20140509,2,3,14704,244400,0,59.99,22.49,0.0
6047,20140509,1,4,14705,244470,1,49.99,19.49,0.0
6048,20140509,1,4,14706,244477,1,49.99,19.49,0.0
6049,20140509,2,4,14706,244477,0,59.99,22.49,0.0
6050,20140509,1,1,14707,244482,1,49.99,19.49,0.0
6051,20140509,3,7,14708,244495,1,45.99,14.49,0.0
6052,20140509,1,1,14709,244504,1,49.99,19.49,0.0
6053,20140509,1,1,14710,244520,1,49.99,19.49,0.0
6054,20140509,2,1,14711,244519,1,59.99,22.49,0.0
6055,20140509,3,1,14712,244523,1,45.99,14.49,0.0
6056,20140509,1,1,14713,244539,1,49.99,19.49,0.0
6057,20140509,3,3,14714,244547,1,45.99,14.49,0.0
6058,20140509,1,3,14715,244558,1,49.99,19.49,49.99
6059,20140509,1,5,14716,244552,1,49.99,19.49,0.0
6060,20140509,3,5,14716,244552,0,45.99,14.49,0.0
6061,20140509,1,1,14717,244555,1,49.99,19.49,0.0
6062,20140509,2,1,14717,244555,0,59.99,22.49,0.0
6063,20140509,1,1,14718,244565,1,49.99,19.49,0.0
6064,20140509,2,1,14719,244574,1,59.99,22.49,0.0
6065,20140509,1,1,14720,244594,1,49.99,19.49,0.0
6066,20140509,1,2,14721,244593,1,49.99,19.49,0.0
6067,20140509,3,2,14721,244593,0,45.99,14.49,0.0
6068,20140509,2,1,14722,244618,1,59.99,22.49,0.0
6069,20140509,4,1,14722,244618,0,29.99,9.49,0.0
6070,20140509,1,1,14723,244627,1,49.99,19.49,0.0
6071,20140509,1,4,14724,244650,1,49.99,19.49,0.0
6072,20140509,2,2,14725,244669,1,59.99,22.49,0.0
6073,20140509,1,1,14726,244685,1,49.99,19.49,0.0
6074,20140509,1,7,14727,244690,1,49.99,19.49,0.0
6075,20140509,2,7,14727,244690,0,59.99,22.49,0.0
6076,20140509,1,4,14728,244699,1,49.99,19.49,0.0
6077,20140509,4,4,14728,244699,0,29.99,9.49,0.0
6078,20140509,3,4,14729,244698,1,45.99,14.49,0.0
6079,20140509,1,1,14730,244707,1,49.99,19.49,0.0
6080,20140509,4,1,14730,244707,0,29.99,9.49,0.0
6081,20140509,2,2,14731,244713,1,59.99,22.49,0.0
6082,20140509,1,1,14732,244723,1,49.99,19.49,0.0
6083,20140509,3,1,14732,244723,0,45.99,14.49,0.0
6084,20140509,3,4,14733,244730,1,45.99,14.49,0.0
6085,20140509,4,4,14733,244730,0,29.99,9.49,0.0
6086,20140509,1,1,14734,244738,1,49.99,19.49,0.0
6087,20140509,1,7,14735,244739,1,49.99,19.49,0.0
6088,20140509,2,7,14735,244739,0,59.99,22.49,0.0
6089,20140509,1,1,14736,244748,1,49.99,19.49,0.0
6090,20140509,2,1,14736,244748,0,59.99,22.49,0.0
6091,20140509,3,4,14737,244755,1,45.99,14.49,0.0
6092,20140510,1,1,14738,244793,1,49.99,19.49,0.0
6093,20140510,1,4,14739,244796,1,49.99,19.49,0.0
6094,20140510,4,4,14739,244796,0,29.99,9.49,0.0
6095,20140510,1,1,14740,244799,1,49.99,19.49,0.0
6096,20140510,2,3,14741,244800,1,59.99,22.49,0.0
6097,20140510,1,3,14742,244805,1,49.99,19.49,0.0
6098,20140510,1,3,14743,244827,1,49.99,19.49,0.0
6099,20140510,4,3,14743,244827,0,29.99,9.49,0.0
6100,20140510,2,2,14744,244835,1,59.99,22.49,0.0
6101,20140510,4,2,14744,244835,0,29.99,9.49,0.0
6102,20140510,3,3,14745,244846,1,45.99,14.49,0.0
6103,20140510,1,2,14746,244855,1,49.99,19.49,0.0
6104,20140510,4,2,14746,244855,0,29.99,9.49,0.0
6105,20140510,2,1,14747,244863,1,59.99,22.49,59.99
6106,20140510,3,1,14748,244874,1,45.99,14.49,0.0
6107,20140510,1,1,14749,244875,1,49.99,19.49,0.0
6108,20140510,1,10,14750,244879,1,49.99,19.49,0.0
6109,20140510,4,10,14750,244879,0,29.99,9.49,0.0
6110,20140510,1,3,14751,244906,1,49.99,19.49,0.0
6111,20140510,2,2,14752,244913,1,59.99,22.49,0.0
6112,20140510,2,1,14753,244937,1,59.99,22.49,0.0
6113,20140510,4,1,14753,244937,0,29.99,9.49,0.0
6114,20140510,1,1,14754,244939,1,49.99,19.49,0.0
6115,20140510,1,1,14755,244971,1,49.99,19.49,0.0
6116,20140510,1,1,14756,245007,1,49.99,19.49,0.0
6117,20140510,3,1,14756,245007,0,45.99,14.49,0.0
6118,20140510,1,1,14757,245025,1,49.99,19.49,0.0
6119,20140510,1,4,14758,245042,1,49.99,19.49,0.0
6120,20140510,1,1,14759,245048,1,49.99,19.49,0.0
6121,20140510,2,1,14759,245048,0,59.99,22.49,0.0
6122,20140510,1,1,14760,245061,1,49.99,19.49,0.0
6123,20140510,2,1,14761,245064,1,59.99,22.49,0.0
6124,20140510,1,1,14762,245075,1,49.99,19.49,0.0
6125,20140510,4,1,14762,245075,0,29.99,9.49,0.0
6126,20140510,1,1,14763,245078,1,49.99,19.49,0.0
6127,20140510,2,7,14764,245113,1,59.99,22.49,0.0
6128,20140510,1,2,14765,245116,1,49.99,19.49,0.0
6129,20140510,4,2,14765,245116,0,29.99,9.49,0.0
6130,20140510,3,2,14766,245120,1,45.99,14.49,45.99
6131,20140511,1,4,14767,245151,1,49.99,19.49,0.0
6132,20140511,1,1,14768,245164,1,49.99,19.49,0.0
6133,20140511,4,1,14768,245164,0,29.99,9.49,0.0
6134,20140511,3,2,14769,245181,1,45.99,14.49,0.0
6135,20140511,4,2,14769,245181,0,29.99,9.49,0.0
6136,20140511,1,1,14770,245185,1,49.99,19.49,0.0
6137,20140511,1,4,14771,245199,1,49.99,19.49,0.0
6138,20140511,3,4,14771,245199,0,45.99,14.49,0.0
6139,20140511,1,1,14772,245240,1,49.99,19.49,0.0
6140,20140511,4,1,14772,245240,0,29.99,9.49,0.0
6141,20140511,1,1,14773,245238,1,49.99,19.49,0.0
6142,20140511,4,1,14773,245238,0,29.99,9.49,0.0
6143,20140511,2,1,14774,245252,1,59.99,22.49,0.0
6144,20140511,3,7,14775,245261,1,45.99,14.49,0.0
6145,20140511,4,7,14775,245261,0,29.99,9.49,0.0
6146,20140511,1,1,14776,245267,1,49.99,19.49,0.0
6147,20140511,4,1,14776,245267,0,29.99,9.49,0.0
6148,20140511,1,2,14777,245298,1,49.99,19.49,0.0
6149,20140511,1,3,14778,245302,1,49.99,19.49,0.0
6150,20140511,2,1,14779,245316,1,59.99,22.49,0.0
6151,20140511,4,1,14779,245316,0,29.99,9.49,0.0
6152,20140511,1,1,14780,245319,1,49.99,19.49,0.0
6153,20140511,1,3,14781,245324,1,49.99,19.49,0.0
6154,20140511,1,4,14782,245349,1,49.99,19.49,0.0
6155,20140511,3,4,14782,245349,0,45.99,14.49,0.0
6156,20140511,1,1,14783,245348,1,49.99,19.49,0.0
6157,20140511,1,1,14784,245354,1,49.99,19.49,0.0
6158,20140511,3,1,14784,245354,0,45.99,14.49,0.0
6159,20140511,1,2,14785,245357,1,49.99,19.49,0.0
6160,20140511,1,2,14786,245366,1,49.99,19.49,0.0
6161,20140511,1,1,14787,245374,1,49.99,19.49,0.0
6162,20140511,2,3,14788,245385,1,59.99,22.49,0.0
6163,20140511,4,3,14788,245385,0,29.99,9.49,0.0
6164,20140511,1,2,14789,245397,1,49.99,19.49,0.0
6165,20140511,1,2,14790,245416,1,49.99,19.49,0.0
6166,20140511,3,1,14791,245432,1,45.99,14.49,0.0
6167,20140511,1,1,14792,245447,1,49.99,19.49,0.0
6168,20140511,1,1,14793,245466,1,49.99,19.49,0.0
6169,20140511,4,1,14793,245466,0,29.99,9.49,0.0
6170,20140511,1,9,14794,245471,1,49.99,19.49,0.0
6171,20140512,3,3,14795,245521,1,45.99,14.49,0.0
6172,20140512,1,2,14796,245523,1,49.99,19.49,0.0
6173,20140512,4,2,14796,245523,0,29.99,9.49,0.0
6174,20140512,1,1,14797,245532,1,49.99,19.49,0.0
6175,20140512,3,1,14798,245540,1,45.99,14.49,0.0
6176,20140512,4,1,14798,245540,0,29.99,9.49,0.0
6177,20140512,1,2,14799,245552,1,49.99,19.49,0.0
6178,20140512,2,4,14800,245560,1,59.99,22.49,0.0
6179,20140512,1,4,14801,245566,1,49.99,19.49,49.99
6180,20140512,4,4,14801,245566,0,29.99,9.49,0.0
6181,20140512,1,4,14802,245635,1,49.99,19.49,0.0
6182,20140512,4,4,14802,245635,0,29.99,9.49,0.0
6183,20140512,1,2,14803,245644,1,49.99,19.49,0.0
6184,20140512,1,1,14804,245682,1,49.99,19.49,0.0
6185,20140512,4,1,14804,245682,0,29.99,9.49,0.0
6186,20140512,1,7,14805,245689,1,49.99,19.49,0.0
6187,20140512,2,1,14806,245700,1,59.99,22.49,0.0
6188,20140512,4,1,14806,245700,0,29.99,9.49,0.0
6189,20140512,1,1,14807,245734,1,49.99,19.49,0.0
6190,20140512,3,1,14808,245738,1,45.99,14.49,0.0
6191,20140512,1,7,14809,245741,1,49.99,19.49,0.0
6192,20140512,2,1,14810,245743,1,59.99,22.49,0.0
6193,20140512,1,1,14811,245747,1,49.99,19.49,0.0
6194,20140512,1,7,14812,245769,1,49.99,19.49,0.0
6195,20140512,1,2,14813,245789,1,49.99,19.49,0.0
6196,20140512,4,2,14813,245789,0,29.99,9.49,0.0
6197,20140512,1,1,14814,245786,1,49.99,19.49,0.0
6198,20140512,3,1,14815,245809,1,45.99,14.49,0.0
6199,20140512,1,2,14816,245812,1,49.99,19.49,0.0
6200,20140512,4,2,14816,245812,0,29.99,9.49,0.0
6201,20140512,1,2,14817,245825,1,49.99,19.49,0.0
6202,20140512,3,1,14818,245824,1,45.99,14.49,0.0
6203,20140512,4,1,14818,245824,0,29.99,9.49,0.0
6204,20140512,1,9,14819,245828,1,49.99,19.49,0.0
6205,20140512,4,9,14819,245828,0,29.99,9.49,0.0
6206,20140512,1,4,14820,245837,1,49.99,19.49,0.0
6207,20140512,3,4,14820,245837,0,45.99,14.49,0.0
6208,20140512,1,7,14821,245839,1,49.99,19.49,0.0
6209,20140512,4,7,14821,245839,0,29.99,9.49,0.0
6210,20140512,1,1,14822,245852,1,49.99,19.49,0.0
6211,20140512,2,2,14823,245860,1,59.99,22.49,0.0
6212,20140512,3,2,14824,245869,1,45.99,14.49,0.0
6213,20140512,1,4,14825,245873,1,49.99,19.49,0.0
6214,20140512,2,1,14826,245899,1,59.99,22.49,0.0
6215,20140512,1,1,14827,245928,1,49.99,19.49,49.99
6216,20140512,1,1,14828,245964,1,49.99,19.49,0.0
6217,20140512,3,1,14828,245964,0,45.99,14.49,45.99
6218,20140512,1,1,14829,245994,1,49.99,19.49,0.0
6219,20140512,1,2,14830,246000,1,49.99,19.49,49.99
6220,20140512,3,2,14830,246000,0,45.99,14.49,0.0
6221,20140512,1,1,14831,246005,1,49.99,19.49,0.0
6222,20140512,3,3,14832,246026,1,45.99,14.49,0.0
6223,20140512,2,1,14833,246044,1,59.99,22.49,0.0
6224,20140512,3,3,14834,246054,1,45.99,14.49,0.0
6225,20140512,1,1,14835,246057,1,49.99,19.49,0.0
6226,20140512,4,1,14835,246057,0,29.99,9.49,0.0
6227,20140512,1,2,14836,246099,1,49.99,19.49,0.0
6228,20140512,1,1,14837,246100,1,49.99,19.49,0.0
6229,20140513,1,7,14838,246129,1,49.99,19.49,0.0
6230,20140513,3,7,14838,246129,0,45.99,14.49,0.0
6231,20140513,1,1,14839,246146,1,49.99,19.49,0.0
6232,20140513,4,1,14839,246146,0,29.99,9.49,0.0
6233,20140513,1,1,14840,246151,1,49.99,19.49,0.0
6234,20140513,1,4,14841,246154,1,49.99,19.49,0.0
6235,20140513,1,1,14842,246165,1,49.99,19.49,0.0
6236,20140513,1,2,14843,246172,1,49.99,19.49,0.0
6237,20140513,1,1,14844,246187,1,49.99,19.49,0.0
6238,20140513,1,4,14845,246194,1,49.99,19.49,0.0
6239,20140513,4,4,14845,246194,0,29.99,9.49,0.0
6240,20140513,1,2,14846,246202,1,49.99,19.49,0.0
6241,20140513,3,2,14846,246202,0,45.99,14.49,0.0
6242,20140513,1,4,14847,246207,1,49.99,19.49,0.0
6243,20140513,2,3,14848,246241,1,59.99,22.49,0.0
6244,20140513,1,5,14849,246246,1,49.99,19.49,0.0
6245,20140513,1,7,14850,246254,1,49.99,19.49,0.0
6246,20140513,4,7,14850,246254,0,29.99,9.49,0.0
6247,20140513,1,1,14851,246264,1,49.99,19.49,0.0
6248,20140513,1,2,14852,246267,1,49.99,19.49,0.0
6249,20140513,1,2,14853,246265,1,49.99,19.49,0.0
6250,20140513,3,2,14853,246265,0,45.99,14.49,0.0
6251,20140513,2,2,14854,246280,1,59.99,22.49,0.0
6252,20140513,3,7,14855,246292,1,45.99,14.49,0.0
6253,20140513,1,2,14856,246304,1,49.99,19.49,0.0
6254,20140513,2,2,14856,246304,0,59.99,22.49,0.0
6255,20140513,2,1,14857,246305,1,59.99,22.49,0.0
6256,20140513,4,1,14857,246305,0,29.99,9.49,0.0
6257,20140513,1,1,14858,246342,1,49.99,19.49,0.0
6258,20140513,4,1,14858,246342,0,29.99,9.49,0.0
6259,20140513,1,4,14859,246371,1,49.99,19.49,0.0
6260,20140513,3,4,14859,246371,0,45.99,14.49,0.0
6261,20140513,1,2,14860,246396,1,49.99,19.49,0.0
6262,20140513,1,1,14861,246402,1,49.99,19.49,0.0
6263,20140513,1,2,14862,246411,1,49.99,19.49,0.0
6264,20140513,3,2,14862,246411,0,45.99,14.49,0.0
6265,20140513,1,3,14863,246442,1,49.99,19.49,0.0
6266,20140513,1,2,14864,246460,1,49.99,19.49,0.0
6267,20140513,3,1,14865,246480,1,45.99,14.49,0.0
6268,20140513,4,1,14865,246480,0,29.99,9.49,0.0
6269,20140513,1,6,14866,246493,1,49.99,19.49,0.0
6270,20140513,4,6,14866,246493,0,29.99,9.49,0.0
6271,20140513,1,6,14867,246499,1,49.99,19.49,0.0
6272,20140513,1,2,14868,246507,1,49.99,19.49,0.0
6273,20140513,4,2,14868,246507,0,29.99,9.49,0.0
6274,20140513,1,3,14869,246520,1,49.99,19.49,0.0
6275,20140513,2,3,14869,246520,0,59.99,22.49,0.0
6276,20140513,1,1,14870,246519,1,49.99,19.49,0.0
6277,20140513,1,4,14871,246536,1,49.99,19.49,0.0
6278,20140513,4,4,14871,246536,0,29.99,9.49,0.0
6279,20140513,1,1,14872,246541,1,49.99,19.49,0.0
6280,20140513,2,2,14873,246546,1,59.99,22.49,0.0
6281,20140513,2,5,14874,246552,1,59.99,22.49,0.0
6282,20140513,3,5,14874,246552,0,45.99,14.49,0.0
6283,20140513,3,2,14875,246567,1,45.99,14.49,0.0
6284,20140513,2,1,14876,246588,1,59.99,22.49,0.0
6285,20140513,2,10,14877,246620,1,59.99,22.49,0.0
6286,20140513,1,4,14878,246625,1,49.99,19.49,0.0
6287,20140513,1,3,14879,246635,1,49.99,19.49,0.0
6288,20140513,3,3,14879,246635,0,45.99,14.49,0.0
6289,20140513,1,1,14880,246624,1,49.99,19.49,0.0
6290,20140513,2,1,14881,246642,1,59.99,22.49,0.0
6291,20140513,1,1,14882,246646,1,49.99,19.49,0.0
6292,20140513,1,1,14883,246661,1,49.99,19.49,0.0
6293,20140513,4,1,14883,246661,0,29.99,9.49,0.0
6294,20140513,1,1,14884,246665,1,49.99,19.49,0.0
6295,20140513,1,7,14885,246668,1,49.99,19.49,0.0
6296,20140513,4,7,14885,246668,0,29.99,9.49,0.0
6297,20140513,3,5,14886,246663,1,45.99,14.49,0.0
6298,20140513,1,1,14887,246677,1,49.99,19.49,0.0
6299,20140513,4,1,14887,246677,0,29.99,9.49,0.0
6300,20140513,2,1,14888,246682,1,59.99,22.49,0.0
6301,20140513,4,1,14888,246682,0,29.99,9.49,0.0
6302,20140513,1,1,14889,246695,1,49.99,19.49,0.0
6303,20140513,1,2,14890,246704,1,49.99,19.49,0.0
6304,20140513,2,1,14891,246736,1,59.99,22.49,0.0
6305,20140513,4,1,14891,246736,0,29.99,9.49,0.0
6306,20140513,3,8,14892,246758,1,45.99,14.49,0.0
6307,20140513,4,8,14892,246758,0,29.99,9.49,0.0
6308,20140513,3,1,14893,246773,1,45.99,14.49,0.0
6309,20140513,4,1,14893,246773,0,29.99,9.49,0.0
6310,20140513,1,1,14894,246805,1,49.99,19.49,0.0
6311,20140513,4,1,14894,246805,0,29.99,9.49,0.0
6312,20140513,1,1,14895,246821,1,49.99,19.49,0.0
6313,20140513,1,1,14896,246829,1,49.99,19.49,0.0
6314,20140514,2,7,14897,246850,1,59.99,22.49,0.0
6315,20140514,4,7,14897,246850,0,29.99,9.49,0.0
6316,20140514,1,9,14898,246861,1,49.99,19.49,0.0
6317,20140514,1,4,14899,246863,1,49.99,19.49,0.0
6318,20140514,1,1,14900,246890,1,49.99,19.49,0.0
6319,20140514,1,1,14901,246893,1,49.99,19.49,0.0
6320,20140514,1,2,14902,246894,1,49.99,19.49,0.0
6321,20140514,1,1,14903,246909,1,49.99,19.49,0.0
6322,20140514,4,1,14903,246909,0,29.99,9.49,0.0
6323,20140514,2,3,14904,246913,1,59.99,22.49,0.0
6324,20140514,1,4,14905,246935,1,49.99,19.49,0.0
6325,20140514,1,3,14906,246941,1,49.99,19.49,0.0
6326,20140514,4,3,14906,246941,0,29.99,9.49,0.0
6327,20140514,1,1,14907,246952,1,49.99,19.49,0.0
6328,20140514,1,1,14908,246958,1,49.99,19.49,0.0
6329,20140514,1,4,14909,246969,1,49.99,19.49,0.0
6330,20140514,3,4,14909,246969,0,45.99,14.49,0.0
6331,20140514,3,4,14910,246977,1,45.99,14.49,0.0
6332,20140514,4,4,14910,246977,0,29.99,9.49,0.0
6333,20140514,2,4,14911,246975,1,59.99,22.49,0.0
6334,20140514,1,2,14912,246995,1,49.99,19.49,0.0
6335,20140514,1,1,14913,247039,1,49.99,19.49,0.0
6336,20140514,4,1,14913,247039,0,29.99,9.49,0.0
6337,20140514,1,4,14914,247056,1,49.99,19.49,0.0
6338,20140514,1,1,14915,247053,1,49.99,19.49,0.0
6339,20140514,4,1,14915,247053,0,29.99,9.49,0.0
6340,20140514,1,2,14916,247075,1,49.99,19.49,0.0
6341,20140514,1,3,14917,247084,1,49.99,19.49,0.0
6342,20140514,4,3,14917,247084,0,29.99,9.49,0.0
6343,20140514,2,1,14918,247117,1,59.99,22.49,0.0
6344,20140514,2,2,14919,247122,1,59.99,22.49,0.0
6345,20140514,1,4,14920,247138,1,49.99,19.49,0.0
6346,20140514,1,4,14921,247186,1,49.99,19.49,0.0
6347,20140514,1,1,14922,247195,1,49.99,19.49,0.0
6348,20140514,3,1,14923,247198,1,45.99,14.49,0.0
6349,20140514,2,1,14923,247198,0,59.99,22.49,0.0
6350,20140514,1,3,14924,247209,1,49.99,19.49,0.0
6351,20140514,3,3,14924,247209,0,45.99,14.49,0.0
6352,20140514,2,1,14925,247208,1,59.99,22.49,0.0
6353,20140514,2,4,14926,247211,1,59.99,22.49,0.0
6354,20140514,1,1,14927,247229,1,49.99,19.49,0.0
6355,20140514,3,1,14927,247229,0,45.99,14.49,0.0
6356,20140514,1,1,14928,247238,1,49.99,19.49,0.0
6357,20140514,2,4,14929,247262,1,59.99,22.49,0.0
6358,20140514,3,1,14930,247275,1,45.99,14.49,0.0
6359,20140514,1,1,14930,247275,0,49.99,19.49,0.0
6360,20140514,1,4,14931,247290,1,49.99,19.49,0.0
6361,20140514,1,1,14932,247306,1,49.99,19.49,0.0
6362,20140514,1,3,14933,247313,1,49.99,19.49,0.0
6363,20140514,4,3,14933,247313,0,29.99,9.49,0.0
6364,20140514,1,3,14934,247318,1,49.99,19.49,0.0
6365,20140514,2,5,14935,247330,1,59.99,22.49,0.0
6366,20140514,1,4,14936,247343,1,49.99,19.49,49.99
6367,20140514,1,1,14937,247367,1,49.99,19.49,0.0
6368,20140514,1,1,14938,247404,1,49.99,19.49,0.0
6369,20140514,1,3,14939,247431,1,49.99,19.49,0.0
6370,20140514,1,1,14940,247430,1,49.99,19.49,0.0
6371,20140514,1,1,14941,247439,1,49.99,19.49,0.0
6372,20140514,4,1,14941,247439,0,29.99,9.49,0.0
6373,20140514,1,1,14942,247440,1,49.99,19.49,0.0
6374,20140514,1,5,14943,247455,1,49.99,19.49,0.0
6375,20140514,3,5,14943,247455,0,45.99,14.49,0.0
6376,20140514,1,1,14944,247471,1,49.99,19.49,0.0
6377,20140514,1,2,14945,247517,1,49.99,19.49,0.0
6378,20140514,1,2,14946,247533,1,49.99,19.49,0.0
6379,20140514,2,2,14946,247533,0,59.99,22.49,0.0
6380,20140514,1,1,14947,247536,1,49.99,19.49,0.0
6381,20140514,1,2,14948,247542,1,49.99,19.49,0.0
6382,20140514,3,2,14948,247542,0,45.99,14.49,0.0
6383,20140514,3,3,14949,247553,1,45.99,14.49,0.0
6384,20140514,2,1,14950,247548,1,59.99,22.49,0.0
6385,20140514,2,1,14951,247557,1,59.99,22.49,0.0
6386,20140514,1,7,14952,247584,1,49.99,19.49,0.0
6387,20140514,1,4,14953,247582,1,49.99,19.49,0.0
6388,20140514,1,4,14954,247583,1,49.99,19.49,0.0
6389,20140514,4,4,14954,247583,0,29.99,9.49,0.0
6390,20140514,3,1,14955,247593,1,45.99,14.49,0.0
6391,20140514,4,1,14955,247593,0,29.99,9.49,0.0
6392,20140514,1,2,14956,247609,1,49.99,19.49,0.0
6393,20140514,1,5,14957,247618,1,49.99,19.49,0.0
6394,20140514,3,5,14957,247618,0,45.99,14.49,0.0
6395,20140514,3,2,14958,247621,1,45.99,14.49,0.0
6396,20140514,2,5,14959,247623,1,59.99,22.49,0.0
6397,20140514,4,5,14959,247623,0,29.99,9.49,0.0
6398,20140514,1,2,14960,247624,1,49.99,19.49,0.0
6399,20140515,1,3,14961,247634,1,49.99,19.49,0.0
6400,20140515,1,10,14962,247646,1,49.99,19.49,0.0
6401,20140515,4,10,14962,247646,0,29.99,9.49,0.0
6402,20140515,1,2,14963,247654,1,49.99,19.49,0.0
6403,20140515,2,1,14964,247658,1,59.99,22.49,0.0
6404,20140515,2,1,14965,247668,1,59.99,22.49,0.0
6405,20140515,1,7,14966,247678,1,49.99,19.49,0.0
6406,20140515,4,7,14966,247678,0,29.99,9.49,0.0
6407,20140515,1,1,14967,247687,1,49.99,19.49,0.0
6408,20140515,2,1,14967,247687,0,59.99,22.49,0.0
6409,20140515,2,2,14968,247700,1,59.99,22.49,0.0
6410,20140515,1,4,14969,247699,1,49.99,19.49,0.0
6411,20140515,3,1,14970,247742,1,45.99,14.49,0.0
6412,20140515,3,1,14971,247756,1,45.99,14.49,0.0
6413,20140515,1,1,14971,247756,0,49.99,19.49,0.0
6414,20140515,1,1,14972,247761,1,49.99,19.49,0.0
6415,20140515,4,1,14972,247761,0,29.99,9.49,0.0
6416,20140515,1,1,14973,247773,1,49.99,19.49,0.0
6417,20140515,1,2,14974,247781,1,49.99,19.49,0.0
6418,20140515,2,2,14974,247781,0,59.99,22.49,0.0
6419,20140515,1,4,14975,247808,1,49.99,19.49,49.99
6420,20140515,1,7,14976,247835,1,49.99,19.49,0.0
6421,20140515,1,1,14977,247843,1,49.99,19.49,0.0
6422,20140515,1,1,14978,247849,1,49.99,19.49,0.0
6423,20140515,1,1,14979,247862,1,49.99,19.49,0.0
6424,20140515,1,4,14980,247870,1,49.99,19.49,0.0
6425,20140515,2,3,14981,247883,1,59.99,22.49,0.0
6426,20140515,1,1,14982,247906,1,49.99,19.49,0.0
6427,20140515,1,1,14983,247910,1,49.99,19.49,0.0
6428,20140515,1,2,14984,247916,1,49.99,19.49,49.99
6429,20140515,3,1,14985,247926,1,45.99,14.49,0.0
6430,20140515,2,2,14986,247936,1,59.99,22.49,0.0
6431,20140515,1,4,14987,247950,1,49.99,19.49,0.0
6432,20140515,1,1,14988,247952,1,49.99,19.49,0.0
6433,20140515,4,1,14988,247952,0,29.99,9.49,0.0
6434,20140515,1,2,14989,247965,1,49.99,19.49,49.99
6435,20140515,4,2,14989,247965,0,29.99,9.49,0.0
6436,20140515,1,1,14990,247979,1,49.99,19.49,0.0
6437,20140515,4,1,14990,247979,0,29.99,9.49,0.0
6438,20140515,1,1,14991,247982,1,49.99,19.49,0.0
6439,20140515,3,1,14992,247988,1,45.99,14.49,0.0
6440,20140515,2,1,14992,247988,0,59.99,22.49,0.0
6441,20140515,1,4,14993,248025,1,49.99,19.49,0.0
6442,20140515,3,4,14993,248025,0,45.99,14.49,45.99
6443,20140515,1,3,14994,248033,1,49.99,19.49,0.0
6444,20140515,2,3,14994,248033,0,59.99,22.49,0.0
6445,20140515,1,5,14995,248043,1,49.99,19.49,0.0
6446,20140515,3,7,14996,248051,1,45.99,14.49,0.0
6447,20140515,1,2,14997,248066,1,49.99,19.49,0.0
6448,20140515,4,2,14997,248066,0,29.99,9.49,0.0
6449,20140515,1,1,14998,248079,1,49.99,19.49,0.0
6450,20140515,2,4,14999,248080,1,59.99,22.49,0.0
6451,20140515,1,2,15000,248096,1,49.99,19.49,0.0
6452,20140515,1,1,15001,248097,1,49.99,19.49,0.0
6453,20140515,1,4,15002,248124,1,49.99,19.49,0.0
6454,20140515,3,1,15003,248136,1,45.99,14.49,0.0
6455,20140515,4,1,15003,248136,0,29.99,9.49,0.0
6456,20140515,1,7,15004,248171,1,49.99,19.49,0.0
6457,20140515,2,3,15005,248196,1,59.99,22.49,0.0
6458,20140515,1,1,15006,248195,1,49.99,19.49,0.0
6459,20140515,4,1,15006,248195,0,29.99,9.49,0.0
6460,20140515,1,3,15007,248199,1,49.99,19.49,0.0
6461,20140515,1,1,15008,248201,1,49.99,19.49,0.0
6462,20140515,1,4,15009,248200,1,49.99,19.49,0.0
6463,20140515,1,1,15010,248212,1,49.99,19.49,0.0
6464,20140515,2,4,15011,248228,1,59.99,22.49,0.0
6465,20140515,1,7,15012,248233,1,49.99,19.49,0.0
6466,20140515,1,1,15013,248236,1,49.99,19.49,0.0
6467,20140515,3,1,15013,248236,0,45.99,14.49,0.0
6468,20140515,1,2,15014,248273,1,49.99,19.49,0.0
6469,20140515,1,2,15015,248271,1,49.99,19.49,0.0
6470,20140515,3,2,15015,248271,0,45.99,14.49,0.0
6471,20140515,1,1,15016,248277,1,49.99,19.49,49.99
6472,20140515,4,1,15016,248277,0,29.99,9.49,0.0
6473,20140515,1,2,15017,248280,1,49.99,19.49,0.0
6474,20140515,3,2,15017,248280,0,45.99,14.49,0.0
6475,20140515,1,1,15018,248289,1,49.99,19.49,0.0
6476,20140515,1,4,15019,248290,1,49.99,19.49,0.0
6477,20140515,1,3,15020,248303,1,49.99,19.49,0.0
6478,20140515,1,4,15021,248311,1,49.99,19.49,0.0
6479,20140515,3,4,15021,248311,0,45.99,14.49,0.0
6480,20140515,1,1,15022,248333,1,49.99,19.49,0.0
6481,20140515,1,1,15023,248331,1,49.99,19.49,0.0
6482,20140515,3,2,15024,248347,1,45.99,14.49,0.0
6483,20140515,3,1,15025,248357,1,45.99,14.49,0.0
6484,20140516,1,2,15026,248389,1,49.99,19.49,0.0
6485,20140516,2,1,15027,248414,1,59.99,22.49,0.0
6486,20140516,1,2,15028,248418,1,49.99,19.49,0.0
6487,20140516,1,5,15029,248428,1,49.99,19.49,0.0
6488,20140516,1,2,15030,248432,1,49.99,19.49,0.0
6489,20140516,1,1,15031,248437,1,49.99,19.49,0.0
6490,20140516,3,2,15032,248458,1,45.99,14.49,0.0
6491,20140516,3,4,15033,248474,1,45.99,14.49,45.99
6492,20140516,3,4,15034,248491,1,45.99,14.49,0.0
6493,20140516,1,3,15035,248504,1,49.99,19.49,0.0
6494,20140516,4,3,15035,248504,0,29.99,9.49,0.0
6495,20140516,2,6,15036,248528,1,59.99,22.49,0.0
6496,20140516,1,1,15037,248558,1,49.99,19.49,0.0
6497,20140516,4,1,15037,248558,0,29.99,9.49,0.0
6498,20140516,1,1,15038,248569,1,49.99,19.49,0.0
6499,20140516,1,1,15039,248571,1,49.99,19.49,0.0
6500,20140516,1,5,15040,248607,1,49.99,19.49,0.0
6501,20140516,2,5,15040,248607,0,59.99,22.49,0.0
6502,20140516,3,1,15041,248615,1,45.99,14.49,0.0
6503,20140516,3,1,15042,248636,1,45.99,14.49,0.0
6504,20140516,4,1,15042,248636,0,29.99,9.49,0.0
6505,20140516,1,3,15043,248654,1,49.99,19.49,0.0
6506,20140516,1,2,15044,248658,1,49.99,19.49,0.0
6507,20140516,1,1,15045,248677,1,49.99,19.49,0.0
6508,20140516,3,1,15045,248677,0,45.99,14.49,0.0
6509,20140516,1,1,15046,248690,1,49.99,19.49,0.0
6510,20140516,1,2,15047,248693,1,49.99,19.49,0.0
6511,20140516,3,2,15047,248693,0,45.99,14.49,0.0
6512,20140516,1,1,15048,248712,1,49.99,19.49,0.0
6513,20140516,1,3,15049,248732,1,49.99,19.49,0.0
6514,20140516,4,3,15049,248732,0,29.99,9.49,0.0
6515,20140516,1,1,15050,248737,1,49.99,19.49,0.0
6516,20140516,3,1,15050,248737,0,45.99,14.49,0.0
6517,20140516,3,1,15051,248753,1,45.99,14.49,0.0
6518,20140516,4,1,15051,248753,0,29.99,9.49,0.0
6519,20140516,1,1,15052,248746,1,49.99,19.49,0.0
6520,20140516,2,3,15053,248773,1,59.99,22.49,0.0
6521,20140516,1,1,15054,248825,1,49.99,19.49,0.0
6522,20140516,4,1,15054,248825,0,29.99,9.49,0.0
6523,20140516,1,1,15055,248827,1,49.99,19.49,0.0
6524,20140516,1,1,15056,248846,1,49.99,19.49,0.0
6525,20140516,4,1,15056,248846,0,29.99,9.49,0.0
6526,20140516,3,10,15057,248850,1,45.99,14.49,0.0
6527,20140516,1,5,15058,248870,1,49.99,19.49,0.0
6528,20140516,1,1,15059,248889,1,49.99,19.49,0.0
6529,20140516,1,1,15060,248893,1,49.99,19.49,0.0
6530,20140516,3,1,15061,248910,1,45.99,14.49,0.0
6531,20140516,2,4,15062,248937,1,59.99,22.49,0.0
6532,20140516,3,4,15062,248937,0,45.99,14.49,0.0
6533,20140516,3,1,15063,248943,1,45.99,14.49,0.0
6534,20140516,1,3,15064,248957,1,49.99,19.49,0.0
6535,20140516,1,1,15065,248981,1,49.99,19.49,0.0
6536,20140516,4,1,15065,248981,0,29.99,9.49,0.0
6537,20140516,1,1,15066,248984,1,49.99,19.49,0.0
6538,20140516,3,1,15066,248984,0,45.99,14.49,0.0
6539,20140516,3,10,15067,248989,1,45.99,14.49,0.0
6540,20140516,1,1,15068,248988,1,49.99,19.49,0.0
6541,20140516,4,1,15068,248988,0,29.99,9.49,0.0
6542,20140516,3,9,15069,248997,1,45.99,14.49,0.0
6543,20140516,4,9,15069,248997,0,29.99,9.49,0.0
6544,20140516,1,1,15070,249008,1,49.99,19.49,0.0
6545,20140516,1,1,15071,249018,1,49.99,19.49,0.0
6546,20140516,3,1,15071,249018,0,45.99,14.49,0.0
6547,20140516,1,1,15072,249049,1,49.99,19.49,0.0
6548,20140516,1,4,15073,249048,1,49.99,19.49,0.0
6549,20140517,1,1,15074,249106,1,49.99,19.49,0.0
6550,20140517,3,1,15074,249106,0,45.99,14.49,0.0
6551,20140517,1,2,15075,249124,1,49.99,19.49,0.0
6552,20140517,2,2,15075,249124,0,59.99,22.49,0.0
6553,20140517,2,1,15076,249132,1,59.99,22.49,0.0
6554,20140517,1,2,15077,249133,1,49.99,19.49,0.0
6555,20140517,1,3,15078,249146,1,49.99,19.49,0.0
6556,20140517,3,3,15078,249146,0,45.99,14.49,0.0
6557,20140517,1,1,15079,249152,1,49.99,19.49,0.0
6558,20140517,1,3,15080,249151,1,49.99,19.49,0.0
6559,20140517,3,1,15081,249157,1,45.99,14.49,0.0
6560,20140517,1,1,15082,249172,1,49.99,19.49,0.0
6561,20140517,4,1,15082,249172,0,29.99,9.49,0.0
6562,20140517,1,1,15083,249175,1,49.99,19.49,0.0
6563,20140517,1,2,15084,249177,1,49.99,19.49,0.0
6564,20140517,4,2,15084,249177,0,29.99,9.49,0.0
6565,20140517,3,1,15085,249176,1,45.99,14.49,0.0
6566,20140517,1,1,15086,249219,1,49.99,19.49,0.0
6567,20140517,4,1,15086,249219,0,29.99,9.49,0.0
6568,20140517,2,1,15087,249220,1,59.99,22.49,0.0
6569,20140517,1,1,15088,249226,1,49.99,19.49,0.0
6570,20140517,2,4,15089,249227,1,59.99,22.49,0.0
6571,20140517,1,2,15090,249232,1,49.99,19.49,0.0
6572,20140517,1,1,15091,249233,1,49.99,19.49,0.0
6573,20140517,3,1,15091,249233,0,45.99,14.49,0.0
6574,20140517,1,2,15092,249262,1,49.99,19.49,0.0
6575,20140517,4,2,15092,249262,0,29.99,9.49,0.0
6576,20140517,1,1,15093,249264,1,49.99,19.49,0.0
6577,20140517,4,1,15093,249264,0,29.99,9.49,0.0
6578,20140517,1,2,15094,249289,1,49.99,19.49,0.0
6579,20140517,1,1,15095,249299,1,49.99,19.49,0.0
6580,20140517,4,1,15095,249299,0,29.99,9.49,0.0
6581,20140517,1,1,15096,249310,1,49.99,19.49,0.0
6582,20140517,1,1,15097,249336,1,49.99,19.49,0.0
6583,20140517,2,1,15097,249336,0,59.99,22.49,0.0
6584,20140517,1,10,15098,249341,1,49.99,19.49,0.0
6585,20140517,2,1,15099,249365,1,59.99,22.49,0.0
6586,20140518,1,7,15100,249393,1,49.99,19.49,0.0
6587,20140518,2,7,15100,249393,0,59.99,22.49,0.0
6588,20140518,1,4,15101,249405,1,49.99,19.49,0.0
6589,20140518,4,4,15101,249405,0,29.99,9.49,0.0
6590,20140518,2,1,15102,249418,1,59.99,22.49,0.0
6591,20140518,3,1,15102,249418,0,45.99,14.49,0.0
6592,20140518,3,1,15103,249435,1,45.99,14.49,0.0
6593,20140518,3,2,15104,249451,1,45.99,14.49,0.0
6594,20140518,2,2,15105,249454,1,59.99,22.49,0.0
6595,20140518,1,4,15106,249462,1,49.99,19.49,0.0
6596,20140518,3,4,15106,249462,0,45.99,14.49,0.0
6597,20140518,1,3,15107,249461,1,49.99,19.49,0.0
6598,20140518,3,1,15108,249465,1,45.99,14.49,0.0
6599,20140518,1,2,15109,249477,1,49.99,19.49,0.0
6600,20140518,1,5,15110,249479,1,49.99,19.49,0.0
6601,20140518,2,5,15110,249479,0,59.99,22.49,0.0
6602,20140518,1,1,15111,249490,1,49.99,19.49,0.0
6603,20140518,1,4,15112,249521,1,49.99,19.49,0.0
6604,20140518,4,4,15112,249521,0,29.99,9.49,0.0
6605,20140518,1,2,15113,249524,1,49.99,19.49,0.0
6606,20140518,4,2,15113,249524,0,29.99,9.49,0.0
6607,20140518,1,1,15114,249551,1,49.99,19.49,0.0
6608,20140518,1,2,15115,249560,1,49.99,19.49,0.0
6609,20140518,4,2,15115,249560,0,29.99,9.49,0.0
6610,20140518,1,1,15116,249582,1,49.99,19.49,0.0
6611,20140518,1,1,15117,249621,1,49.99,19.49,0.0
6612,20140518,1,1,15118,249620,1,49.99,19.49,0.0
6613,20140518,3,1,15118,249620,0,45.99,14.49,0.0
6614,20140518,1,2,15119,249642,1,49.99,19.49,0.0
6615,20140518,1,2,15120,249645,1,49.99,19.49,0.0
6616,20140518,1,3,15121,249692,1,49.99,19.49,0.0
6617,20140518,4,3,15121,249692,0,29.99,9.49,0.0
6618,20140518,1,3,15122,249693,1,49.99,19.49,0.0
6619,20140518,4,3,15122,249693,0,29.99,9.49,0.0
6620,20140518,1,2,15123,249715,1,49.99,19.49,0.0
6621,20140518,1,1,15124,249717,1,49.99,19.49,0.0
6622,20140519,1,1,15125,249724,1,49.99,19.49,0.0
6623,20140519,3,2,15126,249726,1,45.99,14.49,0.0
6624,20140519,1,2,15127,249731,1,49.99,19.49,0.0
6625,20140519,1,2,15128,249736,1,49.99,19.49,0.0
6626,20140519,2,2,15128,249736,0,59.99,22.49,0.0
6627,20140519,1,1,15129,249739,1,49.99,19.49,0.0
6628,20140519,3,4,15130,249741,1,45.99,14.49,0.0
6629,20140519,3,3,15131,249746,1,45.99,14.49,0.0
6630,20140519,1,1,15132,249763,1,49.99,19.49,0.0
6631,20140519,1,3,15133,249792,1,49.99,19.49,0.0
6632,20140519,1,5,15134,249796,1,49.99,19.49,0.0
6633,20140519,1,3,15135,249806,1,49.99,19.49,0.0
6634,20140519,1,7,15136,249813,1,49.99,19.49,0.0
6635,20140519,3,7,15136,249813,0,45.99,14.49,0.0
6636,20140519,1,4,15137,249830,1,49.99,19.49,0.0
6637,20140519,3,4,15137,249830,0,45.99,14.49,0.0
6638,20140519,1,7,15138,249834,1,49.99,19.49,0.0
6639,20140519,3,7,15138,249834,0,45.99,14.49,0.0
6640,20140519,1,5,15139,249845,1,49.99,19.49,0.0
6641,20140519,4,5,15139,249845,0,29.99,9.49,0.0
6642,20140519,3,1,15140,249869,1,45.99,14.49,0.0
6643,20140519,1,1,15141,249878,1,49.99,19.49,0.0
6644,20140519,1,1,15142,249922,1,49.99,19.49,0.0
6645,20140519,1,1,15143,249925,1,49.99,19.49,0.0
6646,20140519,1,1,15144,249949,1,49.99,19.49,0.0
6647,20140519,1,2,15145,249967,1,49.99,19.49,0.0
6648,20140519,1,4,15146,249984,1,49.99,19.49,0.0
6649,20140519,2,4,15146,249984,0,59.99,22.49,0.0
6650,20140519,1,2,15147,249996,1,49.99,19.49,0.0
6651,20140519,4,2,15147,249996,0,29.99,9.49,0.0
6652,20140519,1,1,15148,249997,1,49.99,19.49,49.99
6653,20140519,4,1,15148,249997,0,29.99,9.49,0.0
6654,20140519,3,2,15149,250035,1,45.99,14.49,0.0
6655,20140519,1,1,15150,250039,1,49.99,19.49,0.0
6656,20140519,1,10,15151,250048,1,49.99,19.49,0.0
6657,20140519,3,10,15151,250048,0,45.99,14.49,0.0
6658,20140519,1,1,15152,250056,1,49.99,19.49,0.0
6659,20140519,2,1,15152,250056,0,59.99,22.49,0.0
6660,20140519,3,4,15153,250081,1,45.99,14.49,0.0
6661,20140519,1,1,15154,250084,1,49.99,19.49,0.0
6662,20140519,3,1,15154,250084,0,45.99,14.49,0.0
6663,20140519,3,3,15155,250089,1,45.99,14.49,0.0
6664,20140519,1,1,15156,250103,1,49.99,19.49,0.0
6665,20140519,2,1,15156,250103,0,59.99,22.49,0.0
6666,20140519,3,1,15157,250143,1,45.99,14.49,0.0
6667,20140519,1,1,15157,250143,0,49.99,19.49,0.0
6668,20140519,2,2,15158,250147,1,59.99,22.49,0.0
6669,20140519,4,2,15158,250147,0,29.99,9.49,0.0
6670,20140519,1,2,15159,250179,1,49.99,19.49,0.0
6671,20140519,1,1,15160,250185,1,49.99,19.49,0.0
6672,20140519,4,1,15160,250185,0,29.99,9.49,0.0
6673,20140519,1,1,15161,250187,1,49.99,19.49,0.0
6674,20140519,3,1,15161,250187,0,45.99,14.49,0.0
6675,20140519,1,9,15162,250211,1,49.99,19.49,0.0
6676,20140519,2,9,15162,250211,0,59.99,22.49,0.0
6677,20140519,1,1,15163,250219,1,49.99,19.49,0.0
6678,20140519,1,4,15164,250222,1,49.99,19.49,0.0
6679,20140519,1,1,15165,250250,1,49.99,19.49,0.0
6680,20140519,3,3,15166,250281,1,45.99,14.49,45.99
6681,20140519,1,5,15167,250293,1,49.99,19.49,0.0
6682,20140519,4,5,15167,250293,0,29.99,9.49,0.0
6683,20140519,1,4,15168,250298,1,49.99,19.49,0.0
6684,20140519,1,2,15169,250295,1,49.99,19.49,0.0
6685,20140519,1,2,15170,250303,1,49.99,19.49,0.0
6686,20140519,2,2,15170,250303,0,59.99,22.49,0.0
6687,20140519,1,1,15171,250308,1,49.99,19.49,0.0
6688,20140519,1,5,15172,250315,1,49.99,19.49,0.0
6689,20140519,4,5,15172,250315,0,29.99,9.49,0.0
6690,20140519,2,1,15173,250326,1,59.99,22.49,0.0
6691,20140519,2,2,15174,250339,1,59.99,22.49,0.0
6692,20140519,1,2,15175,250348,1,49.99,19.49,0.0
6693,20140519,1,1,15176,250365,1,49.99,19.49,0.0
6694,20140519,3,4,15177,250373,1,45.99,14.49,0.0
6695,20140519,4,4,15177,250373,0,29.99,9.49,0.0
6696,20140519,1,4,15178,250391,1,49.99,19.49,0.0
6697,20140519,2,4,15178,250391,0,59.99,22.49,0.0
6698,20140519,1,1,15179,250401,1,49.99,19.49,0.0
6699,20140519,1,1,15180,250405,1,49.99,19.49,0.0
6700,20140519,1,2,15181,250410,1,49.99,19.49,0.0
6701,20140519,1,2,15182,250426,1,49.99,19.49,0.0
6702,20140520,1,4,15183,250447,1,49.99,19.49,0.0
6703,20140520,4,4,15183,250447,0,29.99,9.49,0.0
6704,20140520,1,1,15184,250472,1,49.99,19.49,0.0
6705,20140520,3,1,15185,250478,1,45.99,14.49,0.0
6706,20140520,1,1,15186,250489,1,49.99,19.49,0.0
6707,20140520,2,1,15186,250489,0,59.99,22.49,0.0
6708,20140520,1,3,15187,250493,1,49.99,19.49,0.0
6709,20140520,3,1,15188,250498,1,45.99,14.49,0.0
6710,20140520,2,1,15189,250506,1,59.99,22.49,0.0
6711,20140520,2,2,15190,250509,1,59.99,22.49,0.0
6712,20140520,2,1,15191,250510,1,59.99,22.49,0.0
6713,20140520,1,6,15192,250525,1,49.99,19.49,0.0
6714,20140520,1,4,15193,250529,1,49.99,19.49,0.0
6715,20140520,4,4,15193,250529,0,29.99,9.49,0.0
6716,20140520,1,7,15194,250531,1,49.99,19.49,0.0
6717,20140520,3,7,15194,250531,0,45.99,14.49,0.0
6718,20140520,3,2,15195,250537,1,45.99,14.49,0.0
6719,20140520,1,1,15196,250542,1,49.99,19.49,0.0
6720,20140520,1,1,15197,250561,1,49.99,19.49,0.0
6721,20140520,3,1,15197,250561,0,45.99,14.49,0.0
6722,20140520,1,4,15198,250569,1,49.99,19.49,0.0
6723,20140520,1,1,15199,250583,1,49.99,19.49,0.0
6724,20140520,4,1,15199,250583,0,29.99,9.49,0.0
6725,20140520,1,1,15200,250582,1,49.99,19.49,0.0
6726,20140520,4,1,15200,250582,0,29.99,9.49,0.0
6727,20140520,3,1,15201,250593,1,45.99,14.49,0.0
6728,20140520,3,1,15202,250604,1,45.99,14.49,0.0
6729,20140520,2,5,15203,250617,1,59.99,22.49,0.0
6730,20140520,1,4,15204,250625,1,49.99,19.49,0.0
6731,20140520,1,1,15205,250646,1,49.99,19.49,0.0
6732,20140520,4,1,15205,250646,0,29.99,9.49,0.0
6733,20140520,1,1,15206,250660,1,49.99,19.49,0.0
6734,20140520,3,1,15206,250660,0,45.99,14.49,0.0
6735,20140520,1,1,15207,250670,1,49.99,19.49,0.0
6736,20140520,1,1,15208,250669,1,49.99,19.49,0.0
6737,20140520,2,1,15208,250669,0,59.99,22.49,0.0
6738,20140520,2,1,15209,250676,1,59.99,22.49,0.0
6739,20140520,1,2,15210,250690,1,49.99,19.49,0.0
6740,20140520,3,10,15211,250689,1,45.99,14.49,0.0
6741,20140520,1,3,15212,250699,1,49.99,19.49,0.0
6742,20140520,1,1,15213,250707,1,49.99,19.49,0.0
6743,20140520,3,2,15214,250711,1,45.99,14.49,0.0
6744,20140520,1,1,15215,250749,1,49.99,19.49,0.0
6745,20140520,4,1,15215,250749,0,29.99,9.49,0.0
6746,20140520,1,2,15216,250761,1,49.99,19.49,0.0
6747,20140520,3,2,15216,250761,0,45.99,14.49,0.0
6748,20140520,1,1,15217,250754,1,49.99,19.49,0.0
6749,20140520,4,1,15217,250754,0,29.99,9.49,0.0
6750,20140520,3,1,15218,250767,1,45.99,14.49,0.0
6751,20140520,1,1,15218,250767,0,49.99,19.49,0.0
6752,20140520,1,1,15219,250796,1,49.99,19.49,0.0
6753,20140520,1,2,15220,250800,1,49.99,19.49,0.0
6754,20140520,1,5,15221,250810,1,49.99,19.49,0.0
6755,20140520,1,3,15222,250819,1,49.99,19.49,0.0
6756,20140520,1,7,15223,250854,1,49.99,19.49,0.0
6757,20140520,1,2,15224,250848,1,49.99,19.49,49.99
6758,20140520,1,3,15225,250910,1,49.99,19.49,0.0
6759,20140520,1,7,15226,250908,1,49.99,19.49,0.0
6760,20140520,1,1,15227,250938,1,49.99,19.49,0.0
6761,20140520,4,1,15227,250938,0,29.99,9.49,0.0
6762,20140520,1,2,15228,250941,1,49.99,19.49,0.0
6763,20140520,1,3,15229,250952,1,49.99,19.49,49.99
6764,20140520,3,4,15230,250966,1,45.99,14.49,0.0
6765,20140520,1,2,15231,250974,1,49.99,19.49,0.0
6766,20140520,4,2,15231,250974,0,29.99,9.49,0.0
6767,20140520,1,1,15232,250992,1,49.99,19.49,0.0
6768,20140520,1,1,15233,251033,1,49.99,19.49,0.0
6769,20140520,3,1,15233,251033,0,45.99,14.49,0.0
6770,20140520,1,3,15234,251046,1,49.99,19.49,0.0
6771,20140520,4,3,15234,251046,0,29.99,9.49,0.0
6772,20140520,1,3,15235,251039,1,49.99,19.49,0.0
6773,20140520,3,3,15235,251039,0,45.99,14.49,0.0
6774,20140520,1,4,15236,251062,1,49.99,19.49,0.0
6775,20140520,1,10,15237,251063,1,49.99,19.49,0.0
6776,20140520,1,1,15238,251060,1,49.99,19.49,0.0
6777,20140521,3,2,15239,251086,1,45.99,14.49,0.0
6778,20140521,3,1,15240,251092,1,45.99,14.49,0.0
6779,20140521,1,4,15241,251101,1,49.99,19.49,0.0
6780,20140521,3,4,15241,251101,0,45.99,14.49,0.0
6781,20140521,1,4,15242,251104,1,49.99,19.49,0.0
6782,20140521,2,3,15243,251116,1,59.99,22.49,0.0
6783,20140521,3,3,15244,251122,1,45.99,14.49,0.0
6784,20140521,3,2,15245,251124,1,45.99,14.49,0.0
6785,20140521,1,1,15246,251126,1,49.99,19.49,0.0
6786,20140521,2,1,15247,251146,1,59.99,22.49,0.0
6787,20140521,1,2,15248,251155,1,49.99,19.49,0.0
6788,20140521,3,4,15249,251168,1,45.99,14.49,0.0
6789,20140521,4,4,15249,251168,0,29.99,9.49,0.0
6790,20140521,1,4,15250,251191,1,49.99,19.49,0.0
6791,20140521,4,4,15250,251191,0,29.99,9.49,0.0
6792,20140521,1,4,15251,251206,1,49.99,19.49,0.0
6793,20140521,3,2,15252,251219,1,45.99,14.49,0.0
6794,20140521,1,1,15253,251220,1,49.99,19.49,0.0
6795,20140521,1,10,15254,251242,1,49.99,19.49,0.0
6796,20140521,2,10,15254,251242,0,59.99,22.49,0.0
6797,20140521,2,4,15255,251264,1,59.99,22.49,0.0
6798,20140521,4,4,15255,251264,0,29.99,9.49,0.0
6799,20140521,1,1,15256,251298,1,49.99,19.49,0.0
6800,20140521,3,1,15256,251298,0,45.99,14.49,0.0
6801,20140521,1,7,15257,251324,1,49.99,19.49,0.0
6802,20140521,1,2,15258,251346,1,49.99,19.49,0.0
6803,20140521,1,1,15259,251368,1,49.99,19.49,0.0
6804,20140521,1,9,15260,251393,1,49.99,19.49,0.0
6805,20140521,1,1,15261,251415,1,49.99,19.49,0.0
6806,20140521,4,1,15261,251415,0,29.99,9.49,0.0
6807,20140521,3,2,15262,251417,1,45.99,14.49,0.0
6808,20140521,1,3,15263,251428,1,49.99,19.49,0.0
6809,20140521,4,3,15263,251428,0,29.99,9.49,0.0
6810,20140521,1,7,15264,251435,1,49.99,19.49,0.0
6811,20140521,3,5,15265,251452,1,45.99,14.49,0.0
6812,20140521,1,1,15266,251470,1,49.99,19.49,0.0
6813,20140521,3,1,15266,251470,0,45.99,14.49,0.0
6814,20140521,2,4,15267,251487,1,59.99,22.49,0.0
6815,20140521,1,7,15268,251529,1,49.99,19.49,0.0
6816,20140521,3,7,15268,251529,0,45.99,14.49,0.0
6817,20140521,1,2,15269,251543,1,49.99,19.49,0.0
6818,20140521,1,1,15270,251542,1,49.99,19.49,0.0
6819,20140521,1,1,15271,251552,1,49.99,19.49,0.0
6820,20140521,3,1,15271,251552,0,45.99,14.49,0.0
6821,20140521,1,1,15272,251551,1,49.99,19.49,0.0
6822,20140521,3,7,15273,251553,1,45.99,14.49,0.0
6823,20140521,2,3,15274,251574,1,59.99,22.49,0.0
6824,20140521,1,7,15275,251586,1,49.99,19.49,0.0
6825,20140521,2,4,15276,251609,1,59.99,22.49,0.0
6826,20140521,2,1,15277,251612,1,59.99,22.49,0.0
6827,20140521,4,1,15277,251612,0,29.99,9.49,0.0
6828,20140521,1,1,15278,251621,1,49.99,19.49,0.0
6829,20140521,1,7,15279,251657,1,49.99,19.49,0.0
6830,20140521,4,7,15279,251657,0,29.99,9.49,0.0
6831,20140521,1,1,15280,251660,1,49.99,19.49,0.0
6832,20140521,2,1,15281,251661,1,59.99,22.49,0.0
6833,20140521,4,1,15281,251661,0,29.99,9.49,0.0
6834,20140521,2,2,15282,251687,1,59.99,22.49,0.0
6835,20140521,4,2,15282,251687,0,29.99,9.49,0.0
6836,20140521,2,1,15283,251701,1,59.99,22.49,0.0
6837,20140521,1,3,15284,251706,1,49.99,19.49,0.0
6838,20140521,1,2,15285,251712,1,49.99,19.49,0.0
6839,20140521,2,1,15286,251724,1,59.99,22.49,0.0
6840,20140521,1,1,15286,251724,0,49.99,19.49,0.0
6841,20140521,3,1,15287,251741,1,45.99,14.49,0.0
6842,20140521,1,1,15288,251745,1,49.99,19.49,0.0
6843,20140521,1,1,15289,251767,1,49.99,19.49,0.0
6844,20140521,1,1,15290,251769,1,49.99,19.49,0.0
6845,20140521,3,1,15290,251769,0,45.99,14.49,0.0
6846,20140522,1,2,15291,251780,1,49.99,19.49,0.0
6847,20140522,4,2,15291,251780,0,29.99,9.49,0.0
6848,20140522,1,7,15292,251792,1,49.99,19.49,0.0
6849,20140522,1,3,15293,251810,1,49.99,19.49,0.0
6850,20140522,1,1,15294,251825,1,49.99,19.49,0.0
6851,20140522,1,2,15295,251841,1,49.99,19.49,0.0
6852,20140522,1,2,15296,251850,1,49.99,19.49,0.0
6853,20140522,3,2,15297,251885,1,45.99,14.49,0.0
6854,20140522,4,2,15297,251885,0,29.99,9.49,0.0
6855,20140522,1,2,15298,251934,1,49.99,19.49,0.0
6856,20140522,2,1,15299,251948,1,59.99,22.49,0.0
6857,20140522,4,1,15299,251948,0,29.99,9.49,0.0
6858,20140522,1,2,15300,251969,1,49.99,19.49,0.0
6859,20140522,2,2,15301,251971,1,59.99,22.49,0.0
6860,20140522,4,2,15301,251971,0,29.99,9.49,0.0
6861,20140522,2,10,15302,251981,1,59.99,22.49,0.0
6862,20140522,1,1,15303,251982,1,49.99,19.49,0.0
6863,20140522,1,1,15304,252017,1,49.99,19.49,0.0
6864,20140522,1,2,15305,252045,1,49.99,19.49,0.0
6865,20140522,1,1,15306,252082,1,49.99,19.49,0.0
6866,20140522,4,1,15306,252082,0,29.99,9.49,0.0
6867,20140522,2,1,15307,252083,1,59.99,22.49,0.0
6868,20140522,3,1,15307,252083,0,45.99,14.49,0.0
6869,20140522,1,1,15308,252103,1,49.99,19.49,0.0
6870,20140522,4,1,15308,252103,0,29.99,9.49,0.0
6871,20140522,2,1,15309,252104,1,59.99,22.49,0.0
6872,20140522,4,1,15309,252104,0,29.99,9.49,0.0
6873,20140522,1,5,15310,252147,1,49.99,19.49,0.0
6874,20140522,1,2,15311,252151,1,49.99,19.49,0.0
6875,20140522,1,4,15312,252155,1,49.99,19.49,0.0
6876,20140522,1,1,15313,252170,1,49.99,19.49,0.0
6877,20140522,2,4,15314,252177,1,59.99,22.49,0.0
6878,20140522,4,4,15314,252177,0,29.99,9.49,0.0
6879,20140522,1,1,15315,252188,1,49.99,19.49,0.0
6880,20140522,1,2,15316,252194,1,49.99,19.49,0.0
6881,20140522,1,2,15317,252203,1,49.99,19.49,0.0
6882,20140522,1,1,15318,252212,1,49.99,19.49,0.0
6883,20140522,4,1,15318,252212,0,29.99,9.49,0.0
6884,20140522,3,4,15319,252220,1,45.99,14.49,0.0
6885,20140522,1,1,15320,252226,1,49.99,19.49,0.0
6886,20140522,4,1,15320,252226,0,29.99,9.49,0.0
6887,20140522,1,5,15321,252225,1,49.99,19.49,0.0
6888,20140522,3,3,15322,252223,1,45.99,14.49,0.0
6889,20140522,1,1,15323,252238,1,49.99,19.49,0.0
6890,20140522,3,1,15323,252238,0,45.99,14.49,45.99
6891,20140522,1,1,15324,252264,1,49.99,19.49,0.0
6892,20140522,4,1,15324,252264,0,29.99,9.49,0.0
6893,20140522,1,2,15325,252266,1,49.99,19.49,0.0
6894,20140522,1,6,15326,252268,1,49.99,19.49,0.0
6895,20140522,4,6,15326,252268,0,29.99,9.49,0.0
6896,20140522,3,1,15327,252270,1,45.99,14.49,0.0
6897,20140522,4,1,15327,252270,0,29.99,9.49,0.0
6898,20140522,1,1,15328,252318,1,49.99,19.49,0.0
6899,20140522,3,1,15328,252318,0,45.99,14.49,0.0
6900,20140522,1,1,15329,252323,1,49.99,19.49,0.0
6901,20140522,1,1,15330,252349,1,49.99,19.49,0.0
6902,20140522,1,7,15331,252354,1,49.99,19.49,0.0
6903,20140522,3,7,15331,252354,0,45.99,14.49,0.0
6904,20140522,1,5,15332,252358,1,49.99,19.49,0.0
6905,20140522,1,1,15333,252370,1,49.99,19.49,0.0
6906,20140522,2,1,15334,252395,1,59.99,22.49,0.0
6907,20140522,1,1,15335,252411,1,49.99,19.49,0.0
6908,20140522,4,1,15335,252411,0,29.99,9.49,0.0
6909,20140522,2,7,15336,252441,1,59.99,22.49,0.0
6910,20140522,2,3,15337,252447,1,59.99,22.49,0.0
6911,20140522,1,1,15338,252454,1,49.99,19.49,49.99
6912,20140522,3,1,15338,252454,0,45.99,14.49,0.0
6913,20140522,3,4,15339,252461,1,45.99,14.49,0.0
6914,20140522,1,2,15340,252479,1,49.99,19.49,0.0
6915,20140522,2,2,15340,252479,0,59.99,22.49,0.0
6916,20140523,1,1,15341,252507,1,49.99,19.49,0.0
6917,20140523,1,1,15342,252514,1,49.99,19.49,0.0
6918,20140523,1,9,15343,252534,1,49.99,19.49,0.0
6919,20140523,1,2,15344,252535,1,49.99,19.49,0.0
6920,20140523,1,7,15345,252538,1,49.99,19.49,0.0
6921,20140523,3,7,15345,252538,0,45.99,14.49,0.0
6922,20140523,1,1,15346,252543,1,49.99,19.49,0.0
6923,20140523,1,5,15347,252558,1,49.99,19.49,0.0
6924,20140523,1,1,15348,252583,1,49.99,19.49,0.0
6925,20140523,4,1,15348,252583,0,29.99,9.49,0.0
6926,20140523,1,1,15349,252588,1,49.99,19.49,0.0
6927,20140523,2,1,15349,252588,0,59.99,22.49,0.0
6928,20140523,1,1,15350,252600,1,49.99,19.49,0.0
6929,20140523,1,3,15351,252606,1,49.99,19.49,0.0
6930,20140523,4,3,15351,252606,0,29.99,9.49,0.0
6931,20140523,3,1,15352,252640,1,45.99,14.49,0.0
6932,20140523,2,1,15353,252645,1,59.99,22.49,0.0
6933,20140523,4,1,15353,252645,0,29.99,9.49,29.99
6934,20140523,3,2,15354,252675,1,45.99,14.49,0.0
6935,20140523,1,2,15355,252684,1,49.99,19.49,0.0
6936,20140523,1,1,15356,252710,1,49.99,19.49,0.0
6937,20140523,1,1,15357,252712,1,49.99,19.49,0.0
6938,20140523,1,2,15358,252727,1,49.99,19.49,0.0
6939,20140523,1,1,15359,252748,1,49.99,19.49,0.0
6940,20140523,1,1,15360,252747,1,49.99,19.49,0.0
6941,20140523,1,1,15361,252775,1,49.99,19.49,0.0
6942,20140523,4,1,15361,252775,0,29.99,9.49,0.0
6943,20140523,1,4,15362,252770,1,49.99,19.49,0.0
6944,20140523,1,3,15363,252772,1,49.99,19.49,0.0
6945,20140523,1,4,15364,252773,1,49.99,19.49,0.0
6946,20140523,1,3,15365,252791,1,49.99,19.49,0.0
6947,20140523,1,1,15366,252800,1,49.99,19.49,0.0
6948,20140523,2,7,15367,252846,1,59.99,22.49,0.0
6949,20140523,1,1,15368,252844,1,49.99,19.49,0.0
6950,20140523,1,1,15369,252854,1,49.99,19.49,0.0
6951,20140523,2,2,15370,252884,1,59.99,22.49,0.0
6952,20140523,1,5,15371,252886,1,49.99,19.49,0.0
6953,20140523,3,1,15372,252888,1,45.99,14.49,0.0
6954,20140523,1,9,15373,252904,1,49.99,19.49,0.0
6955,20140523,1,2,15374,252914,1,49.99,19.49,0.0
6956,20140523,1,1,15375,252926,1,49.99,19.49,0.0
6957,20140523,1,1,15376,252961,1,49.99,19.49,0.0
6958,20140523,4,1,15376,252961,0,29.99,9.49,0.0
6959,20140523,3,1,15377,252984,1,45.99,14.49,0.0
6960,20140523,4,1,15377,252984,0,29.99,9.49,0.0
6961,20140523,3,1,15378,252987,1,45.99,14.49,0.0
6962,20140523,1,1,15379,253039,1,49.99,19.49,0.0
6963,20140523,4,1,15379,253039,0,29.99,9.49,0.0
6964,20140523,2,1,15380,253037,1,59.99,22.49,0.0
6965,20140523,1,2,15381,253065,1,49.99,19.49,0.0
6966,20140523,1,1,15382,253068,1,49.99,19.49,0.0
6967,20140523,4,1,15382,253068,0,29.99,9.49,0.0
6968,20140523,3,7,15383,253087,1,45.99,14.49,0.0
6969,20140523,1,1,15384,253090,1,49.99,19.49,0.0
6970,20140523,2,1,15385,253097,1,59.99,22.49,0.0
6971,20140523,1,1,15386,253142,1,49.99,19.49,0.0
6972,20140523,4,1,15386,253142,0,29.99,9.49,0.0
6973,20140523,1,1,15387,253147,1,49.99,19.49,0.0
6974,20140524,1,1,15388,253151,1,49.99,19.49,49.99
6975,20140524,3,4,15389,253161,1,45.99,14.49,0.0
6976,20140524,4,4,15389,253161,0,29.99,9.49,0.0
6977,20140524,2,2,15390,253166,1,59.99,22.49,0.0
6978,20140524,1,1,15391,253168,1,49.99,19.49,0.0
6979,20140524,1,1,15392,253172,1,49.99,19.49,0.0
6980,20140524,2,1,15393,253181,1,59.99,22.49,0.0
6981,20140524,4,1,15393,253181,0,29.99,9.49,0.0
6982,20140524,1,1,15394,253191,1,49.99,19.49,0.0
6983,20140524,1,1,15395,253194,1,49.99,19.49,0.0
6984,20140524,4,1,15395,253194,0,29.99,9.49,0.0
6985,20140524,2,1,15396,253193,1,59.99,22.49,0.0
6986,20140524,2,1,15397,253219,1,59.99,22.49,0.0
6987,20140524,1,2,15398,253234,1,49.99,19.49,0.0
6988,20140524,1,1,15399,253322,1,49.99,19.49,0.0
6989,20140524,2,5,15400,253324,1,59.99,22.49,0.0
6990,20140524,1,1,15401,253334,1,49.99,19.49,0.0
6991,20140524,1,1,15402,253358,1,49.99,19.49,0.0
6992,20140524,1,2,15403,253366,1,49.99,19.49,0.0
6993,20140524,1,1,15404,253429,1,49.99,19.49,0.0
6994,20140524,1,4,15405,253451,1,49.99,19.49,0.0
6995,20140524,3,4,15405,253451,0,45.99,14.49,0.0
6996,20140524,2,1,15406,253461,1,59.99,22.49,0.0
6997,20140524,1,1,15406,253461,0,49.99,19.49,0.0
6998,20140525,1,5,15407,253467,1,49.99,19.49,0.0
6999,20140525,1,1,15408,253478,1,49.99,19.49,0.0
7000,20140525,4,1,15408,253478,0,29.99,9.49,0.0
7001,20140525,2,1,15409,253479,1,59.99,22.49,0.0
7002,20140525,4,1,15409,253479,0,29.99,9.49,0.0
7003,20140525,1,1,15410,253507,1,49.99,19.49,0.0
7004,20140525,4,1,15410,253507,0,29.99,9.49,0.0
7005,20140525,3,3,15411,253521,1,45.99,14.49,0.0
7006,20140525,2,3,15412,253522,1,59.99,22.49,0.0
7007,20140525,1,1,15413,253548,1,49.99,19.49,0.0
7008,20140525,1,7,15414,253573,1,49.99,19.49,0.0
7009,20140525,3,7,15414,253573,0,45.99,14.49,0.0
7010,20140525,1,2,15415,253578,1,49.99,19.49,49.99
7011,20140525,1,1,15416,253580,1,49.99,19.49,0.0
7012,20140525,4,1,15416,253580,0,29.99,9.49,0.0
7013,20140525,1,4,15417,253583,1,49.99,19.49,0.0
7014,20140525,1,4,15418,253640,1,49.99,19.49,0.0
7015,20140525,2,1,15419,253653,1,59.99,22.49,59.99
7016,20140525,1,1,15420,253663,1,49.99,19.49,0.0
7017,20140525,2,1,15421,253670,1,59.99,22.49,0.0
7018,20140525,1,1,15422,253677,1,49.99,19.49,0.0
7019,20140525,2,1,15423,253713,1,59.99,22.49,0.0
7020,20140525,1,1,15423,253713,0,49.99,19.49,0.0
7021,20140525,1,3,15424,253728,1,49.99,19.49,0.0
7022,20140525,3,3,15425,253748,1,45.99,14.49,0.0
7023,20140525,1,9,15426,253755,1,49.99,19.49,0.0
7024,20140525,2,3,15427,253765,1,59.99,22.49,0.0
7025,20140525,1,1,15428,253779,1,49.99,19.49,0.0
7026,20140526,1,5,15429,253789,1,49.99,19.49,0.0
7027,20140526,2,3,15430,253800,1,59.99,22.49,0.0
7028,20140526,4,3,15430,253800,0,29.99,9.49,0.0
7029,20140526,1,1,15431,253804,1,49.99,19.49,0.0
7030,20140526,4,1,15431,253804,0,29.99,9.49,0.0
7031,20140526,1,4,15432,253833,1,49.99,19.49,0.0
7032,20140526,1,1,15433,253847,1,49.99,19.49,0.0
7033,20140526,1,5,15434,253871,1,49.99,19.49,0.0
7034,20140526,3,1,15435,253885,1,45.99,14.49,0.0
7035,20140526,2,2,15436,253890,1,59.99,22.49,59.99
7036,20140526,2,1,15437,253905,1,59.99,22.49,0.0
7037,20140526,1,1,15438,253906,1,49.99,19.49,0.0
7038,20140526,1,1,15439,253918,1,49.99,19.49,0.0
7039,20140526,3,1,15439,253918,0,45.99,14.49,0.0
7040,20140526,1,1,15440,253915,1,49.99,19.49,0.0
7041,20140526,4,1,15440,253915,0,29.99,9.49,0.0
7042,20140526,1,2,15441,253935,1,49.99,19.49,0.0
7043,20140526,1,7,15442,253952,1,49.99,19.49,0.0
7044,20140526,1,2,15443,253997,1,49.99,19.49,0.0
7045,20140526,2,2,15443,253997,0,59.99,22.49,0.0
7046,20140526,2,2,15444,253993,1,59.99,22.49,0.0
7047,20140526,3,2,15445,253995,1,45.99,14.49,0.0
7048,20140526,1,5,15446,253998,1,49.99,19.49,0.0
7049,20140526,1,1,15447,254008,1,49.99,19.49,0.0
7050,20140526,3,1,15447,254008,0,45.99,14.49,0.0
7051,20140526,1,2,15448,254031,1,49.99,19.49,0.0
7052,20140526,2,2,15448,254031,0,59.99,22.49,0.0
7053,20140526,1,1,15449,254053,1,49.99,19.49,0.0
7054,20140526,1,1,15450,254056,1,49.99,19.49,0.0
7055,20140526,1,4,15451,254055,1,49.99,19.49,0.0
7056,20140526,3,3,15452,254084,1,45.99,14.49,0.0
7057,20140526,4,3,15452,254084,0,29.99,9.49,0.0
7058,20140526,2,3,15453,254081,1,59.99,22.49,0.0
7059,20140526,1,1,15454,254122,1,49.99,19.49,0.0
7060,20140526,4,1,15454,254122,0,29.99,9.49,0.0
7061,20140526,3,7,15455,254139,1,45.99,14.49,0.0
7062,20140526,1,1,15456,254141,1,49.99,19.49,0.0
7063,20140526,2,1,15456,254141,0,59.99,22.49,0.0
7064,20140526,1,4,15457,254142,1,49.99,19.49,0.0
7065,20140526,1,2,15458,254148,1,49.99,19.49,0.0
7066,20140526,2,2,15458,254148,0,59.99,22.49,59.99
7067,20140526,1,10,15459,254159,1,49.99,19.49,0.0
7068,20140526,1,1,15460,254219,1,49.99,19.49,0.0
7069,20140526,1,4,15461,254222,1,49.99,19.49,0.0
7070,20140526,3,4,15461,254222,0,45.99,14.49,0.0
7071,20140526,1,3,15462,254243,1,49.99,19.49,0.0
7072,20140526,1,1,15463,254255,1,49.99,19.49,0.0
7073,20140526,1,3,15464,254263,1,49.99,19.49,0.0
7074,20140526,3,1,15465,254264,1,45.99,14.49,45.99
7075,20140527,1,7,15466,254296,1,49.99,19.49,0.0
7076,20140527,3,7,15466,254296,0,45.99,14.49,0.0
7077,20140527,1,1,15467,254297,1,49.99,19.49,0.0
7078,20140527,1,1,15468,254319,1,49.99,19.49,0.0
7079,20140527,1,1,15469,254324,1,49.99,19.49,0.0
7080,20140527,4,1,15469,254324,0,29.99,9.49,0.0
7081,20140527,1,1,15470,254328,1,49.99,19.49,0.0
7082,20140527,1,2,15471,254332,1,49.99,19.49,0.0
7083,20140527,4,2,15471,254332,0,29.99,9.49,0.0
7084,20140527,1,1,15472,254335,1,49.99,19.49,0.0
7085,20140527,1,9,15473,254354,1,49.99,19.49,0.0
7086,20140527,1,1,15474,254357,1,49.99,19.49,0.0
7087,20140527,2,1,15474,254357,0,59.99,22.49,0.0
7088,20140527,1,1,15475,254363,1,49.99,19.49,0.0
7089,20140527,1,1,15476,254367,1,49.99,19.49,0.0
7090,20140527,1,2,15477,254390,1,49.99,19.49,0.0
7091,20140527,1,4,15478,254394,1,49.99,19.49,0.0
7092,20140527,4,4,15478,254394,0,29.99,9.49,0.0
7093,20140527,1,1,15479,254396,1,49.99,19.49,0.0
7094,20140527,4,1,15479,254396,0,29.99,9.49,0.0
7095,20140527,1,1,15480,254403,1,49.99,19.49,0.0
7096,20140527,1,1,15481,254408,1,49.99,19.49,0.0
7097,20140527,3,1,15481,254408,0,45.99,14.49,0.0
7098,20140527,1,1,15482,254418,1,49.99,19.49,0.0
7099,20140527,4,1,15482,254418,0,29.99,9.49,0.0
7100,20140527,1,1,15483,254416,1,49.99,19.49,0.0
7101,20140527,3,1,15483,254416,0,45.99,14.49,0.0
7102,20140527,1,1,15484,254427,1,49.99,19.49,0.0
7103,20140527,1,4,15485,254442,1,49.99,19.49,0.0
7104,20140527,4,4,15485,254442,0,29.99,9.49,0.0
7105,20140527,1,1,15486,254445,1,49.99,19.49,0.0
7106,20140527,1,1,15487,254498,1,49.99,19.49,0.0
7107,20140527,4,1,15487,254498,0,29.99,9.49,0.0
7108,20140527,1,3,15488,254507,1,49.99,19.49,0.0
7109,20140527,4,3,15488,254507,0,29.99,9.49,0.0
7110,20140527,1,1,15489,254514,1,49.99,19.49,0.0
7111,20140527,1,1,15490,254513,1,49.99,19.49,0.0
7112,20140527,1,1,15491,254534,1,49.99,19.49,0.0
7113,20140527,4,1,15491,254534,0,29.99,9.49,0.0
7114,20140527,1,2,15492,254544,1,49.99,19.49,0.0
7115,20140527,4,2,15492,254544,0,29.99,9.49,0.0
7116,20140527,1,4,15493,254548,1,49.99,19.49,0.0
7117,20140527,4,4,15493,254548,0,29.99,9.49,0.0
7118,20140527,1,3,15494,254555,1,49.99,19.49,0.0
7119,20140527,4,3,15494,254555,0,29.99,9.49,0.0
7120,20140527,1,1,15495,254573,1,49.99,19.49,0.0
7121,20140527,4,1,15495,254573,0,29.99,9.49,0.0
7122,20140527,2,1,15496,254579,1,59.99,22.49,0.0
7123,20140527,3,1,15496,254579,0,45.99,14.49,0.0
7124,20140527,1,1,15497,254589,1,49.99,19.49,0.0
7125,20140527,3,1,15497,254589,0,45.99,14.49,0.0
7126,20140527,1,4,15498,254597,1,49.99,19.49,0.0
7127,20140527,1,4,15499,254605,1,49.99,19.49,0.0
7128,20140527,1,1,15500,254609,1,49.99,19.49,0.0
7129,20140527,4,1,15500,254609,0,29.99,9.49,0.0
7130,20140527,1,5,15501,254611,1,49.99,19.49,0.0
7131,20140527,4,5,15501,254611,0,29.99,9.49,0.0
7132,20140527,1,1,15502,254621,1,49.99,19.49,0.0
7133,20140527,3,1,15502,254621,0,45.99,14.49,0.0
7134,20140527,1,2,15503,254648,1,49.99,19.49,0.0
7135,20140527,1,2,15504,254659,1,49.99,19.49,0.0
7136,20140527,2,7,15505,254711,1,59.99,22.49,0.0
7137,20140527,1,9,15506,254719,1,49.99,19.49,0.0
7138,20140527,2,1,15507,254720,1,59.99,22.49,0.0
7139,20140527,1,2,15508,254766,1,49.99,19.49,0.0
7140,20140527,4,2,15508,254766,0,29.99,9.49,0.0
7141,20140527,1,1,15509,254768,1,49.99,19.49,0.0
7142,20140527,4,1,15509,254768,0,29.99,9.49,0.0
7143,20140527,1,5,15510,254769,1,49.99,19.49,0.0
7144,20140527,1,7,15511,254778,1,49.99,19.49,0.0
7145,20140527,1,3,15512,254809,1,49.99,19.49,0.0
7146,20140527,2,3,15512,254809,0,59.99,22.49,0.0
7147,20140527,3,3,15513,254808,1,45.99,14.49,0.0
7148,20140527,1,3,15513,254808,0,49.99,19.49,0.0
7149,20140527,2,2,15514,254813,1,59.99,22.49,0.0
7150,20140527,4,2,15514,254813,0,29.99,9.49,0.0
7151,20140527,1,4,15515,254862,1,49.99,19.49,0.0
7152,20140527,1,1,15516,254877,1,49.99,19.49,0.0
7153,20140527,1,2,15517,254894,1,49.99,19.49,0.0
7154,20140527,1,2,15518,254896,1,49.99,19.49,0.0
7155,20140527,1,7,15519,254903,1,49.99,19.49,49.99
7156,20140527,3,7,15519,254903,0,45.99,14.49,0.0
7157,20140527,1,1,15520,254916,1,49.99,19.49,0.0
7158,20140527,1,2,15521,254923,1,49.99,19.49,0.0
7159,20140527,3,2,15521,254923,0,45.99,14.49,0.0
7160,20140527,1,2,15522,254934,1,49.99,19.49,0.0
7161,20140527,1,5,15523,254959,1,49.99,19.49,49.99
7162,20140528,1,1,15524,255013,1,49.99,19.49,0.0
7163,20140528,4,1,15524,255013,0,29.99,9.49,0.0
7164,20140528,2,1,15525,255015,1,59.99,22.49,0.0
7165,20140528,1,1,15526,255024,1,49.99,19.49,0.0
7166,20140528,4,1,15526,255024,0,29.99,9.49,0.0
7167,20140528,1,1,15527,255028,1,49.99,19.49,0.0
7168,20140528,4,1,15527,255028,0,29.99,9.49,0.0
7169,20140528,1,1,15528,255043,1,49.99,19.49,0.0
7170,20140528,1,2,15529,255044,1,49.99,19.49,0.0
7171,20140528,1,3,15530,255046,1,49.99,19.49,0.0
7172,20140528,4,3,15530,255046,0,29.99,9.49,0.0
7173,20140528,1,2,15531,255059,1,49.99,19.49,0.0
7174,20140528,4,2,15531,255059,0,29.99,9.49,0.0
7175,20140528,1,4,15532,255062,1,49.99,19.49,0.0
7176,20140528,4,4,15532,255062,0,29.99,9.49,0.0
7177,20140528,3,1,15533,255073,1,45.99,14.49,0.0
7178,20140528,2,1,15534,255082,1,59.99,22.49,0.0
7179,20140528,1,1,15535,255102,1,49.99,19.49,0.0
7180,20140528,1,1,15536,255152,1,49.99,19.49,0.0
7181,20140528,3,1,15536,255152,0,45.99,14.49,0.0
7182,20140528,1,6,15537,255163,1,49.99,19.49,0.0
7183,20140528,4,6,15537,255163,0,29.99,9.49,0.0
7184,20140528,1,1,15538,255174,1,49.99,19.49,0.0
7185,20140528,3,1,15538,255174,0,45.99,14.49,0.0
7186,20140528,1,3,15539,255204,1,49.99,19.49,49.99
7187,20140528,1,4,15540,255211,1,49.99,19.49,0.0
7188,20140528,3,4,15540,255211,0,45.99,14.49,0.0
7189,20140528,2,1,15541,255214,1,59.99,22.49,0.0
7190,20140528,1,2,15542,255222,1,49.99,19.49,0.0
7191,20140528,1,5,15543,255247,1,49.99,19.49,0.0
7192,20140528,2,5,15543,255247,0,59.99,22.49,0.0
7193,20140528,3,3,15544,255286,1,45.99,14.49,0.0
7194,20140528,1,1,15545,255280,1,49.99,19.49,0.0
7195,20140528,3,7,15546,255290,1,45.99,14.49,0.0
7196,20140528,1,3,15547,255301,1,49.99,19.49,0.0
7197,20140528,1,9,15548,255313,1,49.99,19.49,0.0
7198,20140528,2,3,15549,255314,1,59.99,22.49,0.0
7199,20140528,3,2,15550,255315,1,45.99,14.49,0.0
7200,20140528,1,2,15551,255323,1,49.99,19.49,0.0
7201,20140528,3,2,15552,255332,1,45.99,14.49,0.0
7202,20140528,1,7,15553,255340,1,49.99,19.49,0.0
7203,20140528,1,1,15554,255351,1,49.99,19.49,0.0
7204,20140528,1,1,15555,255363,1,49.99,19.49,49.99
7205,20140528,4,1,15555,255363,0,29.99,9.49,0.0
7206,20140528,1,1,15556,255393,1,49.99,19.49,0.0
7207,20140528,3,1,15556,255393,0,45.99,14.49,0.0
7208,20140528,1,1,15557,255401,1,49.99,19.49,0.0
7209,20140528,1,9,15558,255409,1,49.99,19.49,0.0
7210,20140528,2,9,15558,255409,0,59.99,22.49,0.0
7211,20140528,1,1,15559,255408,1,49.99,19.49,0.0
7212,20140528,1,1,15560,255433,1,49.99,19.49,0.0
7213,20140528,3,1,15560,255433,0,45.99,14.49,0.0
7214,20140528,2,1,15561,255481,1,59.99,22.49,0.0
7215,20140528,1,7,15562,255483,1,49.99,19.49,0.0
7216,20140528,1,4,15563,255513,1,49.99,19.49,0.0
7217,20140528,4,4,15563,255513,0,29.99,9.49,0.0
7218,20140528,1,2,15564,255519,1,49.99,19.49,0.0
7219,20140528,4,2,15564,255519,0,29.99,9.49,0.0
7220,20140528,1,1,15565,255587,1,49.99,19.49,49.99
7221,20140528,1,4,15566,255597,1,49.99,19.49,0.0
7222,20140528,1,3,15567,255592,1,49.99,19.49,0.0
7223,20140528,3,3,15567,255592,0,45.99,14.49,0.0
7224,20140528,2,6,15568,255608,1,59.99,22.49,0.0
7225,20140528,2,1,15569,255626,1,59.99,22.49,0.0
7226,20140528,2,1,15570,255634,1,59.99,22.49,0.0
7227,20140528,1,1,15571,255637,1,49.99,19.49,0.0
7228,20140528,2,1,15571,255637,0,59.99,22.49,0.0
7229,20140528,1,1,15572,255653,1,49.99,19.49,0.0
7230,20140528,1,1,15573,255654,1,49.99,19.49,0.0
7231,20140528,1,1,15574,255671,1,49.99,19.49,0.0
7232,20140528,1,9,15575,255710,1,49.99,19.49,0.0
7233,20140528,1,1,15576,255721,1,49.99,19.49,0.0
7234,20140528,2,4,15577,255737,1,59.99,22.49,0.0
7235,20140528,1,1,15578,255740,1,49.99,19.49,0.0
7236,20140528,2,4,15579,255765,1,59.99,22.49,0.0
7237,20140528,1,2,15580,255768,1,49.99,19.49,0.0
7238,20140528,1,2,15581,255770,1,49.99,19.49,0.0
7239,20140529,1,4,15582,255790,1,49.99,19.49,0.0
7240,20140529,2,1,15583,255829,1,59.99,22.49,0.0
7241,20140529,4,1,15583,255829,0,29.99,9.49,0.0
7242,20140529,1,7,15584,255839,1,49.99,19.49,0.0
7243,20140529,4,7,15584,255839,0,29.99,9.49,0.0
7244,20140529,1,9,15585,255844,1,49.99,19.49,0.0
7245,20140529,4,9,15585,255844,0,29.99,9.49,0.0
7246,20140529,1,1,15586,255851,1,49.99,19.49,0.0
7247,20140529,2,2,15587,255853,1,59.99,22.49,0.0
7248,20140529,1,2,15587,255853,0,49.99,19.49,0.0
7249,20140529,1,2,15588,255867,1,49.99,19.49,0.0
7250,20140529,3,2,15588,255867,0,45.99,14.49,0.0
7251,20140529,1,2,15589,255870,1,49.99,19.49,0.0
7252,20140529,1,1,15590,255871,1,49.99,19.49,0.0
7253,20140529,4,1,15590,255871,0,29.99,9.49,0.0
7254,20140529,1,1,15591,255883,1,49.99,19.49,0.0
7255,20140529,1,1,15592,255893,1,49.99,19.49,0.0
7256,20140529,1,7,15593,255903,1,49.99,19.49,0.0
7257,20140529,3,4,15594,255913,1,45.99,14.49,0.0
7258,20140529,3,1,15595,255919,1,45.99,14.49,0.0
7259,20140529,1,1,15595,255919,0,49.99,19.49,0.0
7260,20140529,1,1,15596,255927,1,49.99,19.49,49.99
7261,20140529,4,1,15596,255927,0,29.99,9.49,0.0
7262,20140529,1,2,15597,255933,1,49.99,19.49,0.0
7263,20140529,1,4,15598,255939,1,49.99,19.49,0.0
7264,20140529,1,1,15599,255964,1,49.99,19.49,0.0
7265,20140529,4,1,15599,255964,0,29.99,9.49,0.0
7266,20140529,1,1,15600,255967,1,49.99,19.49,0.0
7267,20140529,3,1,15600,255967,0,45.99,14.49,0.0
7268,20140529,1,6,15601,255981,1,49.99,19.49,0.0
7269,20140529,1,1,15602,255985,1,49.99,19.49,0.0
7270,20140529,1,3,15603,256002,1,49.99,19.49,0.0
7271,20140529,2,3,15603,256002,0,59.99,22.49,0.0
7272,20140529,1,1,15604,256004,1,49.99,19.49,0.0
7273,20140529,1,3,15605,256008,1,49.99,19.49,0.0
7274,20140529,1,1,15606,256025,1,49.99,19.49,0.0
7275,20140529,1,4,15607,256037,1,49.99,19.49,0.0
7276,20140529,2,4,15607,256037,0,59.99,22.49,0.0
7277,20140529,1,2,15608,256102,1,49.99,19.49,0.0
7278,20140529,1,1,15609,256110,1,49.99,19.49,0.0
7279,20140529,2,1,15610,256122,1,59.99,22.49,0.0
7280,20140529,3,1,15610,256122,0,45.99,14.49,0.0
7281,20140529,3,4,15611,256131,1,45.99,14.49,0.0
7282,20140529,1,1,15612,256139,1,49.99,19.49,0.0
7283,20140529,1,1,15613,256142,1,49.99,19.49,49.99
7284,20140529,1,3,15614,256165,1,49.99,19.49,0.0
7285,20140529,1,1,15615,256184,1,49.99,19.49,0.0
7286,20140529,3,1,15616,256193,1,45.99,14.49,0.0
7287,20140529,1,1,15616,256193,0,49.99,19.49,0.0
7288,20140529,1,1,15617,256197,1,49.99,19.49,0.0
7289,20140529,1,7,15618,256201,1,49.99,19.49,0.0
7290,20140529,3,7,15618,256201,0,45.99,14.49,0.0
7291,20140529,1,1,15619,256207,1,49.99,19.49,0.0
7292,20140529,1,1,15620,256215,1,49.99,19.49,0.0
7293,20140529,3,1,15620,256215,0,45.99,14.49,0.0
7294,20140529,1,2,15621,256221,1,49.99,19.49,0.0
7295,20140529,4,2,15621,256221,0,29.99,9.49,0.0
7296,20140529,1,1,15622,256248,1,49.99,19.49,0.0
7297,20140529,1,1,15623,256247,1,49.99,19.49,0.0
7298,20140529,2,3,15624,256250,1,59.99,22.49,0.0
7299,20140529,1,1,15625,256252,1,49.99,19.49,0.0
7300,20140529,1,9,15626,256254,1,49.99,19.49,0.0
7301,20140529,4,9,15626,256254,0,29.99,9.49,0.0
7302,20140529,2,2,15627,256259,1,59.99,22.49,0.0
7303,20140529,1,9,15628,256287,1,49.99,19.49,0.0
7304,20140529,3,1,15629,256319,1,45.99,14.49,0.0
7305,20140529,4,1,15629,256319,0,29.99,9.49,0.0
7306,20140529,1,7,15630,256318,1,49.99,19.49,0.0
7307,20140529,4,7,15630,256318,0,29.99,9.49,0.0
7308,20140529,1,1,15631,256334,1,49.99,19.49,0.0
7309,20140529,1,3,15632,256328,1,49.99,19.49,0.0
7310,20140529,1,1,15633,256354,1,49.99,19.49,0.0
7311,20140529,3,1,15633,256354,0,45.99,14.49,45.99
7312,20140529,1,1,15634,256386,1,49.99,19.49,0.0
7313,20140529,1,1,15635,256399,1,49.99,19.49,0.0
7314,20140529,1,2,15636,256410,1,49.99,19.49,0.0
7315,20140529,2,4,15637,256417,1,59.99,22.49,0.0
7316,20140529,2,1,15638,256418,1,59.99,22.49,0.0
7317,20140529,1,1,15639,256438,1,49.99,19.49,0.0
7318,20140529,2,7,15640,256461,1,59.99,22.49,0.0
7319,20140529,1,2,15641,256473,1,49.99,19.49,0.0
7320,20140530,1,1,15642,256491,1,49.99,19.49,0.0
7321,20140530,3,1,15642,256491,0,45.99,14.49,0.0
7322,20140530,1,1,15643,256539,1,49.99,19.49,0.0
7323,20140530,1,1,15644,256551,1,49.99,19.49,0.0
7324,20140530,1,2,15645,256599,1,49.99,19.49,0.0
7325,20140530,1,1,15646,256596,1,49.99,19.49,0.0
7326,20140530,4,1,15646,256596,0,29.99,9.49,0.0
7327,20140530,1,1,15647,256614,1,49.99,19.49,0.0
7328,20140530,2,1,15648,256686,1,59.99,22.49,0.0
7329,20140530,1,1,15649,256684,1,49.99,19.49,0.0
7330,20140530,2,1,15650,256692,1,59.99,22.49,0.0
7331,20140530,1,4,15651,256698,1,49.99,19.49,0.0
7332,20140530,3,1,15652,256711,1,45.99,14.49,0.0
7333,20140530,1,4,15653,256713,1,49.99,19.49,0.0
7334,20140530,4,4,15653,256713,0,29.99,9.49,0.0
7335,20140530,2,1,15654,256723,1,59.99,22.49,0.0
7336,20140530,1,1,15655,256722,1,49.99,19.49,0.0
7337,20140530,3,1,15655,256722,0,45.99,14.49,0.0
7338,20140530,1,7,15656,256724,1,49.99,19.49,0.0
7339,20140530,1,1,15657,256721,1,49.99,19.49,0.0
7340,20140530,4,1,15657,256721,0,29.99,9.49,0.0
7341,20140530,2,1,15658,256746,1,59.99,22.49,0.0
7342,20140530,1,3,15659,256749,1,49.99,19.49,0.0
7343,20140530,4,3,15659,256749,0,29.99,9.49,0.0
7344,20140530,1,4,15660,256758,1,49.99,19.49,0.0
7345,20140530,2,4,15660,256758,0,59.99,22.49,0.0
7346,20140530,2,1,15661,256765,1,59.99,22.49,0.0
7347,20140530,2,1,15662,256791,1,59.99,22.49,0.0
7348,20140530,1,1,15663,256805,1,49.99,19.49,0.0
7349,20140530,1,3,15664,256810,1,49.99,19.49,0.0
7350,20140530,4,3,15664,256810,0,29.99,9.49,0.0
7351,20140530,2,1,15665,256813,1,59.99,22.49,0.0
7352,20140530,1,7,15666,256822,1,49.99,19.49,0.0
7353,20140530,4,7,15666,256822,0,29.99,9.49,0.0
7354,20140530,1,3,15667,256820,1,49.99,19.49,0.0
7355,20140530,1,2,15668,256840,1,49.99,19.49,49.99
7356,20140530,1,1,15669,256831,1,49.99,19.49,0.0
7357,20140530,3,2,15670,256845,1,45.99,14.49,0.0
7358,20140530,1,2,15670,256845,0,49.99,19.49,0.0
7359,20140530,3,2,15671,256859,1,45.99,14.49,0.0
7360,20140530,2,7,15672,256871,1,59.99,22.49,0.0
7361,20140530,2,1,15673,256877,1,59.99,22.49,0.0
7362,20140530,3,2,15674,256881,1,45.99,14.49,0.0
7363,20140530,1,1,15675,256894,1,49.99,19.49,0.0
7364,20140530,3,1,15675,256894,0,45.99,14.49,0.0
7365,20140530,1,1,15676,256908,1,49.99,19.49,0.0
7366,20140530,3,1,15676,256908,0,45.99,14.49,0.0
7367,20140530,1,1,15677,256910,1,49.99,19.49,0.0
7368,20140530,3,1,15677,256910,0,45.99,14.49,0.0
7369,20140530,1,2,15678,256923,1,49.99,19.49,0.0
7370,20140530,3,2,15678,256923,0,45.99,14.49,0.0
7371,20140530,2,5,15679,256934,1,59.99,22.49,0.0
7372,20140530,1,1,15680,256946,1,49.99,19.49,0.0
7373,20140530,2,4,15681,256950,1,59.99,22.49,0.0
7374,20140530,1,1,15682,256981,1,49.99,19.49,0.0
7375,20140530,2,9,15683,256990,1,59.99,22.49,0.0
7376,20140530,4,9,15683,256990,0,29.99,9.49,0.0
7377,20140530,1,2,15684,256994,1,49.99,19.49,0.0
7378,20140530,2,2,15684,256994,0,59.99,22.49,0.0
7379,20140530,1,1,15685,256996,1,49.99,19.49,0.0
7380,20140530,1,7,15686,257026,1,49.99,19.49,0.0
7381,20140530,2,7,15686,257026,0,59.99,22.49,0.0
7382,20140530,3,2,15687,257027,1,45.99,14.49,0.0
7383,20140530,2,2,15688,257049,1,59.99,22.49,0.0
7384,20140530,4,2,15688,257049,0,29.99,9.49,0.0
7385,20140530,1,4,15689,257073,1,49.99,19.49,0.0
7386,20140530,1,1,15690,257096,1,49.99,19.49,0.0
7387,20140530,1,1,15691,257110,1,49.99,19.49,0.0
7388,20140530,3,1,15691,257110,0,45.99,14.49,0.0
7389,20140531,1,7,15692,257123,1,49.99,19.49,0.0
7390,20140531,1,4,15693,257129,1,49.99,19.49,0.0
7391,20140531,2,4,15693,257129,0,59.99,22.49,0.0
7392,20140531,2,1,15694,257131,1,59.99,22.49,0.0
7393,20140531,1,2,15695,257141,1,49.99,19.49,0.0
7394,20140531,1,2,15696,257143,1,49.99,19.49,0.0
7395,20140531,2,1,15697,257157,1,59.99,22.49,0.0
7396,20140531,4,1,15697,257157,0,29.99,9.49,0.0
7397,20140531,3,3,15698,257156,1,45.99,14.49,0.0
7398,20140531,4,3,15698,257156,0,29.99,9.49,0.0
7399,20140531,3,3,15699,257184,1,45.99,14.49,0.0
7400,20140531,1,7,15700,257187,1,49.99,19.49,0.0
7401,20140531,1,1,15701,257226,1,49.99,19.49,0.0
7402,20140531,1,1,15702,257260,1,49.99,19.49,49.99
7403,20140531,2,4,15703,257299,1,59.99,22.49,0.0
7404,20140531,3,4,15703,257299,0,45.99,14.49,0.0
7405,20140531,1,1,15704,257309,1,49.99,19.49,0.0
7406,20140531,1,1,15705,257356,1,49.99,19.49,0.0
7407,20140531,4,1,15705,257356,0,29.99,9.49,0.0
7408,20140531,1,1,15706,257359,1,49.99,19.49,0.0
7409,20140531,1,1,15707,257361,1,49.99,19.49,0.0
7410,20140531,4,1,15707,257361,0,29.99,9.49,0.0
7411,20140531,1,3,15708,257383,1,49.99,19.49,0.0
7412,20140531,1,2,15709,257399,1,49.99,19.49,0.0
7413,20140531,4,2,15709,257399,0,29.99,9.49,0.0
7414,20140531,1,4,15710,257409,1,49.99,19.49,0.0
7415,20140531,3,1,15711,257438,1,45.99,14.49,0.0
7416,20140531,4,1,15711,257438,0,29.99,9.49,0.0
7417,20140601,1,1,15712,257453,1,49.99,19.49,0.0
7418,20140601,1,2,15713,257461,1,49.99,19.49,0.0
7419,20140601,1,3,15714,257473,1,49.99,19.49,0.0
7420,20140601,3,3,15714,257473,0,45.99,14.49,45.99
7421,20140601,1,1,15715,257483,1,49.99,19.49,49.99
7422,20140601,3,1,15715,257483,0,45.99,14.49,0.0
7423,20140601,1,10,15716,257489,1,49.99,19.49,0.0
7424,20140601,2,10,15716,257489,0,59.99,22.49,0.0
7425,20140601,1,2,15717,257490,1,49.99,19.49,0.0
7426,20140601,3,9,15718,257512,1,45.99,14.49,0.0
7427,20140601,1,1,15719,257515,1,49.99,19.49,0.0
7428,20140601,1,2,15720,257525,1,49.99,19.49,0.0
7429,20140601,2,2,15720,257525,0,59.99,22.49,0.0
7430,20140601,1,2,15721,257540,1,49.99,19.49,0.0
7431,20140601,1,5,15722,257545,1,49.99,19.49,0.0
7432,20140601,1,2,15723,257551,1,49.99,19.49,0.0
7433,20140601,1,4,15724,257587,1,49.99,19.49,0.0
7434,20140601,2,7,15725,257594,1,59.99,22.49,0.0
7435,20140601,1,1,15726,257601,1,49.99,19.49,0.0
7436,20140601,1,1,15727,257605,1,49.99,19.49,0.0
7437,20140601,1,1,15728,257656,1,49.99,19.49,0.0
7438,20140601,4,1,15728,257656,0,29.99,9.49,0.0
7439,20140601,3,1,15729,257665,1,45.99,14.49,0.0
7440,20140601,4,1,15729,257665,0,29.99,9.49,0.0
7441,20140601,1,2,15730,257667,1,49.99,19.49,0.0
7442,20140601,1,5,15731,257698,1,49.99,19.49,0.0
7443,20140601,1,4,15732,257705,1,49.99,19.49,49.99
7444,20140601,4,4,15732,257705,0,29.99,9.49,0.0
7445,20140601,1,2,15733,257718,1,49.99,19.49,0.0
7446,20140601,2,1,15734,257732,1,59.99,22.49,0.0
7447,20140601,2,1,15735,257737,1,59.99,22.49,0.0
7448,20140601,4,1,15735,257737,0,29.99,9.49,0.0
7449,20140601,2,1,15736,257738,1,59.99,22.49,0.0
7450,20140601,4,1,15736,257738,0,29.99,9.49,0.0
7451,20140601,1,3,15737,257750,1,49.99,19.49,0.0
7452,20140601,3,3,15737,257750,0,45.99,14.49,0.0
7453,20140602,1,1,15738,257758,1,49.99,19.49,0.0
7454,20140602,1,2,15739,257785,1,49.99,19.49,0.0
7455,20140602,3,2,15739,257785,0,45.99,14.49,0.0
7456,20140602,2,7,15740,257791,1,59.99,22.49,0.0
7457,20140602,1,3,15741,257800,1,49.99,19.49,0.0
7458,20140602,4,3,15741,257800,0,29.99,9.49,0.0
7459,20140602,2,7,15742,257802,1,59.99,22.49,0.0
7460,20140602,1,2,15743,257817,1,49.99,19.49,0.0
7461,20140602,3,2,15743,257817,0,45.99,14.49,0.0
7462,20140602,2,3,15744,257823,1,59.99,22.49,0.0
7463,20140602,1,1,15745,257851,1,49.99,19.49,0.0
7464,20140602,3,1,15745,257851,0,45.99,14.49,0.0
7465,20140602,1,4,15746,257881,1,49.99,19.49,0.0
7466,20140602,3,4,15746,257881,0,45.99,14.49,0.0
7467,20140602,3,1,15747,257956,1,45.99,14.49,0.0
7468,20140602,3,2,15748,257970,1,45.99,14.49,0.0
7469,20140602,3,3,15749,258006,1,45.99,14.49,0.0
7470,20140602,3,4,15750,258061,1,45.99,14.49,0.0
7471,20140602,2,4,15750,258061,0,59.99,22.49,0.0
7472,20140602,1,1,15751,258079,1,49.99,19.49,0.0
7473,20140602,2,1,15752,258090,1,59.99,22.49,59.99
7474,20140602,1,1,15753,258095,1,49.99,19.49,0.0
7475,20140602,1,1,15754,258096,1,49.99,19.49,0.0
7476,20140602,1,2,15755,258121,1,49.99,19.49,0.0
7477,20140602,1,2,15756,258123,1,49.99,19.49,0.0
7478,20140602,4,2,15756,258123,0,29.99,9.49,0.0
7479,20140602,1,3,15757,258132,1,49.99,19.49,0.0
7480,20140602,1,2,15758,258135,1,49.99,19.49,0.0
7481,20140602,3,1,15759,258145,1,45.99,14.49,0.0
7482,20140602,1,2,15760,258149,1,49.99,19.49,0.0
7483,20140602,1,1,15761,258190,1,49.99,19.49,0.0
7484,20140602,3,1,15761,258190,0,45.99,14.49,0.0
7485,20140602,3,7,15762,258192,1,45.99,14.49,0.0
7486,20140602,1,7,15762,258192,0,49.99,19.49,0.0
7487,20140602,1,1,15763,258232,1,49.99,19.49,0.0
7488,20140602,2,1,15763,258232,0,59.99,22.49,0.0
7489,20140602,1,1,15764,258233,1,49.99,19.49,0.0
7490,20140602,2,1,15764,258233,0,59.99,22.49,0.0
7491,20140602,1,1,15765,258258,1,49.99,19.49,0.0
7492,20140602,3,1,15765,258258,0,45.99,14.49,0.0
7493,20140602,1,1,15766,258269,1,49.99,19.49,0.0
7494,20140602,4,1,15766,258269,0,29.99,9.49,0.0
7495,20140602,1,1,15767,258282,1,49.99,19.49,0.0
7496,20140602,1,1,15768,258283,1,49.99,19.49,0.0
7497,20140602,1,4,15769,258298,1,49.99,19.49,0.0
7498,20140602,2,2,15770,258306,1,59.99,22.49,0.0
7499,20140602,3,7,15771,258308,1,45.99,14.49,0.0
7500,20140602,1,1,15772,258338,1,49.99,19.49,0.0
7501,20140602,3,1,15772,258338,0,45.99,14.49,0.0
7502,20140602,1,3,15773,258371,1,49.99,19.49,0.0
7503,20140602,3,1,15774,258377,1,45.99,14.49,0.0
7504,20140602,2,1,15775,258408,1,59.99,22.49,0.0
7505,20140602,3,7,15776,258409,1,45.99,14.49,0.0
7506,20140602,1,9,15777,258421,1,49.99,19.49,0.0
7507,20140602,1,1,15778,258429,1,49.99,19.49,0.0
7508,20140602,4,1,15778,258429,0,29.99,9.49,0.0
7509,20140603,1,4,15779,258460,1,49.99,19.49,0.0
7510,20140603,2,1,15780,258471,1,59.99,22.49,0.0
7511,20140603,2,2,15781,258492,1,59.99,22.49,0.0
7512,20140603,3,4,15782,258541,1,45.99,14.49,0.0
7513,20140603,4,4,15782,258541,0,29.99,9.49,0.0
7514,20140603,1,4,15783,258556,1,49.99,19.49,0.0
7515,20140603,4,4,15783,258556,0,29.99,9.49,0.0
7516,20140603,1,4,15784,258557,1,49.99,19.49,0.0
7517,20140603,1,2,15785,258566,1,49.99,19.49,0.0
7518,20140603,1,1,15786,258573,1,49.99,19.49,0.0
7519,20140603,1,2,15787,258590,1,49.99,19.49,0.0
7520,20140603,1,3,15788,258607,1,49.99,19.49,0.0
7521,20140603,1,1,15789,258609,1,49.99,19.49,0.0
7522,20140603,1,1,15790,258624,1,49.99,19.49,0.0
7523,20140603,1,2,15791,258631,1,49.99,19.49,0.0
7524,20140603,2,2,15792,258647,1,59.99,22.49,0.0
7525,20140603,1,5,15793,258659,1,49.99,19.49,0.0
7526,20140603,1,1,15794,258668,1,49.99,19.49,0.0
7527,20140603,4,1,15794,258668,0,29.99,9.49,0.0
7528,20140603,3,4,15795,258677,1,45.99,14.49,0.0
7529,20140603,1,2,15796,258684,1,49.99,19.49,0.0
7530,20140603,4,2,15796,258684,0,29.99,9.49,0.0
7531,20140603,1,7,15797,258708,1,49.99,19.49,0.0
7532,20140603,4,7,15797,258708,0,29.99,9.49,0.0
7533,20140603,1,7,15798,258723,1,49.99,19.49,0.0
7534,20140603,1,2,15799,258737,1,49.99,19.49,0.0
7535,20140603,4,2,15799,258737,0,29.99,9.49,0.0
7536,20140603,2,1,15800,258760,1,59.99,22.49,0.0
7537,20140603,1,9,15801,258761,1,49.99,19.49,0.0
7538,20140603,4,9,15801,258761,0,29.99,9.49,0.0
7539,20140603,1,1,15802,258762,1,49.99,19.49,0.0
7540,20140603,1,1,15803,258801,1,49.99,19.49,0.0
7541,20140603,1,1,15804,258816,1,49.99,19.49,0.0
7542,20140603,4,1,15804,258816,0,29.99,9.49,0.0
7543,20140603,1,4,15805,258823,1,49.99,19.49,0.0
7544,20140603,4,4,15805,258823,0,29.99,9.49,0.0
7545,20140603,1,2,15806,258837,1,49.99,19.49,0.0
7546,20140603,1,1,15807,258898,1,49.99,19.49,0.0
7547,20140603,1,2,15808,258913,1,49.99,19.49,0.0
7548,20140603,4,2,15808,258913,0,29.99,9.49,0.0
7549,20140603,1,4,15809,258914,1,49.99,19.49,0.0
7550,20140603,1,7,15810,258931,1,49.99,19.49,0.0
7551,20140603,2,7,15810,258931,0,59.99,22.49,59.99
7552,20140603,1,3,15811,258946,1,49.99,19.49,49.99
7553,20140603,1,2,15812,258951,1,49.99,19.49,0.0
7554,20140603,1,1,15813,258945,1,49.99,19.49,0.0
7555,20140603,3,1,15813,258945,0,45.99,14.49,0.0
7556,20140603,3,1,15814,258957,1,45.99,14.49,45.99
7557,20140603,2,1,15815,258959,1,59.99,22.49,0.0
7558,20140603,1,1,15816,258977,1,49.99,19.49,0.0
7559,20140603,3,1,15816,258977,0,45.99,14.49,0.0
7560,20140603,1,1,15817,258979,1,49.99,19.49,0.0
7561,20140603,1,9,15818,258978,1,49.99,19.49,0.0
7562,20140603,1,1,15819,258984,1,49.99,19.49,0.0
7563,20140603,4,1,15819,258984,0,29.99,9.49,0.0
7564,20140603,1,2,15820,258987,1,49.99,19.49,0.0
7565,20140603,2,1,15821,259001,1,59.99,22.49,0.0
7566,20140603,1,1,15822,259003,1,49.99,19.49,0.0
7567,20140603,1,4,15823,259005,1,49.99,19.49,0.0
7568,20140603,2,1,15824,259007,1,59.99,22.49,0.0
7569,20140603,4,1,15824,259007,0,29.99,9.49,0.0
7570,20140603,3,3,15825,259012,1,45.99,14.49,0.0
7571,20140603,1,7,15826,259074,1,49.99,19.49,0.0
7572,20140603,1,4,15827,259088,1,49.99,19.49,0.0
7573,20140603,3,4,15827,259088,0,45.99,14.49,0.0
7574,20140603,1,1,15828,259105,1,49.99,19.49,0.0
7575,20140604,3,3,15829,259110,1,45.99,14.49,0.0
7576,20140604,1,1,15830,259116,1,49.99,19.49,0.0
7577,20140604,1,10,15831,259127,1,49.99,19.49,0.0
7578,20140604,4,10,15831,259127,0,29.99,9.49,0.0
7579,20140604,1,2,15832,259132,1,49.99,19.49,0.0
7580,20140604,1,1,15833,259134,1,49.99,19.49,0.0
7581,20140604,4,1,15833,259134,0,29.99,9.49,0.0
7582,20140604,1,1,15834,259146,1,49.99,19.49,0.0
7583,20140604,4,1,15834,259146,0,29.99,9.49,0.0
7584,20140604,3,3,15835,259144,1,45.99,14.49,0.0
7585,20140604,1,4,15836,259170,1,49.99,19.49,0.0
7586,20140604,1,4,15837,259205,1,49.99,19.49,0.0
7587,20140604,3,3,15838,259216,1,45.99,14.49,0.0
7588,20140604,1,7,15839,259225,1,49.99,19.49,0.0
7589,20140604,2,3,15840,259233,1,59.99,22.49,0.0
7590,20140604,1,1,15841,259242,1,49.99,19.49,0.0
7591,20140604,2,3,15842,259266,1,59.99,22.49,0.0
7592,20140604,1,2,15843,259270,1,49.99,19.49,0.0
7593,20140604,1,1,15844,259278,1,49.99,19.49,0.0
7594,20140604,2,9,15845,259296,1,59.99,22.49,0.0
7595,20140604,1,9,15846,259310,1,49.99,19.49,0.0
7596,20140604,3,9,15846,259310,0,45.99,14.49,0.0
7597,20140604,1,2,15847,259339,1,49.99,19.49,0.0
7598,20140604,1,2,15848,259349,1,49.99,19.49,0.0
7599,20140604,1,1,15849,259362,1,49.99,19.49,0.0
7600,20140604,1,3,15850,259388,1,49.99,19.49,0.0
7601,20140604,1,4,15851,259394,1,49.99,19.49,0.0
7602,20140604,4,4,15851,259394,0,29.99,9.49,0.0
7603,20140604,1,2,15852,259408,1,49.99,19.49,0.0
7604,20140604,1,1,15853,259414,1,49.99,19.49,0.0
7605,20140604,4,1,15853,259414,0,29.99,9.49,0.0
7606,20140604,2,7,15854,259430,1,59.99,22.49,0.0
7607,20140604,1,1,15855,259433,1,49.99,19.49,0.0
7608,20140604,3,1,15855,259433,0,45.99,14.49,0.0
7609,20140604,3,9,15856,259440,1,45.99,14.49,0.0
7610,20140604,1,9,15856,259440,0,49.99,19.49,0.0
7611,20140604,1,2,15857,259449,1,49.99,19.49,0.0
7612,20140604,1,1,15858,259466,1,49.99,19.49,0.0
7613,20140604,2,6,15859,259490,1,59.99,22.49,0.0
7614,20140604,4,6,15859,259490,0,29.99,9.49,0.0
7615,20140604,1,9,15860,259495,1,49.99,19.49,0.0
7616,20140604,2,9,15860,259495,0,59.99,22.49,0.0
7617,20140604,1,1,15861,259512,1,49.99,19.49,0.0
7618,20140604,3,3,15862,259521,1,45.99,14.49,0.0
7619,20140604,1,3,15862,259521,0,49.99,19.49,0.0
7620,20140604,3,1,15863,259530,1,45.99,14.49,0.0
7621,20140604,1,4,15864,259536,1,49.99,19.49,0.0
7622,20140604,3,4,15864,259536,0,45.99,14.49,0.0
7623,20140604,1,2,15865,259610,1,49.99,19.49,0.0
7624,20140604,1,7,15866,259611,1,49.99,19.49,0.0
7625,20140604,3,7,15866,259611,0,45.99,14.49,0.0
7626,20140604,1,3,15867,259616,1,49.99,19.49,0.0
7627,20140604,1,1,15868,259617,1,49.99,19.49,0.0
7628,20140604,1,1,15869,259637,1,49.99,19.49,0.0
7629,20140604,3,1,15869,259637,0,45.99,14.49,45.99
7630,20140604,1,2,15870,259663,1,49.99,19.49,49.99
7631,20140604,3,2,15870,259663,0,45.99,14.49,0.0
7632,20140604,1,7,15871,259729,1,49.99,19.49,0.0
7633,20140604,3,7,15871,259729,0,45.99,14.49,0.0
7634,20140604,3,1,15872,259762,1,45.99,14.49,0.0
7635,20140604,4,1,15872,259762,0,29.99,9.49,0.0
7636,20140604,3,1,15873,259774,1,45.99,14.49,0.0
7637,20140604,1,1,15873,259774,0,49.99,19.49,0.0
7638,20140604,1,3,15874,259798,1,49.99,19.49,0.0
7639,20140605,1,1,15875,259829,1,49.99,19.49,0.0
7640,20140605,3,1,15875,259829,0,45.99,14.49,0.0
7641,20140605,1,2,15876,259844,1,49.99,19.49,0.0
7642,20140605,4,2,15876,259844,0,29.99,9.49,0.0
7643,20140605,1,7,15877,259863,1,49.99,19.49,0.0
7644,20140605,3,7,15877,259863,0,45.99,14.49,0.0
7645,20140605,2,2,15878,259865,1,59.99,22.49,0.0
7646,20140605,1,1,15879,259888,1,49.99,19.49,49.99
7647,20140605,2,2,15880,259927,1,59.99,22.49,0.0
7648,20140605,3,1,15881,259937,1,45.99,14.49,0.0
7649,20140605,1,1,15882,259939,1,49.99,19.49,49.99
7650,20140605,1,2,15883,259942,1,49.99,19.49,0.0
7651,20140605,4,2,15883,259942,0,29.99,9.49,0.0
7652,20140605,1,1,15884,259952,1,49.99,19.49,0.0
7653,20140605,1,4,15885,259979,1,49.99,19.49,0.0
7654,20140605,1,4,15886,259982,1,49.99,19.49,0.0
7655,20140605,1,1,15887,259998,1,49.99,19.49,0.0
7656,20140605,1,1,15888,260003,1,49.99,19.49,0.0
7657,20140605,1,1,15889,260016,1,49.99,19.49,49.99
7658,20140605,1,1,15890,260031,1,49.99,19.49,49.99
7659,20140605,4,1,15890,260031,0,29.99,9.49,0.0
7660,20140605,1,1,15891,260040,1,49.99,19.49,0.0
7661,20140605,1,9,15892,260043,1,49.99,19.49,0.0
7662,20140605,4,9,15892,260043,0,29.99,9.49,0.0
7663,20140605,1,2,15893,260050,1,49.99,19.49,0.0
7664,20140605,1,4,15894,260056,1,49.99,19.49,0.0
7665,20140605,1,1,15895,260058,1,49.99,19.49,0.0
7666,20140605,1,1,15896,260080,1,49.99,19.49,0.0
7667,20140605,1,2,15897,260094,1,49.99,19.49,0.0
7668,20140605,1,1,15898,260100,1,49.99,19.49,0.0
7669,20140605,2,7,15899,260107,1,59.99,22.49,0.0
7670,20140605,1,1,15900,260108,1,49.99,19.49,0.0
7671,20140605,1,1,15901,260109,1,49.99,19.49,0.0
7672,20140605,1,1,15902,260118,1,49.99,19.49,0.0
7673,20140605,4,1,15902,260118,0,29.99,9.49,0.0
7674,20140605,1,1,15903,260127,1,49.99,19.49,0.0
7675,20140605,3,1,15903,260127,0,45.99,14.49,0.0
7676,20140605,1,1,15904,260132,1,49.99,19.49,0.0
7677,20140605,1,1,15905,260141,1,49.99,19.49,0.0
7678,20140605,1,1,15906,260151,1,49.99,19.49,0.0
7679,20140605,4,1,15906,260151,0,29.99,9.49,0.0
7680,20140605,1,1,15907,260164,1,49.99,19.49,0.0
7681,20140605,2,1,15907,260164,0,59.99,22.49,0.0
7682,20140605,1,1,15908,260178,1,49.99,19.49,49.99
7683,20140605,4,1,15908,260178,0,29.99,9.49,0.0
7684,20140605,1,1,15909,260185,1,49.99,19.49,0.0
7685,20140605,1,1,15910,260186,1,49.99,19.49,0.0
7686,20140605,1,1,15911,260225,1,49.99,19.49,0.0
7687,20140605,1,2,15912,260246,1,49.99,19.49,0.0
7688,20140605,1,2,15913,260253,1,49.99,19.49,0.0
7689,20140605,4,2,15913,260253,0,29.99,9.49,0.0
7690,20140605,3,4,15914,260289,1,45.99,14.49,0.0
7691,20140605,1,4,15914,260289,0,49.99,19.49,0.0
7692,20140605,2,5,15915,260294,1,59.99,22.49,0.0
7693,20140605,3,2,15916,260307,1,45.99,14.49,0.0
7694,20140605,4,2,15916,260307,0,29.99,9.49,0.0
7695,20140605,1,1,15917,260335,1,49.99,19.49,0.0
7696,20140605,3,1,15917,260335,0,45.99,14.49,0.0
7697,20140605,2,1,15918,260344,1,59.99,22.49,0.0
7698,20140605,3,10,15919,260360,1,45.99,14.49,0.0
7699,20140605,4,10,15919,260360,0,29.99,9.49,0.0
7700,20140605,1,1,15920,260365,1,49.99,19.49,0.0
7701,20140605,2,1,15920,260365,0,59.99,22.49,0.0
7702,20140605,1,1,15921,260366,1,49.99,19.49,0.0
7703,20140605,4,1,15921,260366,0,29.99,9.49,0.0
7704,20140605,2,2,15922,260364,1,59.99,22.49,0.0
7705,20140605,1,1,15923,260399,1,49.99,19.49,0.0
7706,20140605,1,1,15924,260433,1,49.99,19.49,0.0
7707,20140605,1,7,15925,260432,1,49.99,19.49,0.0
7708,20140605,4,7,15925,260432,0,29.99,9.49,0.0
7709,20140605,1,1,15926,260471,1,49.99,19.49,0.0
7710,20140606,1,1,15927,260483,1,49.99,19.49,0.0
7711,20140606,3,1,15927,260483,0,45.99,14.49,0.0
7712,20140606,1,4,15928,260486,1,49.99,19.49,0.0
7713,20140606,3,4,15928,260486,0,45.99,14.49,0.0
7714,20140606,1,5,15929,260501,1,49.99,19.49,0.0
7715,20140606,4,5,15929,260501,0,29.99,9.49,0.0
7716,20140606,1,1,15930,260512,1,49.99,19.49,0.0
7717,20140606,4,1,15930,260512,0,29.99,9.49,0.0
7718,20140606,1,1,15931,260519,1,49.99,19.49,0.0
7719,20140606,1,1,15932,260523,1,49.99,19.49,0.0
7720,20140606,2,4,15933,260527,1,59.99,22.49,0.0
7721,20140606,2,1,15934,260525,1,59.99,22.49,0.0
7722,20140606,3,1,15934,260525,0,45.99,14.49,0.0
7723,20140606,1,2,15935,260551,1,49.99,19.49,0.0
7724,20140606,1,1,15936,260580,1,49.99,19.49,0.0
7725,20140606,1,1,15937,260588,1,49.99,19.49,0.0
7726,20140606,2,1,15937,260588,0,59.99,22.49,0.0
7727,20140606,3,2,15938,260606,1,45.99,14.49,0.0
7728,20140606,1,1,15939,260618,1,49.99,19.49,0.0
7729,20140606,4,1,15939,260618,0,29.99,9.49,0.0
7730,20140606,1,1,15940,260619,1,49.99,19.49,0.0
7731,20140606,2,1,15940,260619,0,59.99,22.49,0.0
7732,20140606,3,1,15941,260637,1,45.99,14.49,0.0
7733,20140606,3,7,15942,260643,1,45.99,14.49,0.0
7734,20140606,1,1,15943,260642,1,49.99,19.49,0.0
7735,20140606,2,1,15943,260642,0,59.99,22.49,0.0
7736,20140606,1,1,15944,260649,1,49.99,19.49,0.0
7737,20140606,1,1,15945,260655,1,49.99,19.49,0.0
7738,20140606,4,1,15945,260655,0,29.99,9.49,0.0
7739,20140606,1,4,15946,260664,1,49.99,19.49,49.99
7740,20140606,1,1,15947,260681,1,49.99,19.49,0.0
7741,20140606,3,1,15947,260681,0,45.99,14.49,0.0
7742,20140606,1,3,15948,260692,1,49.99,19.49,0.0
7743,20140606,4,3,15948,260692,0,29.99,9.49,0.0
7744,20140606,1,1,15949,260707,1,49.99,19.49,0.0
7745,20140606,1,3,15950,260736,1,49.99,19.49,0.0
7746,20140606,1,10,15951,260750,1,49.99,19.49,0.0
7747,20140606,1,1,15952,260801,1,49.99,19.49,0.0
7748,20140606,3,1,15953,260837,1,45.99,14.49,0.0
7749,20140606,1,3,15954,260846,1,49.99,19.49,0.0
7750,20140606,4,3,15954,260846,0,29.99,9.49,0.0
7751,20140606,1,7,15955,260868,1,49.99,19.49,0.0
7752,20140606,1,1,15956,260879,1,49.99,19.49,0.0
7753,20140606,1,4,15957,260896,1,49.99,19.49,0.0
7754,20140606,3,4,15957,260896,0,45.99,14.49,0.0
7755,20140606,1,3,15958,260933,1,49.99,19.49,0.0
7756,20140606,4,3,15958,260933,0,29.99,9.49,0.0
7757,20140606,1,1,15959,260984,1,49.99,19.49,0.0
7758,20140606,1,7,15960,260990,1,49.99,19.49,0.0
7759,20140606,3,7,15960,260990,0,45.99,14.49,0.0
7760,20140606,2,4,15961,260998,1,59.99,22.49,0.0
7761,20140606,1,5,15962,261026,1,49.99,19.49,0.0
7762,20140606,1,7,15963,261040,1,49.99,19.49,0.0
7763,20140606,1,2,15964,261041,1,49.99,19.49,0.0
7764,20140606,3,2,15964,261041,0,45.99,14.49,0.0
7765,20140606,3,1,15965,261060,1,45.99,14.49,0.0
7766,20140606,1,1,15966,261067,1,49.99,19.49,0.0
7767,20140606,1,4,15967,261070,1,49.99,19.49,0.0
7768,20140606,1,3,15968,261085,1,49.99,19.49,0.0
7769,20140607,1,2,15969,261115,1,49.99,19.49,0.0
7770,20140607,3,1,15970,261131,1,45.99,14.49,0.0
7771,20140607,1,1,15970,261131,0,49.99,19.49,0.0
7772,20140607,3,7,15971,261133,1,45.99,14.49,0.0
7773,20140607,4,7,15971,261133,0,29.99,9.49,0.0
7774,20140607,3,1,15972,261148,1,45.99,14.49,0.0
7775,20140607,1,1,15972,261148,0,49.99,19.49,0.0
7776,20140607,2,2,15973,261165,1,59.99,22.49,0.0
7777,20140607,1,1,15974,261172,1,49.99,19.49,0.0
7778,20140607,1,1,15975,261207,1,49.99,19.49,0.0
7779,20140607,1,1,15976,261232,1,49.99,19.49,0.0
7780,20140607,3,1,15976,261232,0,45.99,14.49,0.0
7781,20140607,1,1,15977,261238,1,49.99,19.49,0.0
7782,20140607,1,3,15978,261257,1,49.99,19.49,0.0
7783,20140607,3,1,15979,261254,1,45.99,14.49,0.0
7784,20140607,1,3,15980,261279,1,49.99,19.49,0.0
7785,20140607,1,2,15981,261282,1,49.99,19.49,0.0
7786,20140607,4,2,15981,261282,0,29.99,9.49,0.0
7787,20140607,3,3,15982,261323,1,45.99,14.49,0.0
7788,20140607,1,4,15983,261376,1,49.99,19.49,0.0
7789,20140607,4,4,15983,261376,0,29.99,9.49,0.0
7790,20140607,1,7,15984,261391,1,49.99,19.49,0.0
7791,20140607,3,3,15985,261413,1,45.99,14.49,0.0
7792,20140608,1,1,15986,261426,1,49.99,19.49,0.0
7793,20140608,4,1,15986,261426,0,29.99,9.49,0.0
7794,20140608,1,1,15987,261444,1,49.99,19.49,0.0
7795,20140608,4,1,15987,261444,0,29.99,9.49,0.0
7796,20140608,2,6,15988,261445,1,59.99,22.49,0.0
7797,20140608,3,1,15989,261451,1,45.99,14.49,0.0
7798,20140608,1,1,15990,261478,1,49.99,19.49,0.0
7799,20140608,4,1,15990,261478,0,29.99,9.49,0.0
7800,20140608,2,1,15991,261481,1,59.99,22.49,0.0
7801,20140608,1,1,15992,261489,1,49.99,19.49,0.0
7802,20140608,3,1,15992,261489,0,45.99,14.49,0.0
7803,20140608,1,9,15993,261490,1,49.99,19.49,0.0
7804,20140608,2,1,15994,261502,1,59.99,22.49,0.0
7805,20140608,1,1,15995,261504,1,49.99,19.49,0.0
7806,20140608,1,4,15996,261532,1,49.99,19.49,0.0
7807,20140608,4,4,15996,261532,0,29.99,9.49,0.0
7808,20140608,1,1,15997,261536,1,49.99,19.49,0.0
7809,20140608,4,1,15997,261536,0,29.99,9.49,0.0
7810,20140608,1,9,15998,261545,1,49.99,19.49,0.0
7811,20140608,4,9,15998,261545,0,29.99,9.49,0.0
7812,20140608,1,4,15999,261554,1,49.99,19.49,0.0
7813,20140608,3,4,15999,261554,0,45.99,14.49,0.0
7814,20140608,3,1,16000,261555,1,45.99,14.49,0.0
7815,20140608,2,1,16001,261562,1,59.99,22.49,0.0
7816,20140608,4,1,16001,261562,0,29.99,9.49,0.0
7817,20140608,1,1,16002,261565,1,49.99,19.49,0.0
7818,20140608,2,7,16003,261588,1,59.99,22.49,0.0
7819,20140608,2,1,16004,261598,1,59.99,22.49,0.0
7820,20140608,1,1,16005,261605,1,49.99,19.49,49.99
7821,20140608,1,4,16006,261608,1,49.99,19.49,0.0
7822,20140608,1,9,16007,261607,1,49.99,19.49,0.0
7823,20140608,1,1,16008,261614,1,49.99,19.49,0.0
7824,20140608,3,1,16008,261614,0,45.99,14.49,0.0
7825,20140608,1,3,16009,261646,1,49.99,19.49,0.0
7826,20140608,3,3,16010,261645,1,45.99,14.49,0.0
7827,20140608,1,1,16011,261649,1,49.99,19.49,0.0
7828,20140608,4,1,16011,261649,0,29.99,9.49,0.0
7829,20140608,2,1,16012,261652,1,59.99,22.49,0.0
7830,20140608,1,1,16013,261667,1,49.99,19.49,0.0
7831,20140608,3,1,16014,261677,1,45.99,14.49,0.0
7832,20140608,4,1,16014,261677,0,29.99,9.49,0.0
7833,20140608,3,1,16015,261678,1,45.99,14.49,45.99
7834,20140608,1,2,16016,261733,1,49.99,19.49,0.0
7835,20140608,1,1,16017,261755,1,49.99,19.49,0.0
7836,20140608,1,1,16018,261759,1,49.99,19.49,0.0
7837,20140608,4,1,16018,261759,0,29.99,9.49,0.0
7838,20140609,1,6,16019,261772,1,49.99,19.49,0.0
7839,20140609,2,1,16020,261791,1,59.99,22.49,0.0
7840,20140609,2,1,16021,261793,1,59.99,22.49,0.0
7841,20140609,3,4,16022,261805,1,45.99,14.49,0.0
7842,20140609,1,4,16022,261805,0,49.99,19.49,0.0
7843,20140609,1,1,16023,261813,1,49.99,19.49,0.0
7844,20140609,1,4,16024,261817,1,49.99,19.49,0.0
7845,20140609,1,1,16025,261819,1,49.99,19.49,0.0
7846,20140609,1,10,16026,261851,1,49.99,19.49,0.0
7847,20140609,3,4,16027,261850,1,45.99,14.49,0.0
7848,20140609,1,4,16027,261850,0,49.99,19.49,0.0
7849,20140609,2,2,16028,261863,1,59.99,22.49,0.0
7850,20140609,3,1,16029,261865,1,45.99,14.49,45.99
7851,20140609,1,1,16030,261873,1,49.99,19.49,0.0
7852,20140609,1,4,16031,261874,1,49.99,19.49,0.0
7853,20140609,2,3,16032,261886,1,59.99,22.49,0.0
7854,20140609,1,1,16033,261907,1,49.99,19.49,49.99
7855,20140609,4,1,16033,261907,0,29.99,9.49,0.0
7856,20140609,3,1,16034,261935,1,45.99,14.49,0.0
7857,20140609,1,1,16035,261933,1,49.99,19.49,0.0
7858,20140609,3,2,16036,261951,1,45.99,14.49,0.0
7859,20140609,3,1,16037,261957,1,45.99,14.49,0.0
7860,20140609,1,4,16038,261981,1,49.99,19.49,0.0
7861,20140609,2,4,16038,261981,0,59.99,22.49,0.0
7862,20140609,2,1,16039,261976,1,59.99,22.49,0.0
7863,20140609,1,1,16040,262006,1,49.99,19.49,0.0
7864,20140609,4,1,16040,262006,0,29.99,9.49,0.0
7865,20140609,1,2,16041,262002,1,49.99,19.49,0.0
7866,20140609,3,2,16041,262002,0,45.99,14.49,0.0
7867,20140609,1,2,16042,262040,1,49.99,19.49,0.0
7868,20140609,1,1,16043,262045,1,49.99,19.49,0.0
7869,20140609,1,2,16044,262058,1,49.99,19.49,0.0
7870,20140609,1,2,16045,262059,1,49.99,19.49,0.0
7871,20140609,4,2,16045,262059,0,29.99,9.49,29.99
7872,20140609,1,3,16046,262094,1,49.99,19.49,0.0
7873,20140609,1,1,16047,262142,1,49.99,19.49,49.99
7874,20140609,1,1,16048,262146,1,49.99,19.49,0.0
7875,20140609,1,4,16049,262150,1,49.99,19.49,0.0
7876,20140609,3,3,16050,262163,1,45.99,14.49,0.0
7877,20140609,2,1,16051,262175,1,59.99,22.49,0.0
7878,20140609,4,1,16051,262175,0,29.99,9.49,0.0
7879,20140609,1,1,16052,262181,1,49.99,19.49,0.0
7880,20140609,4,1,16052,262181,0,29.99,9.49,0.0
7881,20140609,1,10,16053,262185,1,49.99,19.49,49.99
7882,20140609,4,10,16053,262185,0,29.99,9.49,0.0
7883,20140609,1,1,16054,262196,1,49.99,19.49,0.0
7884,20140609,2,4,16055,262216,1,59.99,22.49,0.0
7885,20140609,3,2,16056,262214,1,45.99,14.49,0.0
7886,20140609,4,2,16056,262214,0,29.99,9.49,0.0
7887,20140609,1,4,16057,262220,1,49.99,19.49,0.0
7888,20140609,1,1,16058,262227,1,49.99,19.49,0.0
7889,20140609,1,1,16059,262241,1,49.99,19.49,0.0
7890,20140609,4,1,16059,262241,0,29.99,9.49,0.0
7891,20140609,2,4,16060,262250,1,59.99,22.49,59.99
7892,20140609,4,4,16060,262250,0,29.99,9.49,0.0
7893,20140609,1,1,16061,262268,1,49.99,19.49,0.0
7894,20140609,1,2,16062,262277,1,49.99,19.49,0.0
7895,20140609,1,1,16063,262280,1,49.99,19.49,0.0
7896,20140609,3,1,16063,262280,0,45.99,14.49,0.0
7897,20140609,1,5,16064,262278,1,49.99,19.49,0.0
7898,20140609,1,2,16065,262281,1,49.99,19.49,0.0
7899,20140609,3,1,16066,262283,1,45.99,14.49,0.0
7900,20140609,4,1,16066,262283,0,29.99,9.49,0.0
7901,20140609,1,1,16067,262295,1,49.99,19.49,49.99
7902,20140609,3,1,16067,262295,0,45.99,14.49,0.0
7903,20140609,1,1,16068,262303,1,49.99,19.49,0.0
7904,20140609,1,5,16069,262321,1,49.99,19.49,0.0
7905,20140609,2,5,16069,262321,0,59.99,22.49,0.0
7906,20140609,1,1,16070,262336,1,49.99,19.49,0.0
7907,20140609,1,3,16071,262338,1,49.99,19.49,0.0
7908,20140609,1,2,16072,262350,1,49.99,19.49,0.0
7909,20140609,4,2,16072,262350,0,29.99,9.49,0.0
7910,20140609,1,1,16073,262367,1,49.99,19.49,0.0
7911,20140609,4,1,16073,262367,0,29.99,9.49,29.99
7912,20140609,1,4,16074,262373,1,49.99,19.49,0.0
7913,20140609,1,3,16075,262392,1,49.99,19.49,0.0
7914,20140609,1,10,16076,262398,1,49.99,19.49,0.0
7915,20140609,3,10,16076,262398,0,45.99,14.49,0.0
7916,20140609,3,1,16077,262399,1,45.99,14.49,0.0
7917,20140609,3,4,16078,262451,1,45.99,14.49,0.0
7918,20140609,3,1,16079,262455,1,45.99,14.49,0.0
7919,20140610,1,2,16080,262479,1,49.99,19.49,0.0
7920,20140610,1,1,16081,262482,1,49.99,19.49,0.0
7921,20140610,3,1,16081,262482,0,45.99,14.49,0.0
7922,20140610,3,1,16082,262499,1,45.99,14.49,0.0
7923,20140610,4,1,16082,262499,0,29.99,9.49,0.0
7924,20140610,2,5,16083,262544,1,59.99,22.49,0.0
7925,20140610,1,2,16084,262545,1,49.99,19.49,0.0
7926,20140610,1,6,16085,262547,1,49.99,19.49,0.0
7927,20140610,2,6,16085,262547,0,59.99,22.49,0.0
7928,20140610,1,1,16086,262566,1,49.99,19.49,0.0
7929,20140610,3,1,16086,262566,0,45.99,14.49,0.0
7930,20140610,3,1,16087,262573,1,45.99,14.49,0.0
7931,20140610,1,4,16088,262583,1,49.99,19.49,0.0
7932,20140610,2,4,16088,262583,0,59.99,22.49,0.0
7933,20140610,1,2,16089,262598,1,49.99,19.49,0.0
7934,20140610,1,2,16090,262601,1,49.99,19.49,0.0
7935,20140610,1,1,16091,262607,1,49.99,19.49,0.0
7936,20140610,2,4,16092,262609,1,59.99,22.49,0.0
7937,20140610,1,1,16093,262628,1,49.99,19.49,0.0
7938,20140610,1,7,16094,262637,1,49.99,19.49,0.0
7939,20140610,1,3,16095,262670,1,49.99,19.49,0.0
7940,20140610,1,1,16096,262680,1,49.99,19.49,0.0
7941,20140610,1,2,16097,262679,1,49.99,19.49,0.0
7942,20140610,4,2,16097,262679,0,29.99,9.49,0.0
7943,20140610,1,2,16098,262693,1,49.99,19.49,0.0
7944,20140610,1,5,16099,262697,1,49.99,19.49,0.0
7945,20140610,2,5,16099,262697,0,59.99,22.49,0.0
7946,20140610,1,3,16100,262696,1,49.99,19.49,0.0
7947,20140610,1,3,16101,262714,1,49.99,19.49,49.99
7948,20140610,3,1,16102,262726,1,45.99,14.49,0.0
7949,20140610,1,3,16103,262728,1,49.99,19.49,0.0
7950,20140610,2,3,16103,262728,0,59.99,22.49,0.0
7951,20140610,1,1,16104,262732,1,49.99,19.49,0.0
7952,20140610,4,1,16104,262732,0,29.99,9.49,0.0
7953,20140610,1,7,16105,262747,1,49.99,19.49,0.0
7954,20140610,2,7,16106,262781,1,59.99,22.49,0.0
7955,20140610,1,2,16107,262788,1,49.99,19.49,0.0
7956,20140610,4,2,16107,262788,0,29.99,9.49,0.0
7957,20140610,1,1,16108,262790,1,49.99,19.49,0.0
7958,20140610,1,2,16109,262800,1,49.99,19.49,0.0
7959,20140610,1,1,16110,262808,1,49.99,19.49,0.0
7960,20140610,1,2,16111,262821,1,49.99,19.49,0.0
7961,20140610,1,7,16112,262838,1,49.99,19.49,0.0
7962,20140610,4,7,16112,262838,0,29.99,9.49,0.0
7963,20140610,1,3,16113,262829,1,49.99,19.49,0.0
7964,20140610,1,3,16114,262902,1,49.99,19.49,0.0
7965,20140610,2,2,16115,262934,1,59.99,22.49,0.0
7966,20140610,3,1,16116,262933,1,45.99,14.49,0.0
7967,20140610,3,1,16117,262955,1,45.99,14.49,0.0
7968,20140610,4,1,16117,262955,0,29.99,9.49,0.0
7969,20140610,1,2,16118,262959,1,49.99,19.49,0.0
7970,20140610,3,2,16118,262959,0,45.99,14.49,0.0
7971,20140610,1,2,16119,262969,1,49.99,19.49,0.0
7972,20140610,4,2,16119,262969,0,29.99,9.49,0.0
7973,20140610,1,4,16120,262984,1,49.99,19.49,0.0
7974,20140610,2,4,16120,262984,0,59.99,22.49,0.0
7975,20140610,3,1,16121,262993,1,45.99,14.49,0.0
7976,20140610,2,1,16122,263038,1,59.99,22.49,0.0
7977,20140610,4,1,16122,263038,0,29.99,9.49,0.0
7978,20140610,2,3,16123,263047,1,59.99,22.49,0.0
7979,20140610,2,3,16124,263051,1,59.99,22.49,0.0
7980,20140610,4,3,16124,263051,0,29.99,9.49,0.0
7981,20140610,1,2,16125,263070,1,49.99,19.49,0.0
7982,20140610,4,2,16125,263070,0,29.99,9.49,0.0
7983,20140610,1,5,16126,263084,1,49.99,19.49,0.0
7984,20140610,3,5,16126,263084,0,45.99,14.49,0.0
7985,20140610,1,9,16127,263092,1,49.99,19.49,0.0
7986,20140610,1,1,16128,263101,1,49.99,19.49,0.0
7987,20140610,3,2,16129,263104,1,45.99,14.49,0.0
7988,20140610,3,1,16130,263130,1,45.99,14.49,0.0
7989,20140610,3,4,16131,263142,1,45.99,14.49,0.0
7990,20140610,4,4,16131,263142,0,29.99,9.49,0.0
7991,20140611,1,1,16132,263173,1,49.99,19.49,0.0
7992,20140611,4,1,16132,263173,0,29.99,9.49,0.0
7993,20140611,3,1,16133,263195,1,45.99,14.49,0.0
7994,20140611,1,1,16133,263195,0,49.99,19.49,0.0
7995,20140611,1,1,16134,263200,1,49.99,19.49,0.0
7996,20140611,1,3,16135,263207,1,49.99,19.49,0.0
7997,20140611,1,5,16136,263206,1,49.99,19.49,0.0
7998,20140611,1,1,16137,263233,1,49.99,19.49,0.0
7999,20140611,1,7,16138,263239,1,49.99,19.49,0.0
8000,20140611,1,1,16139,263287,1,49.99,19.49,0.0
8001,20140611,4,1,16139,263287,0,29.99,9.49,0.0
8002,20140611,1,3,16140,263296,1,49.99,19.49,0.0
8003,20140611,1,1,16141,263302,1,49.99,19.49,0.0
8004,20140611,1,2,16142,263305,1,49.99,19.49,0.0
8005,20140611,1,3,16143,263341,1,49.99,19.49,0.0
8006,20140611,3,3,16143,263341,0,45.99,14.49,0.0
8007,20140611,2,1,16144,263364,1,59.99,22.49,0.0
8008,20140611,4,1,16144,263364,0,29.99,9.49,0.0
8009,20140611,2,4,16145,263373,1,59.99,22.49,0.0
8010,20140611,1,2,16146,263374,1,49.99,19.49,0.0
8011,20140611,2,2,16146,263374,0,59.99,22.49,0.0
8012,20140611,1,1,16147,263416,1,49.99,19.49,0.0
8013,20140611,1,5,16148,263419,1,49.99,19.49,0.0
8014,20140611,1,1,16149,263425,1,49.99,19.49,0.0
8015,20140611,1,1,16150,263435,1,49.99,19.49,0.0
8016,20140611,1,2,16151,263463,1,49.99,19.49,0.0
8017,20140611,1,2,16152,263506,1,49.99,19.49,0.0
8018,20140611,1,1,16153,263505,1,49.99,19.49,0.0
8019,20140611,3,1,16153,263505,0,45.99,14.49,0.0
8020,20140611,1,7,16154,263519,1,49.99,19.49,0.0
8021,20140611,2,3,16155,263529,1,59.99,22.49,0.0
8022,20140611,1,1,16156,263538,1,49.99,19.49,0.0
8023,20140611,4,1,16156,263538,0,29.99,9.49,0.0
8024,20140611,3,1,16157,263554,1,45.99,14.49,0.0
8025,20140611,1,1,16158,263566,1,49.99,19.49,0.0
8026,20140611,3,2,16159,263622,1,45.99,14.49,0.0
8027,20140611,3,2,16160,263647,1,45.99,14.49,45.99
8028,20140611,1,4,16161,263656,1,49.99,19.49,0.0
8029,20140611,1,1,16162,263669,1,49.99,19.49,0.0
8030,20140611,3,1,16162,263669,0,45.99,14.49,0.0
8031,20140611,1,7,16163,263691,1,49.99,19.49,0.0
8032,20140611,4,7,16163,263691,0,29.99,9.49,0.0
8033,20140611,1,3,16164,263709,1,49.99,19.49,0.0
8034,20140611,1,1,16165,263758,1,49.99,19.49,0.0
8035,20140611,3,1,16165,263758,0,45.99,14.49,0.0
8036,20140611,3,1,16166,263765,1,45.99,14.49,0.0
8037,20140611,1,1,16167,263786,1,49.99,19.49,0.0
8038,20140611,1,1,16168,263787,1,49.99,19.49,0.0
8039,20140611,1,4,16169,263808,1,49.99,19.49,0.0
8040,20140611,3,4,16169,263808,0,45.99,14.49,0.0
8041,20140611,1,1,16170,263807,1,49.99,19.49,0.0
8042,20140611,1,4,16171,263811,1,49.99,19.49,0.0
8043,20140611,1,1,16172,263813,1,49.99,19.49,0.0
8044,20140611,4,1,16172,263813,0,29.99,9.49,0.0
8045,20140611,2,2,16173,263828,1,59.99,22.49,0.0
8046,20140611,4,2,16173,263828,0,29.99,9.49,0.0
8047,20140611,3,1,16174,263849,1,45.99,14.49,0.0
8048,20140611,4,1,16174,263849,0,29.99,9.49,0.0
8049,20140611,2,4,16175,263861,1,59.99,22.49,0.0
8050,20140611,1,1,16176,263870,1,49.99,19.49,0.0
8051,20140611,1,1,16177,263885,1,49.99,19.49,0.0
8052,20140611,4,1,16177,263885,0,29.99,9.49,0.0
8053,20140612,1,1,16178,263924,1,49.99,19.49,0.0
8054,20140612,3,1,16178,263924,0,45.99,14.49,0.0
8055,20140612,1,4,16179,263930,1,49.99,19.49,0.0
8056,20140612,4,4,16179,263930,0,29.99,9.49,0.0
8057,20140612,3,5,16180,263932,1,45.99,14.49,0.0
8058,20140612,2,1,16181,263937,1,59.99,22.49,0.0
8059,20140612,2,7,16182,263941,1,59.99,22.49,0.0
8060,20140612,1,1,16183,263943,1,49.99,19.49,0.0
8061,20140612,4,1,16183,263943,0,29.99,9.49,0.0
8062,20140612,1,1,16184,263959,1,49.99,19.49,0.0
8063,20140612,1,4,16185,263981,1,49.99,19.49,0.0
8064,20140612,2,1,16186,263986,1,59.99,22.49,0.0
8065,20140612,1,1,16187,264002,1,49.99,19.49,0.0
8066,20140612,4,1,16187,264002,0,29.99,9.49,0.0
8067,20140612,2,5,16188,264014,1,59.99,22.49,0.0
8068,20140612,1,6,16189,264031,1,49.99,19.49,49.99
8069,20140612,1,4,16190,264039,1,49.99,19.49,0.0
8070,20140612,1,1,16191,264099,1,49.99,19.49,0.0
8071,20140612,3,1,16191,264099,0,45.99,14.49,0.0
8072,20140612,1,2,16192,264102,1,49.99,19.49,49.99
8073,20140612,3,2,16192,264102,0,45.99,14.49,0.0
8074,20140612,1,1,16193,264122,1,49.99,19.49,0.0
8075,20140612,4,1,16193,264122,0,29.99,9.49,0.0
8076,20140612,1,7,16194,264124,1,49.99,19.49,0.0
8077,20140612,3,7,16194,264124,0,45.99,14.49,0.0
8078,20140612,1,4,16195,264146,1,49.99,19.49,0.0
8079,20140612,1,1,16196,264154,1,49.99,19.49,0.0
8080,20140612,4,1,16196,264154,0,29.99,9.49,0.0
8081,20140612,1,1,16197,264160,1,49.99,19.49,0.0
8082,20140612,4,1,16197,264160,0,29.99,9.49,0.0
8083,20140612,2,10,16198,264211,1,59.99,22.49,0.0
8084,20140612,2,4,16199,264217,1,59.99,22.49,0.0
8085,20140612,1,3,16200,264247,1,49.99,19.49,0.0
8086,20140612,1,5,16201,264281,1,49.99,19.49,0.0
8087,20140612,3,3,16202,264310,1,45.99,14.49,0.0
8088,20140612,1,1,16203,264314,1,49.99,19.49,0.0
8089,20140612,1,1,16204,264311,1,49.99,19.49,49.99
8090,20140612,1,3,16205,264319,1,49.99,19.49,0.0
8091,20140612,2,1,16206,264338,1,59.99,22.49,0.0
8092,20140612,1,1,16207,264345,1,49.99,19.49,0.0
8093,20140612,1,2,16208,264350,1,49.99,19.49,0.0
8094,20140612,1,1,16209,264361,1,49.99,19.49,0.0
8095,20140612,4,1,16209,264361,0,29.99,9.49,0.0
8096,20140612,1,2,16210,264369,1,49.99,19.49,0.0
8097,20140612,1,1,16211,264388,1,49.99,19.49,0.0
8098,20140612,4,1,16211,264388,0,29.99,9.49,0.0
8099,20140612,1,1,16212,264414,1,49.99,19.49,0.0
8100,20140612,3,1,16213,264441,1,45.99,14.49,0.0
8101,20140612,2,2,16214,264450,1,59.99,22.49,0.0
8102,20140612,1,2,16215,264449,1,49.99,19.49,49.99
8103,20140612,1,3,16216,264464,1,49.99,19.49,0.0
8104,20140612,1,1,16217,264473,1,49.99,19.49,0.0
8105,20140612,4,1,16217,264473,0,29.99,9.49,0.0
8106,20140612,1,1,16218,264477,1,49.99,19.49,0.0
8107,20140612,1,1,16219,264482,1,49.99,19.49,0.0
8108,20140612,3,1,16219,264482,0,45.99,14.49,0.0
8109,20140612,1,3,16220,264483,1,49.99,19.49,0.0
8110,20140612,1,1,16221,264506,1,49.99,19.49,0.0
8111,20140612,2,1,16221,264506,0,59.99,22.49,0.0
8112,20140612,1,1,16222,264507,1,49.99,19.49,0.0
8113,20140612,1,1,16223,264519,1,49.99,19.49,49.99
8114,20140612,4,1,16223,264519,0,29.99,9.49,0.0
8115,20140612,1,2,16224,264524,1,49.99,19.49,0.0
8116,20140612,1,1,16225,264544,1,49.99,19.49,0.0
8117,20140612,2,1,16225,264544,0,59.99,22.49,0.0
8118,20140612,3,3,16226,264565,1,45.99,14.49,0.0
8119,20140612,4,3,16226,264565,0,29.99,9.49,0.0
8120,20140612,3,1,16227,264579,1,45.99,14.49,0.0
8121,20140612,4,1,16227,264579,0,29.99,9.49,29.99
8122,20140613,1,1,16228,264621,1,49.99,19.49,0.0
8123,20140613,2,4,16229,264632,1,59.99,22.49,0.0
8124,20140613,2,1,16230,264658,1,59.99,22.49,0.0
8125,20140613,1,5,16231,264693,1,49.99,19.49,0.0
8126,20140613,3,5,16231,264693,0,45.99,14.49,0.0
8127,20140613,1,2,16232,264697,1,49.99,19.49,0.0
8128,20140613,1,4,16233,264722,1,49.99,19.49,49.99
8129,20140613,2,1,16234,264731,1,59.99,22.49,0.0
8130,20140613,2,2,16235,264735,1,59.99,22.49,0.0
8131,20140613,1,4,16236,264758,1,49.99,19.49,0.0
8132,20140613,4,4,16236,264758,0,29.99,9.49,0.0
8133,20140613,1,3,16237,264776,1,49.99,19.49,0.0
8134,20140613,2,2,16238,264782,1,59.99,22.49,0.0
8135,20140613,1,7,16239,264798,1,49.99,19.49,0.0
8136,20140613,1,4,16240,264796,1,49.99,19.49,0.0
8137,20140613,1,2,16241,264797,1,49.99,19.49,0.0
8138,20140613,1,2,16242,264810,1,49.99,19.49,0.0
8139,20140613,3,1,16243,264823,1,45.99,14.49,0.0
8140,20140613,1,1,16243,264823,0,49.99,19.49,0.0
8141,20140613,2,1,16244,264814,1,59.99,22.49,0.0
8142,20140613,2,1,16245,264846,1,59.99,22.49,0.0
8143,20140613,2,1,16246,264847,1,59.99,22.49,0.0
8144,20140613,1,5,16247,264850,1,49.99,19.49,0.0
8145,20140613,1,7,16248,264860,1,49.99,19.49,0.0
8146,20140613,4,7,16248,264860,0,29.99,9.49,0.0
8147,20140613,1,1,16249,264859,1,49.99,19.49,0.0
8148,20140613,1,2,16250,264874,1,49.99,19.49,0.0
8149,20140613,3,3,16251,264884,1,45.99,14.49,0.0
8150,20140613,4,3,16251,264884,0,29.99,9.49,0.0
8151,20140613,1,1,16252,264903,1,49.99,19.49,0.0
8152,20140613,1,7,16253,264955,1,49.99,19.49,0.0
8153,20140613,1,1,16254,264957,1,49.99,19.49,0.0
8154,20140613,1,2,16255,264962,1,49.99,19.49,0.0
8155,20140613,1,2,16256,264966,1,49.99,19.49,0.0
8156,20140613,3,1,16257,264979,1,45.99,14.49,0.0
8157,20140613,3,1,16258,265012,1,45.99,14.49,0.0
8158,20140613,3,5,16259,265013,1,45.99,14.49,0.0
8159,20140613,4,5,16259,265013,0,29.99,9.49,0.0
8160,20140613,3,1,16260,265016,1,45.99,14.49,0.0
8161,20140613,4,1,16260,265016,0,29.99,9.49,0.0
8162,20140613,1,4,16261,265022,1,49.99,19.49,0.0
8163,20140613,1,3,16262,265033,1,49.99,19.49,0.0
8164,20140613,1,9,16263,265046,1,49.99,19.49,0.0
8165,20140613,1,1,16264,265081,1,49.99,19.49,0.0
8166,20140613,4,1,16264,265081,0,29.99,9.49,0.0
8167,20140613,2,1,16265,265085,1,59.99,22.49,0.0
8168,20140613,1,3,16266,265084,1,49.99,19.49,0.0
8169,20140613,1,1,16267,265087,1,49.99,19.49,0.0
8170,20140613,3,4,16268,265093,1,45.99,14.49,0.0
8171,20140613,1,3,16269,265095,1,49.99,19.49,0.0
8172,20140613,2,3,16270,265106,1,59.99,22.49,0.0
8173,20140613,1,1,16271,265110,1,49.99,19.49,0.0
8174,20140613,1,1,16272,265123,1,49.99,19.49,0.0
8175,20140613,1,5,16273,265185,1,49.99,19.49,0.0
8176,20140613,1,1,16274,265205,1,49.99,19.49,49.99
8177,20140613,3,1,16274,265205,0,45.99,14.49,0.0
8178,20140613,1,1,16275,265223,1,49.99,19.49,0.0
8179,20140614,1,2,16276,265308,1,49.99,19.49,0.0
8180,20140614,1,1,16277,265317,1,49.99,19.49,0.0
8181,20140614,1,6,16278,265332,1,49.99,19.49,0.0
8182,20140614,1,1,16279,265343,1,49.99,19.49,0.0
8183,20140614,1,1,16280,265370,1,49.99,19.49,0.0
8184,20140614,1,3,16281,265411,1,49.99,19.49,0.0
8185,20140614,1,2,16282,265426,1,49.99,19.49,0.0
8186,20140614,4,2,16282,265426,0,29.99,9.49,0.0
8187,20140614,1,1,16283,265431,1,49.99,19.49,0.0
8188,20140614,4,1,16283,265431,0,29.99,9.49,0.0
8189,20140614,1,1,16284,265444,1,49.99,19.49,0.0
8190,20140614,4,1,16284,265444,0,29.99,9.49,29.99
8191,20140614,1,2,16285,265453,1,49.99,19.49,0.0
8192,20140614,1,1,16286,265455,1,49.99,19.49,0.0
8193,20140614,4,1,16286,265455,0,29.99,9.49,0.0
8194,20140614,1,4,16287,265474,1,49.99,19.49,0.0
8195,20140614,1,1,16288,265485,1,49.99,19.49,0.0
8196,20140614,2,1,16289,265525,1,59.99,22.49,0.0
8197,20140614,4,1,16289,265525,0,29.99,9.49,0.0
8198,20140615,1,1,16290,265574,1,49.99,19.49,0.0
8199,20140615,4,1,16290,265574,0,29.99,9.49,0.0
8200,20140615,1,1,16291,265593,1,49.99,19.49,0.0
8201,20140615,3,1,16291,265593,0,45.99,14.49,0.0
8202,20140615,1,1,16292,265595,1,49.99,19.49,0.0
8203,20140615,1,2,16293,265607,1,49.99,19.49,0.0
8204,20140615,4,2,16293,265607,0,29.99,9.49,0.0
8205,20140615,2,1,16294,265610,1,59.99,22.49,0.0
8206,20140615,1,2,16295,265666,1,49.99,19.49,0.0
8207,20140615,1,1,16296,265665,1,49.99,19.49,0.0
8208,20140615,4,1,16296,265665,0,29.99,9.49,0.0
8209,20140615,3,1,16297,265673,1,45.99,14.49,0.0
8210,20140615,1,2,16298,265681,1,49.99,19.49,0.0
8211,20140615,4,2,16298,265681,0,29.99,9.49,0.0
8212,20140615,1,4,16299,265682,1,49.99,19.49,0.0
8213,20140615,3,4,16300,265690,1,45.99,14.49,0.0
8214,20140615,1,7,16301,265703,1,49.99,19.49,0.0
8215,20140615,3,7,16301,265703,0,45.99,14.49,0.0
8216,20140615,1,2,16302,265706,1,49.99,19.49,49.99
8217,20140615,3,1,16303,265721,1,45.99,14.49,0.0
8218,20140615,1,1,16304,265725,1,49.99,19.49,0.0
8219,20140615,2,1,16304,265725,0,59.99,22.49,0.0
8220,20140615,1,4,16305,265748,1,49.99,19.49,49.99
8221,20140615,4,4,16305,265748,0,29.99,9.49,0.0
8222,20140615,1,1,16306,265761,1,49.99,19.49,0.0
8223,20140615,3,4,16307,265778,1,45.99,14.49,0.0
8224,20140615,4,4,16307,265778,0,29.99,9.49,0.0
8225,20140615,1,1,16308,265788,1,49.99,19.49,0.0
8226,20140615,1,1,16309,265812,1,49.99,19.49,0.0
8227,20140615,1,2,16310,265815,1,49.99,19.49,0.0
8228,20140615,4,2,16310,265815,0,29.99,9.49,0.0
8229,20140615,3,7,16311,265819,1,45.99,14.49,0.0
8230,20140615,1,2,16312,265831,1,49.99,19.49,0.0
8231,20140615,1,4,16313,265848,1,49.99,19.49,0.0
8232,20140615,1,1,16314,265857,1,49.99,19.49,0.0
8233,20140615,2,1,16314,265857,0,59.99,22.49,0.0
8234,20140615,1,2,16315,265872,1,49.99,19.49,0.0
8235,20140615,1,4,16316,265899,1,49.99,19.49,0.0
8236,20140615,1,2,16317,265919,1,49.99,19.49,0.0
8237,20140615,2,3,16318,265921,1,59.99,22.49,0.0
8238,20140616,1,1,16319,265941,1,49.99,19.49,0.0
8239,20140616,2,2,16320,265948,1,59.99,22.49,0.0
8240,20140616,1,1,16321,265949,1,49.99,19.49,0.0
8241,20140616,4,1,16321,265949,0,29.99,9.49,0.0
8242,20140616,1,1,16322,265956,1,49.99,19.49,0.0
8243,20140616,3,1,16322,265956,0,45.99,14.49,0.0
8244,20140616,1,2,16323,265960,1,49.99,19.49,0.0
8245,20140616,1,1,16324,265964,1,49.99,19.49,0.0
8246,20140616,3,1,16324,265964,0,45.99,14.49,0.0
8247,20140616,1,5,16325,265966,1,49.99,19.49,0.0
8248,20140616,1,1,16326,265983,1,49.99,19.49,0.0
8249,20140616,3,1,16326,265983,0,45.99,14.49,0.0
8250,20140616,3,1,16327,265997,1,45.99,14.49,0.0
8251,20140616,1,1,16328,266004,1,49.99,19.49,0.0
8252,20140616,3,1,16329,266012,1,45.99,14.49,0.0
8253,20140616,4,1,16329,266012,0,29.99,9.49,0.0
8254,20140616,3,1,16330,266024,1,45.99,14.49,0.0
8255,20140616,2,1,16330,266024,0,59.99,22.49,0.0
8256,20140616,1,3,16331,266029,1,49.99,19.49,0.0
8257,20140616,2,3,16331,266029,0,59.99,22.49,0.0
8258,20140616,2,1,16332,266047,1,59.99,22.49,0.0
8259,20140616,1,1,16333,266061,1,49.99,19.49,0.0
8260,20140616,2,7,16334,266076,1,59.99,22.49,0.0
8261,20140616,2,4,16335,266111,1,59.99,22.49,0.0
8262,20140616,1,4,16336,266108,1,49.99,19.49,0.0
8263,20140616,1,2,16337,266124,1,49.99,19.49,0.0
8264,20140616,3,2,16337,266124,0,45.99,14.49,0.0
8265,20140616,1,1,16338,266132,1,49.99,19.49,0.0
8266,20140616,1,7,16339,266144,1,49.99,19.49,0.0
8267,20140616,2,1,16340,266146,1,59.99,22.49,0.0
8268,20140616,2,7,16341,266190,1,59.99,22.49,0.0
8269,20140616,1,1,16342,266209,1,49.99,19.49,0.0
8270,20140616,1,2,16343,266219,1,49.99,19.49,0.0
8271,20140616,4,2,16343,266219,0,29.99,9.49,0.0
8272,20140616,1,3,16344,266226,1,49.99,19.49,0.0
8273,20140616,4,3,16344,266226,0,29.99,9.49,0.0
8274,20140616,2,1,16345,266237,1,59.99,22.49,0.0
8275,20140616,1,2,16346,266239,1,49.99,19.49,0.0
8276,20140616,2,4,16347,266240,1,59.99,22.49,0.0
8277,20140616,1,1,16348,266259,1,49.99,19.49,0.0
8278,20140616,4,1,16348,266259,0,29.99,9.49,0.0
8279,20140616,1,1,16349,266271,1,49.99,19.49,0.0
8280,20140616,1,7,16350,266272,1,49.99,19.49,0.0
8281,20140616,2,6,16351,266282,1,59.99,22.49,0.0
8282,20140616,2,3,16352,266314,1,59.99,22.49,0.0
8283,20140616,3,1,16353,266345,1,45.99,14.49,0.0
8284,20140616,4,1,16353,266345,0,29.99,9.49,0.0
8285,20140616,1,2,16354,266348,1,49.99,19.49,0.0
8286,20140616,4,2,16354,266348,0,29.99,9.49,0.0
8287,20140616,1,3,16355,266361,1,49.99,19.49,0.0
8288,20140616,4,3,16355,266361,0,29.99,9.49,0.0
8289,20140616,2,1,16356,266379,1,59.99,22.49,0.0
8290,20140616,1,1,16357,266384,1,49.99,19.49,0.0
8291,20140616,2,1,16357,266384,0,59.99,22.49,0.0
8292,20140616,3,3,16358,266388,1,45.99,14.49,0.0
8293,20140616,3,1,16359,266400,1,45.99,14.49,0.0
8294,20140616,1,1,16360,266421,1,49.99,19.49,0.0
8295,20140616,2,1,16361,266456,1,59.99,22.49,0.0
8296,20140616,1,1,16362,266468,1,49.99,19.49,0.0
8297,20140616,1,1,16363,266483,1,49.99,19.49,0.0
8298,20140616,1,2,16364,266488,1,49.99,19.49,0.0
8299,20140616,4,2,16364,266488,0,29.99,9.49,0.0
8300,20140616,1,1,16365,266532,1,49.99,19.49,0.0
8301,20140616,3,4,16366,266545,1,45.99,14.49,0.0
8302,20140616,1,1,16367,266554,1,49.99,19.49,0.0
8303,20140616,1,2,16368,266573,1,49.99,19.49,0.0
8304,20140616,3,2,16368,266573,0,45.99,14.49,0.0
8305,20140616,3,1,16369,266575,1,45.99,14.49,0.0
8306,20140616,2,1,16370,266581,1,59.99,22.49,0.0
8307,20140616,3,3,16371,266594,1,45.99,14.49,0.0
8308,20140616,3,1,16372,266606,1,45.99,14.49,0.0
8309,20140616,3,7,16373,266617,1,45.99,14.49,0.0
8310,20140616,1,7,16373,266617,0,49.99,19.49,0.0
8311,20140616,1,7,16374,266621,1,49.99,19.49,0.0
8312,20140616,2,3,16375,266630,1,59.99,22.49,0.0
8313,20140616,4,3,16375,266630,0,29.99,9.49,0.0
8314,20140616,2,1,16376,266631,1,59.99,22.49,0.0
8315,20140616,4,1,16376,266631,0,29.99,9.49,0.0
8316,20140617,1,3,16377,266639,1,49.99,19.49,0.0
8317,20140617,4,3,16377,266639,0,29.99,9.49,0.0
8318,20140617,3,1,16378,266647,1,45.99,14.49,0.0
8319,20140617,1,1,16379,266676,1,49.99,19.49,0.0
8320,20140617,2,1,16380,266682,1,59.99,22.49,0.0
8321,20140617,2,2,16381,266702,1,59.99,22.49,0.0
8322,20140617,1,2,16382,266728,1,49.99,19.49,0.0
8323,20140617,1,1,16383,266750,1,49.99,19.49,0.0
8324,20140617,1,2,16384,266768,1,49.99,19.49,0.0
8325,20140617,3,1,16385,266771,1,45.99,14.49,0.0
8326,20140617,1,2,16386,266774,1,49.99,19.49,0.0
8327,20140617,2,2,16387,266829,1,59.99,22.49,0.0
8328,20140617,1,1,16388,266833,1,49.99,19.49,0.0
8329,20140617,1,1,16389,266830,1,49.99,19.49,0.0
8330,20140617,2,1,16389,266830,0,59.99,22.49,0.0
8331,20140617,1,2,16390,266836,1,49.99,19.49,0.0
8332,20140617,1,5,16391,266842,1,49.99,19.49,0.0
8333,20140617,1,3,16392,266841,1,49.99,19.49,49.99
8334,20140617,1,4,16393,266863,1,49.99,19.49,0.0
8335,20140617,4,4,16393,266863,0,29.99,9.49,0.0
8336,20140617,1,7,16394,266874,1,49.99,19.49,0.0
8337,20140617,3,7,16394,266874,0,45.99,14.49,0.0
8338,20140617,1,2,16395,266889,1,49.99,19.49,0.0
8339,20140617,4,2,16395,266889,0,29.99,9.49,0.0
8340,20140617,2,3,16396,266904,1,59.99,22.49,0.0
8341,20140617,1,1,16397,266926,1,49.99,19.49,0.0
8342,20140617,4,1,16397,266926,0,29.99,9.49,0.0
8343,20140617,1,1,16398,266930,1,49.99,19.49,49.99
8344,20140617,4,1,16398,266930,0,29.99,9.49,0.0
8345,20140617,1,1,16399,266934,1,49.99,19.49,0.0
8346,20140617,3,1,16399,266934,0,45.99,14.49,0.0
8347,20140617,1,1,16400,266933,1,49.99,19.49,0.0
8348,20140617,3,3,16401,266971,1,45.99,14.49,0.0
8349,20140617,1,1,16402,266976,1,49.99,19.49,0.0
8350,20140617,1,2,16403,266985,1,49.99,19.49,0.0
8351,20140617,3,2,16403,266985,0,45.99,14.49,0.0
8352,20140617,1,1,16404,266993,1,49.99,19.49,0.0
8353,20140617,2,1,16405,267001,1,59.99,22.49,0.0
8354,20140617,2,4,16406,267008,1,59.99,22.49,0.0
8355,20140617,1,2,16407,267027,1,49.99,19.49,0.0
8356,20140617,2,1,16408,267026,1,59.99,22.49,0.0
8357,20140617,1,1,16409,267057,1,49.99,19.49,0.0
8358,20140617,2,1,16409,267057,0,59.99,22.49,0.0
8359,20140617,1,1,16410,267058,1,49.99,19.49,0.0
8360,20140617,3,1,16410,267058,0,45.99,14.49,0.0
8361,20140617,1,1,16411,267063,1,49.99,19.49,0.0
8362,20140617,2,2,16412,267092,1,59.99,22.49,0.0
8363,20140617,1,7,16413,267091,1,49.99,19.49,0.0
8364,20140617,1,2,16414,267106,1,49.99,19.49,0.0
8365,20140617,1,3,16415,267107,1,49.99,19.49,0.0
8366,20140617,4,3,16415,267107,0,29.99,9.49,0.0
8367,20140617,1,3,16416,267114,1,49.99,19.49,0.0
8368,20140617,1,1,16417,267157,1,49.99,19.49,0.0
8369,20140617,3,9,16418,267167,1,45.99,14.49,0.0
8370,20140617,1,1,16419,267196,1,49.99,19.49,0.0
8371,20140617,1,1,16420,267227,1,49.99,19.49,0.0
8372,20140617,3,1,16420,267227,0,45.99,14.49,0.0
8373,20140617,1,1,16421,267252,1,49.99,19.49,0.0
8374,20140617,1,7,16422,267261,1,49.99,19.49,49.99
8375,20140617,3,7,16422,267261,0,45.99,14.49,0.0
8376,20140617,3,1,16423,267282,1,45.99,14.49,0.0
8377,20140617,1,1,16423,267282,0,49.99,19.49,0.0
8378,20140617,2,7,16424,267283,1,59.99,22.49,0.0
8379,20140617,1,7,16425,267291,1,49.99,19.49,49.99
8380,20140617,1,3,16426,267302,1,49.99,19.49,0.0
8381,20140617,4,3,16426,267302,0,29.99,9.49,0.0
8382,20140617,1,3,16427,267308,1,49.99,19.49,0.0
8383,20140617,3,1,16428,267338,1,45.99,14.49,0.0
8384,20140618,2,2,16429,267420,1,59.99,22.49,0.0
8385,20140618,1,1,16430,267427,1,49.99,19.49,0.0
8386,20140618,4,1,16430,267427,0,29.99,9.49,0.0
8387,20140618,1,1,16431,267450,1,49.99,19.49,0.0
8388,20140618,2,1,16431,267450,0,59.99,22.49,0.0
8389,20140618,1,1,16432,267451,1,49.99,19.49,0.0
8390,20140618,2,1,16432,267451,0,59.99,22.49,0.0
8391,20140618,1,1,16433,267457,1,49.99,19.49,0.0
8392,20140618,3,1,16433,267457,0,45.99,14.49,0.0
8393,20140618,1,6,16434,267467,1,49.99,19.49,0.0
8394,20140618,4,6,16434,267467,0,29.99,9.49,0.0
8395,20140618,2,1,16435,267476,1,59.99,22.49,0.0
8396,20140618,1,1,16436,267477,1,49.99,19.49,0.0
8397,20140618,4,1,16436,267477,0,29.99,9.49,0.0
8398,20140618,3,3,16437,267483,1,45.99,14.49,0.0
8399,20140618,1,3,16437,267483,0,49.99,19.49,0.0
8400,20140618,2,1,16438,267533,1,59.99,22.49,59.99
8401,20140618,4,1,16438,267533,0,29.99,9.49,0.0
8402,20140618,1,5,16439,267570,1,49.99,19.49,0.0
8403,20140618,2,4,16440,267592,1,59.99,22.49,59.99
8404,20140618,2,1,16441,267625,1,59.99,22.49,0.0
8405,20140618,2,3,16442,267658,1,59.99,22.49,0.0
8406,20140618,1,4,16443,267675,1,49.99,19.49,0.0
8407,20140618,4,4,16443,267675,0,29.99,9.49,0.0
8408,20140618,1,1,16444,267715,1,49.99,19.49,0.0
8409,20140618,1,1,16445,267719,1,49.99,19.49,0.0
8410,20140618,3,1,16445,267719,0,45.99,14.49,45.99
8411,20140618,3,3,16446,267722,1,45.99,14.49,0.0
8412,20140618,2,3,16446,267722,0,59.99,22.49,0.0
8413,20140618,1,2,16447,267742,1,49.99,19.49,0.0
8414,20140618,4,2,16447,267742,0,29.99,9.49,0.0
8415,20140618,2,7,16448,267754,1,59.99,22.49,0.0
8416,20140618,1,1,16449,267744,1,49.99,19.49,0.0
8417,20140618,2,1,16449,267744,0,59.99,22.49,0.0
8418,20140618,1,4,16450,267755,1,49.99,19.49,0.0
8419,20140618,3,2,16451,267753,1,45.99,14.49,0.0
8420,20140618,1,1,16452,267773,1,49.99,19.49,0.0
8421,20140618,4,1,16452,267773,0,29.99,9.49,0.0
8422,20140618,1,4,16453,267778,1,49.99,19.49,0.0
8423,20140618,2,2,16454,267791,1,59.99,22.49,0.0
8424,20140618,1,1,16455,267830,1,49.99,19.49,0.0
8425,20140618,1,4,16456,267826,1,49.99,19.49,0.0
8426,20140618,3,2,16457,267857,1,45.99,14.49,0.0
8427,20140618,4,2,16457,267857,0,29.99,9.49,0.0
8428,20140618,3,1,16458,267874,1,45.99,14.49,0.0
8429,20140618,1,1,16459,267879,1,49.99,19.49,0.0
8430,20140618,3,1,16459,267879,0,45.99,14.49,0.0
8431,20140618,1,1,16460,267884,1,49.99,19.49,0.0
8432,20140618,4,1,16460,267884,0,29.99,9.49,0.0
8433,20140618,1,1,16461,267908,1,49.99,19.49,0.0
8434,20140618,4,1,16461,267908,0,29.99,9.49,0.0
8435,20140618,2,1,16462,267914,1,59.99,22.49,0.0
8436,20140618,1,1,16463,267916,1,49.99,19.49,0.0
8437,20140618,1,1,16464,267960,1,49.99,19.49,0.0
8438,20140618,2,3,16465,267967,1,59.99,22.49,0.0
8439,20140618,1,1,16466,267968,1,49.99,19.49,0.0
8440,20140618,4,1,16466,267968,0,29.99,9.49,0.0
8441,20140618,1,3,16467,267965,1,49.99,19.49,0.0
8442,20140618,1,3,16468,267989,1,49.99,19.49,0.0
8443,20140618,2,4,16469,268017,1,59.99,22.49,0.0
8444,20140618,4,4,16469,268017,0,29.99,9.49,0.0
8445,20140618,1,10,16470,268018,1,49.99,19.49,0.0
8446,20140618,1,1,16471,268025,1,49.99,19.49,0.0
8447,20140618,4,1,16471,268025,0,29.99,9.49,0.0
8448,20140618,2,3,16472,268043,1,59.99,22.49,0.0
8449,20140618,2,1,16473,268057,1,59.99,22.49,0.0
8450,20140619,3,3,16474,268092,1,45.99,14.49,0.0
8451,20140619,1,3,16474,268092,0,49.99,19.49,0.0
8452,20140619,1,1,16475,268122,1,49.99,19.49,0.0
8453,20140619,2,1,16476,268141,1,59.99,22.49,0.0
8454,20140619,1,1,16477,268150,1,49.99,19.49,0.0
8455,20140619,3,1,16477,268150,0,45.99,14.49,0.0
8456,20140619,1,2,16478,268161,1,49.99,19.49,0.0
8457,20140619,2,4,16479,268164,1,59.99,22.49,0.0
8458,20140619,3,1,16480,268167,1,45.99,14.49,0.0
8459,20140619,1,7,16481,268191,1,49.99,19.49,49.99
8460,20140619,4,7,16481,268191,0,29.99,9.49,0.0
8461,20140619,1,7,16482,268192,1,49.99,19.49,0.0
8462,20140619,1,10,16483,268221,1,49.99,19.49,0.0
8463,20140619,2,2,16484,268224,1,59.99,22.49,0.0
8464,20140619,1,7,16485,268239,1,49.99,19.49,0.0
8465,20140619,1,7,16486,268274,1,49.99,19.49,0.0
8466,20140619,4,7,16486,268274,0,29.99,9.49,0.0
8467,20140619,3,4,16487,268290,1,45.99,14.49,0.0
8468,20140619,1,5,16488,268291,1,49.99,19.49,0.0
8469,20140619,1,1,16489,268315,1,49.99,19.49,0.0
8470,20140619,4,1,16489,268315,0,29.99,9.49,0.0
8471,20140619,1,3,16490,268323,1,49.99,19.49,0.0
8472,20140619,1,1,16491,268346,1,49.99,19.49,0.0
8473,20140619,1,4,16492,268392,1,49.99,19.49,0.0
8474,20140619,1,5,16493,268388,1,49.99,19.49,0.0
8475,20140619,1,1,16494,268398,1,49.99,19.49,0.0
8476,20140619,1,1,16495,268402,1,49.99,19.49,0.0
8477,20140619,1,1,16496,268442,1,49.99,19.49,0.0
8478,20140619,1,2,16497,268526,1,49.99,19.49,0.0
8479,20140619,1,1,16498,268532,1,49.99,19.49,0.0
8480,20140619,4,1,16498,268532,0,29.99,9.49,0.0
8481,20140619,1,1,16499,268534,1,49.99,19.49,0.0
8482,20140619,2,1,16499,268534,0,59.99,22.49,0.0
8483,20140619,1,1,16500,268542,1,49.99,19.49,0.0
8484,20140619,4,1,16500,268542,0,29.99,9.49,0.0
8485,20140619,1,4,16501,268558,1,49.99,19.49,0.0
8486,20140619,1,4,16502,268560,1,49.99,19.49,0.0
8487,20140619,1,1,16503,268596,1,49.99,19.49,49.99
8488,20140619,4,1,16503,268596,0,29.99,9.49,0.0
8489,20140619,1,1,16504,268606,1,49.99,19.49,0.0
8490,20140619,2,5,16505,268605,1,59.99,22.49,0.0
8491,20140619,3,7,16506,268617,1,45.99,14.49,0.0
8492,20140619,1,1,16507,268642,1,49.99,19.49,0.0
8493,20140619,1,9,16508,268690,1,49.99,19.49,0.0
8494,20140619,1,9,16509,268696,1,49.99,19.49,0.0
8495,20140619,1,1,16510,268706,1,49.99,19.49,0.0
8496,20140619,2,4,16511,268711,1,59.99,22.49,0.0
8497,20140619,1,4,16512,268713,1,49.99,19.49,0.0
8498,20140619,3,3,16513,268721,1,45.99,14.49,0.0
8499,20140619,1,1,16514,268739,1,49.99,19.49,49.99
8500,20140619,1,7,16515,268743,1,49.99,19.49,0.0
8501,20140619,1,1,16516,268749,1,49.99,19.49,0.0
8502,20140619,3,1,16516,268749,0,45.99,14.49,0.0
8503,20140620,1,1,16517,268823,1,49.99,19.49,0.0
8504,20140620,1,1,16518,268829,1,49.99,19.49,0.0
8505,20140620,1,4,16519,268830,1,49.99,19.49,0.0
8506,20140620,1,1,16520,268836,1,49.99,19.49,0.0
8507,20140620,1,7,16521,268855,1,49.99,19.49,0.0
8508,20140620,3,1,16522,268852,1,45.99,14.49,0.0
8509,20140620,2,1,16522,268852,0,59.99,22.49,0.0
8510,20140620,2,4,16523,268884,1,59.99,22.49,0.0
8511,20140620,4,4,16523,268884,0,29.99,9.49,0.0
8512,20140620,2,2,16524,268951,1,59.99,22.49,0.0
8513,20140620,3,1,16525,268960,1,45.99,14.49,0.0
8514,20140620,2,1,16526,268968,1,59.99,22.49,59.99
8515,20140620,4,1,16526,268968,0,29.99,9.49,0.0
8516,20140620,1,1,16527,268979,1,49.99,19.49,0.0
8517,20140620,1,9,16528,268998,1,49.99,19.49,0.0
8518,20140620,4,9,16528,268998,0,29.99,9.49,0.0
8519,20140620,3,1,16529,269040,1,45.99,14.49,0.0
8520,20140620,1,7,16530,269076,1,49.99,19.49,49.99
8521,20140620,1,1,16531,269089,1,49.99,19.49,49.99
8522,20140620,1,2,16532,269113,1,49.99,19.49,0.0
8523,20140620,1,1,16533,269117,1,49.99,19.49,0.0
8524,20140620,1,1,16534,269128,1,49.99,19.49,0.0
8525,20140620,2,3,16535,269155,1,59.99,22.49,0.0
8526,20140620,4,3,16535,269155,0,29.99,9.49,0.0
8527,20140620,1,3,16536,269165,1,49.99,19.49,0.0
8528,20140620,2,1,16537,269184,1,59.99,22.49,0.0
8529,20140620,3,5,16538,269205,1,45.99,14.49,0.0
8530,20140620,4,5,16538,269205,0,29.99,9.49,0.0
8531,20140620,1,1,16539,269204,1,49.99,19.49,0.0
8532,20140620,2,1,16539,269204,0,59.99,22.49,0.0
8533,20140620,1,4,16540,269221,1,49.99,19.49,0.0
8534,20140620,2,1,16541,269292,1,59.99,22.49,0.0
8535,20140620,1,1,16542,269300,1,49.99,19.49,0.0
8536,20140620,1,1,16543,269324,1,49.99,19.49,0.0
8537,20140620,1,1,16544,269377,1,49.99,19.49,0.0
8538,20140621,2,3,16545,269397,1,59.99,22.49,0.0
8539,20140621,1,7,16546,269410,1,49.99,19.49,0.0
8540,20140621,1,1,16547,269431,1,49.99,19.49,0.0
8541,20140621,4,1,16547,269431,0,29.99,9.49,0.0
8542,20140621,1,1,16548,269460,1,49.99,19.49,0.0
8543,20140621,1,2,16549,269464,1,49.99,19.49,0.0
8544,20140621,3,1,16550,269476,1,45.99,14.49,0.0
8545,20140621,1,4,16551,269507,1,49.99,19.49,0.0
8546,20140621,2,2,16552,269551,1,59.99,22.49,0.0
8547,20140621,3,1,16553,269566,1,45.99,14.49,0.0
8548,20140621,3,3,16554,269565,1,45.99,14.49,0.0
8549,20140621,1,1,16555,269579,1,49.99,19.49,0.0
8550,20140621,4,1,16555,269579,0,29.99,9.49,0.0
8551,20140621,1,2,16556,269577,1,49.99,19.49,0.0
8552,20140621,4,2,16556,269577,0,29.99,9.49,0.0
8553,20140621,1,1,16557,269586,1,49.99,19.49,0.0
8554,20140621,1,5,16558,269599,1,49.99,19.49,0.0
8555,20140621,1,4,16559,269604,1,49.99,19.49,0.0
8556,20140621,1,3,16560,269605,1,49.99,19.49,0.0
8557,20140621,2,1,16561,269624,1,59.99,22.49,0.0
8558,20140621,3,1,16561,269624,0,45.99,14.49,0.0
8559,20140621,1,2,16562,269635,1,49.99,19.49,0.0
8560,20140621,1,3,16563,269643,1,49.99,19.49,0.0
8561,20140621,3,3,16563,269643,0,45.99,14.49,0.0
8562,20140621,1,1,16564,269644,1,49.99,19.49,0.0
8563,20140621,1,3,16565,269653,1,49.99,19.49,0.0
8564,20140621,1,2,16566,269683,1,49.99,19.49,0.0
8565,20140621,4,2,16566,269683,0,29.99,9.49,0.0
8566,20140622,1,1,16567,269711,1,49.99,19.49,0.0
8567,20140622,1,1,16568,269727,1,49.99,19.49,0.0
8568,20140622,1,2,16569,269746,1,49.99,19.49,0.0
8569,20140622,3,1,16570,269776,1,45.99,14.49,0.0
8570,20140622,3,3,16571,269780,1,45.99,14.49,0.0
8571,20140622,4,3,16571,269780,0,29.99,9.49,0.0
8572,20140622,1,1,16572,269783,1,49.99,19.49,0.0
8573,20140622,1,7,16573,269786,1,49.99,19.49,0.0
8574,20140622,4,7,16573,269786,0,29.99,9.49,0.0
8575,20140622,1,7,16574,269806,1,49.99,19.49,0.0
8576,20140622,3,7,16575,269808,1,45.99,14.49,0.0
8577,20140622,1,1,16576,269812,1,49.99,19.49,0.0
8578,20140622,1,2,16577,269843,1,49.99,19.49,49.99
8579,20140622,4,2,16577,269843,0,29.99,9.49,0.0
8580,20140622,1,7,16578,269854,1,49.99,19.49,0.0
8581,20140622,1,3,16579,269865,1,49.99,19.49,0.0
8582,20140622,3,3,16579,269865,0,45.99,14.49,0.0
8583,20140622,1,1,16580,269869,1,49.99,19.49,0.0
8584,20140622,1,1,16581,269907,1,49.99,19.49,0.0
8585,20140622,3,1,16581,269907,0,45.99,14.49,0.0
8586,20140622,2,3,16582,269926,1,59.99,22.49,0.0
8587,20140622,3,3,16582,269926,0,45.99,14.49,45.99
8588,20140622,1,1,16583,269929,1,49.99,19.49,0.0
8589,20140622,1,2,16584,269946,1,49.99,19.49,0.0
8590,20140622,1,1,16585,269947,1,49.99,19.49,0.0
8591,20140622,3,1,16586,269970,1,45.99,14.49,0.0
8592,20140622,3,1,16587,269973,1,45.99,14.49,0.0
8593,20140622,4,1,16587,269973,0,29.99,9.49,0.0
8594,20140622,2,7,16588,269977,1,59.99,22.49,0.0
8595,20140622,4,7,16588,269977,0,29.99,9.49,0.0
8596,20140622,1,10,16589,269983,1,49.99,19.49,0.0
8597,20140622,1,3,16590,269988,1,49.99,19.49,0.0
8598,20140622,1,1,16591,269995,1,49.99,19.49,0.0
8599,20140622,2,7,16592,270008,1,59.99,22.49,0.0
8600,20140622,4,7,16592,270008,0,29.99,9.49,0.0
8601,20140622,1,1,16593,270014,1,49.99,19.49,0.0
8602,20140622,1,3,16594,270031,1,49.99,19.49,0.0
8603,20140622,3,3,16595,270036,1,45.99,14.49,0.0
8604,20140622,4,3,16595,270036,0,29.99,9.49,0.0
8605,20140622,3,1,16596,270058,1,45.99,14.49,45.99
8606,20140622,2,4,16597,270077,1,59.99,22.49,0.0
8607,20140622,1,4,16597,270077,0,49.99,19.49,0.0
8608,20140622,1,2,16598,270086,1,49.99,19.49,0.0
8609,20140623,1,5,16599,270099,1,49.99,19.49,0.0
8610,20140623,1,2,16600,270109,1,49.99,19.49,0.0
8611,20140623,1,1,16601,270129,1,49.99,19.49,0.0
8612,20140623,3,1,16601,270129,0,45.99,14.49,0.0
8613,20140623,2,1,16602,270135,1,59.99,22.49,0.0
8614,20140623,2,1,16603,270154,1,59.99,22.49,0.0
8615,20140623,4,1,16603,270154,0,29.99,9.49,0.0
8616,20140623,3,1,16604,270165,1,45.99,14.49,0.0
8617,20140623,1,2,16605,270174,1,49.99,19.49,0.0
8618,20140623,4,2,16605,270174,0,29.99,9.49,0.0
8619,20140623,1,1,16606,270215,1,49.99,19.49,0.0
8620,20140623,1,2,16607,270219,1,49.99,19.49,0.0
8621,20140623,2,4,16608,270230,1,59.99,22.49,0.0
8622,20140623,1,1,16609,270243,1,49.99,19.49,0.0
8623,20140623,1,1,16610,270254,1,49.99,19.49,0.0
8624,20140623,1,2,16611,270272,1,49.99,19.49,0.0
8625,20140623,1,5,16612,270268,1,49.99,19.49,0.0
8626,20140623,1,7,16613,270267,1,49.99,19.49,0.0
8627,20140623,2,7,16613,270267,0,59.99,22.49,59.99
8628,20140623,1,3,16614,270296,1,49.99,19.49,0.0
8629,20140623,1,2,16615,270301,1,49.99,19.49,0.0
8630,20140623,2,2,16615,270301,0,59.99,22.49,0.0
8631,20140623,1,5,16616,270324,1,49.99,19.49,0.0
8632,20140623,4,5,16616,270324,0,29.99,9.49,0.0
8633,20140623,1,2,16617,270343,1,49.99,19.49,0.0
8634,20140623,1,7,16618,270387,1,49.99,19.49,0.0
8635,20140623,2,2,16619,270415,1,59.99,22.49,0.0
8636,20140623,1,1,16620,270424,1,49.99,19.49,0.0
8637,20140623,1,2,16621,270429,1,49.99,19.49,0.0
8638,20140623,1,1,16622,270441,1,49.99,19.49,0.0
8639,20140623,4,1,16622,270441,0,29.99,9.49,0.0
8640,20140623,1,1,16623,270448,1,49.99,19.49,0.0
8641,20140623,2,7,16624,270466,1,59.99,22.49,0.0
8642,20140623,1,4,16625,270470,1,49.99,19.49,0.0
8643,20140623,4,4,16625,270470,0,29.99,9.49,0.0
8644,20140623,1,9,16626,270482,1,49.99,19.49,0.0
8645,20140623,4,9,16626,270482,0,29.99,9.49,0.0
8646,20140623,1,1,16627,270507,1,49.99,19.49,0.0
8647,20140623,1,2,16628,270513,1,49.99,19.49,0.0
8648,20140623,3,2,16628,270513,0,45.99,14.49,45.99
8649,20140623,1,1,16629,270521,1,49.99,19.49,0.0
8650,20140623,1,3,16630,270555,1,49.99,19.49,49.99
8651,20140623,4,3,16630,270555,0,29.99,9.49,0.0
8652,20140623,3,1,16631,270565,1,45.99,14.49,0.0
8653,20140623,1,1,16632,270594,1,49.99,19.49,0.0
8654,20140623,4,1,16632,270594,0,29.99,9.49,0.0
8655,20140623,1,2,16633,270611,1,49.99,19.49,0.0
8656,20140623,1,3,16634,270626,1,49.99,19.49,0.0
8657,20140623,1,10,16635,270652,1,49.99,19.49,0.0
8658,20140623,1,4,16636,270662,1,49.99,19.49,0.0
8659,20140623,1,1,16637,270688,1,49.99,19.49,0.0
8660,20140623,3,3,16638,270700,1,45.99,14.49,0.0
8661,20140623,1,1,16639,270729,1,49.99,19.49,0.0
8662,20140623,1,2,16640,270745,1,49.99,19.49,0.0
8663,20140623,3,2,16640,270745,0,45.99,14.49,0.0
8664,20140623,1,1,16641,270750,1,49.99,19.49,0.0
8665,20140623,1,2,16642,270760,1,49.99,19.49,0.0
8666,20140623,4,2,16642,270760,0,29.99,9.49,0.0
8667,20140623,1,1,16643,270782,1,49.99,19.49,0.0
8668,20140623,2,1,16643,270782,0,59.99,22.49,0.0
8669,20140623,1,1,16644,270785,1,49.99,19.49,0.0
8670,20140624,3,1,16645,270793,1,45.99,14.49,0.0
8671,20140624,3,9,16646,270841,1,45.99,14.49,0.0
8672,20140624,1,1,16647,270844,1,49.99,19.49,0.0
8673,20140624,1,2,16648,270858,1,49.99,19.49,0.0
8674,20140624,2,2,16648,270858,0,59.99,22.49,0.0
8675,20140624,3,1,16649,270869,1,45.99,14.49,0.0
8676,20140624,1,1,16649,270869,0,49.99,19.49,0.0
8677,20140624,1,1,16650,270875,1,49.99,19.49,0.0
8678,20140624,1,1,16651,270889,1,49.99,19.49,0.0
8679,20140624,1,2,16652,270903,1,49.99,19.49,0.0
8680,20140624,1,1,16653,270949,1,49.99,19.49,0.0
8681,20140624,1,1,16654,270951,1,49.99,19.49,0.0
8682,20140624,2,3,16655,270970,1,59.99,22.49,0.0
8683,20140624,2,3,16656,270967,1,59.99,22.49,0.0
8684,20140624,1,3,16656,270967,0,49.99,19.49,0.0
8685,20140624,1,9,16657,270973,1,49.99,19.49,0.0
8686,20140624,4,9,16657,270973,0,29.99,9.49,0.0
8687,20140624,1,2,16658,270984,1,49.99,19.49,0.0
8688,20140624,3,2,16658,270984,0,45.99,14.49,0.0
8689,20140624,1,9,16659,270992,1,49.99,19.49,0.0
8690,20140624,1,3,16660,271019,1,49.99,19.49,49.99
8691,20140624,1,4,16661,271031,1,49.99,19.49,0.0
8692,20140624,1,2,16662,271041,1,49.99,19.49,0.0
8693,20140624,1,4,16663,271043,1,49.99,19.49,0.0
8694,20140624,1,1,16664,271083,1,49.99,19.49,0.0
8695,20140624,2,5,16665,271087,1,59.99,22.49,0.0
8696,20140624,1,2,16666,271096,1,49.99,19.49,0.0
8697,20140624,3,2,16666,271096,0,45.99,14.49,0.0
8698,20140624,1,1,16667,271090,1,49.99,19.49,0.0
8699,20140624,2,1,16667,271090,0,59.99,22.49,0.0
8700,20140624,1,1,16668,271113,1,49.99,19.49,0.0
8701,20140624,1,2,16669,271133,1,49.99,19.49,0.0
8702,20140624,1,3,16670,271141,1,49.99,19.49,0.0
8703,20140624,1,1,16671,271181,1,49.99,19.49,0.0
8704,20140624,3,1,16671,271181,0,45.99,14.49,45.99
8705,20140624,2,2,16672,271197,1,59.99,22.49,0.0
8706,20140624,2,1,16673,271194,1,59.99,22.49,0.0
8707,20140624,4,1,16673,271194,0,29.99,9.49,0.0
8708,20140624,1,1,16674,271196,1,49.99,19.49,0.0
8709,20140624,3,1,16674,271196,0,45.99,14.49,0.0
8710,20140624,1,3,16675,271201,1,49.99,19.49,0.0
8711,20140624,2,3,16675,271201,0,59.99,22.49,0.0
8712,20140624,2,3,16676,271216,1,59.99,22.49,0.0
8713,20140624,1,3,16677,271231,1,49.99,19.49,0.0
8714,20140624,1,2,16678,271268,1,49.99,19.49,0.0
8715,20140624,2,2,16678,271268,0,59.99,22.49,0.0
8716,20140624,1,4,16679,271294,1,49.99,19.49,0.0
8717,20140624,1,7,16680,271298,1,49.99,19.49,0.0
8718,20140624,4,7,16680,271298,0,29.99,9.49,0.0
8719,20140624,1,1,16681,271302,1,49.99,19.49,0.0
8720,20140624,3,1,16681,271302,0,45.99,14.49,0.0
8721,20140624,2,1,16682,271320,1,59.99,22.49,0.0
8722,20140624,1,1,16683,271327,1,49.99,19.49,0.0
8723,20140624,3,1,16684,271332,1,45.99,14.49,45.99
8724,20140624,1,1,16684,271332,0,49.99,19.49,0.0
8725,20140624,1,4,16685,271347,1,49.99,19.49,0.0
8726,20140624,1,1,16686,271354,1,49.99,19.49,0.0
8727,20140624,4,1,16686,271354,0,29.99,9.49,0.0
8728,20140624,2,2,16687,271365,1,59.99,22.49,0.0
8729,20140624,1,1,16688,271381,1,49.99,19.49,0.0
8730,20140624,1,1,16689,271388,1,49.99,19.49,0.0
8731,20140624,3,1,16689,271388,0,45.99,14.49,0.0
8732,20140624,1,1,16690,271399,1,49.99,19.49,0.0
8733,20140624,3,1,16690,271399,0,45.99,14.49,0.0
8734,20140624,3,2,16691,271436,1,45.99,14.49,0.0
8735,20140624,4,2,16691,271436,0,29.99,9.49,0.0
8736,20140624,1,1,16692,271472,1,49.99,19.49,0.0
8737,20140624,2,1,16692,271472,0,59.99,22.49,0.0
8738,20140624,1,2,16693,271471,1,49.99,19.49,0.0
8739,20140624,4,2,16693,271471,0,29.99,9.49,0.0
8740,20140625,1,5,16694,271566,1,49.99,19.49,0.0
8741,20140625,4,5,16694,271566,0,29.99,9.49,0.0
8742,20140625,1,3,16695,271580,1,49.99,19.49,0.0
8743,20140625,4,3,16695,271580,0,29.99,9.49,0.0
8744,20140625,1,5,16696,271583,1,49.99,19.49,0.0
8745,20140625,1,1,16697,271598,1,49.99,19.49,0.0
8746,20140625,1,1,16698,271614,1,49.99,19.49,0.0
8747,20140625,3,1,16698,271614,0,45.99,14.49,0.0
8748,20140625,1,9,16699,271664,1,49.99,19.49,0.0
8749,20140625,3,5,16700,271707,1,45.99,14.49,0.0
8750,20140625,2,5,16700,271707,0,59.99,22.49,0.0
8751,20140625,1,3,16701,271748,1,49.99,19.49,0.0
8752,20140625,2,1,16702,271744,1,59.99,22.49,0.0
8753,20140625,1,3,16703,271782,1,49.99,19.49,0.0
8754,20140625,4,3,16703,271782,0,29.99,9.49,0.0
8755,20140625,1,4,16704,271820,1,49.99,19.49,49.99
8756,20140625,4,4,16704,271820,0,29.99,9.49,0.0
8757,20140625,1,1,16705,271827,1,49.99,19.49,0.0
8758,20140625,1,3,16706,271837,1,49.99,19.49,0.0
8759,20140625,3,2,16707,271887,1,45.99,14.49,0.0
8760,20140625,2,5,16708,271885,1,59.99,22.49,0.0
8761,20140625,1,1,16709,271899,1,49.99,19.49,0.0
8762,20140625,2,2,16710,271903,1,59.99,22.49,0.0
8763,20140625,1,1,16711,271904,1,49.99,19.49,0.0
8764,20140625,1,2,16712,271922,1,49.99,19.49,0.0
8765,20140625,1,1,16713,271975,1,49.99,19.49,0.0
8766,20140625,1,2,16714,271986,1,49.99,19.49,0.0
8767,20140625,1,7,16715,272017,1,49.99,19.49,0.0
8768,20140625,4,7,16715,272017,0,29.99,9.49,0.0
8769,20140625,1,4,16716,272056,1,49.99,19.49,0.0
8770,20140625,4,4,16716,272056,0,29.99,9.49,0.0
8771,20140625,2,10,16717,272059,1,59.99,22.49,0.0
8772,20140625,3,1,16718,272064,1,45.99,14.49,0.0
8773,20140625,1,1,16719,272074,1,49.99,19.49,0.0
8774,20140625,2,3,16720,272113,1,59.99,22.49,0.0
8775,20140625,2,1,16721,272122,1,59.99,22.49,0.0
8776,20140625,1,1,16722,272130,1,49.99,19.49,0.0
8777,20140625,2,4,16723,272154,1,59.99,22.49,0.0
8778,20140625,1,7,16724,272169,1,49.99,19.49,0.0
8779,20140625,2,2,16725,272171,1,59.99,22.49,0.0
8780,20140625,1,3,16726,272188,1,49.99,19.49,0.0
8781,20140625,1,1,16727,272195,1,49.99,19.49,0.0
8782,20140625,1,2,16728,272219,1,49.99,19.49,0.0
8783,20140625,4,2,16728,272219,0,29.99,9.49,0.0
8784,20140625,1,4,16729,272240,1,49.99,19.49,0.0
8785,20140625,1,1,16730,272259,1,49.99,19.49,0.0
8786,20140625,1,7,16731,272277,1,49.99,19.49,0.0
8787,20140625,3,7,16731,272277,0,45.99,14.49,0.0
8788,20140625,1,1,16732,272284,1,49.99,19.49,0.0
8789,20140625,1,1,16733,272288,1,49.99,19.49,0.0
8790,20140625,1,5,16734,272300,1,49.99,19.49,0.0
8791,20140625,1,1,16735,272306,1,49.99,19.49,0.0
8792,20140625,1,1,16736,272316,1,49.99,19.49,0.0
8793,20140625,1,1,16737,272317,1,49.99,19.49,0.0
8794,20140625,1,2,16738,272340,1,49.99,19.49,0.0
8795,20140625,3,2,16738,272340,0,45.99,14.49,45.99
8796,20140626,2,3,16739,272355,1,59.99,22.49,0.0
8797,20140626,1,1,16740,272358,1,49.99,19.49,0.0
8798,20140626,1,1,16741,272368,1,49.99,19.49,0.0
8799,20140626,3,1,16741,272368,0,45.99,14.49,0.0
8800,20140626,3,7,16742,272372,1,45.99,14.49,0.0
8801,20140626,1,1,16743,272397,1,49.99,19.49,0.0
8802,20140626,2,1,16743,272397,0,59.99,22.49,0.0
8803,20140626,2,3,16744,272419,1,59.99,22.49,0.0
8804,20140626,4,3,16744,272419,0,29.99,9.49,0.0
8805,20140626,1,5,16745,272423,1,49.99,19.49,0.0
8806,20140626,2,5,16745,272423,0,59.99,22.49,0.0
8807,20140626,1,9,16746,272446,1,49.99,19.49,0.0
8808,20140626,1,3,16747,272462,1,49.99,19.49,0.0
8809,20140626,4,3,16747,272462,0,29.99,9.49,0.0
8810,20140626,3,3,16748,272464,1,45.99,14.49,0.0
8811,20140626,2,3,16749,272469,1,59.99,22.49,0.0
8812,20140626,3,3,16750,272473,1,45.99,14.49,0.0
8813,20140626,2,1,16751,272491,1,59.99,22.49,0.0
8814,20140626,1,3,16752,272505,1,49.99,19.49,0.0
8815,20140626,1,1,16753,272532,1,49.99,19.49,0.0
8816,20140626,3,2,16754,272537,1,45.99,14.49,0.0
8817,20140626,1,3,16755,272549,1,49.99,19.49,0.0
8818,20140626,4,3,16755,272549,0,29.99,9.49,0.0
8819,20140626,3,2,16756,272597,1,45.99,14.49,0.0
8820,20140626,4,2,16756,272597,0,29.99,9.49,0.0
8821,20140626,3,5,16757,272610,1,45.99,14.49,0.0
8822,20140626,1,2,16758,272616,1,49.99,19.49,0.0
8823,20140626,3,2,16758,272616,0,45.99,14.49,0.0
8824,20140626,2,1,16759,272634,1,59.99,22.49,0.0
8825,20140626,3,4,16760,272643,1,45.99,14.49,0.0
8826,20140626,1,5,16761,272646,1,49.99,19.49,49.99
8827,20140626,3,1,16762,272677,1,45.99,14.49,0.0
8828,20140626,1,1,16763,272694,1,49.99,19.49,0.0
8829,20140626,2,1,16763,272694,0,59.99,22.49,0.0
8830,20140626,1,1,16764,272715,1,49.99,19.49,49.99
8831,20140626,4,1,16764,272715,0,29.99,9.49,0.0
8832,20140626,2,4,16765,272712,1,59.99,22.49,0.0
8833,20140626,3,7,16766,272733,1,45.99,14.49,0.0
8834,20140626,1,1,16767,272763,1,49.99,19.49,0.0
8835,20140626,1,3,16768,272793,1,49.99,19.49,0.0
8836,20140626,2,4,16769,272803,1,59.99,22.49,0.0
8837,20140626,4,4,16769,272803,0,29.99,9.49,0.0
8838,20140626,1,1,16770,272810,1,49.99,19.49,0.0
8839,20140626,2,1,16770,272810,0,59.99,22.49,0.0
8840,20140626,1,1,16771,272811,1,49.99,19.49,0.0
8841,20140626,1,3,16772,272819,1,49.99,19.49,0.0
8842,20140626,1,1,16773,272828,1,49.99,19.49,0.0
8843,20140626,1,3,16774,272849,1,49.99,19.49,0.0
8844,20140626,1,9,16775,272860,1,49.99,19.49,0.0
8845,20140626,1,3,16776,272874,1,49.99,19.49,0.0
8846,20140626,1,7,16777,272884,1,49.99,19.49,0.0
8847,20140626,3,7,16777,272884,0,45.99,14.49,0.0
8848,20140626,1,1,16778,272886,1,49.99,19.49,0.0
8849,20140626,3,1,16778,272886,0,45.99,14.49,0.0
8850,20140626,1,4,16779,272896,1,49.99,19.49,0.0
8851,20140626,4,4,16779,272896,0,29.99,9.49,0.0
8852,20140626,2,1,16780,272894,1,59.99,22.49,0.0
8853,20140626,1,2,16781,272899,1,49.99,19.49,49.99
8854,20140626,4,2,16781,272899,0,29.99,9.49,0.0
8855,20140626,3,1,16782,272909,1,45.99,14.49,0.0
8856,20140626,1,1,16783,272919,1,49.99,19.49,0.0
8857,20140626,3,1,16783,272919,0,45.99,14.49,0.0
8858,20140626,1,6,16784,272920,1,49.99,19.49,0.0
8859,20140626,2,6,16784,272920,0,59.99,22.49,0.0
8860,20140626,1,1,16785,272929,1,49.99,19.49,0.0
8861,20140626,1,4,16786,272954,1,49.99,19.49,0.0
8862,20140626,4,4,16786,272954,0,29.99,9.49,0.0
8863,20140626,3,4,16787,272962,1,45.99,14.49,0.0
8864,20140626,4,4,16787,272962,0,29.99,9.49,0.0
8865,20140626,2,4,16788,272994,1,59.99,22.49,0.0
8866,20140626,1,1,16789,272996,1,49.99,19.49,0.0
8867,20140626,4,1,16789,272996,0,29.99,9.49,0.0
8868,20140626,1,1,16790,272998,1,49.99,19.49,0.0
8869,20140626,1,2,16791,273015,1,49.99,19.49,0.0
8870,20140626,4,2,16791,273015,0,29.99,9.49,0.0
8871,20140626,1,5,16792,273020,1,49.99,19.49,0.0
8872,20140626,4,5,16792,273020,0,29.99,9.49,0.0
8873,20140626,3,4,16793,273023,1,45.99,14.49,0.0
8874,20140626,1,2,16794,273037,1,49.99,19.49,0.0
8875,20140626,1,1,16795,273045,1,49.99,19.49,0.0
8876,20140626,2,5,16796,273047,1,59.99,22.49,0.0
8877,20140626,4,5,16796,273047,0,29.99,9.49,29.99
8878,20140626,1,1,16797,273059,1,49.99,19.49,0.0
8879,20140627,1,7,16798,273072,1,49.99,19.49,0.0
8880,20140627,3,1,16799,273094,1,45.99,14.49,0.0
8881,20140627,2,1,16799,273094,0,59.99,22.49,0.0
8882,20140627,1,3,16800,273100,1,49.99,19.49,0.0
8883,20140627,4,3,16800,273100,0,29.99,9.49,0.0
8884,20140627,1,2,16801,273109,1,49.99,19.49,0.0
8885,20140627,2,2,16802,273135,1,59.99,22.49,0.0
8886,20140627,1,1,16803,273138,1,49.99,19.49,0.0
8887,20140627,1,1,16804,273141,1,49.99,19.49,0.0
8888,20140627,2,1,16804,273141,0,59.99,22.49,0.0
8889,20140627,1,1,16805,273150,1,49.99,19.49,0.0
8890,20140627,4,1,16805,273150,0,29.99,9.49,0.0
8891,20140627,1,1,16806,273163,1,49.99,19.49,0.0
8892,20140627,1,2,16807,273184,1,49.99,19.49,0.0
8893,20140627,3,2,16807,273184,0,45.99,14.49,0.0
8894,20140627,3,1,16808,273187,1,45.99,14.49,0.0
8895,20140627,4,1,16808,273187,0,29.99,9.49,0.0
8896,20140627,3,4,16809,273209,1,45.99,14.49,0.0
8897,20140627,2,4,16810,273219,1,59.99,22.49,0.0
8898,20140627,2,1,16811,273240,1,59.99,22.49,59.99
8899,20140627,3,2,16812,273246,1,45.99,14.49,0.0
8900,20140627,3,1,16813,273263,1,45.99,14.49,0.0
8901,20140627,1,2,16814,273268,1,49.99,19.49,49.99
8902,20140627,3,2,16814,273268,0,45.99,14.49,0.0
8903,20140627,2,4,16815,273274,1,59.99,22.49,0.0
8904,20140627,1,4,16816,273277,1,49.99,19.49,49.99
8905,20140627,4,4,16816,273277,0,29.99,9.49,0.0
8906,20140627,1,5,16817,273276,1,49.99,19.49,0.0
8907,20140627,4,5,16817,273276,0,29.99,9.49,0.0
8908,20140627,3,1,16818,273302,1,45.99,14.49,0.0
8909,20140627,1,3,16819,273310,1,49.99,19.49,0.0
8910,20140627,4,3,16819,273310,0,29.99,9.49,0.0
8911,20140627,2,1,16820,273319,1,59.99,22.49,0.0
8912,20140627,4,1,16820,273319,0,29.99,9.49,0.0
8913,20140627,1,3,16821,273359,1,49.99,19.49,0.0
8914,20140627,2,1,16822,273382,1,59.99,22.49,0.0
8915,20140627,4,1,16822,273382,0,29.99,9.49,0.0
8916,20140627,1,4,16823,273410,1,49.99,19.49,0.0
8917,20140627,3,4,16823,273410,0,45.99,14.49,0.0
8918,20140627,1,4,16824,273424,1,49.99,19.49,0.0
8919,20140627,3,4,16824,273424,0,45.99,14.49,0.0
8920,20140627,1,1,16825,273435,1,49.99,19.49,0.0
8921,20140627,4,1,16825,273435,0,29.99,9.49,0.0
8922,20140627,1,1,16826,273459,1,49.99,19.49,0.0
8923,20140627,4,1,16826,273459,0,29.99,9.49,0.0
8924,20140627,1,4,16827,273465,1,49.99,19.49,0.0
8925,20140627,3,10,16828,273473,1,45.99,14.49,0.0
8926,20140627,1,1,16829,273478,1,49.99,19.49,0.0
8927,20140627,4,1,16829,273478,0,29.99,9.49,0.0
8928,20140627,1,3,16830,273482,1,49.99,19.49,0.0
8929,20140627,2,3,16830,273482,0,59.99,22.49,0.0
8930,20140627,1,1,16831,273553,1,49.99,19.49,0.0
8931,20140627,4,1,16831,273553,0,29.99,9.49,0.0
8932,20140627,1,3,16832,273559,1,49.99,19.49,0.0
8933,20140627,4,3,16832,273559,0,29.99,9.49,0.0
8934,20140627,1,1,16833,273578,1,49.99,19.49,0.0
8935,20140627,2,10,16834,273579,1,59.99,22.49,0.0
8936,20140627,4,10,16834,273579,0,29.99,9.49,0.0
8937,20140627,1,1,16835,273605,1,49.99,19.49,0.0
8938,20140627,3,1,16835,273605,0,45.99,14.49,0.0
8939,20140627,3,1,16836,273627,1,45.99,14.49,45.99
8940,20140627,3,1,16837,273667,1,45.99,14.49,0.0
8941,20140627,1,5,16838,273687,1,49.99,19.49,49.99
8942,20140627,2,1,16839,273696,1,59.99,22.49,0.0
8943,20140627,1,1,16840,273702,1,49.99,19.49,0.0
8944,20140627,1,5,16841,273712,1,49.99,19.49,0.0
8945,20140627,2,3,16842,273717,1,59.99,22.49,0.0
8946,20140627,4,3,16842,273717,0,29.99,9.49,0.0
8947,20140627,2,7,16843,273725,1,59.99,22.49,0.0
8948,20140627,1,1,16844,273727,1,49.99,19.49,0.0
8949,20140627,2,1,16845,273739,1,59.99,22.49,0.0
8950,20140628,3,4,16846,273761,1,45.99,14.49,0.0
8951,20140628,2,7,16847,273774,1,59.99,22.49,0.0
8952,20140628,4,7,16847,273774,0,29.99,9.49,0.0
8953,20140628,1,2,16848,273789,1,49.99,19.49,0.0
8954,20140628,3,2,16848,273789,0,45.99,14.49,0.0
8955,20140628,3,1,16849,273791,1,45.99,14.49,0.0
8956,20140628,2,3,16850,273792,1,59.99,22.49,0.0
8957,20140628,1,2,16851,273808,1,49.99,19.49,0.0
8958,20140628,3,1,16852,273810,1,45.99,14.49,0.0
8959,20140628,4,1,16852,273810,0,29.99,9.49,0.0
8960,20140628,3,2,16853,273815,1,45.99,14.49,0.0
8961,20140628,1,2,16853,273815,0,49.99,19.49,0.0
8962,20140628,1,1,16854,273820,1,49.99,19.49,0.0
8963,20140628,1,1,16855,273831,1,49.99,19.49,0.0
8964,20140628,1,1,16856,273840,1,49.99,19.49,0.0
8965,20140628,3,7,16857,273842,1,45.99,14.49,0.0
8966,20140628,4,7,16857,273842,0,29.99,9.49,0.0
8967,20140628,1,1,16858,273848,1,49.99,19.49,0.0
8968,20140628,2,1,16858,273848,0,59.99,22.49,0.0
8969,20140628,1,3,16859,273851,1,49.99,19.49,0.0
8970,20140628,3,3,16859,273851,0,45.99,14.49,0.0
8971,20140628,1,2,16860,273862,1,49.99,19.49,0.0
8972,20140628,4,2,16860,273862,0,29.99,9.49,0.0
8973,20140628,1,10,16861,273865,1,49.99,19.49,0.0
8974,20140628,4,10,16861,273865,0,29.99,9.49,0.0
8975,20140628,1,4,16862,273873,1,49.99,19.49,49.99
8976,20140628,1,4,16863,273872,1,49.99,19.49,0.0
8977,20140628,1,2,16864,273874,1,49.99,19.49,0.0
8978,20140628,1,1,16865,273893,1,49.99,19.49,0.0
8979,20140628,1,4,16866,273907,1,49.99,19.49,0.0
8980,20140628,1,1,16867,273912,1,49.99,19.49,0.0
8981,20140628,3,1,16867,273912,0,45.99,14.49,0.0
8982,20140628,3,10,16868,273928,1,45.99,14.49,0.0
8983,20140628,2,10,16868,273928,0,59.99,22.49,0.0
8984,20140628,1,1,16869,273948,1,49.99,19.49,0.0
8985,20140628,4,1,16869,273948,0,29.99,9.49,0.0
8986,20140628,1,3,16870,273947,1,49.99,19.49,0.0
8987,20140628,1,2,16871,273960,1,49.99,19.49,0.0
8988,20140628,4,2,16871,273960,0,29.99,9.49,0.0
8989,20140628,1,1,16872,273961,1,49.99,19.49,0.0
8990,20140628,3,2,16873,273974,1,45.99,14.49,0.0
8991,20140628,4,2,16873,273974,0,29.99,9.49,0.0
8992,20140628,3,1,16874,273977,1,45.99,14.49,0.0
8993,20140628,4,1,16874,273977,0,29.99,9.49,0.0
8994,20140628,1,2,16875,273990,1,49.99,19.49,0.0
8995,20140628,1,7,16876,274001,1,49.99,19.49,0.0
8996,20140628,1,1,16877,274011,1,49.99,19.49,0.0
8997,20140628,2,7,16878,274046,1,59.99,22.49,0.0
8998,20140628,3,7,16878,274046,0,45.99,14.49,0.0
8999,20140628,1,9,16879,274045,1,49.99,19.49,0.0
9000,20140628,4,9,16879,274045,0,29.99,9.49,0.0
9001,20140628,1,7,16880,274050,1,49.99,19.49,0.0
9002,20140628,4,7,16880,274050,0,29.99,9.49,0.0
9003,20140629,1,1,16881,274062,1,49.99,19.49,0.0
9004,20140629,3,1,16882,274067,1,45.99,14.49,0.0
9005,20140629,1,1,16883,274077,1,49.99,19.49,0.0
9006,20140629,1,2,16884,274094,1,49.99,19.49,0.0
9007,20140629,3,1,16885,274104,1,45.99,14.49,45.99
9008,20140629,1,4,16886,274160,1,49.99,19.49,0.0
9009,20140629,2,1,16887,274168,1,59.99,22.49,0.0
9010,20140629,1,3,16888,274198,1,49.99,19.49,0.0
9011,20140629,3,3,16888,274198,0,45.99,14.49,0.0
9012,20140629,2,1,16889,274213,1,59.99,22.49,0.0
9013,20140629,1,2,16890,274230,1,49.99,19.49,0.0
9014,20140629,4,2,16890,274230,0,29.99,9.49,29.99
9015,20140629,1,3,16891,274232,1,49.99,19.49,0.0
9016,20140629,1,1,16892,274253,1,49.99,19.49,0.0
9017,20140629,1,2,16893,274294,1,49.99,19.49,49.99
9018,20140629,3,1,16894,274342,1,45.99,14.49,0.0
9019,20140629,2,1,16894,274342,0,59.99,22.49,0.0
9020,20140629,1,4,16895,274361,1,49.99,19.49,0.0
9021,20140629,1,2,16896,274386,1,49.99,19.49,49.99
9022,20140629,4,2,16896,274386,0,29.99,9.49,0.0
9023,20140629,1,4,16897,274392,1,49.99,19.49,0.0
9024,20140629,4,4,16897,274392,0,29.99,9.49,0.0
9025,20140630,2,1,16898,274408,1,59.99,22.49,0.0
9026,20140630,4,1,16898,274408,0,29.99,9.49,0.0
